company_name,domain,headquarters,specialty,joined_count,joined_people,departed_count,departed_people,target_hiring_functions,mapped_target_roles,recruitment_intelligence,funding_rounds_count,funding_history,total_funding_est_usd,strategic_movements_count,strategic_movements,sources_scraped,scan_timestamp
4POTENTIA,4potentia.com,"Anaheim, California",Branded Ingredients,0,None detected,0,None detected,"Regulatory, QA/QC, R&D, Sales, Manufacturing, Technical",Regulatory Scientist | Quality Analyst | Research Scientist | Sales Representative | Manufacturing Engineer | Technical Support Specialist,"4Potentia focuses on the development and supply of scientifically-backed natural ingredients, primarily for the nutraceutical and supplement industries. They emphasize innovation and proprietary formulations, suggesting a need for R&D specialists, regulatory affairs professionals, and sales personnel with expertise in the health and wellness sector. Given their focus on ingredient sourcing and partnerships, they likely require individuals with strong technical and commercial skills.",0,None detected,0,0,None detected,"Apollo Multi-Pass Org Graph, Company Leadership Web Crawler, Nutraceutical Knowledge Base",2026-09-14T05:31:41.784853+00:00
A&A Pharmachem Inc.,aapharmachem.com,"Ottawa, Ont, Canada",Nutrition Ingredients,0,None detected,0,None detected,"Regulatory, QA/QC, R&D, Sales, Customer Service, Manufacturing",Regulatory Scientist | Quality Analyst | Research & Development Scientist | Sales Representative | Customer Service Representative | Manufacturing Technician,"A&A Pharmachem is a nutraceutical and pharmaceutical ingredients supplier focused on sourcing high-quality raw materials. They emphasize GMP compliance and rigorous testing, indicating a need for personnel with expertise in quality assurance, regulatory affairs, and analytical chemistry. The company’s focus on innovation (R&D) and expanding its product catalogue suggests a demand for research scientists and potentially formulation specialists. Sales and customer service roles are crucial for managing relationships with a diverse client base including manufacturers in functional food, dietary supplements, and sports nutrition.",0,None detected,0,0,None detected,"Apollo Multi-Pass Org Graph, Company Leadership Web Crawler, Nutraceutical Knowledge Base",2026-09-14T05:31:41.784999+00:00
A&Y Nutrition,aynutrition.com,"Morristown, New Jersey",Nutrition Ingredients,0,None detected,0,None detected,"Regulatory, QA/QC, R&D, Manufacturing, Sales",Regulatory Affairs Specialist | Quality Control Analyst | Research & Development Scientist | Manufacturing Engineer | Sales Representative,"A&Y Nutrition is a vertically integrated distributor of dietary raw ingredients, emphasizing quality, solutions, and customer satisfaction. They require personnel with expertise in regulatory compliance, quality assurance, research and development, manufacturing operations, and sales to support their global sourcing and distribution network. Given their focus on organic certification and SQF certification, expertise in these areas is highly desirable. The company's emphasis on a customer-centric approach suggests a need for strong sales and customer service professionals.",0,None detected,0,0,None detected,"Apollo Multi-Pass Org Graph, Company Leadership Web Crawler, Nutraceutical Knowledge Base",2026-09-14T05:31:41.785050+00:00
A2 Trading GmbH,a2-trading.com,Hamburg,Contract Manufacturer & CDMO,0,None detected,0,None detected,"Sales, Marketing, R&D, QA/QC, Regulatory, Logistics",Sales Representative | Marketing Specialist | Research & Development Scientist | Quality Analyst | Regulatory Affairs Specialist | Logistics Coordinator,"A2 Trading GmbH specializes in the sourcing, processing, and marketing of natural raw materials, particularly hydrocolloids and gelling agents for the food and pharmaceutical industries. They require personnel with expertise in sales and marketing to drive revenue, R&D scientists to develop new applications for their products, quality control specialists to ensure product standards, regulatory affairs professionals to navigate complex regulations, and logistics coordinators to manage their global supply chain. Given their focus on organic and natural ingredients, demand for individuals with backgrounds in botany, chemistry, and food science is likely.",0,None detected,0,0,None detected,"Apollo Multi-Pass Org Graph, Company Leadership Web Crawler, Nutraceutical Knowledge Base",2026-09-14T05:31:41.785096+00:00
AB Enzymes GmbH,abenzymes.com,Darmstadt,Food Ingredients,0,None detected,0,None detected,"R&D, Sales, Technical Sales, Supply Chain, Regulatory, QA/QC",Research Scientist | Sales Manager | Technical Sales Manager | Supply Chain Analyst | Regulatory Affairs Specialist | Quality Control Analyst,"AB Enzymes is a leading biotech company specializing in enzyme solutions for industrial applications. They are focused on developing, manufacturing, and supplying these solutions globally, with a strong emphasis on innovation and sustainability. They actively seek talent in R&D, sales, technical sales, supply chain management, and regulatory affairs to support their growing global operations and product portfolio. The company emphasizes a dynamic culture of innovation and collaboration, attracting individuals passionate about creating sustainable solutions for diverse industries.",0,None detected,0,1,[STRATEGIC_PARTNERSHIP] AB Enzymes appoints Behn Meyer for Southeast Asia - Ingredients Network,"Apollo Multi-Pass Org Graph, Company Leadership Web Crawler, Nutraceutical Knowledge Base",2026-09-14T05:31:41.785152+00:00
ACT Heath& Nutrition,act.de,"Hamburg, Germany",Food Ingredients,0,None detected,0,None detected,"Regulatory, QA/QC, R&D, Sales, Marketing, Product Development, Manufacturing, Distribution, Retail",Regulatory Scientist | Quality Analyst | Research & Development Scientist | Sales Representative | Marketing Specialist | Formulation Scientist | Production Technician | Distribution Manager | Retail Sales Associate,"ACT Health & Nutrition is focused on the distribution and marketing of a broad portfolio of vitamin and nutritional ingredients. They operate primarily through wholesale channels, supplying to manufacturers of dietary supplements, food products, and animal feed. Given their focus on high-quality materials and a global distribution network, they likely require personnel with expertise in supply chain management, regulatory affairs (particularly related to food and feed additives), sales and marketing within the nutraceutical industry, and potentially technical support for their ingredient offerings. Due to the nature of their business, a strong emphasis on quality control and compliance with industry regulations (like CGMP) is crucial.",0,None detected,0,0,None detected,"Apollo Multi-Pass Org Graph, Company Leadership Web Crawler, Nutraceutical Knowledge Base",2026-09-14T05:31:41.785194+00:00
ACTIV'INSIDE,activinside.com,"Bordeaux Area, France",Branded Ingredients,0,None detected,0,None detected,"Sales, Marketing, Regulatory, QA/QC, R&D, Consultant, Recruitment Specialist",Sales Manager | Product Coordinator | Consultant | Recruitment Specialist,"Activ'Inside is a health food-tech company specializing in nutraceutical ingredients, formulation, contract manufacturing, and private labeling services. They cater to clients in the health, pharmaceutical, and food supplement sectors, offering a 360° approach to product development and production. They are actively hiring across various roles including sales, R&D, and recruitment, indicating growth and expansion within the nutraceutical market. The company’s focus on innovation and science, combined with its commitment to quality and transparency, positions it as a key partner for businesses seeking to develop and launch nutraceutical products.",0,None detected,0,0,None detected,"Apollo Multi-Pass Org Graph, Company Leadership Web Crawler, Nutraceutical Knowledge Base",2026-09-14T05:31:41.785234+00:00
ADM,adm.com,Chicago,"Botanical,tea -extracts",0,None detected,0,None detected,"Human Nutrition, Animal Nutrition, Industrial Biosolutions, Food Processing, Commodities Trading",Regulatory Scientist | Quality Analyst | Process Technician | Sourcing Operations Director | Plant Manager | Customer Experience Specialist,"ADM is a global leader in agricultural processing and commodities trading, focusing on providing ingredients and solutions to the food, beverage, and animal nutrition industries. They operate across a wide range of product categories, including corn, soybeans, wheat, and other agricultural commodities. ADM’s core business involves transforming raw agricultural products into value-added ingredients and finished products for various applications. The company’s scale and global network provide a competitive advantage in sourcing, processing, and distributing agricultural products. ADM is actively investing in innovation and sustainability initiatives to meet evolving consumer demands and industry trends.",0,None detected,0,0,None detected,"Apollo Multi-Pass Org Graph, Company Leadership Web Crawler, Nutraceutical Knowledge Base",2026-09-14T05:31:41.785275+00:00
ADM Deerland Probiotics & Enzymes,deerland.com,"Kennesaw, Georgia",Nutrition Ingredients,0,None detected,0,None detected,"Regulatory, QA/QC, R&D, Sales, Manufacturing, Quality Assurance, Research Assistant",Regulatory Scientist | Quality Analyst | Research Scientist | Sales Representative | Manufacturing Technician | QA Specialist | R&D Associate,"ADM Deerland Probiotics & Enzymes is seeking talent in areas related to probiotic and enzyme formulation, manufacturing, quality control, and sales. Given the company's focus on microbiome solutions and dietary supplements, roles requiring scientific expertise, regulatory knowledge, and a strong understanding of food science are particularly relevant. The acquisition by ADM expands the talent pool and opportunities for growth within the organization.",0,None detected,0,0,None detected,"Apollo Multi-Pass Org Graph, Company Leadership Web Crawler, Nutraceutical Knowledge Base",2026-09-14T05:31:41.785319+00:00
ADM Wild Europe GmbH + Co. Kg,adm.com,"Rolle, Switzerland",Natural Ingredients-Food,0,None detected,0,None detected,"R&D, Sales, Production, Quality Control, Engineering, Operations",Flavor Scientist | Application Development Scientist | Production Technician | Quality Analyst | Process Engineer | Supply Chain Specialist | Sales Representative,"ADM WILD Europe GmbH & Co. KG is a key player in the natural flavors and ingredients market, specializing in the production of a wide range of products for the food and beverage industry. They focus on delivering innovative solutions based on natural ingredients, catering to diverse applications like beverages, confectionery, and savory products. The company's history, marked by acquisitions and expansions, demonstrates a strategic approach to growth and market penetration. They are likely seeking candidates with expertise in flavor development, food science, production operations, quality assurance, and sales/marketing to support their continued growth and innovation.",0,None detected,0,0,None detected,"Apollo Multi-Pass Org Graph, Company Leadership Web Crawler, Nutraceutical Knowledge Base",2026-09-14T05:31:41.785360+00:00
AHB,ahb-global.com,"Princeton, New Jersey",Nutrition Ingredients,1,Housing Heavy (Hitter John O'connor Parachuted Into Circle Amid Regulatory Concerns),0,None detected,"Regulatory, R&D, QA/QC, Sales",Regulatory Scientist | Quality Analyst | Research & Development Scientist | Sales Representative,"AHB is a biotechnology research company specializing in the development and production of functional foods and sports nutrition products. They focus on ingredients like alanine, valine, and inositol, exporting them to international markets. The company emphasizes rigorous quality control and compliance with regulatory standards, particularly U.S. FDA requirements (CGMP), to ensure product safety and efficacy. They are actively involved in R&D and have a strong focus on innovation and global expansion.",0,None detected,0,0,None detected,"Apollo Multi-Pass Org Graph, Company Leadership Web Crawler, Nutraceutical Knowledge Base",2026-09-14T05:31:41.785752+00:00
AIDP,aidp.com,"City of Industry, CA",Branded Ingredients,0,None detected,0,None detected,"Regulatory, QA/QC, R&D, Sales, Marketing, Technical Support, Quality Control",Regulatory Scientist | Quality Analyst | Research & Development Scientist | Sales Representative | Marketing Specialist | Technical Support Engineer | QC Specialist,"AIDP specializes in providing clinically researched functional ingredients to the nutrition, food, and beverage markets. They focus on novel brands with intellectual property, clinical support, sustainable sourcing, and rigorous quality control. They identify trends early and offer unique solutions to customers, particularly in areas like immune health, cognitive wellness, digestive health, and joint support. The company leverages its expertise in regulatory compliance (through NSF certification) and a large portfolio of organic and non-GMO ingredients to differentiate itself. They target manufacturers and distributors seeking to formulate innovative and high-quality products.",0,None detected,0,0,None detected,"Apollo Multi-Pass Org Graph, Company Leadership Web Crawler, Nutraceutical Knowledge Base",2026-09-14T05:31:41.785790+00:00
"AIDP, Inc",aidp.com,"City of Industry, CA",Contract Manufacturer & CDMO,0,None detected,0,None detected,"Regulatory, QA/QC, R&D, Sales, Marketing, Technical Support",Regulatory Scientist | Quality Analyst | Research Scientist | Sales Representative | Marketing Specialist | Technical Support Engineer,"AIDP, Inc. is a supplier of specialty and functional ingredients to the nutrition, food, and beverage markets. They focus on clinically researched brands, particularly in areas like immune health, cognitive wellness, digestive health, joint support, and healthy aging. They emphasize sustainable sourcing, rigorous quality control, and regulatory compliance, leveraging NSF Certified status and GRAS approvals (like Magtein®). The company’s innovation is driven by identifying trends early and providing unique solutions to customers. They are a privately held company with a strong emphasis on branded ingredients and a commitment to customer satisfaction.",0,None detected,0,0,None detected,"Apollo Multi-Pass Org Graph, Company Leadership Web Crawler, Nutraceutical Knowledge Base",2026-09-14T05:31:41.785825+00:00
AVT,avtnatural.com,"Tamil Nadu, India",Tea Extracts/Natural Ingredients,0,None detected,0,None detected,"R&D, QA/QC, Regulatory, Sales, Manufacturing",Regulatory Scientist | Quality Analyst | R&D Scientist | Sales Manager | Manufacturing Engineer,"AVT Natural is a leading manufacturer of plant-based extracts and natural ingredients solutions. The company focuses on supplying ingredients to the food, beverage, animal nutrition, and nutraceutical industries. Given the emphasis on CGMP regulations and FDA approvals, the company likely requires talent in regulatory affairs, quality control, and research and development to ensure product safety and compliance. The company's vertically integrated model suggests a need for expertise in plant cultivation and extraction processes.",0,None detected,0,0,None detected,"Apollo Multi-Pass Org Graph, Company Leadership Web Crawler, Nutraceutical Knowledge Base",2026-09-14T05:31:41.785859+00:00
Abel Nutraceuticals S.r.l.,abelnutraceuticals.com,Via Paolo Veronese 202 Torino Piemonte 10148,Plant based Extracts,0,None detected,0,None detected,"R&D, Regulatory, QA/QC, Sales, Production, Formulation",Research Scientist | Regulatory Affairs Specialist | Quality Analyst | Sales Manager | Production Supervisor | Formulation Chemist,"Abel Nutraceuticals S.r.l. is a contract manufacturer specializing in plant extracts for the dietary supplement market. They focus on developing and producing innovative extracts and formulations, leveraging biotechnologies and green technologies. Given their focus on R&D and formulation, they likely require personnel with expertise in phytochemistry, extraction techniques, and food science. They also need regulatory affairs specialists to navigate the complex landscape of dietary supplement regulations. The company's subsidiary, Biosfered, suggests a strong emphasis on botanical ingredients and their application in nutraceuticals.",0,None detected,0,0,None detected,"Apollo Multi-Pass Org Graph, Company Leadership Web Crawler, Nutraceutical Knowledge Base",2026-09-14T05:31:41.785899+00:00
Above Food Ingredients Inc.,abovefood.com,"2305 Victoria Ave #002, Regina, Saskatchewan, S4P 0S7, Canada",General Ingredients,0,None detected,0,None detected,"Regulatory, QA/QC, R&D, Sales, Human Resources, Operations",Regulatory Affairs Specialist | Quality Control Analyst | Research & Development Scientist | Sales Representative | Human Resources Coordinator | Operations Manager,"Above Food Ingredients Inc. is focused on producing and supplying plant-based ingredients, particularly those derived from regenerative farming practices. They are navigating regulatory compliance (CGMP) within the food industry, demonstrating a need for professionals with expertise in food safety, quality control, and regulatory affairs. Given their focus on innovation and traceability, R&D roles are also crucial. Sales and HR roles are needed to support growth and manage operations.",0,None detected,0,3,[PRODUCT_LAUNCH] Above Food Launches $350B Gold-Backed Platform: UAE Partnership Creates World's Largest Digital Asset Venture - Stock Titan | [MERGER_ACQUISITION] Above Food Ingredients Inc. Updates on Palm Global Merger and Approves Appointment of Auditor with Tokenized-Asset and Crypto Currency Expertise - TMX Newsfile | [MERGER_ACQUISITION] Above Food Announces Strategic Acquisition of The Redwood - globenewswire.com,"Apollo Multi-Pass Org Graph, Company Leadership Web Crawler, Nutraceutical Knowledge Base",2026-09-14T05:31:41.785935+00:00
Abyss Ingredients,abyss-ingredients.com,"Caudan, France",Marine Ingredients,0,None detected,0,None detected,"R&D, Regulatory, QA/QC, Sales, Manufacturing",Research Scientist | Regulatory Affairs Specialist | Quality Control Analyst | Sales Manager | Production Technician,"Abyss Ingredients is a seed company specializing in the extraction and supply of marine ingredients, primarily focused on collagen and omega-3 fatty acids, for the dietary supplement industry. Due to its relatively small size and focus on specialized ingredients, they likely require personnel with expertise in marine biology, biochemistry, formulation, regulatory affairs, and sales to support their R&D, manufacturing, and market expansion efforts. They are seeking individuals with experience in sustainable sourcing and quality control, given their emphasis on marine bioresources.",0,None detected,0,0,None detected,"Apollo Multi-Pass Org Graph, Company Leadership Web Crawler, Nutraceutical Knowledge Base",2026-09-14T05:31:41.785970+00:00
Akay Bioactives,akaybioactives.com,"Cochin - 683561, Kerala, India","Branded Ingredients,Botanical Extracts",0,None detected,0,None detected,"Regulatory, QA/QC, R&D, Sales, Marketing, Clinical Science, Graphic Design, Operations Management",Regulatory Scientist | Quality Analyst | Research & Development Scientist | Sales Representative | Marketing Specialist | Clinical Research Associate | Graphic Designer | Marketing Operations Manager,"Akay Bioactives is seeking talent in regulatory affairs, quality control, research and development, sales, and marketing to support its growth as a leading nutraceutical ingredient manufacturer. The company's focus on clinically substantiated ingredients and sustainable practices suggests a need for individuals with expertise in scientific research, formulation development, market analysis, and customer engagement. The company's vertically integrated approach and agile partnership model indicate a demand for collaborative and adaptable professionals.",0,None detected,0,0,None detected,"Apollo Multi-Pass Org Graph, Company Leadership Web Crawler, Nutraceutical Knowledge Base",2026-09-14T05:31:41.786005+00:00
Akay Natural Ingredients Private Limited,akaynatural.com,"Ambunad, Malaidamthuruthu P.O, Cochin - 683561, Kerala, India",Contract Manufacturer & CDMO,0,None detected,0,None detected,"R&D, Sales, QA/QC, Regulatory, Manufacturing",Research & Development Manager | Sales Manager | Quality Assurance Analyst | Regulatory Affairs Specialist | Production Supervisor,"Akay Natural Ingredients Private Limited is a leading manufacturer of spices extracts, nutraceutical ingredients, oleoresins, and essential oils. They focus on sustainable sourcing and innovative extraction technologies, particularly supercritical fluid extraction and solvent extraction. They cater to the food, fragrance, and nutraceutical industries. Given their focus on bioactive ingredients and clinical validation, they likely require scientists and researchers with expertise in phytochemistry, extraction techniques, and nutraceutical formulation. They are expanding their global presence and likely need sales and marketing professionals with experience in the food and nutraceutical sectors. Their certifications (FSSC 22000, ISO 9001, etc.) suggest a need for quality assurance personnel.",0,None detected,0,0,None detected,"Apollo Multi-Pass Org Graph, Company Leadership Web Crawler, Nutraceutical Knowledge Base",2026-09-14T05:31:41.786043+00:00
Aker BioMarine ASA,akerbiomarine.com,"Oslo, Norway",Branded Ingredients,0,None detected,0,None detected,"R&D, Sales, Regulatory, QA/QC, Marketing, Product Development, Technical Support",Research Scientist | Sales Representative | Regulatory Affairs Specialist | Quality Analyst | Marketing Manager | Product Development Engineer | Technical Support Specialist,"Aker BioMarine is seeking talent to support its position as the world's largest supplier of krill, a key ingredient for human health and nutrition. Roles will focus on research and development of new krill-derived products, sales and marketing to target markets (including human health, aquaculture, and animal feed), regulatory compliance, quality control, and technical support. Given the company's focus on sustainability and innovation, candidates with experience in marine biotechnology, omega-3 research, and sustainable fisheries management are particularly desirable.",0,None detected,0,4,[MERGER_ACQUISITION] Aker ASA: Merger and optional cash offer for Aker BioMarine ASA - TradingView | [MERGER_ACQUISITION] Aker ASA Completes NOK 765.6 Million Share Buyback for Merger Settlement - theglobeandmail.com | [MERGER_ACQUISITION] Aker ASA: Internal transfer of shares in Aker BioMarine in preparation for completion of merger - TradingView | [MERGER_ACQUISITION] Aker ASA Advances Aker BioMarine Merger and Sets NOK 9.2 Billion Valuation - TipRanks,"Apollo Multi-Pass Org Graph, Company Leadership Web Crawler, Nutraceutical Knowledge Base",2026-09-14T05:31:41.786091+00:00
AlaskOmega,alaskomega.com,"Coshocton, OH",Marine Ingredients,0,None detected,0,None detected,"Sales, R&D, Regulatory, QA/QC, Manufacturing, Supply Chain",Sales Manager | Regulatory Scientist | Quality Analyst | R&D Scientist | Manufacturing Engineer | Supply Chain Specialist,"AlaskOmega specializes in the production and supply of high-purity, sustainable omega-3 concentrates derived from wild Alaskan Pollock. They cater to the nutraceutical industry, offering products with high EPA and DHA content, primarily in EE and TG forms. Due to their focus on freshness and traceability, they likely require personnel with expertise in quality control, regulatory affairs, sales, and potentially R&D for product development and optimization. Given their parent company's manufacturing capabilities, manufacturing and supply chain roles are also critical.",0,None detected,0,0,None detected,"Apollo Multi-Pass Org Graph, Company Leadership Web Crawler, Nutraceutical Knowledge Base",2026-09-14T05:31:41.786118+00:00
"Alfasigma USA, Inc",alfasigmausa.com,"Bologna and Milan, Italy",Ingredients,0,None detected,0,None detected,"Regulatory, R&D, Sales, Medical Affairs, QA/QC, Financial Systems, Planning & Analysis",Regulatory Scientist | R&D Scientist | Sales Representative | Medical Science Liaison | Quality Analyst | Financial Systems Analyst | Planning & Analysis Specialist,"Alfasigma USA, Inc. is actively hiring across various functions due to recent acquisitions (Zelnorm) and expansion of its product portfolio, including medical foods, dietary supplements, and pharmaceutical products. They are particularly focused on roles related to regulatory affairs, research and development, sales, medical affairs, and financial analysis to support their global operations and market expansion.",0,None detected,0,0,None detected,"Apollo Multi-Pass Org Graph, Company Leadership Web Crawler, Nutraceutical Knowledge Base",2026-09-14T05:31:41.786150+00:00
Algarithm Ingredients - Micro Algae Ingredients,algarithm.ca,"Saskatoon, SK",Marine Ingredients,0,None detected,0,None detected,"R&D, QA/QC, Regulatory, Sales, Production",Research Scientist | Quality Analyst | Regulatory Affairs Specialist | Sales Representative | Production Technician,"Algarithm is focused on developing and supplying plant-based omega-3 ingredients, primarily targeting the nutraceutical, food, and infant formula markets. They emphasize sustainable sourcing, novel delivery methods (to address the 'fish burp' issue), and a focus on sensory experience (undetectable taste) to differentiate their products. Given the specialized nature of their ingredients, they likely require a team with expertise in algal cultivation, lipid extraction, formulation, and regulatory affairs. Demand is driven by increasing consumer interest in plant-based nutrition and sustainable ingredients.",0,None detected,0,0,None detected,"Apollo Multi-Pass Org Graph, Company Leadership Web Crawler, Nutraceutical Knowledge Base",2026-09-14T05:31:41.786186+00:00
Alinda Ingredients GmbH,alindagroup.co,"Fahrenzhausen, Germany",All Ingredients,0,None detected,0,None detected,"R&D, QA/QC, Sales, Regulatory, Food Technology, Marketing",Food Technologist | Quality Analyst | Sales Manager | Regulatory Affairs Specialist | Marketing Specialist | Research Scientist,"Alinda Ingredients GmbH is a leading supplier of dairy ingredients and functional solutions, particularly focused on milk-based proteins and plant-based ingredients. They are expanding into new markets and require talent in R&D to develop innovative formulations, QA/QC to ensure product quality and regulatory compliance, sales to drive market growth, and marketing to promote their products and brand. Given their focus on functional ingredients and tailored solutions, roles requiring technical expertise and customer engagement are highly desirable.",0,None detected,0,0,None detected,"Apollo Multi-Pass Org Graph, Company Leadership Web Crawler, Nutraceutical Knowledge Base",2026-09-14T05:31:41.786219+00:00
Aliveda,aliveda.com,United States,Contract Manufacturer & CDMO,0,None detected,0,None detected,"R&D, Regulatory, QA/QC, Sales",Research Scientist | Regulatory Affairs Specialist | Quality Control Analyst | Sales Representative,"Aliveda focuses on developing nutraceutical supplements targeting neurosensory and vascular changes in the auditory system, as well as cognitive function. They emphasize improving physiological conditions and wellness. The company requires individuals with expertise in pharmaceutical development, clinical research, quality control, and sales/marketing of dietary supplements.",0,None detected,0,0,None detected,"Apollo Multi-Pass Org Graph, Company Leadership Web Crawler, Nutraceutical Knowledge Base",2026-09-14T05:31:41.786250+00:00
Alland & Robert,allandetrobert.com,Paris,"Karaya Gum,Acacia Gum",0,None detected,0,None detected,"Regulatory, QA/QC, R&D, Sales, Production, Technical",Regulatory Scientist | Quality Analyst | Research & Development Scientist | Sales Representative | Production Supervisor | Technical Support Specialist,"Alland & Robert is a leading manufacturer of natural gums, primarily acacia gum, supplying a wide range of industries including food, beverage, cosmetics, pharmaceuticals, and nutraceuticals. They focus on providing tailored solutions for emulsification, encapsulation, and stabilization. The company emphasizes sustainable sourcing and quality control, leveraging its long history (established in 1884) and global distribution network. They are actively seeking to expand their market presence and develop innovative applications for their gum products.",0,None detected,0,1,[PRODUCT_LAUNCH] Alland & Robert Expands Its Normandy Production Facility and Launches New Range of Acacia Gum - Asia Food Journal,"Apollo Multi-Pass Org Graph, Company Leadership Web Crawler, Nutraceutical Knowledge Base",2026-09-14T05:31:41.786292+00:00
"Aloe Queen, Inc.",aloequeen.com,"McAllen, TX",Aloevera Extracts,0,None detected,0,None detected,"R&D, QA/QC, Manufacturing, Sales, Technical Support, Regulatory Affairs",Aloe Vera Research Scientist | Quality Control Analyst | Production Supervisor | Sales Representative | Technical Support Specialist | Regulatory Compliance Officer,"Aloe Queen, Inc. is a long-established manufacturer of aloe vera extracts and concentrates, specializing in vertically integrated operations from field to formula. They focus on supplying high-quality aloe vera products to the food, pharmaceutical, cosmetic, and nutraceutical industries. Due to their long history and scale of operations, they likely require personnel in research and development to maintain their technological advantage (particularly in water removal concentration), quality control to ensure product consistency and adherence to certifications, production supervision to manage their large-scale manufacturing facilities, sales to manage relationships with diverse clients, and regulatory affairs to navigate complex certification requirements. Given their emphasis on traceability and sustainability, roles related to supply chain management and environmental compliance may also be relevant.",0,None detected,0,0,None detected,"Apollo Multi-Pass Org Graph, Company Leadership Web Crawler, Nutraceutical Knowledge Base",2026-09-14T05:31:41.786329+00:00
Aloecorp Inc,aloecorp.com,"2121 S. State St. Suite 400 Tacoma, WA 98405",Aloevera Extracts,0,None detected,0,None detected,"Sales, R&D, QA/QC, Regulatory, Operations",Sales Associate | Research Scientist | Quality Analyst | Regulatory Specialist | Operations Associate,"Aloecorp Inc is a leading producer of aloe vera ingredients, focusing on high-quality raw materials for the food, cosmetic, and pharmaceutical industries. They emphasize sustainable farming practices, state-of-the-art manufacturing, and rigorous quality control to meet the demands of diverse applications, including nutraceuticals and topical formulations. They actively seek individuals with expertise in sales, research and development, quality assurance, and regulatory affairs to support their global operations and product innovation.",0,None detected,0,0,None detected,"Apollo Multi-Pass Org Graph, Company Leadership Web Crawler, Nutraceutical Knowledge Base",2026-09-14T05:31:41.786361+00:00
AlumierMD,alumiermd.com,"Santa Ana, California, United States",Skincare products,0,None detected,0,None detected,"Sales, Marketing, Supply Chain Management, Customer Service",Account Manager | Digital Marketing Coordinator | Supply Packaging Planner,"AlumierMD is seeking to expand its sales and marketing efforts, particularly within the professional skincare market. They are focused on building relationships with skincare professionals and driving sales through a combination of direct sales and online channels. The company emphasizes its commitment to clean science and innovative formulations, and is looking for individuals with a strong understanding of the skincare industry and a passion for delivering results.",0,None detected,0,0,None detected,"Apollo Multi-Pass Org Graph, Company Leadership Web Crawler, Nutraceutical Knowledge Base",2026-09-14T05:31:41.786393+00:00
Alvinesa Natural Ingredients,alvinesa.com,"Ciudad Real, Spain",Botanical Ingredients,1,Olivier Lavaud (CEO),0,None detected,"Regulatory, QA/QC, R&D, Sales, Marketing, Technical Support",Regulatory Affairs Specialist | Quality Control Analyst | Research Scientist | Sales Manager | Marketing Specialist | Technical Support Engineer,"Alvinesa is seeking talent to support its growing business in sustainable ingredients, particularly within the nutraceutical and food industries. Demand is high for individuals with expertise in regulatory affairs, quality control, research and development, and sales to drive market expansion and support its ‘circular economy’ approach. The company’s focus on bioactive compounds and its certifications (B Corp, ISO) are attractive to environmentally conscious candidates. Competition for these roles is expected to be moderate to high due to the company’s strong brand and innovative product offerings.",0,None detected,0,4,"[MERGER_ACQUISITION] A&O, KWM advise on ICG´s acquisition of Alvinesa - iberianlawyer.com | [MERGER_ACQUISITION] Alvinesa Natural Ingredients acquires two South American grape by-product valorization companies - Nutritional Outlook | [MERGER_ACQUISITION] Alvinesa Natural Ingredients acquires Cades Penedes - NutraIngredients.com | [MERGER_ACQUISITION] Alvinesa Natural Ingredients acquires Chilean Industrias Vínicas and Argentine Dervinsa - Asia Food Journal","Apollo Multi-Pass Org Graph, Company Leadership Web Crawler, Nutraceutical Knowledge Base",2026-09-14T05:31:41.786492+00:00
American Botanicals LLC,americanbotanicals.com,"Secaucus, NJ",Botanical Ingredients,0,None detected,0,None detected,"Regulatory, QA/QC, R&D, Sales, Operations, Supply Chain, Marketing",Regulatory Affairs Specialist | Quality Control Analyst | Research Scientist | Sales Representative | Operations Manager | Supply Chain Coordinator | Marketing Specialist,"American Botanicals is seeking talent to support its wholesale operations, focusing on sourcing, quality control, regulatory compliance, and sales to a diverse customer base including food and beverage producers, nutraceutical companies, and cosmetic brands. Given its specialization in organic and wildcrafted products, expertise in sustainable sourcing and supply chain management is highly desirable. The company's growth is driven by its established relationships with global clients and its commitment to maintaining high-quality standards, necessitating skilled professionals in regulatory affairs, quality assurance, and sales.",0,None detected,0,2,[MERGER_ACQUISITION] MartinBauer acquires wildcraft herb player American Botanicals - NutraIngredients.com | [MERGER_ACQUISITION] MartinBauer acquires American Botanicals to expand US sourcing and strengthen global supply chain - Nutraceutical Business Review,"Apollo Multi-Pass Org Graph, Company Leadership Web Crawler, Nutraceutical Knowledge Base",2026-09-14T05:31:41.786531+00:00
American River Nutrition,americanrivernutrition.com,"Hadley, MA",Branded Ingredientts,0,None detected,0,None detected,"R&D, Manufacturing, QA/QC, Sales, Regulatory",Research Scientist | Manufacturing Technician | Quality Analyst | Sales Representative | Regulatory Affairs Specialist,"American River Nutrition specializes in the manufacture of high-quality, annatto-derived dietary ingredients that support health and wellness. They are focused on producing ingredients for dietary supplement manufacturers and health and wellness brands. Due to the acquisition by Everwell Health Holdings, LLC, recruitment efforts likely focus on expanding manufacturing capabilities, scaling production of existing products (DeltaGold®, GG-Gold®, DuoQuinol®), and potentially developing new formulations. Given the focus on expanding into European and Asian markets, recruitment may also target individuals with experience in international sales and regulatory affairs. The company's expertise in annatto-based ingredients suggests a need for scientists and technicians with knowledge of plant-based extracts and their applications in health and wellness products.",0,None detected,0,4,[MERGER_ACQUISITION] American River Nutrition joins Everwell Health in recent acquisition - Nutritional Outlook | [MERGER_ACQUISITION] Everwell Health acquires American River Nutrition from Designs for Health - Nutraceutical Business Review | [MERGER_ACQUISITION] Private equity firm acquires American River Nutrition’s anatto-based ingredients - SupplySide Supplement Journal | [MERGER_ACQUISITION] Everwell Health Completes Third Strategic Transaction Within Three Months -- Acquires U.S.-Based American River Nutrition - PR Newswire,"Apollo Multi-Pass Org Graph, Company Leadership Web Crawler, Nutraceutical Knowledge Base",2026-09-14T05:31:41.786566+00:00
Anagenix,anagenix.com,"Auckland, New Zealand",Branded Ingredientts,0,None detected,0,None detected,"Regulatory, QA/QC, R&D, Sales, Product Management and Marketing, Accounts and Administration",Regulatory Scientist | Quality Analyst | Research Scientist | Sales Representative | Product Development Specialist | Accounts Assistant,"Anagenix focuses on developing and supplying clinically validated nutraceutical ingredients derived from New Zealand whole fruits. They are actively seeking talent in regulatory affairs, quality control, research and development, sales, and product management to support their innovative approach to natural health solutions. The company's emphasis on scientific research and sustainable sourcing creates demand for scientists, analysts, and marketing professionals. They are also hiring administrative support.",0,None detected,0,0,None detected,"Apollo Multi-Pass Org Graph, Company Leadership Web Crawler, Nutraceutical Knowledge Base",2026-09-14T05:31:41.786598+00:00
Anagenix Ltd,anagenix.com,"Auckland, New Zealand",Contract Manufacturer & CDMO,0,None detected,0,None detected,"R&D, Regulatory, QA/QC, Sales, Marketing, Product Management",Research Scientist | Regulatory Affairs Specialist | Quality Analyst | Sales Representative | Marketing Specialist | Product Manager | Graphic Designer,"Anagenix Ltd focuses on developing and supplying nutraceutical ingredients derived from New Zealand fruits, specifically utilizing freeze-drying technology to preserve bioactive compounds. They target brands seeking clinically validated, whole-fruit-based solutions for digestive health, respiratory support, and cognitive function. The company emphasizes sustainable sourcing and a transparent value chain, leveraging New Zealand's unique fruit resources. They are actively seeking talent in R&D, regulatory affairs, quality control, sales, and marketing to support their ingredient portfolio and expand market reach.",0,None detected,0,0,None detected,"Apollo Multi-Pass Org Graph, Company Leadership Web Crawler, Nutraceutical Knowledge Base",2026-09-14T05:31:41.786629+00:00
Anderson Advanced Ingredients,advancedingredients.com,"Irvine, CA",Branded Ingrdients,0,None detected,0,None detected,"R&D, Regulatory, QA/QC, Sales, Marketing, Product Development",Research Scientist | Regulatory Affairs Specialist | Quality Control Analyst | Sales Representative | Marketing Specialist | Food Scientist | Nutraceutical Scientist,"Anderson Advanced Ingredients is focused on providing best-in-class functional food and nutraceutical ingredients. They emphasize innovation, clean label solutions, and supply chain support. Given their focus on sugar reduction and fiber solutions, they likely require talent in food science, formulation, regulatory affairs, and sales to market these products to food and beverage manufacturers and dietary supplement companies. The company's growth is driven by demand for innovative ingredients and support for brands seeking to differentiate themselves.",0,None detected,0,0,None detected,"Apollo Multi-Pass Org Graph, Company Leadership Web Crawler, Nutraceutical Knowledge Base",2026-09-14T05:31:41.786665+00:00
Aplantis Natural Ingredients,aplantis-ingredients.de,"Weilheim i.OB, Germany","All ingredients-Botanical,Natural",0,None detected,0,None detected,"Marketing, Sales, Regulatory, QA/QC, R&D",Marketing Manager | Sales Representative | Regulatory Affairs Specialist | Quality Analyst | Research Scientist,"Aplantis is seeking a dynamic Marketing Manager to drive growth and expand its market presence. The ideal candidate will possess strong digital marketing skills, experience in the nutraceutical industry, and a passion for innovation. They will be responsible for developing and executing marketing strategies, managing digital campaigns, and building brand awareness. The company is also looking for sales professionals to expand its customer base and drive revenue growth. Regulatory expertise is needed to ensure compliance with industry standards and regulations. R&D roles are needed to develop new products and improve existing ones.",0,None detected,0,0,None detected,"Apollo Multi-Pass Org Graph, Company Leadership Web Crawler, Nutraceutical Knowledge Base",2026-09-14T05:31:41.786700+00:00
Applied Food Sciences,appliedfoods.com,"Kerrville, Texas","Branded Ingrdients,Botanical Extracts",0,None detected,0,None detected,"R&D, Quality Assurance, Regulatory Affairs, Sales, Marketing, Product Development, Manufacturing",Food Scientist | R&D Scientist | Quality Analyst | QA/QC Technician | Regulatory Specialist | Product Development Specialist | Sales Representative | Marketing Specialist,"Applied Food Sciences (AFS) is a supplier of innovative, functional, and organic ingredients primarily focused on the natural products industry. They emphasize scientifically qualified, water-soluble ingredients sourced sustainably and ethically. AFS is actively seeking to expand its market presence and partnerships, particularly with food, beverage, and supplement manufacturers. The company’s focus on clinical studies and traceability suggests a need for individuals with expertise in analytical chemistry, formulation development, and regulatory compliance. Given their commitment to sustainability, roles related to supply chain management and ethical sourcing are also likely to be in demand.",0,None detected,0,4,[STRATEGIC_PARTNERSHIP] Applied Food Sciences invests in and partners with KÄÄPÄ Biotech to launch organic mushroom extracts - Nutritional Outlook | [STRATEGIC_PARTNERSHIP] Applied Food Sciences Partners with KÄÄPÄ Biotech to Launch Organic Nordic Mushroom Extracts - Prepared Foods | [STRATEGIC_PARTNERSHIP] Applied Food Sciences Partners With KÄÄPÄ Biotech to Launch Organic Nordic Mushroom Extracts - globenewswire.com | [PRODUCT_LAUNCH] Applied Food Sciences Introduces PurGinseng – The First-of-Its-Kind GRAS Panax Ginseng Extract for Modern Applications - BevNET.com,"Apollo Multi-Pass Org Graph, Company Leadership Web Crawler, Nutraceutical Knowledge Base",2026-09-14T05:31:41.786736+00:00
Arizona Custom Blends,acbmfg.com,"Tempe, Arizona",Custom Blends,0,None detected,0,None detected,"Procurement, Quality Assurance, Research & Development, Sales, Operations",Procurement Manager | QA Specialist | R&D Scientist | Sales Representative | Operations Manager,"Arizona Custom Blends is a contract manufacturer specializing in nutritional and dietary supplements, requiring personnel with expertise in procurement, quality control, research and development, sales, and operations. They are actively hiring and expanding their team, indicating growth and a need for skilled professionals within the supplement industry. The company's cGMP certification and focus on innovative solutions suggest a demand for individuals with a strong understanding of regulatory requirements and product formulation.",0,None detected,0,0,None detected,"Apollo Multi-Pass Org Graph, Company Leadership Web Crawler, Nutraceutical Knowledge Base",2026-09-14T05:31:41.786772+00:00
Arkem Chemicals,arkem.com,"Istanbul, Turkey","All ingredients-Chemical,Pharma,Food",0,None detected,0,None detected,"Chemical Engineer, Regulatory, QA/QC, R&D, Sales, Logistics, IT, Operations",Chemical Process Engineer | Quality Analyst | Research and Development Scientist | Sales Representative | Logistics Manager | IT Manager | Operations Manager | Data Scientist | Plant Manager,"Arkem Chemicals is seeking candidates with experience in chemical distribution, logistics, and regulatory affairs. They require individuals with strong technical skills, particularly in chemical engineering and quality control, as well as sales and marketing expertise. The company's family-owned structure emphasizes a commitment to ethical business practices and customer service. They are actively expanding their European presence and seeking individuals with experience in international markets.",0,None detected,0,0,None detected,"Apollo Multi-Pass Org Graph, Company Leadership Web Crawler, Nutraceutical Knowledge Base",2026-09-14T05:31:41.786808+00:00
Aromsa AS,aromsa.com.tr,"Karachi, Pakistan",Food Ingredients,0,None detected,0,None detected,"R&D, Regulatory, QA/QC, Sales, Flavor Development, Manufacturing",Research Scientist | Regulatory Affairs Specialist | Quality Control Analyst | Flavorist | Production Manager | Sales Representative,"Aromsa AS is a global producer of flavors and extracts, specializing in reducing fat, sugar, and salt content in food and beverage products. They cater to the growing demand for healthier food options and plant-based alternatives. Due to their focus on innovation and regulatory compliance (EFQM, FSSC 22000), they require talent in R&D, flavor development, regulatory affairs, quality control, and sales to support their global operations and expanding product portfolio. They are likely seeking individuals with expertise in food science, sensory analysis, and market trends.",0,None detected,0,0,None detected,"Apollo Multi-Pass Org Graph, Company Leadership Web Crawler, Nutraceutical Knowledge Base",2026-09-14T05:31:41.786842+00:00
Artemis International - Berryceuticals,artemis.com,"Henderson, Nevada","Branded ingredients,Botanical extracts",0,None detected,0,None detected,"Regulatory Affairs, Quality Assurance/Control, Research & Development, Sales & Marketing, Technical Support, Supply Chain Management, Product Development, QA/QC, R&D, Sales",Regulatory Scientist | Quality Analyst | R&D Scientist | Sales Manager | Technical Sales Representative | Supply Chain Specialist | Product Formulation Scientist | QA/QC Technician | Research & Development Associate | Botanical Formulator,"Artemis International is seeking talent to support the development, manufacturing, and sales of its Berryceuticals® nutraceutical ingredients. Key needs include regulatory expertise to navigate industry standards, quality control specialists to ensure product integrity, R&D scientists to innovate new formulations, and sales professionals to drive market growth. The company's focus on custom blends and pre-mixes suggests a need for formulation scientists and technical support staff. Given the company's emphasis on traceability and quality, roles in supply chain management and quality assurance are also critical.",0,None detected,0,0,None detected,"Apollo Multi-Pass Org Graph, Company Leadership Web Crawler, Nutraceutical Knowledge Base",2026-09-14T05:31:41.786869+00:00
Ashland,ashland.com,"North Vancouver, British Columbia","Speciality ingredients,Chemical",0,None detected,0,None detected,"R&D, QA/QC, Regulatory, Sales, Engineering, Research Chemistry, Plant Operations, Formulation Science, Technical Service",Regulatory Scientist | Quality Analyst | Research Chemist | Process Engineer | Formulation Scientist | Technical Service Coatings Scientist | Laboratory Analyst | Plant Engineer | Account Associate – Commercial Insurance | Assistant Manager | Senior R&D Manager,"Ashland is a global specialty ingredients company focused on additives and specialty chemicals. They serve a wide range of markets including architectural coatings, construction, energy, food and beverage, personal care, and pharmaceutical. A key element of their recruitment strategy is attracting and retaining talent with expertise in areas such as formulation science, polymer chemistry, and regulatory affairs. They emphasize a ‘solver’ mindset, seeking individuals who can develop innovative solutions to complex customer challenges. Given their focus on excipients and pharmaceutical ingredients, a significant portion of their recruitment efforts are directed towards individuals with backgrounds in chemistry, biology, and pharmaceutical sciences. The company’s commitment to sustainability and ESG (Environmental, Social, and Governance) initiatives also influences their talent acquisition, seeking individuals with expertise in these areas.",0,None detected,0,0,None detected,"Apollo Multi-Pass Org Graph, Company Leadership Web Crawler, Nutraceutical Knowledge Base",2026-09-14T05:31:41.786910+00:00
AstaReal Inc,astarealusa.com,"Toyama, Japan",Natural Ingredients,0,None detected,0,None detected,"R&D, Product Development, Marketing, Regulatory, QA/QC, Sales",Astaxanthin Scientist | Quality Analyst | Research Scientist | Marketing Specialist | Regulatory Affairs Specialist | Sales Representative,"AstaReal Inc. is a research-based biotech company focused on the production, investigation, and marketing of natural astaxanthin. They leverage a strong scientific foundation, with over 80 human clinical studies, to support their product offerings. Due to their pioneering role in astaxanthin production and their established global network, they require talent in R&D, product development, marketing, regulatory affairs, and sales to drive innovation, expand market reach, and maintain their competitive advantage. They are actively seeking individuals with expertise in algae cultivation, carotenoid science, and nutraceutical formulation.",0,None detected,0,0,None detected,"Apollo Multi-Pass Org Graph, Company Leadership Web Crawler, Nutraceutical Knowledge Base",2026-09-14T05:31:41.786946+00:00
Atlas Ingredients GmbH,atlas-ingredients.de,"Hawthorn, VIC 3122 Australia",Natural Extracts,0,None detected,0,None detected,"R&D, QA/QC, Sales, Regulatory, Technical Support, Product Development",Research Scientist | Quality Analyst | Sales Representative | Regulatory Affairs Specialist | Technical Support Engineer | Formulation Scientist,"Atlas Ingredients GmbH focuses on supplying functional ingredients to the food, tea, cosmetics, and pharmaceutical industries. They emphasize transparent supply chains, quality assurance, and compliance with EU standards. Given their focus on bioactive ingredients and customization, they likely require talent in R&D, formulation, technical support, and sales to support their diverse customer base and new product development efforts. They may also need regulatory expertise to ensure compliance with various industry standards.",0,None detected,0,0,None detected,"Apollo Multi-Pass Org Graph, Company Leadership Web Crawler, Nutraceutical Knowledge Base",2026-09-14T05:31:41.786970+00:00
Aunutra Industries Inc.,aunutra.com,"Chino, CA",Branded Ingredients,0,None detected,0,None detected,"Regulatory, R&D, QA/QC, Sales, Manufacturing, Technical Service",Regulatory Scientist | Research & Development Scientist | Quality Analyst | Sales Representative | Manufacturing Technician | Technical Service Specialist,"AuNutra Industries Inc. is a rapidly growing nutraceutical ingredient company specializing in standardized botanical extracts and supplying the nutraceutical, functional food, cosmetic, and pharmaceutical industries. They emphasize high-quality ingredients, GMP and ISO certifications, and custom manufacturing services. They are seeking individuals with expertise in regulatory affairs, research and development, quality control, sales, and technical service to support their growing operations and product offerings. Given their focus on contract manufacturing, they likely need skilled technicians and formulation specialists.",0,None detected,0,0,None detected,"Apollo Multi-Pass Org Graph, Company Leadership Web Crawler, Nutraceutical Knowledge Base",2026-09-14T05:31:41.786999+00:00
Ayana Bio,ayanabio.com,"Boston, MA",Natural Extracts,0,None detected,0,None detected,"R&D, Regulatory, QA/QC, Sales, Marketing",Research Scientist | Regulatory Affairs Specialist | Quality Analyst | Sales Representative | Marketing Specialist,"Ayana Bio is focused on developing and scaling plant-based bioactives using plant cell culture technology. They are seeking talent in R&D, regulatory affairs, quality control, sales, and marketing to support their innovative approach to ingredient discovery and production. The company’s core competency lies in creating consistent, contaminant-free, and sustainable bioactives, particularly for the dietary supplement, food, beverage, and personal care industries. They are leveraging partnerships with companies like Ginkgo Bioworks to streamline their operations and accelerate innovation.",0,None detected,0,1,[PRODUCT_LAUNCH] Ginkgo Bioworks' Ferment Consortium Launches Ayana Bio to Produce Plant and Fungal Bioactives for Herbal Medicines and Nutraceuticals - PR Newswire,"Apollo Multi-Pass Org Graph, Company Leadership Web Crawler, Nutraceutical Knowledge Base",2026-09-14T05:31:41.787031+00:00
B Natural srl,bnatural.it,"Corbetta, MI",Natural Ingredients,0,None detected,0,None detected,"Regulatory, R&D, Sales, QA/QC, Natural Extracts",Regulatory Scientist | Research & Development Scientist | Sales Manager | Quality Control Analyst | Natural Extracts Specialist,"B Natural SRL specializes in the production of standardized propolis extracts, primarily for use in food supplements, medical devices, and topical medications. They leverage a patented extraction method (M.E.D.) to retain the natural power of propolis and offer a characterized and standardized polyphenol complex. The company focuses on sales markets including East Asia, Europe, North America, and South Asia, indicating a global reach and demand for their products. They emphasize quality control and certifications (ISO 9001-2015, Organic, GMP compliant) to ensure product reliability and suitability for diverse formulations.",0,None detected,0,0,None detected,"Apollo Multi-Pass Org Graph, Company Leadership Web Crawler, Nutraceutical Knowledge Base",2026-09-14T05:31:41.787068+00:00
BENEO,beneo.com,"Mannheim, Germany",All Ingredients,0,None detected,0,None detected,"Regulatory, QA/QC, R&D, Sales, Marketing, Technical Support, Production, Supply Chain",Regulatory Affairs Specialist | Quality Assurance Analyst | Research & Development Scientist | Sales Representative | Marketing Specialist | Technical Support Engineer | Production Technician | Supply Chain Coordinator,"BENEO is actively recruiting to support its global expansion and innovation pipeline, particularly in areas related to functional ingredients for food, feed, and pharmaceutical applications. They are focused on individuals with expertise in regulatory affairs, quality control, R&D, and sales to drive growth in existing markets and explore new opportunities, including plant-based proteins and prebiotic solutions. The company emphasizes a collaborative and customer-centric approach, seeking candidates who can contribute to their mission of improving nutrition and health.",0,None detected,0,0,None detected,"Apollo Multi-Pass Org Graph, Company Leadership Web Crawler, Nutraceutical Knowledge Base",2026-09-14T05:31:41.787102+00:00
BENEO GmbH,beneo.com,"Mannheim, Germany",Contract Manufacturer & CDMO,0,None detected,0,None detected,"Regulatory, QA/QC, R&D, Sales, Marketing, Product Management, Supply Chain, Technical Support",Regulatory Scientist | Quality Analyst | Research & Development Scientist | Sales Representative | Marketing Specialist | Product Manager | Supply Chain Coordinator | Technical Support Engineer,"BENEO is seeking talent in regulatory affairs, quality control, research and development, and sales to support its growing market for functional ingredients derived from natural sources, particularly chicory root, beet, rice, and wheat. They require individuals with expertise in food science, nutrition, and ingredient technology. Given their global operations, roles may involve international travel and collaboration. Demand is driven by increasing consumer interest in sugar reduction, fiber enrichment, and gut health solutions, aligning with BENEO's core offerings. The company's focus on innovation and sustainable sourcing presents opportunities for individuals passionate about developing and marketing novel ingredients.",0,None detected,0,0,None detected,"Apollo Multi-Pass Org Graph, Company Leadership Web Crawler, Nutraceutical Knowledge Base",2026-09-14T05:31:41.787138+00:00
BETA CAE Systems,betacaesystems.com,Thessaloniki,Contract Manufacturer & CDMO,0,None detected,0,None detected,"R&D, Engineering Analysis, Software Development, Data Management",Software Engineer | FEA Analyst | Data Scientist | Simulation Specialist,"BETA CAE Systems is focused on providing simulation solutions to a wide range of industries, including aerospace, automotive, and energy. They are seeking to expand their engineering team to support the development and implementation of their software products. The company's expertise in CAE and its integration with Cadence Design Systems provide a competitive advantage in the market. They are actively recruiting for roles that require strong technical skills, problem-solving abilities, and a passion for innovation.",0,None detected,0,1,[MERGER_ACQUISITION] Latham & Watkins Advises Cadence in US$1.24 Billion Acquisition of BETA CAE - Latham & Watkins LLP,"Apollo Multi-Pass Org Graph, Company Leadership Web Crawler, Nutraceutical Knowledge Base",2026-09-14T05:31:41.787174+00:00
BGG,bggworld.com,"Irvine, CA","Branded ingredients,Botanical extracts",0,None detected,0,None detected,"Regulatory, QA/QC, R&D, Sales, Marketing, Technical Support, Manufacturing, Supply Chain, Product Development",Regulatory Scientist | Quality Analyst | Research & Development Scientist | Sales Manager | Marketing Specialist | Technical Support Engineer | Manufacturing Technician | Supply Chain Coordinator | Product Development Scientist,"BGG is a global supplier of clinically-validated natural ingredients for the dietary supplement, food & beverage, pharmaceutical, animal nutrition, and cosmetics sectors. They focus on sourcing premium and non-GMO raw materials and manufacturing high-quality ingredients through vertically integrated facilities. Due to their global presence and diverse product portfolio, BGG likely requires talent in regulatory affairs to navigate international markets, quality control to maintain product standards, research and development to innovate new ingredients, sales and marketing to drive market growth, and technical support to assist clients with product applications. Given their manufacturing operations, they also need skilled manufacturing technicians and supply chain professionals. Their focus on specialized extracts and compounds suggests a need for scientists specializing in extraction and purification techniques.",0,None detected,0,0,None detected,"Apollo Multi-Pass Org Graph, Company Leadership Web Crawler, Nutraceutical Knowledge Base",2026-09-14T05:31:41.787206+00:00
BIOLANDES,biolandes.com,"Le Sen, France",Natural Extracts,0,None detected,0,None detected,"R&D, QA/QC, Regulatory, Sales, Marketing, Production, Laboratory, Formulation, Distribution, Supply Chain",Research Scientist | Quality Analyst | Regulatory Affairs Specialist | Sales Representative | Marketing Manager | Production Supervisor | Laboratory Technician | Formulation Scientist | Distribution Manager | Supply Chain Analyst,"Biolandes Group is a family-owned French company specializing in the production of aromatic plant extracts for the beauty, well-being, and nutrition sectors. They leverage their expertise in sourcing and processing natural raw materials, particularly from the Landes forest, to offer a diverse catalog of over 750 natural extracts. The company emphasizes sustainable practices, traceability, and regulatory compliance, particularly through adherence to CGMP regulations. They cater to a global clientele, providing ‘turnkey’ solutions and customized formulations. Given their focus on natural ingredients and regulatory support, they likely recruit scientists, analysts, and regulatory specialists with expertise in extraction, formulation, quality control, and compliance.",0,None detected,0,0,None detected,"Apollo Multi-Pass Org Graph, Company Leadership Web Crawler, Nutraceutical Knowledge Base",2026-09-14T05:31:41.787239+00:00
BIONAP Srl,bionap.com,Contrada Fureria Zona Industriale Ovest 95032 Piano Tavola – Belpasso (CT) Italy,Natural Ingredients,0,None detected,0,None detected,"Regulatory, QA/QC, R&D, Sales, Marketing, Business Development",Regulatory Scientist | Quality Analyst | Research & Development Scientist | Sales Representative | Marketing Specialist | Business Development Manager,"Bionap Srl is a supplier of standardized Mediterranean extracts for cosmetic applications. They control the entire production process. Bionap is a cutting-edge player in manufacturing branded ingredients for the Nutraceutical, Personal Care, and Animal Health markets. Our vision is to spread the benefits of the Mediterranean region’s unique botanicals to the global market. They are focused on supplying high-quality, standardized extracts for use in a variety of applications, including sports nutrition, active lifestyle formulations, and personal care products.",0,None detected,0,0,None detected,"Apollo Multi-Pass Org Graph, Company Leadership Web Crawler, Nutraceutical Knowledge Base",2026-09-14T05:31:41.787273+00:00
BIOWEG,bioweg.com,Germany,"Bio based ingredients,Fermentation",0,None detected,0,None detected,"R&D, Bioprocess, Formulation, Production, Sales, Marketing, Finance, Engineering & Construction, Human Resources, Regulatory, QA/QC",R&D Scientist | Bioprocess Engineer | Formulation Chemist | Biotechnology Specialist | Material Scientist | Sales Representative | Marketing Specialist | Financial Analyst | Project Manager | Human Resources Specialist | Regulatory Affairs Specialist | Quality Analyst | Strain Engineering,"BIOWEG is a German-based company specializing in developing and selling bio-based ingredients for cosmetics, nutraceuticals, and food applications. They focus on sustainable solutions, utilizing microbial fermentation and green chemistry to create biodegradable and functional ingredients. The company is actively seeking to replace traditional, petroleum-based ingredients with their innovative offerings, targeting companies with a focus on sustainability and clean label formulations. They are expanding their market reach and seeking to establish partnerships with global brands in the beauty, food, and agriculture sectors. The company's team comprises scientists and engineers with expertise in biotechnology, material science, and fermentation.",0,None detected,0,0,None detected,"Apollo Multi-Pass Org Graph, Company Leadership Web Crawler, Nutraceutical Knowledge Base",2026-09-14T05:31:41.787307+00:00
BM Ingredients Europe GmbH,bmieurope.de,Germany,"Natural Ingredients,Botanical Extracts",0,None detected,0,None detected,"Sales, R&D, QA/QC, Regulatory",Sales Executive | R&D Scientist | Quality Analyst | Regulatory Affairs Specialist,"BM Ingredients Europe GmbH is a manufacturer and supplier of organically and naturally produced herbal extracts, spice extracts, plant extracts, and oleoresins. They cater to the nutraceutical, cosmeceutical, and food industries. Given their focus on high-quality, certified ingredients and technical support, they likely require individuals with expertise in sales, research and development, quality control, and regulatory affairs to support their growing market presence and maintain their competitive advantage.",0,None detected,0,0,None detected,"Apollo Multi-Pass Org Graph, Company Leadership Web Crawler, Nutraceutical Knowledge Base",2026-09-14T05:31:41.787342+00:00
BRAIN Biotech AG,brain-biotech-group.com,"Zwingenberg, Germany",All ingredients,0,None detected,0,None detected,"R&D, Bioprocess Engineering, Enzyme Technology, Microbial Strain Development, Scale-up, Regulatory Affairs, QA/QC, Sales, Technical Support",Research Scientist | Process Engineer | Enzyme Developer | Strain Developer | Quality Control Analyst | Sales Representative | Technical Support Specialist,"BRAIN Biotech AG is a biotechnology company specializing in enzyme discovery, development, and manufacturing, primarily serving the food & beverage, pharma, life science, and environmental sectors. They offer end-to-end industrial biotech solutions, including enzyme engineering, microbial strain development, and bioprocess development and scale-up. Given their focus on custom enzyme panels and tailored microbial strains, they likely require a team of biologists, biochemists, microbiologists, and process engineers with expertise in fermentation, protein production, and analytical techniques. They are actively seeking individuals with experience in scaling up bioprocesses and translating research into commercially viable products. Due to their listed patents and R&D activities, a strong emphasis on intellectual property management and regulatory compliance is also crucial.",0,None detected,0,1,[PRODUCT_LAUNCH] A brain biotech launches with Roche’s spare parts - biopharmadive.com,"Apollo Multi-Pass Org Graph, Company Leadership Web Crawler, Nutraceutical Knowledge Base",2026-09-14T05:31:41.787377+00:00
BTSA,btsa.com,"Lake Geneva, WI, United States",Branded ingredients,0,None detected,0,None detected,"R&D, Quality Control, Sales, Regulatory Affairs, Production, Market Research",Quality Analyst | Regulatory Scientist | Sales Manager | Production Supervisor | Market Research Analyst,"BTSA focuses on the development and manufacturing of natural antioxidants and Vitamin E, primarily for the nutraceutical and cosmetic industries. They leverage their expertise in extraction and formulation to supply branded ingredients to manufacturers seeking to enhance product quality, stability, and efficacy. The company’s commitment to sustainable sourcing and research-backed formulations positions them as a key supplier in the growing market for natural ingredients.",0,None detected,0,0,None detected,"Apollo Multi-Pass Org Graph, Company Leadership Web Crawler, Nutraceutical Knowledge Base",2026-09-14T05:31:41.787411+00:00
Barnes Roots & Herbs LLC,barnesrootsandherbs.com,"Troy, Missouri, USA",Botanical extracts,0,None detected,0,None detected,"Regulatory, QA/QC, R&D, Sales, Purchasing",Regulatory Affairs Specialist | Quality Control Analyst | Research Scientist | Sales Representative | Purchasing Specialist,"Barnes Roots & Herbs LLC specializes in supplying raw botanical materials to the Nutritional, Pharmaceutical, and Cosmetic industries. Due to their focus on certified organic and ethically wild harvested products, particularly woodland botanicals, they likely require talent in regulatory affairs to ensure compliance with industry standards (FDA guidelines), quality control to maintain product consistency and safety, research and development to explore new botanical sources and formulations, sales professionals to manage customer relationships and drive revenue, and purchasing specialists to source high-quality materials from reputable suppliers. Given their small business size and focus on building relationships, a strong understanding of customer needs and supplier management is crucial.",0,None detected,0,0,None detected,"Apollo Multi-Pass Org Graph, Company Leadership Web Crawler, Nutraceutical Knowledge Base",2026-09-14T05:31:41.787442+00:00
Barrington Nutritionals,barrington.com,"Harrison, New York",Nutrition Ingredients,0,None detected,0,None detected,"Regulatory, QA/QC, R&D, Sales, Marketing, Supply Chain, Customer Service",Regulatory Scientist | Quality Analyst | Research & Development Scientist | Sales Manager | Marketing Specialist | Supply Chain Coordinator | Customer Service Representative,"Barrington Nutritionals focuses on supplying high-quality ingredients to the nutraceutical, pharmaceutical, and functional food industries. They emphasize building relationships with ingredient manufacturers and innovative producers. Due to the nature of their business, they likely require talent in regulatory affairs to ensure compliance, quality control to maintain product standards, R&D to develop new formulations, and sales/marketing to promote their ingredients to food and beverage companies. Their emphasis on partnerships suggests a need for strong account management and customer service roles.",3,"Series C: $100M (Mon, 07 Sep 2026 07:28:59 GMT) | Undisclosed / Venture Round: Undisclosed (Thu, 23 Jul 2026 07:00:00 GMT) | Undisclosed / Venture Round: Undisclosed (Thu, 04 Jun 2026 07:00:00 GMT)",100000000.0,0,None detected,"Apollo Multi-Pass Org Graph, Company Leadership Web Crawler, Nutraceutical Knowledge Base",2026-09-14T05:31:41.787480+00:00
"Bell Flavors & Fragrances, Inc.",bellff.com,"Northbrook, Illinois","Food Ingredients,Botanical extrracts",0,None detected,0,None detected,"Regulatory, QA/QC, R&D, Sales, Flavorist, Fragrance Development, Sensory Scientist, Commodity Management",Regulatory Scientist | Quality Analyst | Research & Development Scientist | Sales Representative | Flavor Development Specialist | Fragrance Perfumer | Sensory Evaluation Specialist | Commodity Manager,"Bell Flavors & Fragrances is a global leader in the flavor and fragrance industry, seeking skilled professionals to drive innovation and support its diverse client base. The company's focus on creating authentic and memorable sensory experiences requires talent in regulatory affairs, quality control, research and development, sales, and sensory evaluation. Given its history and global footprint, Bell is likely to prioritize candidates with experience in international markets and a strong understanding of flavor and fragrance trends. The company's commitment to sustainability and its use of natural ingredients suggest a need for expertise in botanical extracts and organic flavor development.",0,None detected,0,2,[PRODUCT_LAUNCH] Bell Flavors & Fragrances launches line of hemp-sourced flavors and extracts - Food Dive | [PRODUCT_LAUNCH] Bell Flavors & Fragrances unveils Bell Technology and Innovation Center - Snack Food & Wholesale Bakery,"Apollo Multi-Pass Org Graph, Company Leadership Web Crawler, Nutraceutical Knowledge Base",2026-09-14T05:31:41.787518+00:00
Berg+Schmidt - Care Ingredients,solutions.berg-schmidt.com,"Hamburg, Germany","Cosmetic Ingredients,",0,None detected,0,None detected,"Regulatory, Sales, R&D, QA/QC",Regulatory Scientist | Sales Manager | Research & Development Scientist | Quality Analyst,"Berg+Schmidt is seeking talent with expertise in regulatory affairs, sales within the personal care sector (particularly the DACH region), research and development of cosmetic ingredients, and quality control to ensure compliance with COSMOS and RSPO certifications. They require individuals who understand sustainable solutions and can support their focus on innovation and strong brands within the cosmetics industry.",0,None detected,0,0,None detected,"Apollo Multi-Pass Org Graph, Company Leadership Web Crawler, Nutraceutical Knowledge Base",2026-09-14T05:31:41.787556+00:00
Balchem- Bergstrom Nutrition,bergstromnutrition.com,"Montvale, NJ",Branded Ingredients,0,None detected,0,None detected,"R&D, Sales, Regulatory, QA/QC, Production Operator, Maintenance, Territory Sales Rep, Food Scientist, Food Science Intern, Quality Assurance Supervisor, Sr. Analyst, Contract Manufacturing Quality, 1st Shift - Maintenance, Director, Enterprise AI and Digital, R&D Intern",R&D Scientist | Sales Representative | Regulatory Affairs Specialist | Quality Analyst | Production Operator | Maintenance Technician | Dairy Sales Representative | Food Scientist | Food Science Intern | Quality Assurance Supervisor | Contract Manufacturing Quality Analyst | Maintenance Technician | Enterprise AI and Digital Strategist | R&D Intern,"Balchem is actively seeking talent across various functions, particularly in R&D, sales, and quality assurance, driven by its diverse portfolio of nutritional and health solutions. The company's commitment to innovation and sustainable practices creates opportunities for individuals passionate about science, problem-solving, and contributing to a healthier world. They are expanding their global footprint and seeking individuals with experience in manufacturing, supply chain management, and regulatory affairs. The company's focus on organic certifications and microencapsulation technology indicates a need for specialized expertise in these areas.",0,None detected,0,0,None detected,"Apollo Multi-Pass Org Graph, Company Leadership Web Crawler, Nutraceutical Knowledge Base",2026-09-14T05:31:41.787594+00:00
Best Ground International,bestground.com,"Los Angeles, California",Natural&Organic Ingredients,0,None detected,0,None detected,"Regulatory, QA/QC, R&D, Sales, Marketing, Technical Support, Manufacturing, Supply Chain",Regulatory Scientist | Quality Analyst | Research & Development Scientist | Sales Manager | Marketing Specialist | Technical Support Engineer | Manufacturing Technician | Supply Chain Coordinator,"Best Ground International (BGG) specializes in the procurement and production of clinically-vetted natural ingredients for the dietary supplement, cosmetics, and food & beverage sectors. They focus on sourcing premium, non-GMO raw materials and delivering high-quality ingredients to clients worldwide. BGG leverages its global presence and expertise to support product development and commercialization, particularly in areas like antioxidants, beauty, and health-focused formulations. The company emphasizes rigorous quality control, adherence to CGMP regulations, and providing technical documentation to support product efficacy.",0,None detected,0,0,None detected,"Apollo Multi-Pass Org Graph, Company Leadership Web Crawler, Nutraceutical Knowledge Base",2026-09-14T05:31:41.787630+00:00
"Bestherb, Inc",bestherb.us,"Ontario, CA",Botanical extracts,0,None detected,0,None detected,"R&D, QA/QC, Regulatory, Sales, Manufacturing",Research Scientist | Quality Analyst | Regulatory Affairs Specialist | Sales Representative | Production Technician,"Bestherb, Inc. is a manufacturer and supplier of herbal extracts, mushroom extracts, and other nutraceutical ingredients. They focus on providing high-quality products with expedited delivery to customers globally. The company emphasizes certifications (cGMP, FSSC22000, etc.) and a robust R&D department to develop new products and ensure quality control. They target wholesalers, distributors, and manufacturers of botanic services and products. The company's global reach and focus on supply chain control suggest a need for logistics and supply chain management professionals.",0,None detected,0,0,None detected,"Apollo Multi-Pass Org Graph, Company Leadership Web Crawler, Nutraceutical Knowledge Base",2026-09-14T05:31:41.787665+00:00
Bindewald & Gutting Mulhengruppe-GmbH,bigu-muehlengruppe.de,"Alsleben, Germany",Food ingrdients,0,None detected,0,None detected,"Quality Assurance, Research & Development, Sales, Production Management, Technical Support, Regulatory Affairs",Quality Control Analyst | Food Technologist | Sales Manager | Production Supervisor | Technical Support Specialist | Regulatory Compliance Officer,"Bindewald & Gutting Mühlengruppe is a family-owned milling group focused on producing high-quality grain-based products. They are seeking individuals with expertise in quality control, food technology, sales, and production management to support their operations and drive innovation. Given their focus on specialty flours and customized solutions, roles requiring technical knowledge and customer interaction are likely to be in demand.",0,None detected,0,0,None detected,"Apollo Multi-Pass Org Graph, Company Leadership Web Crawler, Nutraceutical Knowledge Base",2026-09-14T05:31:41.787712+00:00
Bio Med Ingredients Pvt. Ltd.,biomedingredients.com,India,"Natural extracts,Branded Ingredients",0,None detected,0,None detected,"R&D, Sales, Regulatory, QA/QC, Marketing",Research Scientist | Sales Manager | Regulatory Affairs Specialist | Quality Analyst | Marketing Specialist,"Bio Med Ingredients Pvt. Ltd. is a manufacturer and supplier of herbal extracts, spice extracts, and plant-based actives, primarily targeting the nutraceutical and pharmaceutical industries. They emphasize sustainable sourcing, quality control, and regulatory compliance. Demand for their products is driven by the increasing global interest in natural and plant-based ingredients for health and wellness applications. They likely require personnel with expertise in botanical extraction, analytical chemistry, regulatory affairs, sales and marketing, and quality assurance.",0,None detected,0,0,None detected,"Apollo Multi-Pass Org Graph, Company Leadership Web Crawler, Nutraceutical Knowledge Base",2026-09-14T05:31:41.787746+00:00
Bio-gen Extracts,bio-gen.in,"Bengaluru, INDIA",Botanical extracts-Branded ingredients,0,None detected,0,None detected,"Regulatory, QA/QC, R&D, Sales, Marketing, Operations, Engineering, Medical Information, Strategy & Operations, Device Development, Communication & Engagement, Machine Learning",Regulatory Scientist | Quality Analyst | Research & Development Scientist | Sales Representative | Marketing Specialist | Operations Manager | Software Engineer | Medical Information Specialist | Strategy & Operations Manager | Product Manager | Patient Engagement Specialist | Machine Learning Engineer,"Bio-Gen Extracts is seeking talent to support its nutraceutical ingredient manufacturing and sales operations, particularly within regulatory affairs, quality control, research & development, and sales to the health, pharmaceutical, and food supplement sectors. The company's focus on scientifically-backed ingredients and clinical studies requires expertise in areas such as marketing, operations, and potentially data science (machine learning) to drive innovation and market growth. Given its global reach and regulatory compliance requirements, roles in strategy and operations, and medical information are also crucial.",0,None detected,0,1,[STRATEGIC_PARTNERSHIP] Bio-gen enters research partnership with Loughborough University - Nutraceutical Business Review,"Apollo Multi-Pass Org Graph, Company Leadership Web Crawler, Nutraceutical Knowledge Base",2026-09-14T05:31:41.787780+00:00
Bioactive Services ( Bioactive Resources and Safe Sterilization USA ),bioactive-resources.com,"New Jersey, Nevada","Branded ingredients,Botanical extracts",0,None detected,0,None detected,"QA/QC, R&D, Sales, Regulatory, Manufacturing, Formulation",Quality Assurance Supervisor | Quality Analyst | Research & Development Scientist | Sales Representative | Regulatory Affairs Specialist | Formulation Scientist,"Bioactive Services is a supplier of natural powdered food ingredients, specializing in custom formulations and toll blending. They emphasize USDA Organic and cGMP certifications, indicating a need for individuals with expertise in quality control, regulatory compliance, and formulation development within the dietary supplement and functional food industries. The company's focus on innovation and sustainable solutions suggests a demand for R&D personnel. Sales roles would be needed to support their ingredient offerings.",0,None detected,0,0,None detected,"Apollo Multi-Pass Org Graph, Company Leadership Web Crawler, Nutraceutical Knowledge Base",2026-09-14T05:31:41.787815+00:00
"Bioenergy Life Science, Inc. (BLS)",bioenergylifescience.com,"Ham Lake, MN",Branded Ingredients,1,Sydney Staedt (Marketing Manager),0,None detected,"Sales, R&D, Regulatory, QA/QC, Marketing",Sales Representative | Research Scientist | Regulatory Affairs Specialist | Quality Analyst | Marketing Specialist,"Bioenergy Life Science, Inc. (BLS) focuses on developing and marketing functional ingredients, primarily Bioenergy Ribose®, for use in food & beverage, dietary supplements, cosmetics, and sports nutrition products. They are seeking talent in sales, research and development, regulatory affairs, quality control, and marketing to support their product portfolio and expand into new markets. Given their focus on clinical studies and patented technology, they likely require individuals with a strong scientific background and experience in product development and market access.",0,None detected,0,0,None detected,"Apollo Multi-Pass Org Graph, Company Leadership Web Crawler, Nutraceutical Knowledge Base",2026-09-14T05:31:41.787868+00:00
Biohm Technologies,biohmtechnologies.com,"425 Literary Road, Suite 100, Cleveland, OH 44113",Microbiome ingredients,1,Sam Schatz (President),0,None detected,"R&D, Regulatory, QA/QC, Sales, Business Development",Research Scientist | Regulatory Affairs Specialist | Quality Analyst | Sales Representative | Business Development Manager,"Biohm Technologies focuses on microbiome innovation, developing targeted microbiome products. They require scientists with expertise in bacterial and fungal research, regulatory affairs specialists to navigate the complex landscape of dietary supplement regulations, quality control professionals to ensure product quality, and sales/business development roles to drive market expansion. Given their focus on gut health assessments and personalized recommendations, roles involving data analysis and nutrition expertise would also be valuable.",0,None detected,0,1,[REGULATORY_MILESTONE] Biohm Technologies secures Health Canada NPN for Mycohsa probiotic blend - Nutraceutical Business Review,"Apollo Multi-Pass Org Graph, Company Leadership Web Crawler, Nutraceutical Knowledge Base",2026-09-14T05:31:41.787922+00:00
Biotech Europe,biotecheurope.com,Hungary,Contract Manufacturer & CDMO,0,None detected,0,None detected,"R&D, QA/QC, Regulatory, Sales, Manufacturing, Product Development",Research Scientist | Quality Analyst | Regulatory Affairs Specialist | Sales Representative | Production Technician | Formulation Scientist,"BioTechUSA is a leading European manufacturer of food supplements, specializing in sports nutrition and healthy lifestyle products. They focus on developing and manufacturing high-quality ingredients and finished products, with a strong emphasis on innovation and scientific research. The company’s growth is driven by expanding its product portfolio, increasing its international presence, and leveraging its expertise in formulation and manufacturing. They utilize a network of franchise stores across Europe and collaborate with professional athletes to promote their brand. The company’s operations are underpinned by robust quality control systems, including CGMP compliance, and a commitment to sustainable sourcing and manufacturing practices.",0,None detected,0,1,[PRODUCT_LAUNCH] German biotech Revier Therapeutics launches with €6 million - Health Tech World,"Apollo Multi-Pass Org Graph, Company Leadership Web Crawler, Nutraceutical Knowledge Base",2026-09-14T05:31:41.787961+00:00
Black Forest Ingredients & Solutions,bfias.eu,"Mahlberg, Germany","Food Ingredients,",0,None detected,0,None detected,"Regulatory, QA/QC, R&D, Sales, Marketing, Product Development, Technical Support",Regulatory Scientist | Quality Analyst | Food Scientist | Flavorist | Colorist | Sales Manager | Marketing Specialist | Product Development Engineer | Technical Support Specialist,"Black Forest Ingredients & Solutions GmbH is a family-owned German business specializing in the production of natural food colors and ingredients. They emphasize their expertise in developing bespoke solutions and offer a range of products including natural food colors, savory flavors, and functional ingredients. The company is committed to sustainability, evidenced by their solar panel installation and FSSC 22000 certification. They are actively seeking talent in areas such as R&D, product development, and sales to support their growth and innovation within the food industry.",0,None detected,0,0,None detected,"Apollo Multi-Pass Org Graph, Company Leadership Web Crawler, Nutraceutical Knowledge Base",2026-09-14T05:31:41.788007+00:00
Blue California Ingredients,bluecal-ingredients.com,"Rancho Santa Margarita, CA",All ingredients,0,None detected,0,None detected,"R&D, Regulatory, QA/QC, Sales, Manufacturing, Innovation",Research Scientist | Regulatory Affairs Specialist | Quality Control Analyst | Sales Representative | Process Engineer | Formulation Scientist,"Blue California is a biotechnology company focused on producing and supplying scientifically-backed ingredients, particularly ergothioneine, a 'longevity vitamin'. They emphasize innovation, sustainable practices, and custom ingredient solutions. Given their focus on clinical research and delivery systems, they likely require talent in R&D, formulation science, and regulatory affairs to support the development and commercialization of their ingredients for applications in dietary supplements, functional foods, and personal care products. Their entrepreneurial culture suggests a need for individuals comfortable with collaborative projects and rapid innovation.",0,None detected,0,0,None detected,"Apollo Multi-Pass Org Graph, Company Leadership Web Crawler, Nutraceutical Knowledge Base",2026-09-14T05:31:41.788043+00:00
Boettger Food Ingredients GmbH,boettger1904.com,"Berlin, Berlin","Food Ingredients,",0,None detected,0,None detected,"R&D, QA/QC, Sales, Regulatory, Logistics, Management",Food Scientist | Quality Control Analyst | Sales Manager | Regulatory Affairs Specialist | Logistics Coordinator | Operations Manager | Technical Sales Engineer,"Boettger Food Ingredients GmbH is an established, family-owned trader specializing in sugar, nuts, and dried fruits. They operate an international network and provide trading, sourcing, and logistics services to food processing clients. Due to their long history and diverse product range, they likely require personnel with expertise in international trade, supply chain management, quality control, and sales, particularly within the food industry. Given their focus on innovation and product development, R&D roles are also important. The company's emphasis on customer relationships suggests a need for strong sales and customer service professionals.",0,None detected,0,0,None detected,"Apollo Multi-Pass Org Graph, Company Leadership Web Crawler, Nutraceutical Knowledge Base",2026-09-14T05:31:41.788082+00:00
Bonerge Lifescience,bonerge.com,"Zhongjian Smart Valley, Yuelu District, Changsha Hunan Province, 410000, China","Branded ingredients,Botanical extracts",0,None detected,0,None detected,"R&D, Regulatory, QA/QC, Sales",Research Scientist | Regulatory Affairs Specialist | Quality Analyst | Sales Representative,"Bonerge Lifescience is focused on developing and manufacturing nutraceutical and cosmeceutical ingredients, particularly targeting healthy aging through ingredients like Fisetin, S-Equol, and Urolithin A. They emphasize scientifically validated solutions and collaborate with brands to create high-quality dietary supplements. They are seeking individuals with expertise in R&D, regulatory affairs, quality control, and sales to support their product development and market expansion efforts.",0,None detected,0,0,None detected,"Apollo Multi-Pass Org Graph, Company Leadership Web Crawler, Nutraceutical Knowledge Base",2026-09-14T05:31:41.788113+00:00
Botanic Healthcare GmbH,botanichealthcaregmbh.eu,"Langen, Germany","Branded ingredients,Botanical extracts",0,None detected,0,None detected,"R&D, Manufacturing, Sales, Marketing, Regulatory, QA/QC, Horticulturalist, Botanist, Nursery Officer, Crew Member Urban",Research Scientist | Manufacturing Technician | Sales Representative | Marketing Specialist | Regulatory Affairs Manager | Quality Control Analyst | Horticulturalist | Botanist | Nursery Officer | Urban Crew Member,"Botanic Healthcare is a globally recognized leader in herbal extracts, known for combining natural ingredients with innovative manufacturing practices. They focus on developing and manufacturing branded ingredients for nutraceutical applications, leveraging advanced extraction technology and industry-leading certifications. The company is actively seeking talent in R&D, manufacturing, sales, and marketing to support its global expansion and product innovation. They prioritize individuals with expertise in botanical science, pharmaceutical manufacturing, and regulatory affairs.",0,None detected,0,3,[PRODUCT_LAUNCH] Botanic Healthcare Unveils Rs25 Crore Liposomal Manufacturing Facility In Hyderabad - BW Healthcare World | [PRODUCT_LAUNCH] Botanic Healthcare launches patented cornsilk-based nutraceutical extract CornFit - FFOODS Spectrum | [PRODUCT_LAUNCH] Botanic Healthcare Launches CornFit™: A Breakthrough in Plant-Based Nutraceutical Innovation - theindianpractitioner.com,"Apollo Multi-Pass Org Graph, Company Leadership Web Crawler, Nutraceutical Knowledge Base",2026-09-14T05:31:41.788141+00:00
Botanical Ingredients Ltd.,botanical.com,New Zealand,Nutraceutical Ingredient Supplier,0,None detected,0,None detected,"R&D, Regulatory, QA/QC, Sales, Marketing, Product Development",Regulatory Scientist | Quality Analyst | Research Scientist | Sales Manager | Marketing Specialist | Cosmetic Chemist | Product Development Scientist,"Botanical Ingredients Ltd is a bulk supplier of freeze-dried fruit, powders, cacao, and agave syrup primarily to the food industry, cafes, and restaurants. They emphasize high-quality, 100% pure ingredients and traceability. They are likely seeking candidates with expertise in food science, regulatory affairs, quality control, sales, and marketing to support their wholesale operations and expand their market reach. Given their focus on premium ingredients, they likely require individuals with strong technical skills and a deep understanding of the food industry. The company's growth is driven by supplying ingredients to large food companies and expanding its presence in the New Zealand and Australian markets.",0,None detected,0,2,[PRODUCT_LAUNCH] Proprietary Botanical Ingredients: RIMAN Introduces Araliadiol from Its Protected… - Trend Hunter | [PRODUCT_LAUNCH] NervoVive Introduces Plant-Based Nerve Health Support With Five Botanical Ingredients for 2025 Wellness - Newswire.com,"Apollo Multi-Pass Org Graph, Company Leadership Web Crawler, Nutraceutical Knowledge Base",2026-09-14T05:31:41.788176+00:00
"Botaniex, Inc.",botaniex.com,"115 East 57th Street New York, USA 10022","Natural ingredients,Botanical extracts",0,None detected,0,None detected,"R&D, Manufacturing, Quality Assurance, Sales, Marketing, Regulatory Affairs",Research Scientist | Extraction Technician | Quality Control Analyst | Sales Manager | Marketing Specialist | Regulatory Compliance Officer,"Botaniex, Inc. specializes in the production of botanical extracts and functional herbal formulations, providing raw materials and value-added services for manufacturers in the health food/dietary supplement, functional beverage, cosmetics, and pharmaceutical industries. They focus on innovation through R&D, utilizing advanced equipment and technology to create customized extracts and formulas. The company leverages strategic alliances to ensure production capacity and quality. They offer private label and contract manufacturing services, indicating a need for personnel in formulation development, production management, and customer service.",0,None detected,0,0,None detected,"Apollo Multi-Pass Org Graph, Company Leadership Web Crawler, Nutraceutical Knowledge Base",2026-09-14T05:31:41.788205+00:00
Brenntag Holding GmbH,brenntag.com,"Essen, Germany",All ingredients,0,None detected,0,None detected,"Regulatory, QA/QC, R&D, Sales, Technical Support, Application Technology, Formulation, Logistics, Supply Chain Management, Customer Service, Recruiting",Regulatory Scientist | Quality Analyst | R&D Scientist | Sales Representative | Technical Sales Engineer | Application Specialist | Formulation Chemist | Logistics Coordinator | Supply Chain Analyst | Customer Service Representative | Recruiter,"Brenntag is a global market leader in chemicals and ingredients distribution, requiring professionals with expertise in regulatory affairs, quality control, research and development, sales, technical support, and supply chain management. Due to its extensive product portfolio and global network, Brenntag seeks individuals with strong communication and collaboration skills, as well as a commitment to safety and sustainability. The company’s focus on value-added services and customer solutions drives demand for specialists in formulation, application technology, and logistics.",0,None detected,0,0,None detected,"Apollo Multi-Pass Org Graph, Company Leadership Web Crawler, Nutraceutical Knowledge Base",2026-09-14T05:31:41.788244+00:00
Budenheim,budenheim.com,Budenheim,Branded Ingredients,0,None detected,0,None detected,"R&D, Production, Quality Control, Sales, Regulatory Affairs, Technical Support",Research Scientist | Production Engineer | Quality Analyst | Sales Representative | Regulatory Specialist | Technical Support Engineer,"Budenheim is a global specialty chemical company focused on developing and manufacturing mineral phosphates and excipients for the pharmaceutical, nutraceutical, and food industries. They are heavily invested in quality control, regulatory compliance (particularly with EXCiPACT), and innovation, driven by demand for sustainable solutions. They require talent in R&D, production, quality assurance, sales, and regulatory affairs to support their expanding global operations and product portfolio. Given their focus on pharmaceutical excipients, they are likely seeking individuals with expertise in formulation, stability testing, and GMP compliance.",0,None detected,0,0,None detected,"Apollo Multi-Pass Org Graph, Company Leadership Web Crawler, Nutraceutical Knowledge Base",2026-09-14T05:31:41.788276+00:00
Bulk & Organic LLC,bulkandorganic.com,"Northvale, New Jersey",Herbal extracts,0,None detected,0,None detected,"Regulatory, QA/QC, R&D, Sales, Operations, Manufacturing, Administration, HR",Regulatory Scientist | Quality Analyst | R&D Scientist | Sales Representative | Operations Manager | Manufacturing Technician | HR Specialist | Administrative Assistant,"Bulk and Organic LLC is a distributor of certified organic spices and herbs, primarily sourcing from India. They focus on providing bulk quantities to businesses and wholesalers, emphasizing direct sourcing and quality control. The company’s operations are heavily regulated due to their focus on organic certification and CGMP compliance. They are seeking individuals with experience in regulatory affairs, quality assurance, R&D, sales, operations, and human resources to support their supply chain and distribution network. The company’s growth is tied to increasing consumer demand for organic products and the company’s ability to maintain consistent supply and quality.",0,None detected,0,0,None detected,"Apollo Multi-Pass Org Graph, Company Leadership Web Crawler, Nutraceutical Knowledge Base",2026-09-14T05:31:41.788304+00:00
Bosch Boden Spies (BBS),boeschbodenspies.com,"Hamburg, Germany","Botanical extracts,Food ingredients",0,None detected,0,None detected,"Sales, R&D, QA/QC, Regulatory, Marketing",Key Account Manager (m/f/d) Food | Sales Representative | Quality Analyst | Regulatory Affairs Specialist | Market Analyst,"Bösch Boden Spies is a B2B ingredient supplier focused on sourcing and distributing natural fruit and nut ingredients to the retail, food, and out-of-home markets. They emphasize strong supplier relationships, quality raw materials, and tailored solutions for their customers. The company is seeking individuals with sales, marketing, and regulatory expertise to support their growth and innovation within the food industry. They value employee development and a customer-centric approach.",0,None detected,0,0,None detected,"Apollo Multi-Pass Org Graph, Company Leadership Web Crawler, Nutraceutical Knowledge Base",2026-09-14T05:31:41.788338+00:00
C&P Group Ingredients,cpgroupingredients.com,"Boca Raton, FL",Food Ingredients,0,None detected,0,None detected,"Regulatory, QA/QC, R&D, Sales, Technical, Marketing",Regulatory Scientist | Quality Analyst | Research & Development Scientist | Sales Representative | Technical Support Specialist | Marketing Specialist,"C&P Group Ingredients is focused on supplying functional food ingredients, particularly transglutaminase and phosphate replacers, to the food manufacturing industry. They are actively seeking talent in regulatory affairs to ensure compliance with food safety regulations, quality control specialists to maintain product quality standards, research and development scientists to innovate new ingredients, and sales professionals to expand their market reach. Given their focus on natural ingredients, they likely require expertise in areas like food chemistry and sensory science. The company's growth is driven by demand for ingredients that improve texture, shelf life, and nutritional value in various food products.",0,None detected,0,0,None detected,"Apollo Multi-Pass Org Graph, Company Leadership Web Crawler, Nutraceutical Knowledge Base",2026-09-14T05:31:41.788373+00:00
"CHENGUANG BIOTECH GROUP CO.,LTD.",cn-cg.com,"No.1 Chenguang Rd., Quzhou County, Handan City, Hebei Province, China",All ingredients-Botanical extracts,0,None detected,0,None detected,"R&D, Quality Assurance, Regulatory Affairs, Sales, Marketing, Production, Extraction, Separation, Purification",Research Scientist | Quality Analyst | Regulatory Specialist | Sales Manager | Marketing Specialist | Production Supervisor | Extraction Technician | Separation Specialist | Purification Chemist,"Chenguang Biotech Group Co., Ltd. is a high-tech enterprise that extracts effective components from natural plants using agricultural products as raw materials. We mainly develop and produce seven series of over a hundred products. The products are widely used in the food, cosmetics, baking, beverages, health products, and feed industries. The company is focused on developing and producing natural pigments, flavors, essential oils, protein oils, nutritional extracts, and preserved fruits. They have a strong R&D team and a commitment to innovation, indicating a need for scientists, chemists, and technicians with expertise in extraction, purification, and formulation. Given their diverse product portfolio, they likely require sales and marketing professionals to drive revenue and expand market reach. The company's emphasis on quality control suggests a need for quality assurance specialists to ensure product consistency and compliance with regulations.",0,None detected,0,0,None detected,"Apollo Multi-Pass Org Graph, Company Leadership Web Crawler, Nutraceutical Knowledge Base",2026-09-14T05:31:41.788408+00:00
COMET,comet-bio.com,"Schaumburg, Illinois",Dietary Fiber Ingredients,0,None detected,0,None detected,"Regulatory, QA/QC, R&D, Sales, Administrative, Commercial",Regulatory Scientist | Quality Analyst | Research & Development Scientist | Sales Representative | Administrative Assistant | Commercial Account Manager,"Comet Bio is focused on the development and commercialization of healthy and sustainable ingredients, particularly arabinoxylan plant fiber extract and Sweeterra TM syrups. They are seeking talent in regulatory affairs, quality control, research and development, sales, and administrative roles to support their growing business, particularly within the food and beverage industry. The company’s expansion into the U.S. market and increasing customer demand necessitate a robust recruitment strategy to support product launches and supply chain management.",0,None detected,0,0,None detected,"Apollo Multi-Pass Org Graph, Company Leadership Web Crawler, Nutraceutical Knowledge Base",2026-09-14T05:31:41.788437+00:00
CSPC Nutritionals / CSPC Innovation USA Inc,cspchealthcareinc.com,"Ontario, California",Contract Manufacturer & CDMO,0,None detected,0,None detected,"Quality Assurance, Research & Development, Regulatory Affairs, Sales, Manufacturing, QA/QC, Supply Chain Management",Quality Assurance Specialist | R&D Scientist | Regulatory Affairs Manager | Sales Representative | Production Supervisor | QA Analyst | Supply Chain Analyst,"CSPC Nutritionals is a manufacturer direct extension of China CSPC Group, focusing on supplying high-quality ingredients to the Nutrition, Food, Beverage & Sports industries. They emphasize a strong R&D focus, particularly in caffeine synthesis through CSPC Innovation Pharmaceutical, and maintain a robust quality control system aligned with international standards. Given their global reach and diverse product portfolio (including APIs, excipients, and finished formulations), they likely require talent in regulatory affairs to navigate international markets, R&D to drive innovation in functional ingredients, and sales to manage relationships with key customers. The company's emphasis on contract manufacturing and sourcing suggests a need for supply chain specialists.",0,None detected,0,0,None detected,"Apollo Multi-Pass Org Graph, Company Leadership Web Crawler, Nutraceutical Knowledge Base",2026-09-14T05:31:41.788473+00:00
Caldic North America,caldic.com,"issauga, ON",General Ingredients,0,None detected,0,None detected,"Regulatory, QA/QC, R&D, Sales, Food & Beverage, Nutrition, Animal Nutrition, Biopharma, Pharmaceuticals & Healthcare, Electronics, Environment Solutions",Regulatory Scientist | Quality Analyst | R&D Scientist | Sales Representative | Food Technologist | Nutritionist | Animal Nutritionist | Biopharmaceutical Scientist | Pharmaceutical Formulation Scientist | Electronics Engineer | Environmental Chemist,"Caldic North America is a global distributor and development partner for ingredients and specialty chemical solutions, focusing on the food & beverage, nutrition, animal nutrition, biopharma, pharmaceuticals, electronics, and environmental solutions markets. They leverage a global supplier network and technical expertise to co-create tailored solutions for their customers, emphasizing innovation, quality, and regulatory compliance. They are actively seeking talent in roles related to formulation development, quality control, regulatory affairs, and technical sales to support their growing customer base and expand their market reach.",0,None detected,0,1,[STRATEGIC_PARTNERSHIP] Caldic Partners with LOTTE Fine Chemical to Bring High-Performance Methyl Cellulose Solutions to US Food Markets - prweb.com,"Apollo Multi-Pass Org Graph, Company Leadership Web Crawler, Nutraceutical Knowledge Base",2026-09-14T05:31:41.788522+00:00
California Greens,c-greens.com,"Old Bridge, NJ",Supplements Manufacturing,0,None detected,0,None detected,"Regulatory Affairs, QA/QC, R&D, Sales, Medical Sales, Manufacturing",Regulatory Scientist | Quality Analyst | Research & Development Scientist | Sales Representative | Medical Sales Representative | Manufacturing Technician | Formulation Scientist,"California Greens is a nutraceutical and pharmaceutical company seeking professionals in regulatory affairs, quality control, research and development, sales, and manufacturing. They are focused on developing and manufacturing natural products and dietary supplements, with a strong emphasis on GMP and regulatory compliance. The company is actively hiring across various roles, including medical sales representatives, reflecting their growth and expansion within the healthcare sector. They are particularly interested in individuals with experience in pharmaceutical and nutraceutical development, manufacturing, and distribution.",0,None detected,0,0,None detected,"Apollo Multi-Pass Org Graph, Company Leadership Web Crawler, Nutraceutical Knowledge Base",2026-09-14T05:31:41.788557+00:00
Canapharma Nutraceutical,canapharma.com,"Toronto, Ontario",Contract Manufacturer & CDMO,0,None detected,0,None detected,"Sales, Regulatory, R&D, QA/QC, Technical Sales",Nutraceutical Sales Manager | Regulatory Affairs Specialist | Research & Development Scientist | Quality Analyst | Technical Sales Manager - Food Ingredients | Medical Editor,"Canapharma Nutraceutical focuses on Canadian-made nutraceutical products with premium ingredients. Given its focus on CGMP regulations and manufacturing certifications, the company likely requires talent in regulatory affairs, quality control, research and development, and sales to market its products, particularly to distributors and retailers. The company's emphasis on scientific formulation suggests a need for R&D scientists and technical sales professionals with expertise in ingredients and their health benefits. Due to the nature of the business, there is likely a need for sales professionals to drive revenue.",0,None detected,0,0,None detected,"Apollo Multi-Pass Org Graph, Company Leadership Web Crawler, Nutraceutical Knowledge Base",2026-09-14T05:31:41.788587+00:00
CapsCanada,capscanada.com,"Dania Beach, FL",Capsule Manufacturing,0,None detected,0,None detected,"Regulatory, QA/QC, R&D, Sales, Manufacturing, Technical Services",Regulatory Scientist | Quality Analyst | Research & Development Scientist | Sales Representative | Manufacturing Technician | Formulation Specialist,"CapsCanada is a leading manufacturer of empty hard capsules, primarily serving the nutraceutical and pharmaceutical industries. They require personnel with expertise in regulatory affairs, quality control, research and development, sales, and manufacturing to support their global operations and customized solutions offerings. Due to their focus on innovation and customer-specific formulations, they also need technical specialists for formulation assistance and regulatory compliance support. The company's growth is driven by increasing demand for capsules in dietary supplements and pharmaceuticals, presenting opportunities for recruitment in these sectors.",0,None detected,0,0,None detected,"Apollo Multi-Pass Org Graph, Company Leadership Web Crawler, Nutraceutical Knowledge Base",2026-09-14T05:31:41.788619+00:00
Casa Optima,casaoptima.com,"Rimini, Emilia-Romagna, Italy",Food ingredients-Gelato,0,None detected,0,None detected,"R&D, Sales, Marketing, Regulatory, QA/QC, Product Development",Research & Development Scientist | Sales Manager | Marketing Specialist | Regulatory Affairs Specialist | Quality Assurance Analyst | Product Development Engineer,"Casa Optima is a global manufacturer of ingredients for the artisanal gelato and pastry industries. They are focused on supplying high-quality ingredients to a large international customer base, emphasizing innovation and a wide product portfolio. Given their focus on ingredients and certifications, they likely require personnel in R&D, sales, marketing, and regulatory affairs to support their global distribution network and maintain their quality standards. The company's emphasis on sustainability and new product development suggests a need for skilled product development engineers.",0,None detected,0,1,[MERGER_ACQUISITION] Charterhouse Capital Partners Divests Casa Optima - ESM Magazine,"Apollo Multi-Pass Org Graph, Company Leadership Web Crawler, Nutraceutical Knowledge Base",2026-09-14T05:31:41.788654+00:00
Cellavent Ingredients,ingredients.cellavent.de,"Düsseldorf, North Rhine-Westphalia",Contract Manufacturer & CDMO,0,None detected,0,None detected,"Regulatory, QA/QC, R&D, Sales, Marketing, Product Development",Regulatory Scientist | Quality Analyst | Research Scientist | Sales Representative | Marketing Specialist | Formulation Scientist,"Cellavent is a growing company focused on the development and marketing of high-quality, plant-based nutritional supplements. They require talent in regulatory affairs to ensure product compliance, quality control specialists to maintain manufacturing standards, research and development scientists to innovate new formulations, sales and marketing professionals to drive product sales, and product development specialists to oversee the creation of new products. Given their focus on ‘Made in Germany’ and premium quality, they likely seek individuals with expertise in natural product formulation and a strong understanding of the European market.",0,None detected,0,0,None detected,"Apollo Multi-Pass Org Graph, Company Leadership Web Crawler, Nutraceutical Knowledge Base",2026-09-14T05:31:41.788691+00:00
Cepham Inc,cepham.com,"Somerset, NJ",Branded ingredients,0,None detected,0,None detected,"R&D, Research, Manufacturing, Clinical Research, Regulatory, QA/QC, Sales, Marketing",Research Scientist | Quality Analyst | Regulatory Affairs Specialist | Sales Manager | Marketing Specialist | Clinical Research Associate | Manufacturing Technician | Lab Technician,"Cepham Inc. specializes in the research, development, and manufacturing of evidence-based nutraceutical ingredients and novel delivery systems, primarily focused on Ayurvedic and other natural health traditions. They leverage a strong foundation in medical science to develop and support ingredient efficacy, offering comprehensive services from raw ingredient sourcing to final product testing and delivery systems. Their unique capabilities include clinical studies, sustainable sourcing practices, and a pilot plant for R&D scale-up. They are seeking individuals with expertise in research, manufacturing, regulatory affairs, and sales to support their innovative product development and global distribution efforts.",0,None detected,0,0,None detected,"Apollo Multi-Pass Org Graph, Company Leadership Web Crawler, Nutraceutical Knowledge Base",2026-09-14T05:31:41.788724+00:00
Certified Nutraceuticals,certifiednutra.com,"Temecula, CA",branded ingredients,0,None detected,0,None detected,"Regulatory, QA/QC, R&D, Sales, Marketing, Product Development",Regulatory Scientist | Quality Analyst | Research Scientist | Sales Manager | Marketing Specialist | Product Development Manager | Formulator,"Certified Nutraceuticals, Inc. focuses on providing science-based functional ingredients for foods, beverages, and supplements. They are involved in the development and manufacturing of these ingredients, likely requiring expertise in R&D, formulation, quality control, and regulatory affairs. Given their focus on ‘cutting-edge science’ and ‘traditional medicine,’ they likely need individuals with a strong understanding of nutraceuticals, ingredient sourcing, and potentially traditional medicine practices. The company’s emphasis on innovation and partnerships suggests a need for sales and marketing professionals to drive product adoption. Due to the company's focus on CGMPs and FDA compliance, regulatory expertise is crucial. The company's website highlights their commitment to quality and science-backed ingredients, indicating a need for skilled scientists and technicians involved in R&D and quality control.",0,None detected,0,0,None detected,"Apollo Multi-Pass Org Graph, Company Leadership Web Crawler, Nutraceutical Knowledge Base",2026-09-14T05:31:41.788755+00:00
CheMondis,casaoptima.com,"Köln, North Rhine-Westphalia, Germany",All ingredients,0,None detected,0,None detected,"Regulatory, QA/QC, R&D, Sales, Technical Support",Regulatory Scientist | Quality Analyst | Research & Development Scientist | Sales Representative | Technical Support Specialist,"CheMondis is a rapidly growing online B2B marketplace for the chemical industry, specializing in connecting buyers and suppliers. They are seeking talent to support their platform, manage supplier relationships, and ensure regulatory compliance, particularly within the pharmaceutical and food industries due to their focus on cGMP regulations and branded ingredients. Given their growth, they are likely hiring across various functions to expand their team and market reach.",0,None detected,0,0,None detected,"Apollo Multi-Pass Org Graph, Company Leadership Web Crawler, Nutraceutical Knowledge Base",2026-09-14T05:31:41.788789+00:00
Chemi SpA,chemi.com,Patrica - Frosinone,Nutraceutical ingrediennts,0,None detected,0,None detected,"Regulatory, QA/QC, R&D, Sales, Manufacturing, Peptides, Phospholipids, Nutraceuticals",Regulatory Affairs Specialist | Quality Control Analyst | Research Scientist | Sales Representative | Production Technician | Peptide Synthesis Specialist | Lipid Formulation Scientist | Nutraceutical Formulation Scientist,"Chemi SpA is a long-standing Italian pharmaceutical company specializing in the development, manufacturing, and commercialization of APIs, peptides, biologics, and nutraceutical ingredients. They leverage a history of over 50 years in API development and a global footprint with facilities in Italy and Brazil. The company focuses on complex molecules and innovative solutions, particularly in oncology, cardiovascular, and neurological areas. They are investing in new talent and expanding their capabilities through acquisitions and collaborations. Given their focus on high-value APIs and nutraceuticals, they likely require skilled chemists, formulation scientists, regulatory affairs specialists, and quality control personnel.",0,None detected,0,1,[MERGER_ACQUISITION] Chemi SpA Purchases Brazilian Manufacturing Plant - SupplySide Supplement Journal,"Apollo Multi-Pass Org Graph, Company Leadership Web Crawler, Nutraceutical Knowledge Base",2026-09-14T05:31:41.788826+00:00
Chemische Fabrik Budenheim,budenheim.com,"Budenheim, Germany",Contract Manufacturer & CDMO,0,None detected,0,None detected,"R&D, Production, Quality Control, Sales, Regulatory Affairs, Technical Support",Research Scientist | Production Engineer | Quality Analyst | Sales Representative | Regulatory Specialist | Technical Sales Engineer,"Budenheim is a specialty chemical company focused on phosphate-based excipients and active ingredients, particularly for pharmaceutical and nutritional applications. They are heavily invested in EXCiPACT certification and GMP/GDP standards, indicating a need for skilled chemists, engineers, and regulatory professionals with expertise in pharmaceutical manufacturing, quality control, and supply chain management. The company's focus on innovation and sustainable solutions suggests a demand for R&D personnel. Recent job postings highlight roles in production, technical support, and sales, reflecting ongoing operations and market expansion.",0,None detected,0,0,None detected,"Apollo Multi-Pass Org Graph, Company Leadership Web Crawler, Nutraceutical Knowledge Base",2026-09-14T05:31:41.788859+00:00
"Chenland Nutritionals, Inc.",chenland.com,"Walnut, CA","Natural extracts,Branded ingredients",0,None detected,0,None detected,"Regulatory, QA/QC, R&D, Sales, Marketing, Product Development",Regulatory Scientist | Quality Analyst | Research & Development Scientist | Sales Representative | Marketing Manager | Product Development Specialist,"Chenland Nutritionals, Inc. focuses on developing and marketing branded natural ingredients and extracts, primarily targeting the health and wellness, nutraceutical, and potentially food industries. They emphasize a combination of traditional medicine validation with modern scientific advancements. Given their focus on bioactive compounds and clinical studies, they likely require talent in R&D, regulatory affairs, quality control, and sales to support their product portfolio. The company's emphasis on innovation and global distribution suggests a need for marketing and sales professionals with international experience.",0,None detected,0,0,None detected,"Apollo Multi-Pass Org Graph, Company Leadership Web Crawler, Nutraceutical Knowledge Base",2026-09-14T05:31:41.788900+00:00
"Compound Solutions, Inc.",compoundsolutions.com,"Carlsbad, CA",Nutritional ingredients,0,None detected,0,None detected,"R&D, Regulatory, QA/QC, Sales, Marketing, Formulation Support, Science and Research",Regulatory Scientist | Quality Analyst | R&D Scientist | Sales Representative | Marketing Specialist | Formulation Scientist | Research Associate,"Compound Solutions is a leading ingredient house specializing in nutraceutical ingredients, particularly those focused on health and wellness applications. They cater to brands and manufacturers developing innovative products across categories like sports nutrition, gut health, cognitive health, and beauty. A key aspect of their recruitment intelligence is a focus on individuals with expertise in formulation, regulatory affairs, and scientific research, particularly those familiar with the dietary supplement industry and FDA regulations. They are actively seeking talent to support product development, market expansion, and ensure compliance with industry standards. The company emphasizes innovation and a customer-centric approach, indicating a need for individuals who can contribute to developing novel ingredients and providing technical support to clients.",0,None detected,0,1,[REGULATORY_MILESTONE] Compound Solutions' Dynamine gains GRAS status - Nutraceutical Business Review,"Apollo Multi-Pass Org Graph, Company Leadership Web Crawler, Nutraceutical Knowledge Base",2026-09-14T05:31:41.788949+00:00
Concordix,concordix.com,Oslo,"Nutrition ingredients,Branded ingredients",0,None detected,0,None detected,"R&D, Regulatory, QA/QC, Sales, Marketing",Regulatory Scientist | Quality Analyst | Research Scientist | Sales Manager | Marketing Specialist,"Concordix is focused on developing and manufacturing innovative supplement formulations utilizing its patented chewable emulsion delivery technology. They are targeting brands seeking enhanced bioavailability, improved consumer experience, and faster time-to-market. Key recruitment needs likely include scientists specializing in food science and delivery systems, regulatory affairs specialists, and sales and marketing professionals with experience in the nutraceutical industry.",0,None detected,0,0,None detected,"Apollo Multi-Pass Org Graph, Company Leadership Web Crawler, Nutraceutical Knowledge Base",2026-09-14T05:31:41.788981+00:00
Coppenrath Feingebäck GmbH,coppenrathfeingebck.com,"Osnabrück, Germany",Contract Manufacturer & CDMO,0,None detected,0,None detected,"Production, Sales, Quality Control, R&D, Logistics, Administration",Production Technician | Sales Representative | Quality Analyst | Research & Development Scientist | Logistics Coordinator | Administrative Assistant,"Coppenrath & Wiese is a well-established German food manufacturer specializing in frozen bakery products, particularly decorated cakes and cookies. They are seeking individuals with experience in production, sales, quality control, and logistics to support their international distribution network. Given their focus on high-quality, traditional products, they likely value candidates with a strong understanding of food manufacturing processes and customer service.",0,None detected,0,0,None detected,"Apollo Multi-Pass Org Graph, Company Leadership Web Crawler, Nutraceutical Knowledge Base",2026-09-14T05:31:41.789027+00:00
CoreFX Ingredients,corefxingredients.com,"Evanston, Illinois",Branded ingredients,0,None detected,0,None detected,"Research, QA/QC, R&D, Sales, Production, Regulatory",Research Analyst | Quality Analyst | Research Scientist | Sales Representative | Production Operator,"CoreFX Ingredients is seeking talent across various functions, including research, quality control, and production, reflecting its evolving focus on science-backed nutraceutical ingredient supply. The company's growth strategy, driven by innovation and expanding product offerings, suggests a need for skilled professionals in areas like formulation development, regulatory affairs, and sales to support its market expansion and new technologies like CoreNhanced.",0,None detected,0,5,"[MERGER_ACQUISITION] CoreFX Ingredients Expands Portfolio with the Acquisition of Connoils - BevNET.com | [PRODUCT_LAUNCH] Orangeville's CoreFX Ingredients unveils 10,000-square-foot expansion - Freeport Journal-Standard | [MERGER_ACQUISITION] CoreFX Ingredients acquires dry powder company Connoils - Food Dive | [MERGER_ACQUISITION] CoreFX Ingredients acquires Connoils to expand novel delivery systems portfolio - NutraIngredients.com | [MERGER_ACQUISITION] CoreFX Ingredients acquires Connoils - Food Business News","Apollo Multi-Pass Org Graph, Company Leadership Web Crawler, Nutraceutical Knowledge Base",2026-09-14T05:31:41.789062+00:00
Custom Flavors,customflavors.com,"San Clemente, CA",Natural extracts,0,None detected,0,None detected,"Regulatory, QA/QC, R&D, Sales, Manufacturing, Operations",Regulatory Scientist | Quality Analyst | Flavor Chemist | Production Technician | Operations Manager,"Custom Flavors is a leading food flavoring manufacturer specializing in extracts for baking, candy, and drinks. They offer custom flavor development and matching services, catering to a wide range of industries including confectionery, beverages, and nutraceuticals. The company emphasizes innovation, quality control, and regulatory compliance, seeking talent with expertise in flavor chemistry, food science, and manufacturing operations. They are actively hiring for roles related to R&D, quality assurance, production, and sales, reflecting their growth and expansion within the flavor industry.",0,None detected,0,3,[STRATEGIC_PARTNERSHIP] Custom Flavors Announces Partnership with Butterfly and Graham - Business Wire | [STRATEGIC_PARTNERSHIP] Custom Flavors forms partnership with private equity firms - Food Business News | [FACILITY_EXPANSION] Custom Flavors Breaks Ground on Renovation Project at East Coast Production Facility - Quality Assurance & Food Safety,"Apollo Multi-Pass Org Graph, Company Leadership Web Crawler, Nutraceutical Knowledge Base",2026-09-14T05:31:41.789098+00:00
Cyanotech Corporation,cyanotech.com,"Kailua Kona, Hawaii, United States","Axtanthin,Spirulina",0,None detected,0,None detected,"R&D, Production, Quality Control, Operations, Sales, Marketing, Distribution",Research Scientist | Production Technician | Quality Analyst | Extraction Operator | Warehouse Specialist | Sales Representative | Marketing Specialist | Distribution Manager,"Cyanotech Corporation is a leading producer of microalgae-based nutritional supplements, primarily Hawaiian Spirulina and Hawaiian Astaxanthin. They leverage their 40+ year history and expertise in cultivation within the Natural Energy Laboratory of Hawaii Authority (NELHA) to produce high-quality products. Recent partnerships, such as with ZIVO Bioscience, demonstrate a strategic focus on expanding their product portfolio and commercialization efforts. They are actively seeking to scale production to meet growing demand, particularly for their flagship products. The company emphasizes sustainable and environmentally sensitive operations, a key selling point in the health and wellness market. Recruitment efforts likely focus on individuals with backgrounds in algae cultivation, food science, nutrition, and production operations.",0,None detected,0,0,None detected,"Apollo Multi-Pass Org Graph, Company Leadership Web Crawler, Nutraceutical Knowledge Base",2026-09-14T05:31:41.789130+00:00
Cyvex Nutrition,cyvex.com,"Anaheim, California","Branded ingredients,",0,None detected,0,None detected,"Regulatory, QA/QC, R&D, Sales, Marketing, Operations",Regulatory Scientist | Quality Analyst | Research & Development Scientist | Sales Representative | Marketing Specialist | Operations Manager,"Cyvex Nutrition is a leading provider of high-quality, sustainably sourced nutraceutical ingredients for humans and pets. They specialize in condition-specific solutions for the dietary supplement, functional food, and beverage industries. Given their focus on science-backed ingredients and quality assurance, they likely require talent in regulatory affairs to navigate industry standards, quality control to maintain product integrity, research and development to innovate new ingredients and formulations, sales and marketing to promote their products, and operations to manage production and supply chain. They are part of the Bioriginal Group, suggesting potential collaborations and synergies.",0,None detected,0,0,None detected,"Apollo Multi-Pass Org Graph, Company Leadership Web Crawler, Nutraceutical Knowledge Base",2026-09-14T05:31:41.789159+00:00
DFE Pharma,dfepharma.com,"Goch, Germany",All ingredients,2,Khatera Alawi (Global Director Human Resources) | Sven Abend (CEO),0,None detected,"R&D, QA/QC, Regulatory, Sales, Manufacturing, Technical Management",Regulatory Scientist | Quality Analyst | Research Scientist | Sales Representative | Manufacturing Engineer | Technical Manager,"DFE Pharma is a global leader in pharma- and nutraceutical excipient solutions. They develop, produce and supply high quality functional excipients. They are focused on providing excipients for a range of dosage forms including OSD formulations. They require individuals with expertise in excipient technology, formulation development, regulatory affairs, quality control, and sales/marketing to support their global operations and product portfolio. Given their focus on innovation and continuous manufacturing, roles requiring technical expertise and problem-solving skills are highly valued.",0,None detected,0,4,[PRODUCT_LAUNCH] DFE Pharma Launches Continuous Manufacturing Platform with Gericke - Contract Pharma | [PRODUCT_LAUNCH] DFE Pharma unveils continuous manufacturing platform to accelerate formulation development - Manufacturing Chemist | [PRODUCT_LAUNCH] DFE Pharma launches Continuous Manufacturing platform to accelerate formulation development in Hyderabad - biospectrumindia.com | [PRODUCT_LAUNCH] DFE Pharma Launches Continuous Manufacturing Platform for Formulation Development - CHEManager,"Apollo Multi-Pass Org Graph, Company Leadership Web Crawler, Nutraceutical Knowledge Base",2026-09-14T05:31:41.789220+00:00
DISPROQUIMA,disproquima.com,Barcelona,All ingredients,0,None detected,0,None detected,"Regulatory, QA/QC, R&D, Sales, Applications Support, Marketing, Customer Care",Regulatory Scientist | Quality Analyst | Research & Development Scientist | Sales Representative | Applications Specialist | Marketing Specialist | Customer Service Representative,"Disproquima is a service provider specializing in the distribution and marketing of raw materials and ingredients for the Life Science industries. They focus on efficient logistics, applications support, marketing advice, quality & regulatory excellence, and customer care. Their history demonstrates a growth strategy through acquisitions and expansion into new markets, particularly within Europe and Latin America. They are actively investing in new applications labs and certifications (e.g., FSSC 22000) to enhance their offerings and meet evolving customer needs. They are seeking talent with expertise in regulatory affairs, quality control, R&D, sales, and applications support to drive growth and maintain their competitive advantage.",0,None detected,0,0,None detected,"Apollo Multi-Pass Org Graph, Company Leadership Web Crawler, Nutraceutical Knowledge Base",2026-09-14T05:31:41.789256+00:00
DKSH,dksh.com,Singapore,All ingredients,0,None detected,0,None detected,"Sales, Marketing, Technical Sales, Field Sales, Credit Sales, Product Specialist, Supervisor, Representative, Executive","Director, Country Information Technology | Medical Representative | Client Management | Storeperson | Area Sales Manager | Representative, Transportation & Delivery | Sales Supervisor | Marketing Assistant | Senior Executive","DKSH is a market expansion services provider, focusing on connecting businesses with ingredients and solutions across Asia Pacific, Europe, and North America. They require sales and marketing professionals with expertise in the food, beverage, pharmaceutical, and personal care industries. They also need technical specialists to support product development and application. Recruitment efforts likely target individuals with strong business development skills, market knowledge, and an understanding of regulatory requirements.",0,None detected,0,0,None detected,"Apollo Multi-Pass Org Graph, Company Leadership Web Crawler, Nutraceutical Knowledge Base",2026-09-14T05:31:41.789291+00:00
DONGYU USI,dongyuusi.com,"Tustin, CA","Nutritional ingredients,Herbal extracts",0,None detected,0,None detected,"Sales, Quality Assurance/Quality Control, Research and Development, Manufacturing, Supply Chain Management, Technical Support, Regulatory Affairs, Customer Service",Sales Representative | Quality Analyst | R&D Scientist | Production Supervisor | Supply Chain Specialist | Technical Support Engineer | Regulatory Compliance Specialist | Customer Service Representative,"Dongyu USI is a distributor of nutritional ingredients, primarily focused on supplying raw materials to supplement manufacturers. They specialize in sourcing and distributing ingredients like L-Carnitine, amino acids, vitamins, and botanicals. Their business model centers around providing a reliable supply chain for ingredient sourcing, offering services such as custom sourcing, technical support, and warehousing. They cater to a diverse range of industries including sports nutrition, food & beverage, health & beauty, and pet industries. The company emphasizes quality, safety, and ethical business practices, as evidenced by their NSF certification and GMP compliance. They are actively seeking to expand their market presence and build stronger relationships with both suppliers and customers.",0,None detected,0,0,None detected,"Apollo Multi-Pass Org Graph, Company Leadership Web Crawler, Nutraceutical Knowledge Base",2026-09-14T05:31:41.789326+00:00
DSM,dsm.com,"Maastricht, Netherlands",General Ingredients,0,None detected,0,None detected,"Regulatory, QA/QC, R&D, Sales, Nutrition, Bioscience, Engineering, Manufacturing, Biomedical, Flavor & Fragrance, Cosmetics, Coatings",Regulatory Scientist | Quality Analyst | Research & Development Scientist | Sales Representative | Nutritional Scientist | Bioscience Engineer | Manufacturing Technician | Biomedical Engineer | Flavor & Fragrance Scientist | Cosmetic Chemist | Coatings Specialist | Technical Sales Engineer,"DSM is a global science company focused on health, nutrition, and biosciences. They are actively seeking talent in areas such as regulatory affairs, quality control, research and development, sales, and manufacturing, particularly within the nutrition, bioscience, and materials sectors. Given their recent merger with Firmenich, they are expanding their capabilities in fragrance and taste modulation, and beauty care ingredients. They are a significant player in the pharmaceutical ingredients market, particularly in areas like emulsification and bioactive ingredients. They are also investing heavily in sustainable solutions and technologies, creating opportunities for engineers and scientists focused on biomass conversion and solar efficiency.",0,None detected,0,0,None detected,"Apollo Multi-Pass Org Graph, Company Leadership Web Crawler, Nutraceutical Knowledge Base",2026-09-14T05:31:41.789367+00:00
DSM-Firmenich,dsmfirmenich.com,"Princeton, New Jersey, USA",Contract Manufacturer & CDMO,1,Nikeisha Van Sleeuwen (Chief Human Resources Officer),0,None detected,"Regulatory, QA/QC, R&D, Sales, Marketing, Technical Support, Supply Chain, Manufacturing, Innovation, Sustainability",Regulatory Scientist | Quality Analyst | Research & Development Scientist | Sales Representative | Marketing Specialist | Technical Support Engineer | Supply Chain Manager | Manufacturing Technician | Innovation Manager | Sustainability Manager,"DSM-Firmenich is actively seeking talent across various disciplines, particularly in regulatory affairs, quality control, research and development, sales, and marketing, driven by its expansion in nutrition, health, and beauty solutions. They are focused on attracting individuals with expertise in areas such as biomaterials, functional ingredients, and sustainable manufacturing, reflecting their commitment to innovation and responsible business practices. The company's growth is fueled by demand for its premixes, HMO ingredients, and other specialized solutions, leading to recruitment needs in technical support, supply chain management, and manufacturing.",0,None detected,0,1,[MERGER_ACQUISITION] dsm-firmenich bolsters predictive health solutions with full acquisition of Verax - The Poultry Site,"Apollo Multi-Pass Org Graph, Company Leadership Web Crawler, Nutraceutical Knowledge Base",2026-09-14T05:31:41.789413+00:00
DVA Group,dva.com,"Hamburg, Germany",Contract Manufacturer & CDMO,0,None detected,0,None detected,"Agricultural Solutions, Crop Protection, Plant Nutrition, Plant Biostimulants, Adjuvants, Research & Development, Sales, Marketing, Logistics, Technical Support",Agricultural Scientist | Crop Protection Specialist | Plant Nutritionist | Biostimulant Formulator | Sales Representative | Marketing Manager | Logistics Coordinator | Technical Support Engineer | R&D Scientist | Data Analyst,"DVA Group is a global chemical company specializing in agricultural solutions, offering crop protection, plant nutrition, and biostimulants. They target farmers worldwide, focusing on sustainable agriculture and providing tailored solutions based on local needs. The company leverages its 50+ years of experience and global network to deliver innovative products and technical support, emphasizing yield improvement, efficiency, and quality. They are actively investing in digital solutions and sustainable practices.",0,None detected,0,0,None detected,"Apollo Multi-Pass Org Graph, Company Leadership Web Crawler, Nutraceutical Knowledge Base",2026-09-14T05:31:41.789448+00:00
Deerland Probiotics & Enzymes,deerland.com,"Kennesaw, Georgia",Branded Ingredients,0,None detected,0,None detected,"Regulatory, QA/QC, R&D, Sales, Manufacturing, Technical Support, Marketing",Regulatory Scientist | Quality Analyst | Research & Development Scientist | Sales Representative | Manufacturing Technician | Technical Support Specialist | Marketing Specialist,"Deerland Probiotics & Enzymes is seeking professionals to support its growing business in enzyme and probiotic formulations for dietary supplements and food applications. The company’s focus on innovation and regulatory compliance requires expertise in areas such as regulatory affairs, quality control, research and development, sales, and manufacturing. Given its role as a contract manufacturer, Deerland also needs skilled technicians and support staff to manage production processes and ensure product quality.",0,None detected,0,0,None detected,"Apollo Multi-Pass Org Graph, Company Leadership Web Crawler, Nutraceutical Knowledge Base",2026-09-14T05:31:41.789486+00:00
Denk Ingredients,denkingredients.de,Munich,"Branded ingredients,Botanical,Commodities",0,None detected,0,None detected,"Regulatory, QA/QC, R&D, Sales, Customer Services, Purchasing, Operations",Regulatory Scientist | Quality Analyst | Research & Development Scientist | Sales Representative | Customer Service Representative | Purchasing Manager | Operational Buyer,"Denk Ingredients is focused on the distribution and marketing of health ingredients, particularly branded ingredients. They require expertise in regulatory affairs, quality control, research and development, sales, and customer service to manage their global supplier network and product portfolio. The company's commitment to premium quality and innovation drives their recruitment efforts.",0,None detected,0,0,None detected,"Apollo Multi-Pass Org Graph, Company Leadership Web Crawler, Nutraceutical Knowledge Base",2026-09-14T05:31:41.789522+00:00
Divi's Nutraceuticals,divisnutraceuticals.com,"Hyderabad, Telangana, India",Ingredients,0,None detected,0,None detected,"Regulatory, QA/QC, R&D, Sales, Customer Service, Operations",Regulatory Scientist | Quality Analyst | Research & Development Scientist | Sales Representative | Customer Service Manager | Operations Manager,"Divi's Nutraceuticals is seeking talent to support its global manufacturing and supply chain operations, particularly in the areas of regulatory compliance, quality control, research and development, and sales. Given its focus on carotenoids and vitamins for food, dietary supplement, pet food, and feed applications, the company requires expertise in formulation, analytical chemistry, and market trends. The recent FDA warning letter indicates a need for strengthened quality control and regulatory oversight, suggesting hiring in these areas. The company's growth and expansion into new markets also necessitate sales and customer service professionals.",0,None detected,0,0,None detected,"Apollo Multi-Pass Org Graph, Company Leadership Web Crawler, Nutraceutical Knowledge Base",2026-09-14T05:31:41.789556+00:00
DohlerGroup,doehler.com,"Hamburg, Germany","plant based ingredients,",0,None detected,0,None detected,"R&D, Sales, Regulatory, QA/QC, Engineering, Manufacturing",Regulatory Scientist | Quality Analyst | R&D Developer | Sales Manager | Manufacturing Engineer,"DöhlerGroup is a global producer, marketer, and provider of technology-driven natural ingredients, ingredient systems, and integrated solutions for the global food, beverage, and life science & nutrition industry. They focus on developing and supplying ingredients for a wide range of applications, including beverages, food products, and nutritional supplements. Given their global presence and focus on innovation, they likely require talent in R&D, sales, regulatory affairs, quality control, and manufacturing to support their diverse customer base and expanding product portfolio. They are actively seeking to expand their global network and are hiring across various locations.",0,None detected,0,0,None detected,"Apollo Multi-Pass Org Graph, Company Leadership Web Crawler, Nutraceutical Knowledge Base",2026-09-14T05:31:41.789591+00:00
Dr. Barbara Sturm,drsturm.com,"West Hollywood, California, USA",Personal care products,0,None detected,0,None detected,"Regulatory, QA/QC, R&D, Sales, Marketing, Customer Service, Clinical Research, Medical Affairs",Regulatory Scientist | Quality Analyst | Research Scientist | Sales Representative | Marketing Specialist | Customer Support Specialist | Clinical Trial Manager | Medical Science Liaison,"Dr. Barbara Sturm is seeking talent with expertise in dermatology, aesthetics, and anti-inflammatory skincare. Specifically, they require individuals with a strong understanding of ingredient science, formulation development, and clinical trial management. Roles will focus on sales, marketing, and customer service to drive brand awareness and sales growth, particularly within the luxury skincare market. They are also looking for individuals with experience in regulatory affairs to ensure compliance with industry standards.",0,None detected,0,2,[MERGER_ACQUISITION] Life After Acquisition with Dr. Barbara Sturm - Vogue | [PRODUCT_LAUNCH] Healf launches Dr. Barbara Sturm as it accelerates beauty expansion - TheIndustry.beauty,"Apollo Multi-Pass Org Graph, Company Leadership Web Crawler, Nutraceutical Knowledge Base",2026-09-14T05:31:41.789625+00:00
DöhlerGroup,dhlergroup.com,"Darmstadt, Hessen",Contract Manufacturer & CDMO,0,None detected,0,None detected,"R&D, Sales, QA/QC, Regulatory, Product Management, Engineering, Manufacturing, Supply Chain, Marketing, Sales Operations",Food Scientist | Flavorist | Quality Control Analyst | Regulatory Affairs Specialist | Sales Manager | Application Specialist | Technical Sales Engineer | Supply Chain Analyst | Marketing Specialist | Account Manager,"DöhlerGroup is a global producer and marketer of natural ingredients and ingredient systems for the food and beverage industry. They focus on developing innovative solutions for taste, nutrition, and functionality, catering to a wide range of applications including carbonated soft drinks, energy drinks, nutritional beverages, cereals, snacks, and plant-based alternatives. Due to their global presence and diverse product portfolio, they require talent across various functions, including R&D, sales, marketing, supply chain, and technical support. They are actively seeking individuals with expertise in flavor technology, food science, regulatory affairs, and market trends to drive innovation and growth.",0,None detected,0,0,None detected,"Apollo Multi-Pass Org Graph, Company Leadership Web Crawler, Nutraceutical Knowledge Base",2026-09-14T05:31:41.789661+00:00
EPO Srl - Estratti Piante Officinali,eposrl.com,Milan,"Botanical extracts,branded ingredients",0,None detected,0,None detected,"R&D, QA/QC, Regulatory, Sales, Food Science, Pharmaceutical Development",Botanical Research Scientist | Quality Control Analyst | Regulatory Affairs Specialist | Sales Manager (Food/Cosmetics) | Extraction Scientist | Formulation Scientist,"EPO Srl is a long-standing family-owned company specializing in the production of high-quality botanical extracts for a diverse range of industries, including food, pharmaceutical, cosmetic, and animal nutrition. They are seeking talent with expertise in extraction techniques, formulation development, regulatory affairs, quality control, and sales, particularly within the nutraceutical and cosmetic sectors. Given their heritage and focus on traditional methods combined with modern technology, they likely value candidates with a strong understanding of botanical science and a commitment to quality and traceability.",0,None detected,0,0,None detected,"Apollo Multi-Pass Org Graph, Company Leadership Web Crawler, Nutraceutical Knowledge Base",2026-09-14T05:31:41.789697+00:00
ESM Technologies,esm.com,"Carthage, MO",Branded ingredients,0,None detected,0,None detected,"R&D, QA/QC, Regulatory, Manufacturing",Research Scientist | Quality Analyst | Regulatory Affairs Specialist | Manufacturing Technician,"ESM Technologies specializes in the research, development, and manufacture of branded ingredients, particularly for joint and bone health. They operate within the nutraceutical industry and are subject to stringent regulatory oversight (FSMA, cGMP) due to their manufacturing processes. The company leverages a joint venture with Stratum Nutrition, indicating a collaborative approach to product development and distribution. They are actively seeking talent in R&D, quality control, and regulatory affairs to support their manufacturing operations and product innovation. The company's engagement with the FDA's Emerging Technology Program suggests a focus on adopting and implementing innovative manufacturing technologies.",0,None detected,0,1,[MERGER_ACQUISITION] ESM Technologies acquires Stratum Nutrition - PetfoodIndustry,"Apollo Multi-Pass Org Graph, Company Leadership Web Crawler, Nutraceutical Knowledge Base",2026-09-14T05:31:41.789726+00:00
EURODUNA Food Ingredients GmbH,euroduna-food.com,Barmstedt/Germany,All ingredients,0,None detected,0,None detected,"R&D, QA/QC, Sales, Regulatory, Technical Sales",Food Scientist | Quality Control Analyst | Sales Representative | Regulatory Affairs Specialist | Technical Sales Engineer,"EURODUNA Food Ingredients GmbH is seeking professionals with expertise in food ingredient sourcing, formulation, and regulatory compliance. Given their history in feed ingredients and expansion into food, roles requiring a strong understanding of food processing, product development, and market trends are likely priorities. Sales and technical sales roles are crucial for expanding their customer base and promoting their diverse product portfolio.",0,None detected,0,0,None detected,"Apollo Multi-Pass Org Graph, Company Leadership Web Crawler, Nutraceutical Knowledge Base",2026-09-14T05:31:41.789763+00:00
Ebrofrost Holding GmbH,ebrofrost.com,"Rappenwoerthstrasse 5, 89362 Offingen, Germany",Contract Manufacturer & CDMO,0,None detected,0,None detected,"R&D, Manufacturing, Sales, Quality Control, Regulatory Affairs, Logistics, Supply Chain Management",Food Scientist | Production Engineer | Sales Representative | Quality Assurance Specialist | Regulatory Compliance Officer | Supply Chain Analyst | Operations Manager,"Ebrofrost Holding GmbH specializes in the manufacturing and supply of fully cooked, IQF pasta, rice, grains, and lentils to the foodservice and ready meal industries. They focus on providing customized solutions to food manufacturers, offering a range of products from short pasta to long pasta and various grain blends. The company leverages its expertise in continuous cooking and freezing technology, developed through its Danish subsidiary, Ebrofrost Denmark A/S, to deliver high-quality, convenient ingredients. Demand for their products is driven by the increasing trend towards ready-to-eat meals and the need for food manufacturers to streamline their production processes. They likely require personnel in R&D to develop new formulations, production engineers to manage manufacturing operations, sales representatives to secure contracts, and quality control specialists to ensure product consistency. Supply chain management expertise is also crucial for efficient distribution.",0,None detected,0,0,None detected,"Apollo Multi-Pass Org Graph, Company Leadership Web Crawler, Nutraceutical Knowledge Base",2026-09-14T05:31:41.789800+00:00
"Ecuadorian Rainforest, LLC",intotherainforest.com,"Clifton, NJ","Botanical extracts,marine extracts",0,None detected,0,None detected,"Regulatory, QA/QC, R&D, Sales, Manufacturing",Regulatory Affairs Specialist | Quality Analyst | Research & Development Scientist | Sales Representative | Machine Operator | Packaging Associate | Nutrient Manufacturing Associate | Sanitation Operator,"Ecuadorian Rainforest, LLC is a wholesale supplier of natural ingredients, primarily focused on algae, fruit, herb, spice, and vegetable powders and extracts. Given their cGMP certification and organic/kosher/halal certifications, they likely require talent in regulatory affairs, quality control, research and development, and sales to manage their supply chain, certifications, and customer relationships. The presence of jobs at Ourvita, Pharmavite, Repco, and MegaFood suggests a competitive landscape within the nutraceutical and supplement manufacturing sector, particularly for roles related to production, quality assurance, and regulatory compliance.",0,None detected,0,0,None detected,"Apollo Multi-Pass Org Graph, Company Leadership Web Crawler, Nutraceutical Knowledge Base",2026-09-14T05:31:41.789835+00:00
Edgard & Cooper | B Corp,edgardcooper.com,"Kortrijk, Belgium",Food ingredients-PETS,0,None detected,0,None detected,"Marketing, Sales, Product Development, R&D, Brand Management, Finance, Operations, Regulatory Affairs, QA/QC",Marketing Internship | Brand Coordination Internship | Product & Science Lead | Business Controller | EU Brand Manager | Regional Sales Manager (m/w/d) – Pet Specialty | Head of Product Science and Innovation | EU Brand Manager Portfolio,"Edgard & Cooper is a B Corp pet food manufacturer focused on providing nutritious and sustainable food options for dogs and cats. They are actively recruiting across various functions, including marketing, sales, product development, and operations, reflecting their growth and commitment to their mission. Their B Corp certification highlights a focus on social and environmental responsibility, attracting talent aligned with these values.",2,"Undisclosed / Venture Round: €20M (Tue, 24 Jan 2023 08:00:00 GMT) | Undisclosed / Venture Round: €20M (Mon, 23 Jan 2023 08:00:00 GMT)",43200000.0,2,[STRATEGIC_PARTNERSHIP] PetSmart partners with Edgard & Cooper in US market - PetfoodIndustry | [STRATEGIC_PARTNERSHIP] PetSmart Expands Premium Pet Nutrition Offerings Through Exclusive Partnership with Edgard & Cooper - General Mills,"Apollo Multi-Pass Org Graph, Company Leadership Web Crawler, Nutraceutical Knowledge Base",2026-09-14T05:31:41.789875+00:00
Emsland Group,emsland-group.com,Emlichheim,Food ingredients,0,None detected,0,None detected,"Food Processing, Animal Feed, Adhesives, Flocking Agents, Construction Additives, Textile Applications, Filter Materials, Pet Food, Industrial Applications, Retail, Marketing, Sales",Food Application Scientist | Technical Sales Engineer | Marketing Specialist | Supply Chain Manager | Quality Control Analyst | R&D Scientist | Sales Representative | Customer Service Representative | Logistics Coordinator | Innovation Manager,"Emsland Group is a global leader in the production of starch-based ingredients derived from potatoes and peas. They specialize in providing customized solutions for a wide range of industries, including food, pet food, and industrial applications. The company emphasizes sustainable sourcing, innovative product development, and strong customer relationships. They are particularly focused on developing clean label and plant-based ingredients to meet growing consumer demand. The company's strength lies in its integrated value chain, from raw material sourcing to finished product delivery, and its commitment to quality and reliability. They are actively expanding their presence in North America through their Emsland America subsidiary.",0,None detected,0,0,None detected,"Apollo Multi-Pass Org Graph, Company Leadership Web Crawler, Nutraceutical Knowledge Base",2026-09-14T05:31:41.789930+00:00
Evolva,evolva.com,"Reinach, Switzerland",Natural ingredients,0,None detected,0,None detected,"R&D, Regulatory, QA/QC, Sales, Marketing & Communications, Customer Success, Strategic Programs",Regulatory Scientist | Quality Analyst | Research & Development Scientist | Sales Manager | Marketing Specialist | Customer Success Manager | Program Manager,"Evolva Holding SA is focused on the creation of natural ingredients, founded in 2004 in Reinach, Switzerland. The company was involved in 15 funding deals, with ... Evolva is focused on developing and commercializing innovative natural ingredients for diverse industries, with a focus on sustainability and biosynthetic solutions. They are involved in the development of ingredients for food, beverages, and health applications, leveraging fermentation technology. The company is undergoing a strategic integration with Lallemand, aiming to leverage funds for product expansion and market entry. Evolva's core competency lies in producing high-value ingredients, particularly trans-resveratrol and vanilla, through sustainable and scalable fermentation processes. They are targeting the growing consumer demand for clean-label products and are actively seeking to expand their presence in North America and Europe.",0,None detected,0,0,None detected,"Apollo Multi-Pass Org Graph, Company Leadership Web Crawler, Nutraceutical Knowledge Base",2026-09-14T05:31:41.789979+00:00
Evonik Oxeno,evonik.com,"Essen, Germany",All ingredients,1,Omp Unveils Decision (Centric Planning to Accelerate Supply Chain Decision Velocity),0,None detected,"Sales, R&D, Regulatory, QA/QC, Production, Management",Sales Representative | Research Scientist | Regulatory Affairs Specialist | Quality Analyst | Production Supervisor | Operations Manager,"Evonik is a global chemical company with a strong focus on specialty chemicals and advanced materials. They are actively seeking talent in sales, research and development, regulatory affairs, quality control, and production management to support their diverse product portfolio and global operations. Given their commitment to innovation and sustainability, they value candidates with a strong technical background and a passion for developing solutions that improve people's lives. They are particularly interested in individuals with experience in C4-based chemicals and advanced manufacturing processes.",0,None detected,0,1,[PRODUCT_LAUNCH] Evonik Launches Rheance One - Happi | Household And Personal Products Industry,"Apollo Multi-Pass Org Graph, Company Leadership Web Crawler, Nutraceutical Knowledge Base",2026-09-14T05:31:41.790030+00:00
Eybna,eybna.com,Israel,Contract Manufacturer & CDMO,0,None detected,0,None detected,"R&D, Sales, QA/QC, Regulatory, Custom Formulation",Regulatory Scientist | Quality Analyst | Sales Representative | R&D Scientist | Formulation Specialist,"Eybna specializes in terpene-based formulations, particularly for wellness and health products. They focus on creating unique flavor and aroma profiles through precise control of terpene ratios, targeting specific receptor activation for desired effects. Their business model centers around supplying high-purity terpenes to brands seeking to differentiate their products and enhance consumer experiences. They emphasize a scientific approach to terpene extraction and blending, supported by analytical testing and a focus on quality control.",0,None detected,0,0,None detected,"Apollo Multi-Pass Org Graph, Company Leadership Web Crawler, Nutraceutical Knowledge Base",2026-09-14T05:31:41.790074+00:00
FARAVELLI,faravelligroup.com,Milan,"Branded ingredients,Nutrition Ingredients",0,None detected,0,None detected,"Sales, Regulatory, QA/QC, R&D, Technical Sales, Logistics, Marketing",Sales Specialist | Regulatory Affairs Specialist | Quality Control Analyst | Research & Development Scientist | Technical Sales Engineer | Logistics Coordinator | Marketing Specialist,"Faravelli Group is a global distributor of ingredients and chemical raw materials, primarily serving the food, nutraceutical, pharmaceutical, cosmetic, animal nutrition, and industrial chemical sectors. They focus on providing a strategic partnership with customers, offering top-quality ingredients, technical support, and logistical solutions. Due to its long history and global reach, Faravelli seeks individuals with strong sales, regulatory, and technical expertise to support its diverse customer base and expand its market presence. They value a collaborative approach and a commitment to building long-term relationships.",0,None detected,0,0,None detected,"Apollo Multi-Pass Org Graph, Company Leadership Web Crawler, Nutraceutical Knowledge Base",2026-09-14T05:31:41.790113+00:00
FFP,vibrantingredients.com,"Lake Mary, Florida","Botanical,tea,food",0,None detected,0,None detected,"Regulatory, QA/QC, R&D, Sales, Flavor Development, Food Protection, Manufacturing, Operations, Finance, Marketing, Human Resources, Legal, Supply Chain, Customer Service",Regulatory Scientist | Quality Analyst | Research & Development Scientist | Sales Manager | Flavor Technologist | Food Protection Specialist | Manufacturing Engineer | Operations Manager | Financial Analyst | Marketing Specialist | Human Resources Generalist | Legal Counsel | Supply Chain Analyst | Customer Service Representative,"FFP, now Vibrant Ingredients, is a leading supplier of natural ingredients, particularly for the food and beverage industry. They are focused on providing clean label solutions, including flavors, extracts, and functional ingredients, to brands seeking to meet consumer demand for natural and healthier products. Due to its scale and expertise in natural ingredients, FFP/Vibrant is actively recruiting talent in R&D, flavor development, manufacturing operations, sales, and marketing to support its growth and innovation.",0,None detected,0,0,None detected,"Apollo Multi-Pass Org Graph, Company Leadership Web Crawler, Nutraceutical Knowledge Base",2026-09-14T05:31:41.790152+00:00
FYTEXIA,fytexia.com,"Vendres, France",Branded ingredients,0,None detected,0,None detected,"R&D, Regulatory, QA/QC, Sales, Manufacturing",Regulatory Scientist | Quality Analyst | Research & Development Scientist | Sales Manager | Manufacturing Technician,"Fytexia is a life science company specializing in developing scientifically-supported active ingredients for dietary supplements. They focus on polyphenols, peptides, and other nutraceutical ingredients, often supported by clinical studies. The company’s expertise lies in formulation, blending, and marketing of these ingredients for the international health supplement industry. They are actively involved in research and development, quality control, and sales within the nutraceutical market.",0,None detected,0,0,None detected,"Apollo Multi-Pass Org Graph, Company Leadership Web Crawler, Nutraceutical Knowledge Base",2026-09-14T05:31:41.790202+00:00
Faber-Castell Cosmetics,faber-castell-cosmetics.com,"Stein, Germany",Personal care products,0,None detected,0,None detected,"Regulatory, QA/QC, R&D, Sales, Marketing, Product Development, Manufacturing, Supply Chain",Regulatory Affairs Specialist | Quality Control Analyst | Research & Development Scientist | Sales Manager | Marketing Specialist | Formulation Scientist | Production Supervisor | Supply Chain Coordinator,"Faber-Castell Cosmetics is a private-label manufacturer specializing in high-quality color cosmetics. They require talent in regulatory affairs to navigate complex cosmetic regulations, quality control to ensure product safety and consistency, R&D to develop innovative formulations and products, sales and marketing to drive product adoption, and production/supply chain management to ensure efficient manufacturing and distribution. Given their focus on customization and private label work, they need individuals with strong technical skills, adaptability, and the ability to work closely with clients.",0,None detected,0,0,None detected,"Apollo Multi-Pass Org Graph, Company Leadership Web Crawler, Nutraceutical Knowledge Base",2026-09-14T05:31:41.790237+00:00
FarLong BioPrecision,farlong.com,"Irvine, California",Branded ingredients,0,None detected,0,None detected,"Regulatory, QA/QC, R&D, Sales, Marketing, Clinical Research, Formulation, Manufacturing",Regulatory Scientist | Quality Analyst | Research Scientist | Sales Representative | Marketing Specialist | Clinical Trial Manager | Formulation Scientist | Manufacturing Technician,"FarLong BioPrecision focuses on developing and marketing natural supplements, leveraging its 20+ years of experience in clinically validated herbal research. They emphasize a science-backed approach, utilizing ISO 9001:2015 certified manufacturing and collaborating with research institutions like City of Hope. They are seeking talent in regulatory affairs, quality control, research and development, sales, and marketing to support their product portfolio, including Muscle REx®, Blood Sugar REx®, CholesREx®, WBM REx®, Gout REx®, UTFREx®, InnerpuREx®, and Blood PressuREx®. Given their focus on clinical trials and collaborations, they likely require individuals with experience in clinical research management and formulation science.",0,None detected,0,0,None detected,"Apollo Multi-Pass Org Graph, Company Leadership Web Crawler, Nutraceutical Knowledge Base",2026-09-14T05:31:41.790299+00:00
Fifth Nutrisupply Inc,5thnutrisupply.com,"Montclair, CA","Nutrition ingredients,Botanical extracts",0,None detected,0,None detected,"Regulatory, QA/QC, R&D, Sales, Customer Service, Operations, Supply Chain Management",Regulatory Scientist | Quality Analyst | Research & Development Scientist | Sales Representative | Customer Service Representative | Operations Manager | Supply Chain Specialist,"Fifth Nutrisupply Inc. focuses on supplying high-quality raw ingredients to the nutraceutical, botanical, cosmeceutical, pharmaceutical, and food industries. They emphasize FDA registration, GMP compliance, and a wide product range including amino acids, vitamins, herbal extracts, and specialty ingredients. Given their focus on quality and regulatory compliance, they likely require personnel with expertise in regulatory affairs, quality control, research and development, sales, and customer service. Their global sourcing and distribution network suggests a need for supply chain management professionals. The company's emphasis on customer satisfaction indicates a need for strong customer service representatives.",0,None detected,0,0,None detected,"Apollo Multi-Pass Org Graph, Company Leadership Web Crawler, Nutraceutical Knowledge Base",2026-09-14T05:31:41.790337+00:00
FineADD Ingredients GmbH,fineadd.eu,Germany,Contract Manufacturer & CDMO,0,None detected,0,None detected,"Regulatory, QA/QC, R&D, Sales, Marketing, Technical Support",Regulatory Scientist | Quality Analyst | Research & Development Scientist | Sales Representative | Marketing Specialist | Technical Support Engineer,"FineADD Ingredients GmbH is focused on supplying food additives to the food and beverage industry. They likely require personnel with expertise in regulatory affairs to ensure compliance, quality control specialists to maintain product standards, research and development scientists to innovate new formulations, sales professionals to drive revenue, and marketing specialists to promote their products. Given the company's focus on innovation and technical expertise, they may also require technical support engineers to assist customers with product applications.",0,None detected,0,0,None detected,"Apollo Multi-Pass Org Graph, Company Leadership Web Crawler, Nutraceutical Knowledge Base",2026-09-14T05:31:41.790363+00:00
Finlays,finlays.com,UK,"Botanical extracts,tea&coffee extracts",0,None detected,0,None detected,"R&D, QA/QC, Sales, Regulatory, Manufacturing, Innovation",Quality Analyst | Regulatory Scientist | Process Engineer | R&D Scientist | Sales Manager | Manufacturing Technician,"Finlays is a global B2B supplier of tea, coffee and botanical ingredients and solutions to many of the world’s best-loved beverage brands. They focus on building trusted, long-term partnerships with customers and leveraging their 200-year heritage of expertise to deliver innovation and quality. They are actively seeking talent in areas like R&D, quality control, regulatory affairs, and sales to support their global operations and sustainable initiatives.",0,None detected,0,0,None detected,"Apollo Multi-Pass Org Graph, Company Leadership Web Crawler, Nutraceutical Knowledge Base",2026-09-14T05:31:41.790398+00:00
Finzelberg,finzelberg.com,"Andernach, Germany","Branded ingredients,Botanical extracts",0,None detected,0,None detected,"R&D, Regulatory, QA/QC, Sales, Manufacturing, Marketing, Operations",Research Scientist | Regulatory Affairs Specialist | Quality Control Analyst | Sales Representative | Production Manager | Marketing Specialist | Operations Manager,"Finzelberg is seeking talent in R&D, regulatory affairs, quality control, and sales to support its growing portfolio of branded botanical ingredients for the pharmaceutical and dietary supplement industries. They are particularly interested in individuals with experience in botanical extraction, formulation development, and market access. The company's focus on innovation and sustainability drives the need for skilled scientists, analysts, and sales professionals to drive growth and expand its market presence.",0,None detected,0,0,None detected,"Apollo Multi-Pass Org Graph, Company Leadership Web Crawler, Nutraceutical Knowledge Base",2026-09-14T05:31:41.790432+00:00
Fismer Lecithin GmbH,fismer-lecithin.com,"Veritaskai 2, D-21079 Hamburg",Lecithin based ingredients,0,None detected,0,None detected,"R&D, QA/QC, Sales, Regulatory, Production",Lecithin Analyst | Quality Control Technician | Sales Representative | Regulatory Affairs Specialist | Production Supervisor,"Fismer Lecithin GmbH is a specialist manufacturer of lecithins derived from soybeans, sunflower, and rapeseed. They cater to a diverse range of industries including food, animal feed, pharmaceuticals, and cosmetics. The company emphasizes organic and non-GMO lecithin production, leveraging its GMP+ certification and significant investment in its organic oil mill. They are focused on providing customized lecithin solutions and maintaining a global customer base. Given their focus on organic and specialized lecithin production, they likely require personnel with expertise in lipid chemistry, quality control, regulatory affairs, and sales within the food and feed industries.",0,None detected,0,0,None detected,"Apollo Multi-Pass Org Graph, Company Leadership Web Crawler, Nutraceutical Knowledge Base",2026-09-14T05:31:41.790469+00:00
Flavine,flavine.com,"Paramus, NJ",Pharma ingredients,0,None detected,0,None detected,"R&D, Regulatory, QA/QC, Sales",Regulatory Scientist | Quality Analyst | Research Chemist | Sales Representative,"Flavine is a global supplier of APIs, intermediates, and finished dosage forms, specializing in supporting pharmaceutical companies with regulatory compliance and supply chain logistics. They focus on connecting qualified manufacturers with pharmaceutical companies to bring forth new business and market opportunities. Their services include regulatory support, analytical testing, and supply chain management.",0,None detected,0,0,None detected,"Apollo Multi-Pass Org Graph, Company Leadership Web Crawler, Nutraceutical Knowledge Base",2026-09-14T05:31:41.790502+00:00
Freeze-Dry Foods,freeze-dry.com,"Greven, Germany",Food ingredients,0,None detected,0,None detected,"Regulatory, QA/QC, R&D, Sales, Production, Operations, Manufacturing",Regulatory Scientist | Quality Analyst | Research & Development Scientist | Sales Manager | Production Supervisor | Operations Manager | Manufacturing Technician,"Thrive Freeze Dry is seeking experienced professionals in production, quality control, research and development, sales, and operations to support its global freeze-drying operations. The company emphasizes its 40+ years of experience, technological innovation, and commitment to quality and food safety. They are actively hiring for roles across various locations, including Greven, Germany, Albion, New York, and potentially other international sites, reflecting a need for skilled personnel to manage and optimize their freeze-drying processes and maintain their position as a world leader in the industry. The company's focus on sustainability and innovation suggests a demand for individuals with expertise in these areas.",0,None detected,0,1,"[MERGER_ACQUISITION] Freeze-Dry acquired by Thrive Foods, which looks to expand and invest in Albion - orleanshub.com","Apollo Multi-Pass Org Graph, Company Leadership Web Crawler, Nutraceutical Knowledge Base",2026-09-14T05:31:41.790538+00:00
Frey + Lau GmbH,freylau.com,"Henstedt-Ulzburg, Germany",Food ingredients,0,None detected,0,None detected,"Regulatory, QA/QC, R&D, Sales, Flavor Development, Fragrance Development, Production, Marketing",Regulatory Scientist | Quality Analyst | Research & Development Scientist | Sales Manager | Flavorist | Fragrance Chemist | Production Technician | Marketing Specialist,"Frey + Lau GmbH is a leading manufacturer of essential oils, flavors, and fragrances with a long history (over 180 years). They specialize in sourcing, refining, and developing unique flavor and fragrance compositions for a wide range of industries, including pharmaceuticals, oral care, wellness, food, beverage, and personal care. They are seeking individuals with expertise in regulatory affairs, quality control, research and development, sales, and flavor/fragrance creation. Due to their GMP certifications and focus on high-quality ingredients, they likely require personnel with experience in pharmaceutical manufacturing and quality management systems.",0,None detected,0,0,None detected,"Apollo Multi-Pass Org Graph, Company Leadership Web Crawler, Nutraceutical Knowledge Base",2026-09-14T05:31:41.790573+00:00
Frulact,frulact.com,"Rua do Outeiro, n.º 589 4475-150 Gemunde – Maia Portugal",Food ingredients,0,None detected,0,None detected,"R&D, Sales, Regulatory, QA/QC, Production Management",Research & Development Scientist | Sales Manager | Regulatory Affairs Specialist | Quality Assurance Analyst | Production Manager,"Frulact specializes in developing and producing custom plant-based ingredients for the food industry, focusing on fruit preparations, flavors, and aromas. They cater to a diverse range of sectors including dairy, bakery, beverages, and ice cream. Given their focus on innovation and sustainability, they likely require talent in R&D, sales (particularly key account management), regulatory affairs (to navigate food industry regulations), and quality control. Their parent company, Ardian, suggests a need for individuals with experience in investment and strategic partnerships. They are actively seeking to expand their market presence and develop new applications for their plant-based ingredients, indicating a need for sales professionals with strong technical understanding.",0,None detected,0,0,None detected,"Apollo Multi-Pass Org Graph, Company Leadership Web Crawler, Nutraceutical Knowledge Base",2026-09-14T05:31:41.790606+00:00
FutureCeuticals,futureceuticals.com,"Momence, IL","Branded ingredients,botanical extracts",0,None detected,0,None detected,"Regulatory, QA/QC, R&D, Sales, Manufacturing, Technical Support, Marketing, Product Development, Customer Service",Regulatory Scientist | Quality Analyst | Research & Development Scientist | Sales Representative | Manufacturing Technician | Technical Support Specialist | Marketing Specialist | Product Development Manager | Customer Service Representative,"FutureCeuticals is a vertically integrated industry leader seeking talent to support its operations in the supply and development of nutraceutical, functional food, and cosmetic ingredients. They require individuals with expertise in regulatory affairs, quality control, research and development, sales, and manufacturing. Given their focus on clinically-researched ingredients and custom solutions, roles requiring scientific knowledge and a collaborative approach are highly desirable. The company's strong presence within the Van Drunen Family of Companies suggests a need for individuals familiar with agricultural and food manufacturing processes.",0,None detected,0,0,None detected,"Apollo Multi-Pass Org Graph, Company Leadership Web Crawler, Nutraceutical Knowledge Base",2026-09-14T05:31:41.790640+00:00
GELITA,gelita.com,"Eberbach, Germany",Branded ingredients,0,None detected,0,None detected,"R&D, Production, Sales, Technical Support, Regulatory Affairs, Quality Assurance/Quality Control, Logistics, Marketing",Research Scientist | Production Technician | Sales Representative | Technical Support Specialist | Regulatory Compliance Officer | Quality Analyst | Logistics Coordinator | Marketing Specialist,"GELITA is a global leader in gelatin and collagen peptides, serving a diverse range of industries including food, health & nutrition, pharmaceutical, and technical applications. They are seeking skilled professionals to support their global operations, focusing on innovation, quality, and customer satisfaction. Key talent needs include R&D scientists for product development, production operators for manufacturing, sales professionals to expand market reach, and regulatory experts to ensure compliance. The company emphasizes a collaborative and innovative work environment.",0,None detected,0,0,None detected,"Apollo Multi-Pass Org Graph, Company Leadership Web Crawler, Nutraceutical Knowledge Base",2026-09-14T05:31:41.790674+00:00
GENCOR,gencorpacific.com,"Austin, Texas, United States",Branded ingredients,0,None detected,0,None detected,"Engineering, Research & Development, Sales, Manufacturing, Regulatory Affairs, Quality Control/Quality Assurance",Mechanical Project Engineer | Electrical Engineer | Controls Engineer | QA/QC Engineer | Regulatory Scientist | Sales Engineer,"Gencor is focused on developing and supplying botanical ingredients, particularly for health and wellness applications. They are expanding their ingredient portfolio through innovation and partnerships, with a focus on areas like weight management, joint health, and menopausal symptom relief. They are actively seeking talent in engineering, R&D, and sales to support their growth and product development efforts. The company is undergoing a rebranding to Saanroo, reflecting a renewed commitment to innovation.",0,None detected,0,0,None detected,"Apollo Multi-Pass Org Graph, Company Leadership Web Crawler, Nutraceutical Knowledge Base",2026-09-14T05:31:41.790706+00:00
GM Botanicals Canada Inc,gmbotanicals.com,"Toronto, Ontario, Canada","Botanical extracts,food ingredients,Probiotics",0,None detected,0,None detected,"R&D, QA/QC, Regulatory, Sales, Technical Support, Marketing",Research Scientist | Quality Analyst | Regulatory Affairs Specialist | Sales Representative | Technical Support Specialist | Marketing Specialist,"GM Botanicals is a leading botanical extract supplier with a strong focus on organic and conventional ingredients. They are seeking talent in R&D to develop new products, QA/QC to ensure product quality and compliance, Regulatory Affairs to manage certifications and regulations, Sales to expand their market reach, and Technical Support to assist customers with product applications. Given their global footprint and focus on innovation, they likely require marketing professionals to promote their products and brand. The company’s emphasis on sustainability and traceability suggests a need for individuals with expertise in supply chain management and sourcing.",0,None detected,0,0,None detected,"Apollo Multi-Pass Org Graph, Company Leadership Web Crawler, Nutraceutical Knowledge Base",2026-09-14T05:31:41.790746+00:00
GNT Group,exberry.com,"Mierlo, The Netherlands",All plant based ingredients,0,None detected,0,None detected,"Food Scientist, Quality Associate, Marketing Manager",Application Specialist | Food Scientist | Quality Analyst,"GNT Group is actively recruiting for roles within food and beverage manufacturing, leveraging its expertise in plant-based color solutions. The company’s family ownership and commitment to sustainability are key selling points, attracting candidates interested in a stable and forward-thinking environment. Demand for food scientists and quality associates remains high within the food and beverage industry, particularly those with experience in color technology and regulatory compliance.",0,None detected,0,0,None detected,"Apollo Multi-Pass Org Graph, Company Leadership Web Crawler, Nutraceutical Knowledge Base",2026-09-14T05:31:41.790784+00:00
German Sweets,germansweets.de,Hamburg,Food Ingredients,0,None detected,0,None detected,"Sales, Marketing, R&D, Regulatory Affairs, Quality Assurance/Quality Control, Supply Chain Management, Export Management, Business Development",Sales Representative | Marketing Manager | Research & Development Scientist | Regulatory Specialist | Quality Analyst | Supply Chain Coordinator | Export Manager | Business Development Manager,"German Sweets is an export association focused on supporting German confectionery manufacturers in international markets. They require talent with expertise in export management, international sales, regulatory compliance (particularly related to food safety and labeling in various countries), quality control, and potentially R&D to develop innovative products for global markets. Demand is likely driven by the growing global demand for German confectionery and the association's efforts to expand its member companies' reach.",0,None detected,0,0,None detected,"Apollo Multi-Pass Org Graph, Company Leadership Web Crawler, Nutraceutical Knowledge Base",2026-09-14T05:31:41.790825+00:00
Giellepi SpA,giellepi.com,Seregno,Natural ingredients,0,None detected,0,None detected,"Research and Development, Quality Control, Regulatory Affairs, Sales, Marketing, Technical Support",Research and Development Technician | Quality Analyst | Regulatory Scientist | Sales Manager | Marketing Specialist | Technical Support Engineer,"Giellepi SpA is a nutraceutical ingredient supplier focused on developing and providing scientifically-backed branded ingredients to the nutraceutical, dietary supplement, sports nutrition, and cosmeceutical markets. They emphasize innovation, research and development, and regulatory compliance. Given their focus on branded ingredients and clinical trial support, they likely recruit individuals with backgrounds in food science, chemistry, biology, and pharmaceutical science. They also require sales and marketing professionals to drive product adoption and technical support specialists to assist customers with ingredient formulation and application.",0,None detected,0,0,None detected,"Apollo Multi-Pass Org Graph, Company Leadership Web Crawler, Nutraceutical Knowledge Base",2026-09-14T05:31:41.790861+00:00
"Gillco Ingredients, an Azelis Company",gillco.com,"San Marcos, CA","Food Ingredients,Natural extracts,All ingredients",0,None detected,0,None detected,"Regulatory, QA/QC, R&D, Sales, Technical Sales, Customer Service, Innovation",Regulatory Scientist | Quality Analyst | Research & Development Scientist | Sales Representative | Technical Sales Specialist | Customer Service Representative | Innovation Lab Technician,"Gillco Ingredients, an Azelis Company, focuses on supplying innovative, high-quality industrial ingredients to a variety of food and beverage manufacturers. Due to its partnership with Azelis, they likely seek talent with expertise in ingredient formulation, technical sales, and customer service. Given their emphasis on innovation and sustainability, roles involving R&D and potentially environmental compliance would also be valuable. The company's strong customer service focus suggests a need for skilled customer service representatives. They likely require individuals with a strong understanding of food technology and the ability to translate technical information into solutions for their clients.",0,None detected,0,1,"[STRATEGIC_PARTNERSHIP] Bio-Botanica® and Gillco Ingredients, an Azelis Company Announce Exclusive Distribution Agreement for Food, Beverage and Dietary Supplement Industries in the U.S. - PR Newswire","Apollo Multi-Pass Org Graph, Company Leadership Web Crawler, Nutraceutical Knowledge Base",2026-09-14T05:31:41.790901+00:00
Givaudan,givaudan.com,"Vernier, Switzerland","Botanicall extracts,marine extracts",0,None detected,0,None detected,"Fragrance Development, Regulatory Affairs, Quality Assurance, Research & Development, Sales, Marketing, Operations, Supply Chain, Technical Support, R&D, QA/QC",Fragrance Perfumer | Regulatory Specialist | Quality Analyst | Research Scientist | Sales Manager | Marketing Specialist | Operations Manager | Supply Chain Analyst | Technical Support Engineer | R&D Scientist | QA/QC Technician,"Givaudan is a global leader in fragrance and flavor creation, seeking talent in areas like perfumery, regulatory affairs, and R&D to drive innovation and market growth. They prioritize a customer-centric approach, focusing on delivering tailored solutions and leveraging scientific expertise to meet evolving consumer demands. The company emphasizes sustainability and responsible sourcing within its operations, attracting individuals passionate about creating impactful products while minimizing environmental impact. They are actively hiring across various functions to support their global expansion and diverse product portfolio.",0,None detected,0,0,None detected,"Apollo Multi-Pass Org Graph, Company Leadership Web Crawler, Nutraceutical Knowledge Base",2026-09-14T05:31:41.790936+00:00
Global Sustainable Transformation GST,gstransform.de,"Dachau, Germany",Food ingredients,0,None detected,0,None detected,"R&D, Sales, Regulatory, QA/QC, Biotechnology, Business Strategy",Research Scientist | Sales Manager | Regulatory Affairs Specialist | Quality Analyst | Bioproduct Development Engineer | Business Development Manager,"GST is seeking talent to drive the commercialization of its FHCR™ platform, focusing on bioproduct development and scaling production of sustainable oils. Key needs include R&D scientists with expertise in fermentation technology, sales professionals to expand market reach, and regulatory specialists to navigate the approval process for novel bioproducts. The company is also looking for individuals with experience in business strategy to support market entry and expansion.",0,None detected,0,0,None detected,"Apollo Multi-Pass Org Graph, Company Leadership Web Crawler, Nutraceutical Knowledge Base",2026-09-14T05:31:41.790975+00:00
Gnosis by Lesaffre,gnosisbylesaffre.com,"Marcq-en-Baroeul, France","Branded ingredients,Active ingredients",0,None detected,0,None detected,"Regulatory, QA/QC, R&D, Sales, Customer Service, Supply Chain",Regulatory Scientist | Quality Analyst | Research & Development Scientist | Sales Manager | Customer Service Representative | Supply Chain Specialist,"Gnosis by Lesaffre is a biotech leader specializing in fermentation-derived ingredient solutions for nutraceuticals, pharmaceuticals, and functional food & beverage brands. They are focused on developing innovative active ingredients, particularly probiotics and yeast-based solutions, with a strong emphasis on quality, regulatory compliance, and sustainable production. Due to their expertise in fermentation and microbial biotransformation, they are actively seeking talent in regulatory affairs, quality control, research and development, sales, and supply chain management to support their growing market presence and expand their product portfolio. They are particularly interested in individuals with experience in the nutraceutical, pharmaceutical, and functional food industries, as well as those with a strong understanding of microbial fermentation processes and regulatory requirements.",0,None detected,0,3,"[STRATEGIC_PARTNERSHIP] Gnosis by Lesaffre partners with Maternity Foundation to secure healthier pregnancies - Nutrition Insight | [MERGER_ACQUISITION] Gnosis by Lesaffre expands vitamin K2 offering with NattoPharma acquisition - NutraIngredients.com | [MERGER_ACQUISITION] Gnosis by Lesaffre Fully Merges Human Health Capabilities, Unveils New Business Strategy - Business Wire","Apollo Multi-Pass Org Graph, Company Leadership Web Crawler, Nutraceutical Knowledge Base",2026-09-14T05:31:41.791009+00:00
Golden Omega,goldenomega.cl,"Arica, Chile",Marine extracts,0,None detected,0,None detected,"R&D, QA/QC, Sales, Regulatory",Research Scientist | Quality Analyst | Sales Representative | Regulatory Affairs Specialist,"Golden Omega specializes in the production of high-quality Omega-3 concentrates, leveraging its strategic location in Arica, Chile, to ensure a consistent supply of raw materials. The company focuses on producing concentrates with high EPA and DHA levels (up to 75%) and utilizes advanced concentration and purification technologies. They cater to branded companies seeking customized Omega-3 solutions, offering a range of EPA/DHA profiles and delivery formats. A key element of their recruitment strategy is likely focused on scientists, engineers, and quality control specialists to maintain and improve their production processes and ensure product quality.",0,None detected,0,1,"[PRODUCT_LAUNCH] Lehvoss launches omega-3 softgel in a convenient, ready-to-market format - Nutrition Insight","Apollo Multi-Pass Org Graph, Company Leadership Web Crawler, Nutraceutical Knowledge Base",2026-09-14T05:31:41.791040+00:00
Green Bioactives,greenbioactives.com,"Penicuik, United Kingdom",Contract Manufacturer & CDMO,0,None detected,0,None detected,"R&D, Regulatory, QA/QC, Sales, Marketing",Research Scientist | Regulatory Affairs Specialist | Quality Control Analyst | Sales Representative | Marketing Specialist,"Green Bioactives is a seed company focused on developing plant-based nutraceuticals for enhanced memory and cognition using plant cell culture technology. They are seeking talent in R&D, regulatory affairs, quality control, sales, and marketing to support the development and commercialization of their GBL-Memory, GBL-Skin Liquorice, and GBL-Skin Saponin product lines. Given their stage of development and funding, they likely require individuals with experience in nutraceutical formulation, clinical research, and market access strategies. The company's focus on sustainable production through plant cell culture suggests a need for expertise in biotechnology and green chemistry.",0,None detected,0,2,[PRODUCT_LAUNCH] 🎥Plant cell culture startup Green Bioactives preps for first commercial launches in 2026 - agfundernews.com | [MERGER_ACQUISITION] Harke acquires Green Bioactives’ Memory Complex amid liquidation sale - NutraIngredients.com,"Apollo Multi-Pass Org Graph, Company Leadership Web Crawler, Nutraceutical Knowledge Base",2026-09-14T05:31:41.791066+00:00
Green Jeeva Canada Inc,greenjeeva.ca,"Cerritos, CA, USA","Botanic extracts,Nutritional ingredients",0,None detected,0,None detected,"Research & Development, QA/QC, Regulatory Affairs, Sales, Supply Chain Management, Formulation, Marketing",Research Scientist | Quality Analyst | Regulatory Specialist | Sales Manager | Supply Chain Coordinator | Formulation Chemist | Marketing Specialist,"Green Jeeva is a vertically integrated, science-led B2B e-commerce platform for Organic and Nutraceutical Ingredients — from Farm to Private Label. They are focused on supplying high-quality, scientifically validated ingredients to brands seeking to develop and launch organic and nutraceutical products. Their emphasis on traceability, regulatory compliance, and a global sourcing network suggests a need for individuals with expertise in supply chain management, regulatory affairs, quality control, and formulation development. The company's B2B e-commerce model indicates a need for sales and marketing professionals with experience in the nutraceutical and dietary supplement industries.",0,None detected,0,0,None detected,"Apollo Multi-Pass Org Graph, Company Leadership Web Crawler, Nutraceutical Knowledge Base",2026-09-14T05:31:41.791102+00:00
Green Life Herb,gl-herb.com,"Xi'an hi tech Zone Jinye Road Business Development Park, Xi'an, China","Natural extracts,Branded ingredients",0,None detected,0,None detected,"R&D, Regulatory, QA/QC, Sales, Business Development",Research Scientist | Regulatory Affairs Specialist | Quality Analyst | Sales Manager | Business Development Manager,"Green Life Herb is a plant extract manufacturer seeking talent to support its R&D efforts, ensure regulatory compliance, manage quality control, drive sales, and develop new business opportunities. The company's focus on cGMP compliance suggests a need for individuals with expertise in pharmaceutical manufacturing standards and quality assurance. Given its global B2B operations, roles in business development and international sales are also likely.",0,None detected,0,0,None detected,"Apollo Multi-Pass Org Graph, Company Leadership Web Crawler, Nutraceutical Knowledge Base",2026-09-14T05:31:41.791137+00:00
HARKE Food,harke.com,"Manchester, UK","Food ingredients,Nutritional",0,None detected,0,None detected,"Regulatory, QA/QC, R&D, Sales, Marketing, Distribution, Formulation Development, Technical Sales, Warehousing, Logistics, Supply Chain, Customer Service",Regulatory Scientist | Quality Analyst | R&D Scientist | Sales Representative | Marketing Specialist | Distribution Manager | Formulation Development Scientist | Technical Sales Engineer | Warehouse Manager | Logistics Coordinator | Supply Chain Planner | Customer Service Representative,"Harke Food is seeking individuals with expertise in regulatory affairs, quality control, research and development, sales, and distribution to support its growing portfolio of functional food ingredients. The company's focus on Clean Label solutions and innovative blends requires a team of technically skilled food technologists and sales professionals. Strong logistics and supply chain management capabilities are also essential to meet customer demand and ensure efficient product delivery.",0,None detected,0,0,None detected,"Apollo Multi-Pass Org Graph, Company Leadership Web Crawler, Nutraceutical Knowledge Base",2026-09-14T05:31:41.791171+00:00
HOWTIAN,howtiangroup.com,"Zhucheng, Shandong, China","Botanical extracts,branded ingredients",0,None detected,0,None detected,"Regulatory, QA/QC, R&D, Sales, Agricultural Science, Product Application, Animal Nutrition",Regulatory Scientist | Quality Analyst | Research & Development Scientist | Sales Representative | Agricultural Scientist | Product Application Specialist | Animal Nutritionist,"HOWTIAN is a global leader in the production of natural, plant-based ingredients, particularly stevia and inositol. They focus on supplying high-quality ingredients to a diverse range of industries including food & beverage, supplements, pharmaceuticals, and animal nutrition. The company emphasizes sustainable sourcing, scientific innovation, and strong customer partnerships. They are actively expanding their global presence and investing in R&D to develop new ingredient solutions.",0,None detected,0,0,None detected,"Apollo Multi-Pass Org Graph, Company Leadership Web Crawler, Nutraceutical Knowledge Base",2026-09-14T05:31:41.791203+00:00
HP Ingredients,hpingredients.com,"Bradenton, FL",Branded ingredients,0,None detected,0,None detected,"Regulatory, QA/QC, R&D, Sales, Marketing, Purchasing, Engineering, Operations, Product Management",Regulatory Scientist | Quality Analyst | Research & Development Scientist | Sales Manager | Marketing Director | Purchasing Specialist | Static Equipment Engineer | Deckhand | Sanitation Manager | Account Manager,"HP Ingredients is a rapidly growing nutraceutical company focused on developing and marketing science-based, patented herbal extracts. They are actively seeking talent in regulatory affairs, quality control, research and development, sales, and marketing to support their expanding product portfolio and custom formulation services. The company's emphasis on clinical research and collaboration with universities suggests a need for scientists and researchers. Their private label offerings indicate a demand for sales and marketing professionals to drive business development. The company's commitment to GMP certification and NSF/ANSI 455-2 compliance highlights the importance of quality control and operations personnel.",0,None detected,0,0,None detected,"Apollo Multi-Pass Org Graph, Company Leadership Web Crawler, Nutraceutical Knowledge Base",2026-09-14T05:31:41.791235+00:00
HSH Chemie,hsh-chemie.com,Poland,All ingredients,0,None detected,0,None detected,"Sales, Business Development, Regulatory, R&D, QA/QC",Managing Director | Sales Manager | Regulatory Scientist | R&D Scientist | Quality Analyst,"HSH Chemie is a leading chemical distributor in Central and Eastern Europe, seeking experienced professionals to drive sales, manage operations, and support regulatory compliance within its diverse market segments. They require individuals with expertise in nutraceutical raw materials, food ingredients, and adherence to industry standards like CGMP.",0,None detected,0,1,[MERGER_ACQUISITION] HSH Chemie Group Acquires Two Sweetener Companies - CHEManager,"Apollo Multi-Pass Org Graph, Company Leadership Web Crawler, Nutraceutical Knowledge Base",2026-09-14T05:31:41.791268+00:00
HSH Chemie Group,hshchemie.com,Hamburg,Contract Manufacturer & CDMO,0,None detected,0,None detected,"Sales, Logistics, Customer Service, Management, R&D, Regulatory, QA/QC",Sales Assistant | Junior Sales Manager | Sales Manager | Logistics Manager | Customer Service Assistant | Office Assistance | Working Student | Commercialist / Sales Manager,"HSH Chemie is a leading chemical distributor in Central and Eastern Europe, focused on sourcing and supplying raw materials to various market segments. They are actively recruiting sales, logistics, and customer service professionals to support their expanding operations and maintain their market leadership. The company emphasizes a strong commitment to quality, regulatory compliance, and customer satisfaction, reflecting their position as a trusted partner within the industry. They are seeking individuals with experience in the chemical distribution sector and a strong understanding of market trends.",0,None detected,0,1,[MERGER_ACQUISITION] HSH Chemie Group Acquires Two Sweetener Companies - CHEManager,"Apollo Multi-Pass Org Graph, Company Leadership Web Crawler, Nutraceutical Knowledge Base",2026-09-14T05:31:41.791301+00:00
Hamburg Fructose GmbH,hamburgfructose.com,Hamburg,Food ingredients,0,None detected,0,None detected,"Sales, R&D, QA/QC, Regulatory",Sales Manager | Research Scientist | Quality Analyst | Regulatory Affairs Specialist,"Hamburg Fructose GmbH International is a leading distributor of crystalline fructose, leveraging over 30 years of experience in the European market. They require sales professionals to expand market share, R&D personnel to develop new product applications and formulations, quality control specialists to ensure product standards, and regulatory affairs experts to navigate complex food industry regulations. The company's focus on high-quality raw materials and international standards suggests a need for technical sales and customer service roles.",0,None detected,0,0,None detected,"Apollo Multi-Pass Org Graph, Company Leadership Web Crawler, Nutraceutical Knowledge Base",2026-09-14T05:31:41.791332+00:00
Herbafood Ingredients,herbafood.de,Germany,Food ingredients,0,None detected,0,None detected,"R&D, QA/QC, Regulatory Affairs, Sales, Application Technology, Product Development",Research & Development Scientist | Quality Analyst | Regulatory Specialist | Sales Manager | Application Technology Engineer | Product Development Scientist,"Herbafood Ingredients is focused on supplying multifunctional food ingredients, particularly fruit fibers and apple extracts, to the food industry. They emphasize Clean Label concepts and offer technical support for formulation development. Due to their specialization in plant-based ingredients and functional fiber solutions, they likely require talent in R&D, application technology, and sales roles with expertise in food formulation, ingredient functionality, and Clean Label trends. They also benefit from regulatory expertise to navigate food ingredient approvals and certifications.",0,None detected,0,0,None detected,"Apollo Multi-Pass Org Graph, Company Leadership Web Crawler, Nutraceutical Knowledge Base",2026-09-14T05:31:41.791367+00:00
Horphag Research,horphag.com,"Geneva, Switzerland",Branded ingredients,0,None detected,0,None detected,"R&D, Regulatory, QA/QC, Sales, Marketing",Regulatory Scientist | Quality Analyst | R&D Scientist | Sales Manager | Marketing Specialist,"Horphag Research is focused on the supply of Pycnogenol®, a patented French maritime pine bark extract, and Robuvit®, a French oak wood extract. They are heavily invested in research and development related to these ingredients, particularly concerning their antioxidant and anti-inflammatory properties. Given their focus on supplying these ingredients to other companies, they likely require personnel with expertise in regulatory affairs, quality control, sales, and marketing to support their distribution network and promote their products. They are also seeking individuals with experience in the nutraceutical and dietary supplement industries.",0,None detected,0,0,None detected,"Apollo Multi-Pass Org Graph, Company Leadership Web Crawler, Nutraceutical Knowledge Base",2026-09-14T05:31:41.791397+00:00
IMCD Group,imcdgroup.com,"Rotterdam, Netherlands","Speciality chemicals,General ingredients",0,None detected,0,None detected,"Sales, Business Development, Technical Account Management, Regulatory, QA/QC, R&D, Executive Assistant",Business Development Manager | National Sales Manager | Technical Account Manager | Regulatory Scientist | Quality Analyst,"IMCD Group is a global leader in the distribution and formulation of specialty chemicals and ingredients. They require talent in sales, business development, technical account management, regulatory affairs, quality assurance, and research & development to support their global operations and partnerships. The company is actively hiring across various functions, including technical and sales roles, reflecting its growth and expansion within the specialty chemicals and ingredients market.",0,None detected,0,0,None detected,"Apollo Multi-Pass Org Graph, Company Leadership Web Crawler, Nutraceutical Knowledge Base",2026-09-14T05:31:41.791433+00:00
IMPAG Group,impag.com,Switzerland,All ingredients,0,None detected,0,None detected,"Regulatory, QA/QC, R&D, Sales, Food Technology, Pharmaceutical Development, Manufacturing, Logistics, Technical Support",Regulatory Scientist | Quality Analyst | R&D Scientist | Sales Manager | Formulation Scientist | Technical Support Specialist | Manufacturing Engineer | Logistics Coordinator | Laboratory Technician,"IMPAG Group is a global trading and service company specializing in the distribution of specialty chemicals and ingredients across various industries, including Life Science, Material Science, Food, Pharma, and Industrial. They leverage strong supplier relationships and market expertise to provide comprehensive supply chain solutions and technical support. The company focuses on delivering tailored solutions to meet customer needs, emphasizing innovation, quality, and long-term partnerships. They are actively involved in regulatory compliance, particularly within the pharmaceutical and food sectors, and are expanding their capabilities in areas like biotechnology and personalized nutrition. IMPAG is seeking talent with expertise in regulatory affairs, quality control, R&D, sales, and technical support to support its growing global operations and diverse product portfolio.",0,None detected,0,0,None detected,"Apollo Multi-Pass Org Graph, Company Leadership Web Crawler, Nutraceutical Knowledge Base",2026-09-14T05:31:41.791466+00:00
INNOBIO Corporation Limited,innobioglobal.com,United States,"Branded ingredients,Nutrition ingredients",0,None detected,0,None detected,"R&D, Sales, Marketing, Technical Support, Regulatory Affairs, Quality Assurance/Quality Control, Business Development",R&D Scientist | Sales Manager | Marketing Specialist | Technical Support Engineer | Regulatory Affairs Specialist | Quality Analyst | Business Development Manager,"INNOBIO Corporation Limited is a manufacturer of nutritional ingredients and a provider of custom solutions. They specialize in the R&D and production of nutritional ingredients using microencapsulation and biosynthetic technologies. They are seeking candidates with backgrounds in Food science, Nutrition, Pharma, Chemistry, Biotechnology, or Business. They are looking for an experienced sales representative/manager to join their North America Sales Team and to support company sales growth.",0,None detected,0,0,None detected,"Apollo Multi-Pass Org Graph, Company Leadership Web Crawler, Nutraceutical Knowledge Base",2026-09-14T05:31:41.791498+00:00
IPOSOL,iposol.com,"Esbjerg, Denmark",Food ingredients,0,None detected,0,None detected,"Sales, R&D, QA/QC, Regulatory",Sales Representative | Research Scientist | Quality Analyst | Regulatory Affairs Specialist,"IPOSOL is focused on developing and marketing a concentrated liquid salt solution for the food industry. Due to the increasing demand for reduced sodium content in food products, IPOSOL is seeking individuals with expertise in sales, research and development, quality control, and regulatory affairs to support its growth. The company’s focus on innovation and sustainable ingredients requires a team with a strong understanding of food science and consumer trends. Given the company’s focus on reducing salt content, roles related to nutrition and health are also of interest.",0,None detected,0,0,None detected,"Apollo Multi-Pass Org Graph, Company Leadership Web Crawler, Nutraceutical Knowledge Base",2026-09-14T05:31:41.791526+00:00
Indena,indena.com,"Milan, Italy","Botanical extracts,branded",0,None detected,0,None detected,"Regulatory, QA/QC, R&D, Sales, Marketing, Custom Development, Scientific, Procurement",Regulatory Scientist | Quality Analyst | Research & Development Scientist | Sales Representative | Marketing Specialist | Custom Development Scientist | Scientific Project Manager | Procurement Specialist,"Indena is a leading botanical extract manufacturer specializing in active pharmaceutical ingredients (APIs) derived from plants. They focus on developing and producing high-quality ingredients for the nutraceutical, pharmaceutical, and cosmeceutical industries. Due to their specialized focus on plant-derived APIs and custom development services, they likely require scientists with expertise in phytochemistry, organic synthesis, analytical chemistry, and formulation development. They also need sales and marketing professionals to promote their capabilities and build relationships with clients. Given their GMP-certified facilities and focus on innovation, they likely need regulatory affairs specialists to ensure compliance with international standards.",0,None detected,0,0,None detected,"Apollo Multi-Pass Org Graph, Company Leadership Web Crawler, Nutraceutical Knowledge Base",2026-09-14T05:31:41.791559+00:00
Indena S.p.A,indenaspa.com,Milan,Contract Manufacturer & CDMO,0,None detected,0,None detected,"R&D, Regulatory, QA/QC, Sales, Marketing, Product Development",Research Scientist | Regulatory Affairs Specialist | Quality Control Analyst | Sales Representative | Marketing Manager | Formulation Scientist,"Indena is a leading botanical extract manufacturer specializing in active principles derived from plants for pharmaceutical and nutraceutical applications. They focus on developing and producing high-quality ingredients, particularly utilizing their Indena Phytosome® technology to enhance bioavailability and efficacy. Their activities encompass research and development, manufacturing, and sales, targeting the pharmaceutical and nutraceutical industries. They are known for their expertise in plant-derived active ingredients and their commitment to innovation and sustainability.",0,None detected,0,0,None detected,"Apollo Multi-Pass Org Graph, Company Leadership Web Crawler, Nutraceutical Knowledge Base",2026-09-14T05:31:41.791592+00:00
"Indena USA, Inc.",indena.com,"Milano, MI",Contract Manufacturer & CDMO,0,None detected,0,None detected,"R&D, Regulatory, QA/QC, Sales, Marketing, Scientific",Research Scientist | Regulatory Affairs Specialist | Quality Control Analyst | Sales Representative | Marketing Specialist | Phytochemist,"Indena focuses on developing nutraceuticals and pharmaceutical ingredients derived from plants. They emphasize scientific rigor, quality control, and innovation in their product development. Given their focus on botanical extracts and active ingredients, they likely require talent in R&D, regulatory affairs, quality assurance, and sales/marketing to support their product portfolio.",0,None detected,0,0,None detected,"Apollo Multi-Pass Org Graph, Company Leadership Web Crawler, Nutraceutical Knowledge Base",2026-09-14T05:31:41.791627+00:00
Ingex Botanicals Private Limited,ingexbotanicals.com,"Bangalore, India","Botanical extracts,Branded ingredients",0,None detected,0,None detected,"R&D, QA/QC, Regulatory, Sales, Manufacturing, Operations",Regulatory Scientist | Quality Analyst | Research Scientist | Sales Manager | Production Supervisor | Logistics Coordinator,"Ingex Botanicals is a science-driven herbal extract manufacturer seeking to expand its global reach. They are focused on developing and supplying next-generation botanical ingredients for nutraceuticals, food & beverage, personal care, and animal health applications. Given their certifications (NSF GMP, FSSC 22000, ISO, etc.), they likely target companies requiring high-quality, standardized extracts for formulations demanding rigorous quality control and traceability. They are actively expanding their branded ingredient offerings (Bacopa, Senna, etc.) to cater to specific market needs. The company’s focus on sustainable cultivation and ethical practices aligns with growing consumer demand for natural and organic ingredients.",0,None detected,0,0,None detected,"Apollo Multi-Pass Org Graph, Company Leadership Web Crawler, Nutraceutical Knowledge Base",2026-09-14T05:31:41.791665+00:00
Ingredients By Nature,ingredientsbynature.com,"Montclair, CA",Nutrition ingredients,0,None detected,0,None detected,"Regulatory, QA/QC, R&D, Sales, Manufacturing, Quality Assurance, Formulation",Regulatory Scientist | Quality Analyst | Research & Development Scientist | Sales Representative | Manufacturing Technician | QA/QC Specialist | Formulation Scientist,"Ingredients By Nature is a leading manufacturer of citrus bioflavonoids and toll services, specializing in innovative specialty ingredients for human and animal nutrition. They require personnel with expertise in GMP regulations, quality control, formulation development, and sales to support their diverse product portfolio and maintain their position as a key supplier in the nutraceutical industry. Given their focus on custom formulations and manufacturing, roles requiring strong technical skills and a deep understanding of ingredient science are highly valued.",0,None detected,0,2,[REGULATORY_MILESTONE] Ingredients by Nature announces self-affirmed GRAS status of Eriomin lemon flavonoid - Nutritional Outlook | [PRODUCT_LAUNCH] Ingredients By Nature debuts Blussel blue-lipped mussel powder at SupplySide Global 2025 - Nutraceutical Business Review,"Apollo Multi-Pass Org Graph, Company Leadership Web Crawler, Nutraceutical Knowledge Base",2026-09-14T05:31:41.791701+00:00
Innophos,innophos.com,"Cranbury, New Jersey, United States","Branded ingredients,Minerals",0,None detected,0,None detected,"Regulatory, QA/QC, R&D, Sales, Manufacturing, Engineering, Supply Chain, Quality Control, Technical Support",Regulatory Scientist | Quality Analyst | Research & Development Scientist | Sales Representative | Process Operator | Chemical Engineer | Supply Chain Specialist | Quality Control Technician | Technical Support Specialist,"Innophos is a global producer of specialty phosphates and chelated minerals, focusing on providing ingredients for the food & beverage, health & nutrition, and industrial markets. They emphasize science-based solutions and have a strong focus on regulatory compliance and quality standards. The company is experiencing growth due to increasing demand for phosphate ingredients in various applications, particularly in the food and beverage and health & nutrition sectors. They are actively seeking talent in areas such as R&D, manufacturing, quality control, and sales to support their expanding operations and innovation efforts. The company's commitment to sustainability and safety is also a key factor in attracting candidates.",0,None detected,0,0,None detected,"Apollo Multi-Pass Org Graph, Company Leadership Web Crawler, Nutraceutical Knowledge Base",2026-09-14T05:31:41.791742+00:00
International Flavors & Fragrances Inc,iff.com,New York City,"Botanical extracts, branded ingredients",0,None detected,0,None detected,"R&D, QA/QC, Sales, Regulatory, Flavor Analysis, Fragrance Development, Manufacturing, Technical Sales, Marketing, Project Management",Flavor Scientist | Fragrance Chemist | Quality Control Analyst | Regulatory Affairs Specialist | Sales Representative (Flavor & Fragrance) | Application Scientist | Research & Development Scientist | Technical Service Representative | Marketing Specialist | Project Engineer,"IFF is a global leader in flavors and fragrances, seeking professionals with expertise in chemistry, sensory science, regulatory affairs, and sales. They require individuals with strong technical skills, a collaborative spirit, and a passion for innovation. Given their diverse product portfolio (taste, texture, scent, health & biosciences), they need talent across R&D, manufacturing, and application development. The company's growth strategy emphasizes sustainable innovations, suggesting a need for individuals with expertise in green chemistry and sustainable sourcing.",0,None detected,0,0,None detected,"Apollo Multi-Pass Org Graph, Company Leadership Web Crawler, Nutraceutical Knowledge Base",2026-09-14T05:31:41.791778+00:00
International Food Products Corporation,ifpc.com,"St. Louis, MO","Food ingredients,Custom blending",0,None detected,0,None detected,"Regulatory, QA/QC, R&D, Sales, Ingredient Technology & Applications, Manufacturing, Quality Control",Regulatory Scientist | Quality Analyst | Research & Development Scientist | Sales Representative | Ingredient Formulation Specialist | Manufacturing Technician | Quality Control Technician,"International Food Products Corporation (IFPC) focuses on supplying specialty ingredients and custom formulations to the food, beverage, and dairy industries. They emphasize innovation, quality control, and regulatory adherence, particularly regarding certifications like SQF, GFSI, Vaad Hoeir Kosher, and Organic. Given their custom blending capabilities and focus on ingredient technology, they likely require talent in formulation, analytical chemistry, sensory evaluation, and regulatory affairs. Their emphasis on customer relationships suggests a need for strong sales and technical support roles.",0,None detected,0,1,[STRATEGIC_PARTNERSHIP] Samyang Foods Collaborates with Global Village - Retail & Leisure International,"Apollo Multi-Pass Org Graph, Company Leadership Web Crawler, Nutraceutical Knowledge Base",2026-09-14T05:31:41.791815+00:00
J. Rettenmaier & Söhne GmbH + Co KG,jrs.de,"Rosenberg, Germany",Food ingredients,0,None detected,0,None detected,"R&D, QA/QC, Regulatory Affairs, Sales, Technical Support, Production, Engineering, Operations",Plant Fiber Technology Specialist | Quality Control Analyst | Regulatory Scientist | Sales Engineer | Process Engineer | Production Supervisor | Research & Development Scientist | Technical Support Specialist,"J. Rettenmaier & Söhne is seeking individuals with expertise in plant fiber technology, particularly in sustainable materials and functional ingredients. They require professionals with a strong understanding of manufacturing processes, quality control, and regulatory compliance. Sales and technical roles are needed to support their diverse customer base across industries like food, pet food, pharmaceuticals, and industrial applications. The company values innovation and a collaborative work environment.",0,None detected,0,0,None detected,"Apollo Multi-Pass Org Graph, Company Leadership Web Crawler, Nutraceutical Knowledge Base",2026-09-14T05:31:41.791854+00:00
JHD Corp,jhdcorp.com,"Ontario, California",Botaanical extracts,0,None detected,0,None detected,"R&D, QA/QC, Sales, Regulatory, Product Development",R&D Scientist | Quality Analyst | Sales Manager | Regulatory Affairs Specialist | Product Development Manager,"JHD Corp is seeking talent in research and development, quality assurance, sales, and regulatory affairs to support its global operations in the supply of botanical extracts and functional raw materials for the dietary supplement, nutraceutical, pharmaceutical, and food industries. They require individuals with experience in organic certification, GMP compliance, and international trade.",0,None detected,0,0,None detected,"Apollo Multi-Pass Org Graph, Company Leadership Web Crawler, Nutraceutical Knowledge Base",2026-09-14T05:31:41.791895+00:00
JK Botanicals Pvt Ltd,jairamdass.com,"Navi Mumbai, Maharashtra, India","Botaanical extracts,Aloevera",0,None detected,0,None detected,"R&D, Analytical Chemistry, Quality Control, Sales, Regulatory Affairs, Extraction, Production",Research Scientist | Quality Analyst | Formulation Scientist | Sales Representative | Regulatory Specialist | Extraction Technician | Production Supervisor,"JK Botanicals is a long-established manufacturer of herbal ingredients, specializing in standardized extracts and botanical powders. They cater to a diverse range of industries including pharmaceuticals, nutraceuticals, food, and cosmetics. Their core competencies lie in sourcing rare herbs, utilizing state-of-the-art extraction technology, and maintaining rigorous quality control standards, evidenced by their numerous certifications. They offer customized development and production services, suggesting a need for skilled scientists and technicians capable of formulation and process optimization. Given their focus on high-demand products and global reach, they likely require sales and regulatory professionals to manage international markets and ensure compliance.",0,None detected,0,0,None detected,"Apollo Multi-Pass Org Graph, Company Leadership Web Crawler, Nutraceutical Knowledge Base",2026-09-14T05:31:41.791944+00:00
JOSH Naturals GmbH,joshnaturals.com,"Frankfurt, Germany",Natural ingredients,0,None detected,0,None detected,"R&D, QA/QC, Sales, Regulatory",Research Scientist | Quality Analyst | Sales Representative | Regulatory Affairs Specialist,"JOSH Naturals focuses on supplying clinically evaluated natural ingredients for sports nutrition and performance. They require individuals with expertise in research and development, quality control, sales, and regulatory affairs to support their ingredient sourcing, formulation, and distribution activities. Given their European focus and emphasis on natural ingredients, they likely seek candidates with knowledge of food supplement regulations and international trade.",0,None detected,0,0,None detected,"Apollo Multi-Pass Org Graph, Company Leadership Web Crawler, Nutraceutical Knowledge Base",2026-09-14T05:31:41.791977+00:00
Jellice Pioneer Europe B.V.,jellice.eu,"Emmen, Drenthe, Netherlands",Gelatin ingredients,0,None detected,0,None detected,"R&D, Quality Assurance, Sales, Marketing, Operations, Engineering",Research Scientist | Quality Control Analyst | Sales Manager | Marketing Specialist | Production Engineer | Operations Manager,"Jellice Pioneer Europe B.V. is a gelatin and collagen manufacturer specializing in supplying high-quality ingredients to the food, pharmaceutical, health, and cosmetic industries. They focus on customized solutions and cater to diverse applications, leveraging their global network and established expertise in gelatin production since 1941. Given their focus on high-quality, traceable gelatin, they likely require personnel with strong technical backgrounds in chemistry, food science, and quality control. Their expansion into collagen peptides suggests a need for R&D specialists focused on product development and innovation.",0,None detected,0,0,None detected,"Apollo Multi-Pass Org Graph, Company Leadership Web Crawler, Nutraceutical Knowledge Base",2026-09-14T05:31:41.792014+00:00
Jiaherb,jiaherbinc.com,"Pine Brook, NJ",Natural ingredients-Botanical extracts,0,None detected,0,None detected,"R&D, Manufacturing, Sales, Regulatory, QA/QC",Research Scientist | Production Manager | Sales Representative | Regulatory Affairs Specialist | Quality Analyst,"Jiaherb is a large-scale manufacturer of herbal extracts and natural ingredients, specializing in NSF-GMP certified production. They focus on high-volume production and offer a wide range of ingredients to the nutraceutical, pharmaceutical, cosmetic, and food & beverage industries. They are seeking individuals with experience in manufacturing, R&D, sales, and regulatory affairs to support their global operations and expanding product portfolio. The company emphasizes quality control and documentation to meet stringent GMP regulations.",0,None detected,0,0,None detected,"Apollo Multi-Pass Org Graph, Company Leadership Web Crawler, Nutraceutical Knowledge Base",2026-09-14T05:31:41.792079+00:00
"Jiangxi HAIRUI Natural Plant Co., Ltd",hairuiessentialoil.com,"No.267 JiaHua Avenue, Jinggangshan Economic Development Zone, Ji'an City, Jiangxi ,China",Extract oils,0,None detected,0,None detected,"R&D, Production, Sales, Quality Assurance, Regulatory Affairs, Supply Chain Management",Research Scientist | Production Manager | Sales Representative | QA/QC Analyst | Regulatory Specialist | Supply Chain Coordinator,"Jiangxi Hairui Natural Plant Co., Ltd. is a manufacturer specializing in essential oils and plant extracts. They likely require talent with backgrounds in botany, chemistry, pharmaceutical science, or related fields for R&D and production. Sales roles would focus on global distribution, and regulatory expertise is crucial for navigating international markets. The company's focus on quality control suggests a need for skilled QA/QC analysts. Given their growth and expansion, they likely need supply chain professionals to manage sourcing and logistics.",0,None detected,0,0,None detected,"Apollo Multi-Pass Org Graph, Company Leadership Web Crawler, Nutraceutical Knowledge Base",2026-09-14T05:31:41.792111+00:00
K+S Minerals and Agriculture GmbH,kpluss.com,"Kassel, Germany",Food ingredients,0,None detected,0,None detected,"Sales, R&D, Production, Engineering, Regulatory Affairs, QA/QC, Agronomy, Marketing, Supply Chain Management, Technical Support",Sales Manager | Research Scientist | Production Engineer | Regulatory Specialist | Quality Control Analyst | Agronomist | Marketing Specialist | Supply Chain Coordinator | Technical Support Engineer | Process Engineer,"K+S Minerals and Agriculture GmbH is seeking professionals to support its global operations in the distribution of natural mineral fertilizers, industrial salts, ice-melt and health-care product ingredients. Key areas of recruitment include sales and marketing to expand market share, R&D to develop innovative fertilizer formulations, production engineers to optimize manufacturing processes, and regulatory affairs specialists to ensure compliance with international standards. The company is also looking for experienced agronomists to provide technical support to farmers and customers. Given its diverse product portfolio, K+S requires a skilled workforce with expertise in areas such as quality control, supply chain management, and technical support.",0,None detected,0,0,None detected,"Apollo Multi-Pass Org Graph, Company Leadership Web Crawler, Nutraceutical Knowledge Base",2026-09-14T05:31:41.792151+00:00
KORRES,korres.com,"Athens, Greece",Personal care products,0,None detected,0,None detected,"R&D, Regulatory, QA/QC, Sales, Marketing, Product Development",Regulatory Scientist | Quality Analyst | Research Scientist | Sales Manager | Marketing Specialist | Product Formulator,"KORRES is seeking talent in research and development, quality assurance, regulatory affairs, sales, and marketing to support its growth in the natural skincare market. The company's focus on Greek ingredients and traditional formulations requires individuals with expertise in botanical science, formulation development, and product compliance. Due to its brand image and focus on natural ingredients, KORRES likely seeks candidates with a strong understanding of consumer trends and a passion for sustainable practices.",0,None detected,0,0,None detected,"Apollo Multi-Pass Org Graph, Company Leadership Web Crawler, Nutraceutical Knowledge Base",2026-09-14T05:31:41.792185+00:00
KSM-66 Ashwagandha,ksm66ashwagandhaa.com,"Hyderabad, Telangana, India","Branded ingredient,Natural extracts",0,None detected,0,None detected,"Regulatory, QA/QC, R&D, Sales, Operations, Laboratory Management",Regulatory Scientist | Quality Analyst | Research & Development Scientist | Sales Manager | Laboratory Manager | Operations Manager,"KSM-66 Ashwagandha is seeking talent with expertise in regulatory affairs, quality control, research and development, sales, and operations to support its growing market presence. The company emphasizes its vertically integrated production process, GMP compliance, and certifications (including those from UL, NSF, and USP) as key differentiators. They are looking for individuals with experience in laboratory management and adherence to international standards. The company’s focus on clinical studies and high concentrations of withanolides suggests a need for scientists with expertise in botanical extracts and analytical chemistry.",0,None detected,0,2,[STRATEGIC_PARTNERSHIP] FC Barcelona star striker partners with KSM-66 Ashwagandha - NutraIngredients.com | [STRATEGIC_PARTNERSHIP] Glanbia Nutritionals partners with Ixoreal Biomed to optimize KSM-66 Ashwagandha with Glanbia's NutraShield Technology - Nutritional Outlook,"Apollo Multi-Pass Org Graph, Company Leadership Web Crawler, Nutraceutical Knowledge Base",2026-09-14T05:31:41.792223+00:00
KWS SAAT SE & Co. KGaA,kws.com,"Einbeck, Germany","Seeds,Plant breeding",0,None detected,0,None detected,"Research and Development, Agronomy, Sales, Regulatory Affairs, Quality Assurance/Quality Control, Data Analysis, Digital Farming, Crop Management",Plant Breeder | Agronomist | Sales Representative | Regulatory Scientist | Quality Analyst | Data Analyst | Digital Farming Specialist | Crop Manager,"KWS SAAT SE & Co. KGaA is a global leader in plant breeding, focused on developing high-yielding seeds for a variety of crops. They emphasize innovation through research and development, tailored seed solutions, and digital farming tools. Recruitment efforts likely target individuals with backgrounds in plant breeding, agronomy, data science, and sales, particularly those with experience in developing and marketing agricultural products. The company values entrepreneurial freedom and dedicated talent, suggesting a focus on attracting individuals with strong problem-solving skills and a passion for agriculture.",0,None detected,0,0,None detected,"Apollo Multi-Pass Org Graph, Company Leadership Web Crawler, Nutraceutical Knowledge Base",2026-09-14T05:31:41.792261+00:00
Kaneka Americas Holding,kaneka.com,"Texas, United States","Nutrition ingredients,Branded ingredients",0,None detected,0,None detected,"R&D, Sales, Manufacturing, Engineering, Business Development, Regulatory, QA/QC",Research & Business Scientist | Production Process Engineer | Territory Manager | Manufacturing Engineer | Quality Analyst | Scientist,"Kaneka Americas Holding focuses on strategic business development and governance support for its subsidiaries. They are involved in the manufacturing and sales of specialized resins, functional materials, and nutritional ingredients. Given the diverse range of subsidiaries (PVC resins, medical devices, aerospace materials, biopharmaceuticals), recruitment likely targets individuals with expertise in polymer science, materials engineering, biotechnology, and sales/marketing within these specialized sectors. The company's focus on governance suggests a need for legal and compliance professionals.",0,None detected,0,0,None detected,"Apollo Multi-Pass Org Graph, Company Leadership Web Crawler, Nutraceutical Knowledge Base",2026-09-14T05:31:41.792298+00:00
Kappa Bioscience,balchem.com,Oslo,"Nutrition ingredients,Branded ingredients",0,None detected,0,None detected,"R&D, Regulatory, QA/QC, Sales, Manufacturing",Research Scientist | Regulatory Affairs Specialist | Quality Control Analyst | Sales Representative | API Manufacturing Technician,"Kappa Bioscience is a developer of vitamin K2 MK-7 technology, specializing in the production of high-purity, bioactive vitamin K2. Due to the increasing demand for vitamin K2 in dietary supplements and functional foods, particularly for bone and cardiovascular health, Kappa Bioscience is seeking skilled scientists, regulatory specialists, and manufacturing personnel to support its production and innovation efforts. The company's focus on patented technology and GMP-certified manufacturing facilities indicates a need for individuals with expertise in pharmaceutical development, quality control, and supply chain management. The acquisition by Balchem Corporation suggests a strategic focus on expanding its market reach and leveraging Balchem's global distribution network.",0,None detected,0,3,[MERGER_ACQUISITION] Balchem Corporation completes acquisition of Kappa Bioscience - Nutraceutical Business Review | [MERGER_ACQUISITION] Balchem Corporation Completes Acquisition of Kappa Bioscience AS - finance.yahoo.com | [MERGER_ACQUISITION] Balchem announces nutritional ingredient manufacturer acquisition - Nutraceutical Business Review,"Apollo Multi-Pass Org Graph, Company Leadership Web Crawler, Nutraceutical Knowledge Base",2026-09-14T05:31:41.792330+00:00
"Kemin Industries, Inc.",kemin.com,"Des Moines, IA",Natural extracts,1,Kimberly Nelson (President),0,None detected,"R&D, Sales, Regulatory, QA/QC, Animal Nutrition, Food Technology, Biologics, Textile Enzymes, Biofuels & Bio Solutions",Research Associate | Sales Manager | Regulatory Scientist | Quality Analyst | Associate Scientist - Food Chemistry | Associate Sales Director - North America | R&D Laboratory Supervisor | KAS Field Technician | Finance | Data Scientist,"Kemin Industries is a global biotechnology company focused on developing and manufacturing specialty ingredients for a wide range of industries, including animal nutrition, food technologies, human health, and aquaculture. They leverage scientific innovation to improve product quality, safety, and shelf life. Due to their diverse portfolio and global reach, Kemin actively recruits scientists, researchers, sales professionals, and technical experts to support their expanding operations and product development efforts. They are particularly focused on innovation in areas such as antioxidants, antimicrobials, enzymes, and functional ingredients. Given their commitment to sustainability and global food security, Kemin is likely seeking talent with expertise in areas such as plant science, biotechnology, and supply chain management.",0,None detected,0,5,"[MERGER_ACQUISITION] Kemin Industries Expands Innovation in Intestinal Health with Strategic Acquisition - PR Newswire | [PRODUCT_LAUNCH] Kemin Industries unveils new plant growth technology - Agri-Pulse Communications, Inc. | [FACILITY_EXPANSION] Kemin Industries opens new facility in Russia - Feedstuffs | [PRODUCT_LAUNCH] Kemin Industries launches $4.5 million expansion at its Des Moines headquarters - The Des Moines Register | [FACILITY_EXPANSION] Kemin Industries opens $70 million expansion in Verona, Mo. - KY3","Apollo Multi-Pass Org Graph, Company Leadership Web Crawler, Nutraceutical Knowledge Base",2026-09-14T05:31:41.792382+00:00
Kensing,kensingsolutions.com,"Kankakee, IL","Nutrition ingredients,Branded ingredients",0,None detected,0,None detected,"R&D, Manufacturing, Sales, Customer Service, Regulatory",Research Scientist | Quality Analyst | Sales Representative | Customer Support Specialist | Regulatory Affairs Specialist,"Kensing is a global manufacturer of plant-based ingredients upcycled from sustainable vegetable-oil feedstocks. They focus on Vitamin E, phytosterols, and surfactants, serving the nutraceutical, personal care, food & beverage, and animal nutrition markets. Their commitment to sustainability and circular innovation is a key differentiator. They are actively expanding their market presence and product portfolio.",0,None detected,0,0,None detected,"Apollo Multi-Pass Org Graph, Company Leadership Web Crawler, Nutraceutical Knowledge Base",2026-09-14T05:31:41.792414+00:00
Kerry Group plc,kerry.com,"Tralee, County Kerry, Ireland",Nutrition ingredients,0,None detected,0,None detected,"Quality Analyst, R&D Scientist, Sales, Account Manager, Production Operator, Training Specialist, Regulatory Affairs, QA/QC",Food Ingredient Specialist | Flavor Innovation Scientist | Dairy Ingredient Sales Representative | Packaging Production Operator | Food Safety Training Specialist | Regulatory Compliance Officer | Quality Control Analyst | Process Scientist,"Kerry Group is a global leader in taste and nutrition innovation, seeking individuals with expertise in food science, flavor development, sales, and regulatory affairs. They are focused on creating ingredients and solutions that enhance the taste and nutritional value of food and beverage products, catering to diverse customer needs across various industries. Due to its extensive acquisitions and global presence, Kerry actively recruits talent in areas such as biotechnology, fermentation, and supply chain management to support its expanding portfolio and innovative offerings.",0,None detected,0,0,None detected,"Apollo Multi-Pass Org Graph, Company Leadership Web Crawler, Nutraceutical Knowledge Base",2026-09-14T05:31:41.792452+00:00
Kikkoman Trading Europe Gmbh,kikkoman.eu,"Düsseldorf, Germany",Food ingredients,0,None detected,0,None detected,"QA/QC, R&D, Sales, Regulatory Affairs, Supply Chain Management, Production, Marketing",Quality Assurance Analyst | Research & Development Scientist | Sales Representative | Regulatory Compliance Specialist | Supply Chain Coordinator | Production Technician | Marketing Specialist,"Kikkoman Trading Europe GmbH is focused on distributing soy sauce and related products across Europe. They likely require personnel in quality control to maintain product standards, research and development to innovate new products and flavors, sales to expand market reach, and regulatory affairs to ensure compliance with European food regulations. Given their global presence, supply chain management and marketing roles are also crucial. The company's emphasis on safety and quality (as evidenced by FSSC 22000 certification) suggests a need for skilled QA/QC professionals.",0,None detected,0,0,None detected,"Apollo Multi-Pass Org Graph, Company Leadership Web Crawler, Nutraceutical Knowledge Base",2026-09-14T05:31:41.792492+00:00
"Kisuma Americas, Inc.",kisuma.us,"Takamatsu, Kagawa, Japan",Branded ingredients,0,None detected,0,None detected,"Chemical Manufacturing, R&D, Sales, Technical Support, Regulatory Affairs",Chemical Manufacturing Specialist | Research and Development Scientist | Sales Representative | Technical Service Engineer | Regulatory Compliance Officer,"Kisuma Americas, Inc. is a chemical manufacturer specializing in magnesium compounds and hydrotalcites, offering solutions for PVC stabilization, flame retardancy, and acid scavenging. They target industries including plastics, medical, pharmaceutical, agricultural coatings, and adhesives. The company emphasizes a global presence, leveraging its parent company, Setolas Holdings, Japan, for research and development and logistical support. They are focused on environmentally friendly and compliant products, particularly magnesium hydroxide flame retardants.",0,None detected,0,0,None detected,"Apollo Multi-Pass Org Graph, Company Leadership Web Crawler, Nutraceutical Knowledge Base",2026-09-14T05:31:41.792528+00:00
Kröner-Stärke GmbH,krnerstrke.com,"Bad Homburg, Germany",Contract Manufacturer & CDMO,0,None detected,0,None detected,"Regulatory, QA/QC, R&D, Sales, Manufacturing, Technical Support",Regulatory Affairs Specialist | Quality Control Analyst | Research Scientist | Sales Representative | Production Technician | Technical Support Engineer,"Kröner-Stärke GmbH, a part of Fresenius, focuses on the production of wheat starch and related products. Given the regulatory nature of the industry and the company's involvement in food ingredients, they likely require personnel in regulatory affairs, quality control, and research & development to ensure product compliance and innovation. Sales roles would be needed to market these products to various industries.",0,None detected,0,0,None detected,"Apollo Multi-Pass Org Graph, Company Leadership Web Crawler, Nutraceutical Knowledge Base",2026-09-14T05:31:41.792578+00:00
Kymos Group,kymos.com,Barcelona (Kymos Spain),Contract Manufacturer & CDMO,0,None detected,0,None detected,"Regulatory, QA/QC, R&D, Sales, Bioanalysis, CMC, Analytical Development, Validation",Regulatory Scientist | Quality Analyst | R&D Scientist | Sales Representative | Bioanalytical Scientist | CMC Specialist | Analytical Development Scientist | Validation Scientist,"Kymos Group is a contract research organization (CRO) specializing in bioanalytical and quality control services for small molecules, biologics, and nucleic acids. They offer a comprehensive range of services, including bioanalysis, CMC testing, and analytical development, catering to the pharmaceutical, biotechnology, and generic industries. Their expertise lies in supporting clients throughout the drug development lifecycle, from early research to commercialization. They are known for their GMP-certified laboratories, FDA and EMA inspections, and commitment to regulatory compliance. The company's focus on innovation and customized solutions positions it as a valuable partner for companies seeking to accelerate drug development and reduce time to market.",0,None detected,0,0,None detected,"Apollo Multi-Pass Org Graph, Company Leadership Web Crawler, Nutraceutical Knowledge Base",2026-09-14T05:31:41.792613+00:00
Kyowa Hakko USA,kyowa-usa.com,"New York, NY","Branded ingredients,Nutrition ingredients",0,None detected,0,None detected,"R&D, Regulatory, QA/QC, Sales, Marketing, Product Development, Technical Support",Research Scientist | Regulatory Affairs Specialist | Quality Analyst | Sales Representative | Marketing Manager | Formulation Scientist | Technical Support Engineer | Product Manager,"Kyowa Hakko USA is focused on developing and marketing branded ingredients, primarily focused on neuroscience (Cognizin Citicoline), glutathione (Setria Glutathione), and other nutraceutical ingredients. They are actively seeking talent in R&D, regulatory affairs, sales, and marketing to support their expanding portfolio and market presence. The company's commitment to innovation and quality assurance drives the need for skilled professionals with expertise in fermentation technology, amino acid chemistry, and clinical research. Given the FDA warning letter regarding data integrity, there may be increased scrutiny of quality control and regulatory compliance roles.",0,None detected,0,1,[PRODUCT_LAUNCH] Kyowa Hakko launches postbiotic IMMUSE in Mexico - Nutraceutical Business Review,"Apollo Multi-Pass Org Graph, Company Leadership Web Crawler, Nutraceutical Knowledge Base",2026-09-14T05:31:41.792652+00:00
Kündig Nahrungsmittel GmbH & CO KG(Kunding Group),kuendig.com,Zurich,Food ingredients,0,None detected,0,None detected,"Regulatory, QA/QC, R&D, Sales, Production, Technical Service, Engineering, Quality Assurance, Manufacturing",Regulatory Affairs Specialist | Quality Control Analyst | Research & Development Scientist | Sales Manager | Production Supervisor | Technical Support Engineer | Process Engineer | Quality Assurance Engineer | Manufacturing Technician,"Kündig Group, specializing in food ingredients and pharmaceutical solutions, requires professionals with expertise in regulatory compliance, quality control, research and development, sales, and production. Given their focus on EU-GMP sterilization and processing, roles in pharmaceutical quality assurance and regulatory affairs are particularly important. The company's emphasis on innovation and modern finishing centers suggests a need for engineers and technical specialists. Their B2B product store and industry solutions indicate a demand for sales and customer service professionals.",0,None detected,0,0,None detected,"Apollo Multi-Pass Org Graph, Company Leadership Web Crawler, Nutraceutical Knowledge Base",2026-09-14T05:31:41.792704+00:00
LC INGREDIENTS,lcingredients.com,UK,Nutrition ingredients,0,None detected,0,None detected,"R&D, Regulatory, QA/QC, Sales, Marketing & Communication, Product Development",Regulatory Scientist | Quality Analyst | Research & Development Technician | Sales Manager | Marketing Specialist | Product Development Manager,"LC Ingredients is a distributor of healthy, innovative and high-tech ingredients, organic vitamins and minerals for food supplements (and pet food) and cosmetics. They focus on sourcing and distributing premium ingredients, particularly those with clinical backing, for applications in nutraceuticals and cosmetics. Given their focus on high-tech ingredients and partnerships, they likely require talent in R&D, regulatory affairs, and sales to manage these complex ingredient relationships and market them effectively. The company's association with La Lega del Filo D'Oro suggests a need for personnel with expertise in areas related to health and wellness, potentially including roles focused on consumer engagement and brand strategy.",0,None detected,0,0,None detected,"Apollo Multi-Pass Org Graph, Company Leadership Web Crawler, Nutraceutical Knowledge Base",2026-09-14T05:31:41.792738+00:00
LIMAGRAIN INGREDIENTS,limagrain-ingredients.com,RIOM - FRANCE,Food ingredients,0,None detected,0,None detected,"R&D, Sales, QA/QC, Regulatory, Operations, Sales, Technical, Production",R&D Scientist | Sales Representative | Quality Analyst | Regulatory Affairs Specialist | Operations Technician | Food Chain Representative | Production Manager | Supply Chain Specialist,"Limagrain Ingredients is seeking professionals with expertise in R&D, sales, quality control, and regulatory affairs to support its growing business lines in agri-food, pet food, and animal nutrition. The company is focused on innovation and expanding its market presence, particularly in functional flours and heat-treated cereal ingredients. They are actively hiring for roles related to supply chain management and operations to support their production and distribution network. The company's strategic goals include becoming the European leader in functional flours and doubling in size, indicating a need for skilled personnel to drive growth and innovation.",0,None detected,0,1,[FACILITY_EXPANSION] Limagrain Ingredients inaugurates a new production line at its Arques site - Snack Food & Wholesale Bakery,"Apollo Multi-Pass Org Graph, Company Leadership Web Crawler, Nutraceutical Knowledge Base",2026-09-14T05:31:41.792790+00:00
Laboratoires Expanscience,laboratoiresexpanscience.com,"Paris La Défense, France",Contract Manufacturer & CDMO,0,None detected,0,None detected,"Regulatory, QA/QC, R&D, Sales, Marketing, Pharmacology, Clinical Research, Manufacturing, Supply Chain",Regulatory Scientist | Quality Analyst | Research & Development Scientist | Sales Representative | Marketing Specialist | Pharmacologist | Clinical Research Associate | Manufacturing Technician | Supply Chain Manager,"Laboratoires Expanscience is a pharmaceutical and dermocosmetic company focused on developing and marketing active ingredients and finished products. They have a strong presence in dermocosmetics, rheumatology, and dermatology. They are actively expanding their international reach and investing in research and development, particularly in natural and sustainable ingredients. They are seeking talent in regulatory affairs, R&D, sales, and manufacturing to support their growth strategy and maintain their competitive advantage. Given their B Corp certification, they likely prioritize sustainable and ethical practices in their recruitment.",0,None detected,0,3,"[MERGER_ACQUISITION] Laboratoires Expanscience Acquires Babo Botanicals - PR Newswire | [MERGER_ACQUISITION] Laboratoires Expanscience expands in North America with Babo Botanicals acquisition - Premium Beauty News | [PRODUCT_LAUNCH] In-Cosmetics Global 2026: Expanscience unveils OSMOLYA, a new bio-inspired active ingredient for cellular hydration, for skin and hair - Cosmetics Business","Apollo Multi-Pass Org Graph, Company Leadership Web Crawler, Nutraceutical Knowledge Base",2026-09-14T05:31:41.792844+00:00
Layn Natural Ingredients,layncorp.com,"Guilin, Guangxi Province, China","Botanica extracts,Branded ingredients",0,None detected,0,None detected,"R&D, QA/QC, Regulatory, Sales, Marketing, Operations",Research Scientist | Quality Analyst | Regulatory Affairs Specialist | Sales Manager | Marketing Specialist | Operations Manager,"Layn Natural Ingredients is seeking talent to support its global operations, particularly in R&D, regulatory affairs, and sales, given its focus on plant-based functional ingredients and solutions. They require individuals with expertise in botanical extraction, quality control, and market development to drive growth in the food & beverage, nutrition, and personal care industries. The company's vertically integrated supply chain and commitment to sustainability create opportunities for roles focused on supply chain management and sustainable sourcing.",0,None detected,0,3,"[PRODUCT_LAUNCH] Layn Natural Ingredients launches plant-based sweetener SteviUp M2 for food and beverage application - Nutritional Outlook | [PRODUCT_LAUNCH] Layn Natural Ingredients Expands Biotech Capacity, Launches Precision Fermentation-derived Beta Glucan - Cosmetics & Toiletries | [PRODUCT_LAUNCH] Layn Natural Ingredients debuts new beta glucan ingredient, expands precision fermentation facility - Nutraceutical Business Review","Apollo Multi-Pass Org Graph, Company Leadership Web Crawler, Nutraceutical Knowledge Base",2026-09-14T05:31:41.792883+00:00
Lehmann and Voss and Co. KG,lehvoss.com,Hamburg,"Food ingredients,nutrition ingredients",0,None detected,0,None detected,"Sales, R&D, QA/QC, Regulatory, Production",Sales Manager | Research Scientist | Quality Analyst | Regulatory Affairs Specialist | Production Engineer,"LEHVOSS Group is a chemical and mineral specialty supplier with a focus on distribution, trade, and production. They cater to approximately 7,000 customers in various industries, including nutrition, pharmaceuticals, and food. The company emphasizes technological solution expertise, personalized advice, and individual services. They are expanding their presence in key European markets and have a growing focus on the Chinese procurement market. They are actively involved in innovation and development of new ingredients and materials.",0,None detected,0,0,None detected,"Apollo Multi-Pass Org Graph, Company Leadership Web Crawler, Nutraceutical Knowledge Base",2026-09-14T05:31:41.792927+00:00
Lehmann&Voss&Co. KG,lehvoss.com,Hamburg,Chemicals ingredients,0,None detected,0,None detected,"Regulatory, QA/QC, R&D, Sales, Marketing, Production, Technical Development",Regulatory Scientist | Quality Analyst | Research & Development Scientist | Sales Manager | Marketing Specialist | Production Technician | Chemical Engineer | Formulation Scientist,"Lehmann&Voss&Co. KG is a family-owned chemical company specializing in the production and distribution of nutritional and mineral specialties. They cater to a diverse range of industries, including food, pharmaceuticals, and animal nutrition. Due to their long history and focus on innovation, they require talent in regulatory affairs, quality control, research and development, sales, and technical support. They are actively seeking individuals with expertise in formulation science, ingredient sourcing, and market analysis. Given their global presence, they need multilingual sales and marketing professionals. The company's commitment to sustainability and quality management drives the need for skilled personnel in these areas.",0,None detected,0,0,None detected,"Apollo Multi-Pass Org Graph, Company Leadership Web Crawler, Nutraceutical Knowledge Base",2026-09-14T05:31:41.792968+00:00
Leprino Nutrition,leprinonutrition.com,"Denver, CO",Nutrition ingredients,0,None detected,0,None detected,"Sales, R&D, QA/QC, Regulatory, Nutrition, Innovation, Supply Chain, Engineering, Manufacturing, Human Resources, Finance, Marketing, Sales Operations",Nutrition Sales Specialist | R&D Scientist | Quality Control Analyst | Regulatory Affairs Manager | Sales Manager | Innovation Manager | Supply Chain Analyst | Process Engineer | Manufacturing Supervisor | HR Specialist | Financial Analyst | Marketing Specialist | Sales Operations Coordinator,"Leprino Nutrition is actively seeking talent across various functions, particularly in sales, R&D, and supply chain, driven by its commitment to innovation and expanding its global market presence. They prioritize individuals with experience in food and beverage ingredients, nutritional science, and quality control. The company's focus on customized ingredients and collaborative partnerships suggests a need for roles in technical service, application development, and customer relationship management. Given their SQF Level 3 certified facilities and ongoing investment in technology, expertise in food safety and quality management systems is highly valued.",0,None detected,0,0,None detected,"Apollo Multi-Pass Org Graph, Company Leadership Web Crawler, Nutraceutical Knowledge Base",2026-09-14T05:31:41.793007+00:00
Listgrove Ltd,listgrove.com,"Stratford-upon-Avon, Warwickshire, United Kingdom",Contract Manufacturer & CDMO,0,None detected,0,None detected,"Sales, R&D, QA/QC, Regulatory, Operations, Marketing, Executive Search, HR, Business Development",Sales Manager | R&D Scientist | Quality Analyst | Regulatory Affairs Specialist | Operations Manager | Marketing Specialist | Executive Search Consultant | HR Generalist | Business Development Manager,"Listgrove Ltd is a specialist recruitment provider focusing on the plastics, packaging, chemicals, petrochemicals, energy, and recycling sectors. They offer bespoke recruitment solutions, leveraging a 50-year network and a multi-lingual team to source executive and functional specialists across Europe, the Americas, Asia, and the Middle East. Their services include C-Level appointments, search volume recruitment, interim appointments, and HR services, catering to a diverse client base including FTSE companies, SMEs, and private equity firms. They emphasize a collaborative approach and a deep understanding of client needs within these specialized industries.",0,None detected,0,0,None detected,"Apollo Multi-Pass Org Graph, Company Leadership Web Crawler, Nutraceutical Knowledge Base",2026-09-14T05:31:41.793044+00:00
"Lugo Nutrition, Inc.",lugonutrition.com,"Nyack, NY",Nutrition ingredients,0,None detected,0,None detected,"Regulatory, QA/QC, R&D, Sales, Technical Support",Regulatory Scientist | Quality Analyst | Research & Development Scientist | Sales Representative | Technical Support Specialist,"Lugo Nutrition, Inc. focuses on supplying high-quality ingredients to the food, beverage, pharmaceutical, and nutrition industries. They specialize in color, taste, texture, and nutritional ingredients, particularly carotenoids and natural flavors. The company emphasizes GMP certification and rigorous testing to ensure product quality and safety. They are actively seeking to expand their market presence and build strong relationships with customers in these industries. Due to the focus on quality and regulatory compliance, they likely require personnel with expertise in regulatory affairs, quality control, research and development, and sales to support their operations and market expansion.",0,None detected,0,0,None detected,"Apollo Multi-Pass Org Graph, Company Leadership Web Crawler, Nutraceutical Knowledge Base",2026-09-14T05:31:41.793083+00:00
Lycored,lycored.com,"Branchburg, NJ, USA",Nutrition ingredients,2,"Dafna Cohen (Asher Named CEO of Lycored, Adama) | Rony Patishi (Chillim to Head Lycored)",0,None detected,"Regulatory, R&D, QA/QC, Sales, Marketing, Product Development",Regulatory Scientist | Quality Analyst | Research & Development Scientist | Sales Manager | Marketing Specialist | Product Development Scientist,"Lycored is focused on providing natural color solutions to the food and beverage industry, leveraging its expertise in carotenoid ingredients. They are actively expanding their production capacity and developing new applications for their products, particularly in areas like stable colors and functional ingredients. Recruitment needs likely include scientists with expertise in color chemistry, formulation, regulatory affairs, and sales/marketing professionals with experience in the food and beverage industry. The company's investment in a new facility suggests a need for personnel in manufacturing, operations, and quality control.",0,None detected,0,0,None detected,"Apollo Multi-Pass Org Graph, Company Leadership Web Crawler, Nutraceutical Knowledge Base",2026-09-14T05:31:41.793142+00:00
MAFCO Worldwide LLC,mafco.com,"Mt. Laurel, NJ",Licorice,0,None detected,0,None detected,"R&D, Sales, Regulatory Affairs, Technical Support, Business Development",Flavor Scientist | Application Scientist | Technical Sales Representative | Regulatory Specialist | Product Development Scientist,"Mafco Worldwide specializes in the production and distribution of licorice-derived flavor enhancers, primarily through its MagnaSweet® product line. They target food and beverage manufacturers seeking to mask off-notes, enhance sweetness, and improve mouthfeel in reduced-sugar and sugar-free formulations. Given their focus on Glycyrrhizic Acid (MAG), they likely recruit scientists with expertise in flavor chemistry, food science, and regulatory affairs. Demand is driven by the increasing consumer trend towards healthier, reduced-sugar options, creating a need for skilled professionals who can translate MAG's properties into innovative product applications. Competition comes from other natural sweetener companies and flavor masking agents.",0,None detected,0,0,None detected,"Apollo Multi-Pass Org Graph, Company Leadership Web Crawler, Nutraceutical Knowledge Base",2026-09-14T05:31:41.793181+00:00
MARKLAND Ingredients GmbH,markland-ingredients.com,Walluf,Food ingredients,0,None detected,0,None detected,"R&D, QA/QC, Sales, Regulatory, Flavor Development, Production Management, Sales Management","Flavor Scientist | Quality Control Analyst | R&D Scientist | Sales Representative | Regulatory Affairs Specialist | Dairy Flavor Specialist | Cheese Production Manager | Food Process Engineer | Senior Sales Manager - Ingredients, Bakery | Senior Scientist, Beverage","MARKLAND Ingredients GmbH focuses on developing and producing customer-specific seasonings for the food industry. They leverage their expertise in organic, vegan, regional raw materials, and flavor development to create tailored solutions for brands. Due to the company's focus on custom formulations and quality control, they likely require talent in R&D, QA/QC, regulatory affairs, and sales to support their diverse customer base and maintain product consistency and compliance.",0,None detected,0,0,None detected,"Apollo Multi-Pass Org Graph, Company Leadership Web Crawler, Nutraceutical Knowledge Base",2026-09-14T05:31:41.793223+00:00
MartinBauer,martin-bauer.com,"Vestenbergsgreuth, Germany",Botanical extracts,0,None detected,0,None detected,"Sales, Customer Service, R&D, QA/QC, Regulatory",Sales Manager | Customer Service Representative | R&D Scientist | Quality Analyst | Regulatory Affairs Specialist,"Martin Bauer is a German company specializing in the sourcing and production of plant-based teas, beverages, extracts, and botanicals. They are seeking individuals with sales, customer service, research and development, quality assurance, and regulatory affairs expertise to support their global operations and expand their product offerings. The company emphasizes relationships with suppliers and customers, and a commitment to quality and safety.",0,None detected,0,0,None detected,"Apollo Multi-Pass Org Graph, Company Leadership Web Crawler, Nutraceutical Knowledge Base",2026-09-14T05:31:41.793262+00:00
Mast-Jägermeister SE,mastjgermeister.com,"Wolfenbüttel, Lower Saxony",Nutraceutical Packaging Specialist,0,None detected,0,None detected,"Regulatory, QA/QC, R&D, Sales, Marketing, Legal",Regulatory Affairs Specialist | Quality Control Analyst | Research & Development Scientist | Sales Representative | Marketing Specialist | Legal Counsel,"Mast-Jägermeister SE focuses on maintaining its brand reputation and responsible consumption messaging. Due to its heritage as a family-owned business and global distribution, they likely seek individuals with international experience, regulatory expertise to manage product compliance across various markets, and strong marketing skills to promote responsible drinking. Given the emphasis on quality control and the unique herbal blend, R&D and QA/QC roles are also critical.",0,None detected,0,0,None detected,"Apollo Multi-Pass Org Graph, Company Leadership Web Crawler, Nutraceutical Knowledge Base",2026-09-14T05:31:41.793301+00:00
Maypro Industries,maypro.com,US,Branded ingredients,0,None detected,0,None detected,"Regulatory, QA/QC, R&D, Sales, Marketing, Product Management, Business Development, Operations, Supply Chain, Human Resources",Regulatory Scientist | Quality Analyst | Research & Development Scientist | Sales Representative | Marketing Specialist | Associate Product Manager | Business Development Manager | Operations Manager | Supply Chain Analyst | Human Resources Specialist,"Maypro Industries is a global supplier of nutraceutical ingredients and fine chemicals. They are focused on expanding their global presence and building bridges between Japan and the US markets. They are actively seeking talent in regulatory affairs, quality control, research and development, sales, and marketing to support their growing business operations and new product launches. Given their focus on clinically researched ingredients, roles requiring scientific expertise and market understanding are likely priorities. The company's expansion into Europe and Latin America suggests a need for talent with international experience and cross-cultural communication skills.",0,None detected,0,0,None detected,"Apollo Multi-Pass Org Graph, Company Leadership Web Crawler, Nutraceutical Knowledge Base",2026-09-14T05:31:41.793343+00:00
Mays Chemical,mayschem.com,"Indianapolis, IN",Nutritional ingredients,0,None detected,0,None detected,"Sales, Regulatory, QA/QC, R&D, Supply Chain, Account Management",Account Manager | Sales Representative | Regulatory Scientist | Quality Analyst | R&D Scientist | Supply Chain Specialist,"Mays Chemical is a national distributor of chemical and raw materials, specializing in food, beverage & nutrition, pharma, personal care, automotive, pet care, and industrial solutions. They require sales professionals, regulatory experts, quality control specialists, and R&D scientists to support their distribution network and customer relationships. Given their focus on certifications (GFSI SQF, MBE), they likely need personnel with expertise in these areas. The company's growth and expansion suggest a need for supply chain specialists and account managers to manage customer relationships and expand their market reach.",0,None detected,0,0,None detected,"Apollo Multi-Pass Org Graph, Company Leadership Web Crawler, Nutraceutical Knowledge Base",2026-09-14T05:31:41.793379+00:00
Medical Trading Germany GmbH,mtg-hh.de,Seevetal,nutraceutical ingredients,0,None detected,0,None detected,"Regulatory Affairs, QA/QC, R&D, Sales, Supply Chain Management, Marketing",Regulatory Scientist | Quality Analyst | Research & Development Scientist | Sales Manager | Supply Chain Specialist | Marketing Specialist,"Medical Trading Germany GmbH operates in the pharmaceutical and nutraceutical ingredient distribution sector, focusing on APIs, intermediates, and finished products. Due to its involvement in GMP compliance and regulatory affairs, the company requires talent with expertise in regulatory submissions, quality control, research and development, sales, and supply chain management. The company's global partnerships and distribution network suggest a need for individuals with international experience and strong communication skills. The company's focus on nutritional supplements and ingredients indicates a need for R&D personnel with knowledge of nutraceuticals and formulation development.",0,None detected,0,0,None detected,"Apollo Multi-Pass Org Graph, Company Leadership Web Crawler, Nutraceutical Knowledge Base",2026-09-14T05:31:41.793416+00:00
"Metabolic technologies,Inc",metabolic.com,"Ames, Iowa",Branded ingredients,0,None detected,0,None detected,"R&D, Regulatory, QA/QC, Sales, Marketing, Product Development",Research Scientist | Regulatory Affairs Specialist | Quality Control Analyst | Sales Representative | Marketing Specialist | Product Manager,"Metabolic Technologies, Inc. focuses on the research, development, and licensing of nutritional ingredients, primarily HMB, for use in sports nutrition and health supplements. Due to its research-driven nature, the company likely requires scientists, regulatory specialists, and quality control personnel. Sales and marketing roles are also crucial for commercializing its products. Given the company's focus on clinical trials and regulatory compliance, expertise in these areas is highly valuable.",0,None detected,0,1,"[MERGER_ACQUISITION] TSI Group acquires Metabolic Technologies, repositions HMB for healthy aging - Nutritional Outlook","Apollo Multi-Pass Org Graph, Company Leadership Web Crawler, Nutraceutical Knowledge Base",2026-09-14T05:31:41.793459+00:00
MicroTec GmbH,microtec.com,"Bressanone, Italy",Contract Manufacturer & CDMO,0,None detected,0,None detected,"R&D, Sales, Engineering, Technical Support, Regulatory Affairs, QA/QC, Marketing",Research Scientist | Sales Engineer | Mechanical Engineer | Application Specialist | Quality Control Analyst | Marketing Specialist | Technical Support Engineer,"MicroTec GmbH is a biotechnology solutions provider specializing in microbial fermentation and culture development. They require talent in R&D, engineering, sales, and technical support to develop and manufacture customized solutions for the food & beverage, agriculture, and healthcare sectors. Given their focus on contract fermentation and process development, they likely seek individuals with backgrounds in microbiology, fermentation technology, and process engineering. They are actively hiring across multiple locations and are looking for individuals with a strong technical background and customer interaction skills.",0,None detected,0,0,None detected,"Apollo Multi-Pass Org Graph, Company Leadership Web Crawler, Nutraceutical Knowledge Base",2026-09-14T05:31:41.793492+00:00
Microphyt,microphyt.eu,"Baillargues, Occitanie 34670 France",microalgae,0,None detected,0,None detected,"R&D, Sales, Marketing, Regulatory Affairs, Business Development",Research Scientist | Sales Executive | Marketing Specialist | Regulatory Affairs Specialist | Business Development Manager,"Microphyt is focused on developing and marketing microalgae-based bioactives for the nutraceutical and cosmetic industries. They are actively seeking talent to support their expanding market reach, particularly in sales, marketing, and regulatory affairs, leveraging their sustainable and innovative ingredient offerings. Recent hires, including a Chief Commercial Officer, indicate a strategic focus on growth and expansion within the health and beauty sectors. The company's commitment to sustainability and upcycled ingredients is a key differentiator, attracting talent interested in environmentally conscious solutions.",0,None detected,0,0,None detected,"Apollo Multi-Pass Org Graph, Company Leadership Web Crawler, Nutraceutical Knowledge Base",2026-09-14T05:31:41.793528+00:00
Milei GmbH,milei.de,Leutkirch,"Food ingredients,probiotics",0,None detected,0,None detected,"R&D, Quality Assurance, Regulatory Affairs, Sales, Production, Innovation",Research Scientist | Quality Analyst | Regulatory Specialist | Sales Manager | Production Engineer | Innovation Manager,"Milei GmbH is a global player specializing in nutritionally and technologically functional whey proteins. They focus on high-quality ingredients and innovative product development, leveraging decades of expertise in milk and whey derivatives. The company emphasizes sustainability, partnerships, and a commitment to meeting the specific needs of diverse consumer segments, including infants, athletes, and seniors. They operate within a highly regulated industry, necessitating strong regulatory compliance and quality control capabilities. The company's location in the Allgäu region, known for its high-quality agricultural products, provides a competitive advantage.",0,None detected,0,0,None detected,"Apollo Multi-Pass Org Graph, Company Leadership Web Crawler, Nutraceutical Knowledge Base",2026-09-14T05:31:41.793563+00:00
"Monteloeder USA, Inc",monteloeder.com,Spain,"Botanical extracts,Branded ingredients",0,None detected,0,None detected,"R&D, Regulatory, QA/QC, Sales, Product Development, Clinical Studies",Regulatory Scientist | Quality Analyst | R&D Scientist | Product Development Specialist | Clinical Trial Manager | Sales Manager,"Monteloeder specializes in the development of science-based functional ingredients for the nutraceutical and food supplement industries. They focus on providing scientifically researched botanical ingredients, often with clinical study support, to brands seeking innovative solutions for health and wellness products. Their expertise lies in transforming plant compounds into bioactive ingredients, particularly for cosmetic applications, and they emphasize a commitment to quality and regulatory compliance.",0,None detected,0,0,None detected,"Apollo Multi-Pass Org Graph, Company Leadership Web Crawler, Nutraceutical Knowledge Base",2026-09-14T05:31:41.793599+00:00
Monteloeder by SUANNUTRA,monteloeder.com,"Elx, Alicante, Spain",Contract Manufacturer & CDMO,0,None detected,0,None detected,"Regulatory, QA/QC, R&D, Sales, Marketing, Technical Support, Quality Assurance, Clinical Research, Formulation Development, Business Development",Regulatory Scientist | Quality Analyst | Research & Development Scientist | Sales Manager | Marketing Specialist | Technical Support Engineer | QA/QC Manager | Clinical Trial Manager | Formulation Chemist | Business Development Manager,"Monteloeder by SUANNUTRA is a B2B company specializing in the development and supply of scientifically validated botanical ingredients for the nutraceutical and functional food industries. They focus on providing branded ingredients and premium botanical extracts, leveraging clinical research and regulatory expertise. Due to their focus on high-quality, scientifically-backed ingredients, they likely require individuals with backgrounds in chemistry, biology, pharmaceutical science, regulatory affairs, and sales/marketing within the nutraceutical sector. The company's recent integration into the Suannutra Group suggests a strategic focus on expanding its global reach and product portfolio, potentially leading to roles in international business development and supply chain management.",0,None detected,0,3,"[MERGER_ACQUISITION] M&A Update: Carbyne Equity Partners Acquires SuanNutra - WholeFoods Magazine | [PRODUCT_LAUNCH] Suannutra debuts digital dietary supplement formulation tool, SuanBlend - Nutraceutical Business Review | [PRODUCT_LAUNCH] Monteloeder debuts cognitive health-boosting nootropic, MINDREVIVE - Nutraceutical Business Review","Apollo Multi-Pass Org Graph, Company Leadership Web Crawler, Nutraceutical Knowledge Base",2026-09-14T05:31:41.793635+00:00
Monterey Bay Herb Co.,herbco.com,"Watsonville, California",Natural extracts,0,None detected,0,None detected,"Regulatory, QA/QC, R&D, Sales, Customer Service, Operations, Supply Chain",Regulatory Scientist | Quality Analyst | Research & Development Scientist | Sales Representative | Customer Service Representative | Operations Specialist | Supply Chain Coordinator,"Monterey Bay Herb Co. is seeking individuals with experience in the botanical industry, particularly those with backgrounds in quality control, regulatory affairs, and research & development. Given their focus on supplying bulk herbs and botanicals to nutraceutical, functional food, and beverage companies, they likely require personnel with a strong understanding of botanical sourcing, formulation, and manufacturing processes. Sales roles will focus on business-to-business sales to companies in the health and wellness sector. Customer service will be critical for supporting their diverse customer base.",0,None detected,0,0,None detected,"Apollo Multi-Pass Org Graph, Company Leadership Web Crawler, Nutraceutical Knowledge Base",2026-09-14T05:31:41.793679+00:00
Mountain Rose Herbs,mountainroseherbs.com,"Eugene, Oregon, United States",Natural extracts,0,None detected,0,None detected,"R&D, QA/QC, Sales, Regulatory, Operations, Customer Service",Research Scientist | Quality Analyst | Sales Representative | Regulatory Affairs Specialist | Operations Manager | Customer Service Representative,"Mountain Rose Herbs is seeking individuals with expertise in herbal formulation, quality control, sales, and regulatory affairs. They prioritize sustainable sourcing and ethical business practices, indicating a need for candidates with a strong understanding of organic certification and supply chain management. Given their expanding retail presence, roles in customer service and operations are also key. The company's commitment to innovation suggests a need for R&D personnel.",0,None detected,0,0,None detected,"Apollo Multi-Pass Org Graph, Company Leadership Web Crawler, Nutraceutical Knowledge Base",2026-09-14T05:31:41.793714+00:00
Mueggenburg USA,mueggenburg.com,"Culver, Oregon","Botanicalextracts,Herbal extracts",0,None detected,0,None detected,"R&D, QA/QC, Regulatory, Sales, Operations, Supply Chain",Regulatory Scientist | Quality Analyst | Botanical Sourcing Specialist | Sales Representative | Operations Manager | Supply Chain Coordinator,"Mueggenburg USA is a supplier of dried botanical ingredients, primarily serving the food, beverage, and dietary supplement industries. They emphasize quality control, traceability, and custom processing services. Due to their BRCGS certification and focus on high-quality ingredients, they likely attract candidates with backgrounds in food science, quality assurance, regulatory affairs, and supply chain management. The company's family-owned heritage and commitment to sustainable harvesting may also appeal to candidates seeking a stable and values-driven work environment. They are actively seeking to expand their market presence and may be hiring for sales and business operations roles.",0,None detected,0,0,None detected,"Apollo Multi-Pass Org Graph, Company Leadership Web Crawler, Nutraceutical Knowledge Base",2026-09-14T05:31:41.793748+00:00
NATURAL INGREDIENTS SOLUTION SRL,naturalingredientssolution.com,Via Messina 244 Catania Sicilia 95127,Botanical extracts,0,None detected,0,None detected,"R&D, QA/QC, Regulatory, Sales, Distribution",Research Scientist | Quality Analyst | Regulatory Affairs Specialist | Sales Representative | Distribution Manager,"Natural Ingredients Solution S.r.l. operates in the distribution of raw materials for cosmetics, food supplements, and nutraceuticals. Given its focus on quality and organic ingredients, the company likely requires talent in R&D to develop new formulations, QA/QC to ensure product safety and compliance, regulatory affairs to navigate industry regulations, sales to manage customer relationships and distribution to oversee logistics. The company's commitment to sustainable practices suggests a need for individuals with expertise in environmentally friendly sourcing and production.",0,None detected,0,0,None detected,"Apollo Multi-Pass Org Graph, Company Leadership Web Crawler, Nutraceutical Knowledge Base",2026-09-14T05:31:41.793787+00:00
NATURANDO Srl,naturando.it,"Bergamo, Lombardy, Italy",Natural ingredients,0,None detected,0,None detected,"R&D, Sales, Regulatory, QA/QC, Product Development",Research Scientist | Sales Representative | Regulatory Affairs Specialist | Quality Control Analyst | Formulation Scientist,"Naturando focuses on developing and marketing dietary supplements, herbal products, and nutraceutical products. They leverage a strong history (established in 1975) and a focus on natural ingredients, particularly Ginseng, to target consumers seeking wellness solutions. Given their emphasis on standardized active phytotherapeutic ingredients and rigorous scientific research, they likely require talent in formulation science, quality control, regulatory affairs, and sales to support their product line and distribution network. The company's commitment to sustainability and certifications (BIO, AIAB) suggests a need for expertise in these areas as well.",0,None detected,0,0,None detected,"Apollo Multi-Pass Org Graph, Company Leadership Web Crawler, Nutraceutical Knowledge Base",2026-09-14T05:31:41.793825+00:00
NATUREX,naturex.com,"Avignon, France",Natural extracts,0,None detected,0,None detected,"R&D, QA/QC, Sales, Regulatory, Manufacturing",Regulatory Scientist | Quality Analyst | R&D Scientist | Sales Representative | Manufacturing Technician,"Naturex is a leading supplier of plant-based ingredients, particularly extracts, for the food, flavor, nutraceutical, and cosmetic industries. They are focused on sourcing high-quality natural ingredients and developing innovative solutions for their customers. Due to their diverse product portfolio and global reach, they require talent in R&D, regulatory affairs, sales, manufacturing, and quality control to support their growth and maintain their market position. They are actively seeking individuals with expertise in plant chemistry, food science, and regulatory compliance.",0,None detected,0,0,None detected,"Apollo Multi-Pass Org Graph, Company Leadership Web Crawler, Nutraceutical Knowledge Base",2026-09-14T05:31:41.793862+00:00
NEXIRA,nexira.com,"Rouen, France","Natural ingredients,botanical extracts",0,None detected,0,None detected,"R&D, Manufacturing, Quality Assurance, Sales, Marketing, Regulatory Affairs, Technical Support, Supply Chain Management",Research Scientist | Quality Analyst | Production Engineer | Sales Representative | Marketing Specialist | Regulatory Compliance Officer | Technical Support Engineer | Supply Chain Coordinator,"Nexira is a global leader in natural ingredients and botanical extracts, specializing in acacia gum, prickly pear, and other plant-based ingredients for the food, health, and nutrition industries. They focus on providing sustainable and traceable sourcing, offering technical support and formulation expertise to their customers. Due to their strong focus on organic and clean label ingredients, they are actively recruiting for roles in R&D, production, sales, and marketing to support their growing global market presence and innovation pipeline.",0,None detected,0,0,None detected,"Apollo Multi-Pass Org Graph, Company Leadership Web Crawler, Nutraceutical Knowledge Base",2026-09-14T05:31:41.793891+00:00
NNB Nutrition,nnbnutrition.com,"California, USA",Branded ingredients,0,None detected,0,None detected,"R&D, Regulatory, QA/QC, Sales, Marketing, Product Development",Research Scientist | Regulatory Affairs Specialist | Quality Control Analyst | Sales Manager | Marketing Specialist | Formulation Scientist,"NNB Nutrition is focused on developing and supplying novel ingredients for the dietary supplement, functional food, and sports nutrition industries. They emphasize innovation, scientific research, and quality control. They are actively seeking individuals with expertise in ingredient development, regulatory affairs, quality assurance, sales, and marketing, particularly those with experience in areas like probiotics, sports nutrition, and anti-aging ingredients. The company's emphasis on patents and clinical research suggests a need for scientists and researchers to support these efforts. Their global team indicates a need for individuals with international experience and a strong understanding of diverse markets.",0,None detected,0,0,None detected,"Apollo Multi-Pass Org Graph, Company Leadership Web Crawler, Nutraceutical Knowledge Base",2026-09-14T05:31:41.793928+00:00
NP Nutra (Nature's Power Nutraceuticals),npnutra.com,Monterey Bay Herb Co.,"Branded ingredients,Natural extracts",0,None detected,0,None detected,"R&D, Quality Assurance, Regulatory, Sales, Sourcing, HR, Operations, Marketing",R&D Analyst | Quality Control Analyst | Regulatory Affairs Specialist | Sales Representative | Sourcing Manager | HR Manager | Operations Manager | Marketing Specialist,"NP Nutra focuses on supplying premium nutraceutical ingredients and botanical extracts, primarily to the functional food, beverage, dietary supplement, cosmetic, and pet care industries. They emphasize a rigorous Triple-T Verification® program for quality control and traceability, and a commitment to sustainable sourcing. Their business model centers around wholesale supply and building relationships with ingredient formulation companies. Given their focus on organic and non-GMO ingredients, they likely compete with other suppliers specializing in these areas. The company's acquisition by Monterey Bay Herb Co. suggests a strategic move to expand their product offerings and market reach.",0,None detected,0,0,None detected,"Apollo Multi-Pass Org Graph, Company Leadership Web Crawler, Nutraceutical Knowledge Base",2026-09-14T05:31:41.793962+00:00
NURA,nurausa.com,"Irvine, California",Branded ingredients,0,None detected,0,None detected,"Regulatory, QA/QC, R&D, Sales, Supply Chain Management, Clinical Development, Operations/Quality Management","Regulatory Scientist | Quality Analyst | Research & Development Scientist | Sales Representative | Supply Chain Manager | Clinical Trial Manager | Senior Director, Clinical Development","NURA is a leading ingredient distributor specializing in high-quality ingredients for the dietary supplements, food, and beverage industries. They focus on innovation and sustainability, offering a diverse portfolio including vegan proteins, herbal extracts, and natural sweeteners. NURA leverages its scientific advisory board and NSF GMP certification to build trust and support customer product development. The company is committed to delivering better ingredients and supporting its customers’ success.",0,None detected,0,0,None detected,"Apollo Multi-Pass Org Graph, Company Leadership Web Crawler, Nutraceutical Knowledge Base",2026-09-14T05:31:41.794008+00:00
NXT-USA,nxt-usa.com,"Edison, NJ",Branded ingredients,1,Scott Engberg (Its Vice President),0,None detected,"Regulatory, QA/QC, R&D, Sales, Marketing, Product Development, Business Development",Regulatory Scientist | Quality Analyst | Research Scientist | Sales Manager | Marketing Specialist | Product Formulation Scientist | Business Development Manager,"NXT USA focuses on supplying clinically validated nutraceutical ingredients, primarily for joint health, digestive health, hormonal health, and longevity. They are actively expanding their fast-track program for dietary supplements and utilize an online marketplace to connect with manufacturers and brands seeking specialty ingredients. The company emphasizes a science-driven approach to product development and utilizes a digital platform to facilitate ingredient sourcing and supplier connections.",0,None detected,0,2,[STRATEGIC_PARTNERSHIP] NXT USA partners with Infinity Pharma to launch Digexin in Brazil under the brand name of Motility - Nutritional Outlook | [PRODUCT_LAUNCH] NXT-USA launches Xeya Shatavari for women’s health - NutraIngredients.com,"Apollo Multi-Pass Org Graph, Company Leadership Web Crawler, Nutraceutical Knowledge Base",2026-09-14T05:31:41.794052+00:00
Nactarome,nactarome.com,Milano (Mi) – via Giovanni Battista Pirelli N. 30 – Italy,Food ingredients,0,None detected,0,None detected,"R&D, Sales, QA/QC, Regulatory, Flavour Solutions, Taste Ingredients, Texture Solutions, Colour Solutions",Regulatory Scientist | Quality Analyst | Flavour Development Scientist | Application Scientist | Technical Sales Representative | QA/QC Technician,"Nactarome is a global flavour, taste and colour solutions provider, specializing in natural ingredients and innovative formulations. They cater to a wide range of food and beverage applications, including savoury, sweet, and nutritional products. The company leverages its extensive heritage and global network to deliver tailored solutions to clients, focusing on clean label trends and sustainable sourcing. They are actively expanding their market presence through acquisitions and strategic partnerships, particularly in the UK and Europe, driven by increasing consumer demand for natural and authentic flavours.",0,None detected,0,0,None detected,"Apollo Multi-Pass Org Graph, Company Leadership Web Crawler, Nutraceutical Knowledge Base",2026-09-14T05:31:41.794088+00:00
Natac (BME: NAT),natacgroup.com,Madrid,"Botanical extracts,Branded ingredients",0,None detected,0,None detected,"Research and Development, QA/QC, Regulatory, Sales, Animal Feed, Pet Nutrition, Pharmaceuticals, Food, Cosmetics",Research Scientist | Quality Analyst | Regulatory Affairs Specialist | Sales Representative | Animal Nutritionist | Pet Nutritionist | Pharmaceutical Formulator | Food Scientist | Cosmetic Chemist,"Natac is a global supplier specializing in the sustainable production of botanical extracts and omega-3 oils. They focus on developing high-performance, quality solutions for the nutraceutical, animal feed, pet nutrition, pharmaceutical, food, and cosmetic industries. The company emphasizes scientific evidence, sustainable practices, and a vertically integrated model, utilizing strategic alliances with local producers. They are actively expanding their global presence and innovating with new branded ingredients like Oligut, targeting digestive health and inflammation control.",0,None detected,0,0,None detected,"Apollo Multi-Pass Org Graph, Company Leadership Web Crawler, Nutraceutical Knowledge Base",2026-09-14T05:31:41.794121+00:00
Natreon,natreoninc.com,"New Brunswick, New Jersey, US",Branded ingredients,0,None detected,0,None detected,"Regulatory, QA/QC, R&D, Sales, Manufacturing",Regulatory Scientist | Quality Analyst | Research Scientist | Sales Representative | Manufacturing Technician,"Natreon Inc. specializes in the development and supply of scientifically-backed Ayurvedic botanical extracts, primarily targeting the dietary supplement, functional food and beverage, and medical food industries. They leverage a strong R&D team and clinical studies to support the efficacy of their ingredients, particularly Sensoril® Ashwagandha, PrimaVie® Shilajit, and Capros® Amla. The company focuses on providing branded, standardized extracts with robust intellectual property protection. They cater to brands seeking to incorporate Ayurvedic ingredients into their products, offering support with formulation, clinical studies, and regulatory compliance. Given their focus on science-backed ingredients and branded extracts, Natreon competes with other botanical extract suppliers and companies offering similar Ayurvedic ingredients.",0,None detected,0,0,None detected,"Apollo Multi-Pass Org Graph, Company Leadership Web Crawler, Nutraceutical Knowledge Base",2026-09-14T05:31:41.794155+00:00
"Natreon, A Kerry Company",natreonakerry.com,"New Brunswick, New Jersey, U.S.",Contract Manufacturer & CDMO,0,None detected,0,None detected,"R&D, Regulatory, QA/QC, Sales, Application Development",Regulatory Scientist | Quality Analyst | R&D Scientist | Sales Representative | Application Specialist,"Natreon is focused on supplying branded, scientifically studied Ayurvedic botanical extracts to the dietary supplement, personal care, food & beverage, and medical food industries. They leverage a strong R&D network and clinical studies to support the efficacy of their ingredients, particularly Sensoril® Ashwagandha. Kerry's acquisition expands Natreon's reach and leverages its global application and R&D network, indicating a need for talent in formulation, clinical trial support, and sales/marketing to drive ingredient adoption.",0,None detected,0,0,None detected,"Apollo Multi-Pass Org Graph, Company Leadership Web Crawler, Nutraceutical Knowledge Base",2026-09-14T05:31:41.794195+00:00
NaturMed Scientific,naturmedscientific.com,"Frankfurt am Main, Germany",Botanical extracts,0,None detected,0,None detected,"R&D, Regulatory, QA/QC, Sales, Manufacturing",Research Scientist | Regulatory Affairs Specialist | Quality Control Analyst | Sales Representative | Production Technician,"NaturMed Scientific is focused on developing, manufacturing, and supplying natural ingredients and plant extracts to the nutraceutical, food, beverage, and sports nutrition industries. They emphasize sustainable sourcing and quality control, aligning with increasing consumer demand for natural and organic ingredients. Given their CGMP regulations focus and FDA involvement, they likely require personnel with strong regulatory knowledge and experience in pharmaceutical manufacturing and quality assurance. Sales roles would target nutraceutical, food, and beverage companies seeking specialized botanical extracts.",0,None detected,0,0,None detected,"Apollo Multi-Pass Org Graph, Company Leadership Web Crawler, Nutraceutical Knowledge Base",2026-09-14T05:31:41.794235+00:00
"Naturalin Bio-Resources Co., Ltd",naturalin.com,"Building B1, Lu-Valley Enterprise Square. No.27 Wenxuan Road. Lu-Valley Hi-Tech District. Changsha City. Hunan Province. China.",Botanical extracts,0,None detected,0,None detected,"R&D, Quality Assurance, Regulatory Affairs, Sales, Marketing, Manufacturing",Research Scientist | Quality Analyst | Regulatory Specialist | Sales Manager | Marketing Specialist | Production Technician,"Naturalin Bio-Resources Co., Ltd. is a manufacturer of plant extracts and natural ingredients, primarily serving the nutrition, food, personal care, and agriculture industries. Given their focus on organic certifications (EU & USDA), they likely require talent in regulatory affairs to manage compliance, quality assurance to maintain organic standards, R&D to develop new extracts and formulations, and sales/marketing to expand their market reach. Their manufacturing operations necessitate production technicians. Due to the company's focus on innovation and organic certifications, a strong R&D team is crucial.",0,None detected,0,0,None detected,"Apollo Multi-Pass Org Graph, Company Leadership Web Crawler, Nutraceutical Knowledge Base",2026-09-14T05:31:41.794288+00:00
Nature's Ingredients GmbH,natures.eu,"Fairfield, NJ",Contract Manufacturer & CDMO,0,None detected,0,None detected,"R&D, Manufacturing, Quality Assurance, Sales, Technical Support, Regulatory Affairs",Research Scientist | Process Engineer | Quality Control Analyst | Sales Manager | Technical Sales Representative | Regulatory Specialist,"Nature's Ingredients is a manufacturer of plant-based proteins and sweeteners, focusing on functional ingredients for the food, beverage, and wellness markets. They require talent in R&D to develop new products, manufacturing to ensure quality and scale, sales to drive market growth, and regulatory affairs to navigate industry standards. Given their focus on innovation and clean-label formulations, they likely seek individuals with expertise in food science, protein technology, and sustainable sourcing.",0,None detected,0,0,None detected,"Apollo Multi-Pass Org Graph, Company Leadership Web Crawler, Nutraceutical Knowledge Base",2026-09-14T05:31:41.794348+00:00
Nehal Naturals LLP,nehalnaturals.com,"A- 71 Derawal Nagar Delhi - 110009, India",Botanical extracts,0,None detected,0,None detected,"R&D, Regulatory, QA/QC, Sales, Marketing, Product Development",Research Scientist | Regulatory Affairs Specialist | Quality Control Analyst | Sales Manager | Marketing Specialist | Formulation Scientist,"Nehal Naturals is a manufacturer of botanical extracts and herbal formulations, primarily serving the nutraceutical, cosmetics, food & beverage, and sports nutrition industries. They require talent in research and development to innovate new formulations, regulatory affairs to ensure compliance with industry standards, quality control to maintain product quality, sales and marketing to drive revenue, and potentially product development to scale existing products. Given their export focus, expertise in international regulations and market trends is also valuable. The company's certifications (GMP, FSSC 22000, Halal, Kosher, ISO 9001, ISO 22000) indicate a need for personnel with experience in quality management systems.",0,None detected,0,0,None detected,"Apollo Multi-Pass Org Graph, Company Leadership Web Crawler, Nutraceutical Knowledge Base",2026-09-14T05:31:41.794380+00:00
Neupert Ingredients KG,neupert-ingredients.de,"Buchenring 26-28, D-21272 Hamburg",Food ingredients,0,None detected,0,None detected,"QA/QC, R&D, Sales, Regulatory, Product Development",Quality Analyst | Research Scientist | Sales Representative | Regulatory Affairs Specialist | Food Technologist,"Neupert Ingredients KG is a well-established supplier of natural raw materials and food ingredients, emphasizing a global sourcing network and a full-service approach including e-commerce and branded retail operations. They require personnel with expertise in quality assurance, regulatory compliance, research and development, sales, and logistics to manage their complex supply chain and diverse product portfolio. Given their focus on organic certification and innovative product development, they likely seek candidates with a strong understanding of food science and consumer trends.",0,None detected,0,0,None detected,"Apollo Multi-Pass Org Graph, Company Leadership Web Crawler, Nutraceutical Knowledge Base",2026-09-14T05:31:41.794419+00:00
Niagen Bioscience,niagenbioscience.com,"Los Angeles, CA",Branded ingredients,0,None detected,0,None detected,"R&D, Regulatory, QA/QC, Sales, Marketing, Business Development",Research Scientist | Regulatory Affairs Specialist | Quality Analyst | Sales Representative | Marketing Specialist | Business Development Manager,"Niagen Bioscience is focused on the research, development, and commercialization of NAD+ precursors, primarily Niagen®, for applications in healthy aging, cognitive health, and potentially sports performance. They are actively seeking talent in R&D to further develop their products, regulatory affairs specialists to navigate the complex landscape of dietary supplement regulations, and sales/marketing professionals to drive market adoption. The company's emphasis on clinical research and quality control suggests a need for personnel with expertise in laboratory testing, data analysis, and quality assurance. Given their focus on skincare innovation, roles in formulation and product development are also likely to be in demand.",0,None detected,0,5,"[PRODUCT_LAUNCH] Niagen Bioscience Launches Pharmaceutical Program for Accelerated Aging and Rare Genetic Diseases - Business Wire | [STRATEGIC_PARTNERSHIP] Niagen Bioscience partners with Truemed to unlock subsidized access to NAD+ booster supplement - Nutrition Insight | [MERGER_ACQUISITION] Niagen Bioscience acquires core nicotinamide riboside (NR) patent portfolio from Queen’s University Belfast - Nutraceutical Business Review | [STRATEGIC_PARTNERSHIP] Niagen Bioscience announces first Cruise Ship Clinic Partnership with OneSpaWorld, bringing the NAD-Boosting benefits of Niagen IV to the High Seas - Cyprus Shipping News | [PRODUCT_LAUNCH] Niagen Bioscience launches beauty supplement - Drug Store News","Apollo Multi-Pass Org Graph, Company Leadership Web Crawler, Nutraceutical Knowledge Base",2026-09-14T05:31:41.794461+00:00
Nitta Gelatin NA Inc.,nitta-gelatin.com,"Morrisville, NC",Gelatin,0,None detected,0,None detected,"Regulatory, QA/QC, R&D, Sales, Marketing, Product Development",Regulatory Scientist | Quality Analyst | Research & Development Scientist | Sales Representative | Marketing Communications Specialist | Product Development Specialist,"Nitta Gelatin NA, Inc. is a global supplier of gelatin and collagen ingredients, serving the food, pharmaceutical, and dietary supplement markets. They are experiencing growth due to increasing demand for collagen peptides and bioactive ingredients. They are actively hiring to support their expanding product portfolio and market presence, particularly in marketing and R&D roles. The company emphasizes innovation and quality, seeking candidates with strong technical skills and a collaborative approach.",0,None detected,0,0,None detected,"Apollo Multi-Pass Org Graph, Company Leadership Web Crawler, Nutraceutical Knowledge Base",2026-09-14T05:31:41.794512+00:00
NiuSource Inc.,niusource.com,"Chino, California",Food ingredients,0,None detected,0,None detected,"Sales, R&D, QA/QC, Regulatory, Technical Sales, Project Management, Engineering",Regulatory Scientist | Quality Analyst | R&D Scientist | Sales Manager | Technical Sales Engineer | Project Manager | Construction Coordinator | Cloud Engineer,"NiuSource Inc. specializes in the distribution of food ingredients and additives, primarily targeting the Food & Beverage, Nutraceutical, Pharmaceutical, Cosmetic & Personal Care, and Industrial industries. They emphasize a focus on quality, global sourcing, and customer service. Given their broad product portfolio and emphasis on regulatory compliance, they likely require talent in regulatory affairs, quality control, sales, technical sales, and project management to support their distribution network and customer relationships. The company's focus on sourcing ingredients for clients suggests a need for supply chain expertise and potentially technical support roles.",0,None detected,0,0,None detected,"Apollo Multi-Pass Org Graph, Company Leadership Web Crawler, Nutraceutical Knowledge Base",2026-09-14T05:31:41.794552+00:00
Nordgetreide GmbH & Co. KG,nordgetreide.de,Lübeck,Food ingredients,0,None detected,0,None detected,"R&D, Quality Assurance, Production Management, Sales, Marketing, Regulatory Affairs, Operations Management, Engineering, Supply Chain Management, HR",Food Scientist | Quality Control Analyst | Production Supervisor | Sales Representative | Marketing Specialist | Regulatory Compliance Officer | Process Engineer | Supply Chain Coordinator | HR Generalist | Operations Manager,"Nordgetreide GmbH & Co. KG is a German cereal manufacturer seeking professionals with experience in food production, quality control, and sales. They require individuals with a strong understanding of grain processing, regulatory compliance, and market trends. The company values innovation, quality, and sustainability, and seeks candidates who align with these values. They are actively hiring for roles in production, sales, and research & development, with a focus on continuous improvement and customer satisfaction.",0,None detected,0,0,None detected,"Apollo Multi-Pass Org Graph, Company Leadership Web Crawler, Nutraceutical Knowledge Base",2026-09-14T05:31:41.794605+00:00
Nordmann Rassmann GmbH,nordmannrassmann.com,Hamburg,"Food ingredients,Speciality chemicals",0,None detected,0,None detected,"Regulatory, QA/QC, R&D, Sales, Logistics, Customer Service, Technical Support",Regulatory Scientist | Quality Analyst | Research & Development Scientist | Sales Representative | Logistics Coordinator | Customer Service Representative | Technical Support Specialist,"Nordmann Rassmann GmbH is a leading international chemical distribution group with a global presence. They specialize in the distribution of natural and chemical raw materials, additives, and specialty chemicals to a diverse range of industries. The company’s strength lies in its extensive network of subsidiaries across Europe, Asia, and North America, providing localized expertise and logistics support to its customers. They are focused on building strong relationships with both manufacturers and customers, offering a comprehensive suite of services including warehousing, distribution, and technical support. Given their focus on sustainability and certifications like ISCC PLUS, they are likely seeking professionals with expertise in supply chain management, regulatory compliance, quality control, and technical sales.",0,None detected,0,0,None detected,"Apollo Multi-Pass Org Graph, Company Leadership Web Crawler, Nutraceutical Knowledge Base",2026-09-14T05:31:41.794658+00:00
Novella,novella.com,Israel,Contract Manufacturer & CDMO,0,None detected,0,None detected,"R&D, Sales, QA/QC, Regulatory",Regulatory Scientist | Quality Analyst | Botanical Researcher | Sales Representative,"Novella is a plant cell technology company building a platform to deliver consistent, high-value bioactives for nutraceuticals and supplements. They utilize AuraCell™ technology, a proprietary method for cultivating plant cells in a controlled environment, offering a more consistent and potent source of bioactive compounds compared to traditional plant extraction methods. This allows for greater control over the final product's composition and reduces variability. The company is focused on scaling up production and commercializing its technology, targeting brands in the food, dietary supplement, and cosmetic industries. They are actively seeking talent in R&D, manufacturing, and sales to support this growth.",0,None detected,0,0,None detected,"Apollo Multi-Pass Org Graph, Company Leadership Web Crawler, Nutraceutical Knowledge Base",2026-09-14T05:31:41.794689+00:00
"NuAxon Bioscience, Inc.",nuaxon.com,"63 Penn Lyle road, Princeton Junction, NJ 08550, USA",Branded ingredients,0,None detected,0,None detected,"R&D, Regulatory, QA/QC, Sales, Marketing, Product Development",Regulatory Scientist | Quality Analyst | Research Scientist | Sales Manager | Marketing Specialist | Formulation Scientist,"NuAxon Bioscience focuses on the development and manufacturing of botanical extracts for the health and wellness industries, particularly dietary supplements and functional foods. They emphasize sustainable sourcing, supercritical CO2 extraction technology, and full-spectrum extracts. Given their focus on clinical research and traceability, they likely require personnel with backgrounds in botany, chemistry, analytical testing, and regulatory affairs. The company's vertically integrated operations (farming, extraction, formulation) suggest a need for expertise in agricultural science and product development.",0,None detected,0,1,[PRODUCT_LAUNCH] NuAxon Bioscience Inc. to unveil new BacoZen research at SupplySide Global 2025 - Nutritional Outlook,"Apollo Multi-Pass Org Graph, Company Leadership Web Crawler, Nutraceutical Knowledge Base",2026-09-14T05:31:41.794733+00:00
NuLiv Science,nulivscience.com,"Brea, California",Branded ingredients,0,None detected,0,None detected,"Regulatory, QA/QC, R&D, Sales, Marketing, Business Development",Regulatory Scientist | Quality Analyst | Research Scientist | Sales Manager | Marketing Specialist | Business Development Associate,"NuLiv Science is a growing company focused on developing and commercializing patented ingredients for the nutraceutical, dietary supplement, and cosmeceutical industries. They emphasize a science-first approach, utilizing in vitro, in vivo, and human studies to validate their ingredients. They are seeking individuals with strong scientific backgrounds and business acumen to support their growth, particularly in regulatory affairs, quality control, research and development, sales, and marketing. The company’s focus on innovative ingredients and partnerships with universities and research institutes suggests a need for talent in scientific research, formulation development, and market strategy.",0,None detected,0,2,[PRODUCT_LAUNCH] NuLiv launches sports nutraceutical Senactiv - Nutritional Outlook | [PRODUCT_LAUNCH] NuLiv Science unveils results of sleep & mood ingredient study - Nutraceutical Business Review,"Apollo Multi-Pass Org Graph, Company Leadership Web Crawler, Nutraceutical Knowledge Base",2026-09-14T05:31:41.794767+00:00
NuTek Natural Ingredients,nuteknatural.com,"St. Louis Park, MN",Food ingredients,0,None detected,0,None detected,"R&D, Manufacturing, Sales, Regulatory, QA/QC, Marketing, Product Development",Research Scientist | Manufacturing Technician | Sales Representative | Regulatory Affairs Specialist | Quality Analyst | Marketing Specialist | Formulation Scientist,"NuTek Natural Ingredients is a global supplier of clean label ingredient solutions, focusing on natural flavors, textures, and shelf-life extenders. They are experiencing growth due to the increasing consumer demand for clean label products. The company is expanding its capabilities through investments in fermentation technology and is committed to sustainability and responsible consumption. They are actively hiring to support their growth and expansion, particularly in R&D, manufacturing, and sales roles. The company's focus on innovation and ESG initiatives presents opportunities for talent with expertise in food science, formulation, and sustainable manufacturing.",0,None detected,0,0,None detected,"Apollo Multi-Pass Org Graph, Company Leadership Web Crawler, Nutraceutical Knowledge Base",2026-09-14T05:31:41.794805+00:00
Nufarm Nutritional,nuseed.com,"Alsip, IL",Branded ingredients,0,None detected,0,None detected,"Regulatory, QA/QC, R&D, Sales, Finance, Customer Service, Molecular Biology Research, Tax, HSE (Health, Safety & Environment)",Regulatory Scientist | Quality Analyst | Research & Development Scientist | Sales Representative | Financial Controller | Customer Service Representative | Molecular Biology Researcher | Tax Associate | HSE Specialist,"Nufarm is a global crop protection and seed technologies company seeking professionals to support its operations across various functions. Due to its focus on innovation and global challenges in food production, they require individuals with expertise in regulatory affairs, research and development, sales, finance, and HSE. The company's growth and expansion into new markets drive a need for talent with strong technical skills, business acumen, and a commitment to sustainable agricultural practices. They are actively hiring across multiple locations, including North America and globally, reflecting their international presence and diverse product portfolio.",0,None detected,0,1,[STRATEGIC_PARTNERSHIP] Nufarm Partners with KD Nutra on Plant-Based Omega-3 Portfolio Expansion - NTB Kommunikasjon,"Apollo Multi-Pass Org Graph, Company Leadership Web Crawler, Nutraceutical Knowledge Base",2026-09-14T05:31:41.794845+00:00
Nuritas,nuritas.com,Dublin,"Branded ingredients,Peptides",0,None detected,0,None detected,"R&D, Bioinformatics, Computer Science, Molecular Biology, Mathematics, Clinical Design, Project Management, Regulatory, QA/QC, Sales",Research Scientist | Data Scientist | Bioinformatician | Molecular Biologist | Mathematician | Clinical Trial Designer | Project Manager | Regulatory Affairs Specialist | Quality Analyst | Sales Representative,"Nuritas is leveraging AI and genomics to discover and validate bioactive peptides from natural sources, primarily focusing on muscle health, sleep, glucose control, and inflammation. They are targeting the functional foods, beverages, and supplement markets, partnering with established brands like Nestle, Mars, and Sumitomo Corporation. The company is expanding its operations with a North American headquarters in Connecticut, indicating a strategic move to access talent and resources in the US market. They are actively hiring roles in R&D, data science, and regulatory affairs to support their innovation pipeline and commercialization efforts.",0,None detected,0,0,None detected,"Apollo Multi-Pass Org Graph, Company Leadership Web Crawler, Nutraceutical Knowledge Base",2026-09-14T05:31:41.794907+00:00
NutraShure,nutrashure.com,"East Setauket, NY",Branded ingredients,0,None detected,0,None detected,"Regulatory, QA/QC, R&D, Sales, Marketing, Product Development, Technical Sales, Business Development, Customer Service, Operations, Manufacturing, Nutrition & Formulation, Performance Marketing",Regulatory Scientist | Quality Analyst | Research & Development Scientist | Sales Manager | Marketing Specialist | Product Development Manager | Technical Sales Representative | Business Development Manager | Customer Service Manager | Operations Manager | Manufacturing Supervisor | Nutrition & Formulation Manager | Performance Marketing Manager,"NutraShure focuses on supplying high-quality ingredients to dietary supplement manufacturers. They emphasize a scientifically-driven approach, utilizing patents and clinical research to support their ingredient offerings. They appear to be targeting manufacturers developing products in categories such as sports nutrition, men's health, gut health, immune health, and cellular health. Given their emphasis on innovation and a structured approach (AIM™), they likely seek candidates with backgrounds in pharmaceutical chemistry, biochemistry, nutrition, and exercise science, as well as those with experience in formulation development and market launch strategies.",0,None detected,0,0,None detected,"Apollo Multi-Pass Org Graph, Company Leadership Web Crawler, Nutraceutical Knowledge Base",2026-09-14T05:31:41.794943+00:00
Nutrainno USA Inc.,nutrainno.com,"Shenzhen, China","Branded,Botanical,Nutritional",0,None detected,0,None detected,"R&D, Regulatory, QA/QC, Sales, Marketing, Business Development",Regulatory Scientist | Quality Analyst | R&D Scientist | Sales Representative | Marketing Specialist | Business Development Manager,"Nutrainno USA Inc. is a supplier of dietary ingredients and branded ingredients to the nutritional supplement, food, and beverage industries. They focus on providing high-quality ingredients with traceability and reliable supply chains. Their business model includes licensing branded ingredients and offering application expertise to clients. They operate globally with offices and warehouses in the US, Canada, Brazil, China, Germany, India, Vietnam, and other locations, indicating a significant international presence and a focus on diverse markets.",0,None detected,0,0,None detected,"Apollo Multi-Pass Org Graph, Company Leadership Web Crawler, Nutraceutical Knowledge Base",2026-09-14T05:31:41.794979+00:00
"Nutraland USA, Inc.",nutralandusa.com,"Irvine, CA",Branded ingredeints,0,None detected,0,None detected,"R&D, Manufacturing, Sales, Marketing, Regulatory Affairs, Quality Assurance/Quality Control, Scientific Affairs, Business Development, Operations, Supply Chain Management",Research Scientist | Manufacturing Manager | Sales Representative | Marketing Specialist | Regulatory Compliance Officer | QA/QC Analyst | Scientific Affairs Manager | Business Development Manager | Operations Manager | Supply Chain Coordinator,"Nutraland USA, Inc. specializes in the development and manufacturing of plant-based nutraceutical ingredients, particularly focusing on innovative solutions for the dietary supplement, cosmeceutical, and food & beverage industries. They leverage their expertise in sourcing and formulating ingredients like Vitamin D3, Vitamin K2, phytomelatonin, spermidine, and other functional compounds. The company's commitment to quality, traceability, and sustainable practices positions them as a supplier for brands seeking clean-label, scientifically-backed ingredients. They target businesses involved in the development of health and wellness products, with a strong emphasis on personalized nutrition and functional foods. Given their focus on innovation and certifications (BRCGS Grade-A, Organic), they likely compete with other specialized ingredient suppliers and companies offering similar plant-based solutions.",0,None detected,0,3,"[STRATEGIC_PARTNERSHIP] Nutraland USA Announces Exclusive Distribution Partnership for Somato® Tomato Fruit Extract in Indonesia - The National Law Review | [PRODUCT_LAUNCH] Nutraland USA Launches Vegadelight® CleanShield™ for Clean-Label Vitamin D3 Stability in Multi-Nutrient Formulations - einpresswire.com | [STRATEGIC_PARTNERSHIP] Nutraland USA, Inc. Names Biowell NutriScience Corp., Ltd. as Exclusive Distributor for Somato™ in Taiwan - PR Newswire","Apollo Multi-Pass Org Graph, Company Leadership Web Crawler, Nutraceutical Knowledge Base",2026-09-14T05:31:41.795008+00:00
"Nutrasorb, LLC",nutrasorb.com,"Freehold, New Jersey",Botanicall extracts,0,None detected,0,None detected,"R&D, Regulatory, QA/QC, Sales, Marketing",Research Scientist | Regulatory Affairs Specialist | Quality Control Analyst | Sales Representative | Marketing Specialist,"Nutrasorb, LLC specializes in developing and marketing functionally and nutritionally enhanced botanical ingredients and crops. They focus on concentrating phytonutrients and phytoactives from fruits and vegetables, creating innovative ingredients for the food, dietary supplement, cosmetic, and seed industries. Given their focus on bioactive compounds and ingredient development, they likely require talent in research and development, regulatory affairs, quality control, sales, and marketing to drive innovation and market their products to food, supplement, and cosmetic companies.",0,None detected,0,0,None detected,"Apollo Multi-Pass Org Graph, Company Leadership Web Crawler, Nutraceutical Knowledge Base",2026-09-14T05:31:41.795041+00:00
Nutrativa Global,nutrativaglobal.com,"Nekoosa, Wisconsin, United States","Nutritional ingredients,Branded ingredients",0,None detected,0,None detected,"Regulatory, QA/QC, R&D, Sales, Manufacturing, Operations, Project Coordination, Nutrition",Regulatory Scientist | Quality Analyst | Research and Development Manager | Sales Manager | Manufacturing Supervisor | Operations Coordinator | Nutrition and Wellness Manufacturing Project Coordinator | Director of Operations | Nutritionist | Nutritional Health Coach,"Nutrativa Global specializes in the production of high-quality fruit oils and powders, primarily derived from cranberries, blueberries, grapes, raspberries, blackberries, and chia seeds. They cater to the food, beverage, nutraceutical, and cosmetic industries, utilizing a proprietary mechanical extraction process to preserve the natural flavor and nutritional benefits of their ingredients. The company leverages its BRCGS-certified manufacturing facility and a focus on 100% pure, chemical-free ingredients to meet the growing demand for natural and functional ingredients in various applications. They are actively seeking to expand their market reach and supply chain partnerships.",0,None detected,0,0,None detected,"Apollo Multi-Pass Org Graph, Company Leadership Web Crawler, Nutraceutical Knowledge Base",2026-09-14T05:31:41.795073+00:00
"NutriFusion, LLC",nutrifusion.com,"Naples, Florida",Nutrition ingredients blends,0,None detected,0,None detected,"Regulatory, QA/QC, R&D, Sales, Marketing, Product Development, Logistics, Administration",Regulatory Scientist | Quality Analyst | Research & Development Scientist | Sales Manager | Marketing Specialist | Product Development Manager | Logistics Coordinator | Administrative Assistant,"NutriFusion focuses on providing nutrient-rich ingredient blends for food, beverage, pet, and nutraceutical products. They emphasize natural, non-GMO ingredients and a farm-to-table philosophy. Their target market includes food manufacturers seeking to enhance their products with added nutritional value and appeal to health-conscious consumers. They are likely to be competing with other companies specializing in natural food ingredients and nutritional supplements, particularly those offering similar blends and certifications.",0,None detected,0,0,None detected,"Apollo Multi-Pass Org Graph, Company Leadership Web Crawler, Nutraceutical Knowledge Base",2026-09-14T05:31:41.795105+00:00
NutriLeads,nutrileads.com,"Wageningen, Netherlands",Branded ingredients,0,None detected,0,None detected,"R&D, QA/QC, Regulatory, Sales",Regulatory Scientist | Quality Analyst | Sales Manager,"NutriLeads is a science-based company focused on developing and supplying plant-based, precision prebiotic fibers. They work with dietary supplement and functional food and -beverage manufacturers to create innovative product offerings that meet consumer health needs. The company leverages its expertise in upcycled ingredients and clinical research to deliver scientifically proven benefits for gut and immune health. NutriLeads is expanding its global presence through strategic partnerships and regulatory approvals, targeting markets with growing demand for functional ingredients.",0,None detected,0,0,None detected,"Apollo Multi-Pass Org Graph, Company Leadership Web Crawler, Nutraceutical Knowledge Base",2026-09-14T05:31:41.795143+00:00
NutriOriginal Corp.,nutrioriginal.com,"Fairfield, NJ, USA","Botanical extracts,minerals,branded",0,None detected,0,None detected,"Regulatory, QA/QC, R&D, Sales, Manufacturing, Supply Chain, Marketing, Product Development",Regulatory Scientist | Quality Analyst | Research & Development Scientist | Sales Manager | Production Supervisor | Supply Chain Specialist | Marketing Specialist | Product Development Scientist,"NutriOriginal is a global manufacturer and distributor of health ingredients for dietary supplements and functional foods. They focus on sustainable agriculture and utilize certified organic ingredients, emphasizing quality by design and innovation. They are actively involved in research and development, particularly in botanical ingredients and their therapeutic properties, and have a strong commitment to corporate social responsibility through initiatives like supporting farmer’s children’s education and collaborating with innovation hubs. They operate globally with offices in North America and Europe, and are committed to maintaining high standards of quality and compliance with regulations such as FSMA, cGMP, and various certifications (Ecocert, NSF, Kosher, Halal). They are actively seeking talent in areas of regulatory affairs, quality control, research and development, sales, and supply chain management to support their growing global operations and product portfolio.",0,None detected,0,0,None detected,"Apollo Multi-Pass Org Graph, Company Leadership Web Crawler, Nutraceutical Knowledge Base",2026-09-14T05:31:41.795206+00:00
NutriScience Innovations,nutriscienceusa.com,"130 Old Gate Lane (Unit C) Milford, Connecticut 06460 U.S.A.","Branded ingredients,Nutritional,Food",0,None detected,0,None detected,"Regulatory, R&D, Sales, Marketing, QA/QC",Regulatory Scientist | R&D Scientist | Sales Manager | Marketing Manager | Quality Analyst,"NutriScience Innovations is a leading global supplier of fine quality functional dietary supplement ingredients. They are a cGMP-certified ingredient development and supply company, focusing on natural and organic compliant ingredients. They are actively seeking talent to support their growing business, particularly in regulatory affairs, research and development, sales, and marketing to drive innovation and expand their market reach. Given their focus on quality and certifications, roles in QA/QC are also important.",0,None detected,0,0,None detected,"Apollo Multi-Pass Org Graph, Company Leadership Web Crawler, Nutraceutical Knowledge Base",2026-09-14T05:31:41.795257+00:00
Nutrition21,nutrition21.com,"Saddle Brook, NJ",Branded ingredients,0,None detected,0,None detected,"Regulatory, QA/QC, R&D, Sales, Marketing, Manufacturing, Supply Chain",Regulatory Scientist | Quality Analyst | Research Scientist | Sales Representative | Marketing Specialist | Manufacturing Technician | Supply Chain Manager,"Nutrition21 is a developer and marketer of efficacious, high-value, clinically substantiated ingredients for dietary supplements. They focus on creating patented products with scientifically proven benefits, particularly in areas like cognitive health, sports nutrition, and beauty-from-within. They are actively seeking talent in regulatory affairs, quality control, research and development, sales, and manufacturing to support their growing portfolio of branded ingredients and expand their market reach. The company's emphasis on clinical research and patented ingredients suggests a need for scientists and technical experts. Given their focus on branded ingredients, sales and marketing professionals are also crucial for driving product adoption.",0,None detected,0,0,None detected,"Apollo Multi-Pass Org Graph, Company Leadership Web Crawler, Nutraceutical Knowledge Base",2026-09-14T05:31:41.795293+00:00
Naehr Engel GmbH,naehrengel.com,"Goch, North Rhine-Westphalia, Germany",Food ingredients(Potato),0,None detected,0,None detected,"R&D, Production, Sales, QA/QC, Regulatory, Product Development",Food Scientist | Quality Control Analyst | Sales Manager | Regulatory Affairs Specialist | Production Supervisor | Research & Development Scientist,"Naehr-Engel GmbH is a German leading producer specializing in customized potato products for the food processing industry. They focus on dry potato granules, flakes, potato flour, semolina, sweet potato powder, and organic potato products. Their expertise lies in developing tailored solutions for various applications, including foodservice, retail, and pet food, with a strong emphasis on allergen-free and specialized formulations. Given their market leadership in private label dried potato products and innovation in mixes (falafel, soups, vegetarian burgers), they likely require talent in R&D, production, sales, and quality control to maintain their competitive edge and expand into new product categories.",3,"Series C: $100M (Mon, 07 Sep 2026 07:28:59 GMT) | Undisclosed / Venture Round: Undisclosed (Thu, 23 Jul 2026 07:00:00 GMT) | Undisclosed / Venture Round: Undisclosed (Mon, 03 Aug 2026 07:00:00 GMT)",100000000.0,1,"[STRATEGIC_PARTNERSHIP] Brazilian aircraft maker Embraer is exploring a joint venture with the Adani Group to set up a commercial aircraft final assembly line in India. If it moves ahead, this could be India’s first step into building passenger jets and a potential testing ground for global m - LinkedIn","Apollo Multi-Pass Org Graph, Company Leadership Web Crawler, Nutraceutical Knowledge Base",2026-09-14T05:31:41.795334+00:00
OPW Ingredients GmbH,opw-ingredients.com,"Niederkrüchten-Dam, Germany","Food ingredients,Branded",0,None detected,0,None detected,"R&D, QA/QC, Regulatory, Sales, Marketing, Product Development",Research Scientist | Quality Analyst | Regulatory Affairs Specialist | Sales Manager | Marketing Specialist | Food Application Scientist,"OPW Ingredients is a manufacturer of premium plant-based ingredients, specializing in oils, proteins, and flours. They are focused on sustainable solutions and zero-waste production, catering to the food, animal nutrition, and personal care sectors. Given their emphasis on innovation and sustainability, they likely require talent in R&D, formulation, application development, and regulatory affairs. They are a mid-sized company, suggesting a need for individuals who can contribute across multiple areas, potentially with a focus on technical expertise and a commitment to sustainable practices.",0,None detected,0,0,None detected,"Apollo Multi-Pass Org Graph, Company Leadership Web Crawler, Nutraceutical Knowledge Base",2026-09-14T05:31:41.795378+00:00
Ohly GmbH,ohly.com,Germany,Food ingredients,0,None detected,0,None detected,"R&D, Sales, QA/QC, Regulatory, Flavor Technology, Application Development",Flavor Scientist | Quality Control Analyst | Regulatory Affairs Specialist | Sales Engineer | Application Specialist | Technical Sales Representative,"Ohly specializes in yeast-based ingredients and flavor solutions, targeting food, health, and fermentation industries. They focus on providing tailored nutritional solutions (X-SEED®) and innovative flavor profiles, including vegan and allergen-free options. Demand is driven by trends in plant-based foods, functional ingredients, and improved taste and texture in various applications. They emphasize close collaboration with customers and a responsive service model.",0,None detected,0,0,None detected,"Apollo Multi-Pass Org Graph, Company Leadership Web Crawler, Nutraceutical Knowledge Base",2026-09-14T05:31:41.795414+00:00
OmniActive Health Technologies,omniactives.com,"Mumbai, India","Natural extracts,Branded",0,None detected,0,None detected,"R&D, Sales, Marketing, Finance, Human Resources, IT, Administration, Regulatory, QA/QC",R&D Scientist | Sales Manager | Marketing Specialist | Financial Analyst | HR Generalist | IT Support Specialist | Administrative Assistant | Regulatory Affairs Specialist | Quality Assurance Analyst | Quality Control Technician,"OmniActive Health Technologies is a global leader in science-backed botanical ingredients, focused on delivering innovative solutions to the dietary supplement, functional food, and beverage markets. They are actively seeking talent in R&D, sales, marketing, and quality assurance to support their expanding global operations and product portfolio. The company’s commitment to scientific validation, IP protection, and novel technologies drives their recruitment efforts, particularly for roles requiring expertise in formulation science, market analysis, and regulatory compliance. They are investing heavily in their manufacturing facilities and expanding their distribution network, creating opportunities for professionals in logistics and supply chain management. The company's focus on sustainability and responsible practices also attracts candidates interested in CSR and environmental initiatives.",0,None detected,0,2,[MERGER_ACQUISITION] Everstone Group acquires stake in OmniActive Health Technologies Ltd - Nutraceutical Business Review | [PRODUCT_LAUNCH] OmniActive launches new shatavari/fenugreek ingredient,"Apollo Multi-Pass Org Graph, Company Leadership Web Crawler, Nutraceutical Knowledge Base",2026-09-14T05:31:41.795454+00:00
Omya,omya.com,"Vienna, Austria","Minerals,General ingredients",0,None detected,0,None detected,"R&D, Sales, Engineering, Technical Support, Regulatory, QA/QC, Production, Marketing, Business Development",Research Scientist | Sales Representative | Application Development Engineer | Quality Control Analyst | Formulation Specialist | Technical Sales Manager | Regulatory Affairs Specialist | Process Engineer | Marketing Manager | Account Manager,"Omya is actively recruiting for roles across its global operations, particularly in technical and sales positions due to its focus on innovation and expanding market presence. They are seeking individuals with expertise in mineral technology, formulation development, and customer engagement. The company's commitment to sustainability and regulatory compliance also drives demand for specialists in these areas. A strong background in materials science, chemistry, or a related field is often preferred.",0,None detected,0,0,None detected,"Apollo Multi-Pass Org Graph, Company Leadership Web Crawler, Nutraceutical Knowledge Base",2026-09-14T05:31:41.795493+00:00
"Orgenetics, Inc.",orgenetics.com,"Brea, California",Branded ingredients,0,None detected,0,None detected,"Regulatory, QA/QC, R&D, Sales, Marketing, Supply Chain",Regulatory Scientist | Quality Analyst | Research Scientist | Sales Representative | Marketing Specialist | Supply Chain Analyst,"Orgenetics, Inc. is a developer of organic ingredients, focusing on clean label formulations and sustainable supply chains. They require talent in regulatory affairs to ensure compliance with USDA and FDA standards, quality control to maintain product integrity, research and development to innovate new ingredients, sales and marketing to drive product adoption, and supply chain management to oversee their vertically integrated operations. Given their focus on growth and expansion, they likely need individuals with expertise in the wellness and fitness sectors.",0,None detected,0,0,None detected,"Apollo Multi-Pass Org Graph, Company Leadership Web Crawler, Nutraceutical Knowledge Base",2026-09-14T05:31:41.795534+00:00
Ovobest,ovobest.com,"Neuenkirchen-Vörden, Germany",Food ingredients,0,None detected,0,None detected,"Sales, R&D, Production, Quality Assurance, Sales Management, Business Development, Engineering",Sales Manager | R&D Scientist | Quality Analyst | Production Supervisor | Business Development Manager | Full Stack Engineer,"OVOBEST is a leading European manufacturer and distributor of egg products, specializing in high-quality, customized egg powders for various industries including food, pharmaceutical, and potentially animal nutrition. They emphasize innovation, modern processing technology, and a commitment to food safety and sustainability. Recruitment needs likely include sales and business development professionals to expand market reach, R&D scientists to develop new product formulations and improve existing ones, and production personnel to maintain efficient operations. Given their certifications (IFS, Kosher, Halal, KAT, ISO 50001, Bio), they likely require quality control and assurance specialists. The company's focus on sustainable practices and animal welfare suggests a need for professionals in those areas as well.",0,None detected,0,0,None detected,"Apollo Multi-Pass Org Graph, Company Leadership Web Crawler, Nutraceutical Knowledge Base",2026-09-14T05:31:41.795568+00:00
PLT Health Solutions,plthealth.com,"Morristown, NJ","Branded ingredients,Nutritional",1,Devin Stagg (President),0,None detected,"Regulatory, QA/QC, R&D, Sales, Marketing, Product Development, Clinical Research, Market Research",Regulatory Scientist | Quality Analyst | Research Scientist | Sales Representative | Marketing Specialist | Product Development Scientist | Clinical Research Associate | Market Research Analyst,"PLT Health Solutions focuses on developing and marketing scientifically-backed ingredient solutions primarily for the health and wellness market, particularly within the dietary supplement and functional food & beverage categories. They target brands seeking to innovate with ingredients for joint health, cognitive performance, immune support, and other health-related applications. Their business model centers around providing market-ready ingredients and supporting their customers' product development efforts. They emphasize sustainability and quality in their sourcing and manufacturing processes.",0,None detected,0,3,[PRODUCT_LAUNCH] PLT Health Solutions Brings Its Clinically Supported Branded Ingredient Platform to Vitafoods Asia - Yahoo Finance | [STRATEGIC_PARTNERSHIP] PLT Health Solutions partners with Alethios to help consumer brands generate clinical validation of finished formulations - Nutraceutical Business Review | [PRODUCT_LAUNCH] PLT Health Solutions launches joint mobility complex for cartilage health - Nutrition Insight,"Apollo Multi-Pass Org Graph, Company Leadership Web Crawler, Nutraceutical Knowledge Base",2026-09-14T05:31:41.795619+00:00
PNF Ingredients GmbH,pnf-ingredients.com,Hamburg,"Food,Nutrition,Chemical",0,None detected,0,None detected,"Regulatory, QA/QC, R&D, Sales, Supply Chain Management, Customer Service",Regulatory Affairs Specialist | Quality Control Analyst | Research & Development Scientist | Sales Manager | Supply Chain Coordinator | Customer Support Representative,"PNF Ingredients GmbH operates as a specialty chemicals distributor with a focus on global sourcing, particularly from Asia. They emphasize integrity, customized ingredient solutions, and a one-station supply chain management approach. Given their focus on pharmaceuticals, nutraceuticals, food & beverage, and fine chemicals, they likely require talent with expertise in regulatory affairs, quality control, R&D, sales, and supply chain management. Their emphasis on European customer service suggests a need for multilingual and culturally sensitive personnel. The company’s commitment to auditing manufacturers indicates a need for personnel with strong supplier management and quality assurance skills.",0,None detected,0,0,None detected,"Apollo Multi-Pass Org Graph, Company Leadership Web Crawler, Nutraceutical Knowledge Base",2026-09-14T05:31:41.795658+00:00
PROBIOTICAL S.P.A.,probiotical.com,"Novara, Italy",Probiotics,0,None detected,0,None detected,"R&D, Regulatory, QA/QC, Sales, Manufacturing, Marketing, Clinical Research",Regulatory Scientist | Quality Analyst | Research & Development Scientist | Sales Representative | Manufacturing Technician | Marketing Specialist | Clinical Trial Manager,"Probiotical is a family-owned Italian probiotic manufacturer with a long history (since 1985) focused on developing and producing innovative probiotic, synbiotic, and postbiotic products. They emphasize research and development, manufacturing control from raw materials to finished goods, and customization of formulations for clients. Their expertise lies in leveraging microbial science for health applications, particularly in areas like allergy, immunology, and gut health. They are expanding globally and seeking individuals to support their growth in manufacturing, R&D, sales, and regulatory affairs.",0,None detected,0,0,None detected,"Apollo Multi-Pass Org Graph, Company Leadership Web Crawler, Nutraceutical Knowledge Base",2026-09-14T05:31:41.795697+00:00
PURIS,purisfoods.com,"Minneapolis, MN",Food ingredients,0,None detected,0,None detected,"R&D, Engineering, Sales, Manufacturing, Regulatory, QA/QC, Project Management, Operations, Innovation, Customer Support",Research Scientist | Quality Analyst | Process Engineer | Sales Manager | Manufacturing Supervisor | Regulatory Affairs Specialist | QA/QC Technician | Project Manager | Operations Manager | Innovation Specialist | Customer Support Representative,"PURIS is focused on developing and manufacturing plant-based protein ingredients, primarily from pea, with a strong emphasis on sustainable and innovative food solutions. They require talent in R&D to drive product development, manufacturing expertise to optimize production processes, sales and marketing professionals to expand market reach, and regulatory affairs specialists to ensure compliance with food safety standards. Given their focus on innovation and sustainability, they are likely seeking individuals with backgrounds in food science, agricultural technology, and environmental sustainability. The company's growth is heavily reliant on strategic partnerships, particularly with large food manufacturers like Cargill, indicating a need for talent in business development and supply chain management.",0,None detected,0,0,None detected,"Apollo Multi-Pass Org Graph, Company Leadership Web Crawler, Nutraceutical Knowledge Base",2026-09-14T05:31:41.795733+00:00
Evonik,evonik.com,"Essen, Germany",All ingredients,0,None detected,0,None detected,"R&D, Sales, Engineering, Production, Regulatory Affairs, QA/QC, Supply Chain, Marketing, Technical Sales, Process Engineering",Research Scientist | Sales Engineer | Process Engineer | Quality Control Analyst | Regulatory Specialist | Supply Chain Analyst | Marketing Specialist | Technical Support Engineer | Production Supervisor | Laboratory Technician,"Evonik is a global chemical company with a strong focus on specialty chemicals and materials. They are actively seeking talent in areas such as R&D, sales, engineering, and production to support their diverse product portfolio and global operations. Given their focus on innovation and sustainability, they are particularly interested in candidates with expertise in biotechnology, materials science, and green chemistry. The company's growth strategy involves expanding its presence in key markets and developing new products and solutions, creating opportunities for skilled professionals across various disciplines.",0,None detected,0,0,None detected,"Apollo Multi-Pass Org Graph, Company Leadership Web Crawler, Nutraceutical Knowledge Base",2026-09-14T05:31:41.795769+00:00
Page by Worlée-Chemie,worlee.com,Hamburg,All ingredients,0,None detected,0,None detected,"Regulatory, QA/QC, R&D, Sales, Production, Logistics, Technical Support",Regulatory Affairs Specialist | Quality Control Analyst | Research and Development Scientist | Sales Engineer | Production Supervisor | Logistics Coordinator | Technical Service Engineer,"Worlée-Chemie GmbH operates within the specialty chemicals market, specifically focusing on polymer-chemical and plant-based raw materials for coatings, cosmetics, and other industrial applications. Due to the stringent regulations surrounding pharmaceutical-grade materials (as evidenced by their CGMP-related activities), they likely require personnel with expertise in regulatory affairs, quality control, research and development, and technical sales. Given their logistics operations, roles in supply chain management and logistics coordination are also important. The company's focus on innovation and sustainable materials suggests a need for individuals with a strong understanding of material science and formulation development.",0,None detected,0,0,None detected,"Apollo Multi-Pass Org Graph, Company Leadership Web Crawler, Nutraceutical Knowledge Base",2026-09-14T05:31:41.795817+00:00
Palsgaard A/S,palsgaard.com,"Juelsminde, Denmark",Food Ingredients,0,None detected,0,None detected,"R&D, Sales, Technical Sales, QA/QC, Regulatory, Application Development, Marketing",Emulsifier Application Specialist | Technical Sales Manager | Regulatory Affairs Manager | R&D Scientist | QA/QC Engineer | Marketing Specialist | Sales Representative,"Palsgaard is a specialist in plant-based food emulsifiers and stabilizers, with a long history of innovation and a focus on sustainability. They are seeking individuals with expertise in application development, technical sales, regulatory affairs, and R&D to support their global operations and drive growth in the food, polymer, and personal care markets. They value collaborative partnerships and a commitment to responsible innovation.",0,None detected,0,0,None detected,"Apollo Multi-Pass Org Graph, Company Leadership Web Crawler, Nutraceutical Knowledge Base",2026-09-14T05:31:41.795854+00:00
Paradigm Science Inc,paradigmscience.com,"Annandale, NJ",Cosmetic ingredients,0,None detected,0,None detected,"Regulatory, QA/QC, R&D, Sales, Marketing, Customer Service, Manufacturing, Technical Support",Regulatory Scientist | Quality Analyst | Research Scientist | Sales Representative | Marketing Specialist | Customer Support Specialist | Manufacturing Technician | Technical Support Engineer,"Paradigm Science Inc. is a distributor and supplier of unique specialty ingredients for the Cosmetics and Personal Care Industries. They focus on providing active ingredients, delivery systems, and natural preservatives to brands and chemists. Given their emphasis on sustainable ingredients and formulations, they likely require talent in R&D, regulatory affairs, and sales to connect suppliers with brands seeking innovative, effective, and environmentally responsible cosmetic ingredients. They are actively seeking to expand their market reach and support customer needs.",0,None detected,0,0,None detected,"Apollo Multi-Pass Org Graph, Company Leadership Web Crawler, Nutraceutical Knowledge Base",2026-09-14T05:31:41.795900+00:00
PharmaSuisse Laboratories,pharmasuisse.it,"Milan, Italy",Contract Manufacturer & CDMO,0,None detected,0,None detected,"R&D, Regulatory Affairs, Quality Assurance/Control, Sales & Marketing, Clinical Research, Manufacturing, Technical Support",Research Scientist | Regulatory Specialist | Quality Analyst | Sales Representative | Clinical Trial Manager | Production Technician | Technical Support Specialist,"PharmaSuisse Laboratories is focused on the research, development, and production of high-quality food supplements, including nutraceuticals, vitamins, minerals, and herbal extracts. They emphasize innovation, scientific progress, and adherence to GMP regulations. Due to their focus on research and development, they require individuals with backgrounds in chemistry, biology, nutrition, and pharmaceutical sciences. Sales and marketing roles are needed to promote and distribute their products, particularly internationally. The company's commitment to quality control necessitates skilled QA/QC professionals. Given their focus on clinical trials, they require clinical research associates and managers.",0,None detected,0,0,None detected,"Apollo Multi-Pass Org Graph, Company Leadership Web Crawler, Nutraceutical Knowledge Base",2026-09-14T05:31:41.795938+00:00
Pharmachem Innovations,pharmachem.com,"Kearny, NJ",Branded Ingredients,0,None detected,0,None detected,"Regulatory, QA/QC, R&D, Sales, Marketing, Technical Support, Formulation, Manufacturing",Regulatory Scientist | Quality Analyst | Research Scientist | Sales Manager | Marketing Specialist | Technical Support Engineer | Formulation Scientist | Manufacturing Technician,"Pharmachem Innovations is seeking talent to support its growing portfolio of nutraceutical ingredients and solutions. Due to its recent acquisition and transition to an independent company, there is a strong emphasis on roles that can drive innovation, build customer relationships, and support the company's expansion into new markets. Key needs include regulatory expertise to navigate industry standards, quality control professionals to ensure product integrity, research and development scientists to explore new formulations, and sales and marketing specialists to drive market penetration. The company's focus on custom formulation and contract manufacturing services also creates demand for formulation scientists and manufacturing technicians.",0,None detected,0,3,[MERGER_ACQUISITION] Nutraceutical provider Pharmachem goes independent via its acquisition by Turnspire Capital Partnerss - Nutraceutical Business Review | [MERGER_ACQUISITION] Aloecorp Inc. acquires Aloe vera division of PharmaChem Innovations LLC - Nutritional Outlook | [MERGER_ACQUISITION] Turnspire Capital Partners Completes Acquisition of Pharmachem from Ashland - Business Wire,"Apollo Multi-Pass Org Graph, Company Leadership Web Crawler, Nutraceutical Knowledge Base",2026-09-14T05:31:41.795989+00:00
Pharmako Biotechnologies Pty Ltd,pharmako.com.au,"Frenchs Forest, New South Wales, 2086, Australia",Branded Ingredients,0,None detected,0,None detected,"R&D, Manufacturing, QA/QC, Sales, Technical Innovation",Research Scientist | Production Operator | Quality Analyst | Sales Representative | Technical Engineer,"Pharmako Biotechnologies is seeking individuals with expertise in formulation development, manufacturing, and quality control, particularly within the nutraceutical and cosmeceutical industries. They require scientists and engineers capable of innovating delivery systems to enhance the bioavailability of lipophilic ingredients, with a focus on technologies like liposomes and SMEDDS. Given their TGA licensed facility, regulatory compliance and cGMP adherence are critical skills. The company's focus on custom formulations suggests a need for adaptable and technically skilled personnel.",0,None detected,0,0,None detected,"Apollo Multi-Pass Org Graph, Company Leadership Web Crawler, Nutraceutical Knowledge Base",2026-09-14T05:31:41.796036+00:00
Phyto Life Sciences Pvt. Ltd.,plpl.in,"Ahmedabad, India","Botanical extracts,Branded ingredients",0,None detected,0,None detected,"R&D, Manufacturing, Quality Assurance/Quality Control, Sales, Regulatory Affairs, Business Development",Research Scientist | Quality Analyst | Production Manager | Sales Representative | Regulatory Specialist | Business Development Manager,"Phyto Life Sciences is a manufacturer of herbal extracts and phytochemicals, primarily serving the nutraceutical, food, cosmetics, and veterinary industries. They are expanding their manufacturing capacity and R&D capabilities. Given their focus on high-purity extracts and certifications (GMP, FDA, etc.), they likely require personnel with expertise in extraction techniques, quality control, regulatory compliance, and sales to these specialized markets. The company's growth and expansion plans suggest a need for individuals with experience in scaling up production and managing new facilities.",0,None detected,0,0,None detected,"Apollo Multi-Pass Org Graph, Company Leadership Web Crawler, Nutraceutical Knowledge Base",2026-09-14T05:31:41.796087+00:00
Phytokana Ingredients Inc.,phytokana.com,"Calgary, Alberta",Food ingredients,0,None detected,0,None detected,"R&D, Engineering, Operations, Sales, Regulatory, QA/QC, Agronomy",Research Scientist | Process Engineer | Operations Manager | Sales Representative | Regulatory Affairs Specialist | Quality Analyst | Agricultural Specialist,"Phytokana Ingredients Inc. is a rapidly growing innovator in the plant-based protein market, focused on sustainable ingredient production. They require individuals with expertise in food science, engineering, operations, and regulatory affairs to support their expansion. Given their focus on fava bean protein, roles requiring agricultural knowledge and experience are also key. The company is building a new processing facility, indicating a need for skilled operators and maintenance personnel. Due to the innovative nature of the company, R&D talent is also crucial.",0,None detected,0,0,None detected,"Apollo Multi-Pass Org Graph, Company Leadership Web Crawler, Nutraceutical Knowledge Base",2026-09-14T05:31:41.796125+00:00
Plant Lipids,plantlipids.com,"Kolenchery, Cochin","Food,Botanical ,Tea extracts",0,None detected,0,None detected,"R&D, Sales, QA/QC, Regulatory",R&D Scientist | Sales Manager | Quality Analyst | Regulatory Affairs Specialist,"Plant Lipids is a global leader in Oleoresins, Essential Oils, Taste and Fragrance Ingredients, Ground Spices, Wellness Ingredients, and Natural Food Colours. They are seeking talent in R&D, Sales, Quality Assurance, and Regulatory Affairs to support their expanding global operations and innovation efforts. The company emphasizes a legacy of over four decades of excellence and a commitment to personalized customer care and sustainable farming practices.",0,None detected,0,1,[FACILITY_EXPANSION] Spice extracts major Plant Lipids announces Rs 200 crore expansion in Kerala - The New Indian Express,"Apollo Multi-Pass Org Graph, Company Leadership Web Crawler, Nutraceutical Knowledge Base",2026-09-14T05:31:41.796163+00:00
Plantex,plantex.fr,"Saint Michel sur Orge, France",Botanical extracts,0,None detected,0,None detected,"R&D, Regulatory, QA/QC, Sales, Development",Plant Extraction Scientist | Quality Control Analyst | Regulatory Affairs Specialist | Sales Representative | Research & Development Scientist,"Plantex is a manufacturer of plant extracts for nutraceutical, food, animal nutrition, and cosmetic use. They specialize in the development, production, and packaging of conventional and organic plant extracts, both standardized and made to order. They offer a wide range of natural raw materials, both conventional and organic, in various liquid forms and dry forms. They cater to the nutraceutical, agri-food, animal nutrition, and cosmetics industries, providing custom plant extraction processes and a diverse product portfolio. The company emphasizes regulatory compliance and traceability throughout its manufacturing processes.",0,None detected,0,0,None detected,"Apollo Multi-Pass Org Graph, Company Leadership Web Crawler, Nutraceutical Knowledge Base",2026-09-14T05:31:41.796205+00:00
Postbiotics Inc,postbioticsinc.com,Winston-Salem,Probiotics ingredients,0,None detected,0,None detected,"R&D, Regulatory, QA/QC, Sales, Operations, Marketing",Research Scientist | Regulatory Affairs Specialist | Quality Analyst | Sales Representative | Operations Lead | Marketing Specialist,"Postbiotics Inc. is actively seeking talent to support its research and development, regulatory affairs, quality control, sales, and operations functions. The company's focus on postbiotic ingredients and their applications in digestive health, brain functionality, and immune support suggests a need for scientists, regulatory specialists, and sales professionals with expertise in microbiology, nutrition, and functional foods. Given the company's recent growth and expansion, there is likely a demand for operations and marketing professionals to support commercialization efforts.",0,None detected,0,0,None detected,"Apollo Multi-Pass Org Graph, Company Leadership Web Crawler, Nutraceutical Knowledge Base",2026-09-14T05:31:41.796236+00:00
Presperse Corporation,presperse.com,Somerset NJ,Personal care ingredients,0,None detected,0,None detected,"R&D, Regulatory, QA/QC, Sales",Research Scientist | Regulatory Affairs Specialist | Quality Control Analyst | Sales Representative,"Presperse Corporation is a global market leader in cosmetic ingredients. They are seeking individuals with expertise in research and development, regulatory affairs, quality control, and sales to support their growing product portfolio and customer base. The company emphasizes high-quality ingredients and compliance with global standards, suggesting a need for professionals with strong technical and regulatory knowledge. They are a company of the highest ethical values.",0,None detected,0,0,None detected,"Apollo Multi-Pass Org Graph, Company Leadership Web Crawler, Nutraceutical Knowledge Base",2026-09-14T05:31:41.796293+00:00
ProBiotix Health,probiotixhealth.com,"London, UK",Probiotics,0,None detected,0,None detected,"Regulatory, QA/QC, R&D, Sales, Marketing, Operations, Customer Service, Administration, Technical Support",Regulatory Scientist | Quality Analyst | Research & Development Scientist | Sales Representative | Marketing Specialist | Operations Manager | Customer Service Representative | Administrative Assistant | Technical Support Specialist,"ProBiotix Health is a science-based probiotic company focused on developing and commercializing microbiome-modulating probiotics, primarily targeting cardiometabolic health. They emphasize scientific validation through clinical trials and intellectual property protection (patents and trademarks) for their flagship strain, LP LDL®. The company’s strategy involves partnerships with established health and wellness companies for global distribution and leverages a state-of-the-art manufacturing facility in Denver, Colorado. They are actively seeking talent in regulatory affairs, quality control, R&D, sales, and marketing to support their product portfolio (YourBiotix, CholBiome) and expand their market reach. Given their focus on innovation and scientific rigor, they likely require individuals with backgrounds in microbiology, nutrition, and pharmaceutical development. The company's growth trajectory and expansion into new indications suggest a need for adaptable and strategic personnel.",0,None detected,0,1,[PRODUCT_LAUNCH] ProBiotix Health launches two targeted probiotic formulations for menopausal support - Nutraceutical Business Review,"Apollo Multi-Pass Org Graph, Company Leadership Web Crawler, Nutraceutical Knowledge Base",2026-09-14T05:31:41.796334+00:00
Probionova,probionova.com,"Lugano, Switzerland",Probiotics,0,None detected,0,None detected,"R&D, Regulatory, QA/QC, Sales, Clinical Medicine, Microbiology",Research Scientist | Quality Analyst | Regulatory Affairs Specialist | Sales Representative | Clinical Trial Manager | Microbiologist,"Probionova focuses on research and development of probiotic strains for therapeutic applications, particularly in areas like metabolic health and cardiovascular risk prevention. They require scientists with expertise in microbiology, clinical medicine, and regulatory affairs to develop and commercialize their products. Given their commitment to scientific evidence, they need individuals with a strong research background and experience in conducting clinical trials.",0,None detected,0,0,None detected,"Apollo Multi-Pass Org Graph, Company Leadership Web Crawler, Nutraceutical Knowledge Base",2026-09-14T05:31:41.796367+00:00
Prodalim,prodalim.com,Rotterdam,food ingredients,0,None detected,0,None detected,"R&D, Sales, Marketing, Regulatory, Application Specialist, Technical Sales Manager, Microbiology Lab Intern, Production, Quality Control, Flavor Development",Flavor Scientist | Application Specialist - Natural Preservatives | Technical Sales Manager | Microbiology Lab Intern | Quality Analyst | R&D Scientist | Sales Representative | Marketing Specialist | Regulatory Affairs Specialist | Production Supervisor,"Prodalim is a global leader in the beverage industry, specializing in the sourcing, processing, and distribution of natural fruit ingredients and solutions. They cater to a diverse range of industries, including food and beverage, flavor, and fragrance, offering customized formulations and technical support. Prodalim’s core competencies lie in its ability to leverage its global network of growers and its proprietary technology to capture and concentrate authentic aromas from food production, enabling the creation of innovative and natural products. The company is actively seeking talent in R&D, sales, and technical support to drive growth and expand its market presence. They are particularly focused on developing sustainable and clean-label solutions, aligning with evolving consumer preferences and regulatory trends. Given their focus on innovation and regulatory compliance, they require skilled professionals with expertise in flavor chemistry, food science, regulatory affairs, and application development.",0,None detected,0,0,None detected,"Apollo Multi-Pass Org Graph, Company Leadership Web Crawler, Nutraceutical Knowledge Base",2026-09-14T05:31:41.796410+00:00
Protein SA,proteinsa.com,Celrà (Gironès) CATALUNYA,Collagen,0,None detected,0,None detected,"R&D, Regulatory, QA/QC, Sales, Manufacturing",Regulatory Scientist | Quality Analyst | Research Scientist | Sales Representative | Production Technician,"Protein S.A. is a manufacturer specializing in hydrolysed collagen production, with a history spanning over 40 years. They focus on developing and producing collagen-based ingredients and supplements, primarily for the food and nutraceutical industries. Their expertise lies in the extraction, purification, and modification of collagen peptides, with a strong emphasis on research and development. They cater to both industrial and consumer markets, offering customized solutions and private label services. Given their focus on regulatory compliance and quality control, roles would likely involve ensuring adherence to industry standards (CGMP), conducting research on collagen's health benefits, managing sales and distribution, and overseeing production processes.",0,None detected,0,0,None detected,"Apollo Multi-Pass Org Graph, Company Leadership Web Crawler, Nutraceutical Knowledge Base",2026-09-14T05:31:41.796446+00:00
Provital,weareprovital.com,Barcelona,Natural ingredients,0,None detected,0,None detected,"R&D, Marketing, Sales, Regulatory Affairs",Research Scientist | Marketing Specialist | Sales Representative | Regulatory Compliance Officer,"Provital is a cosmetics ingredient supplier focused on developing natural active ingredients and botanical extracts. They emphasize combining nature and science to create innovative cosmetic formulations. Their business model involves developing and selling these ingredients to other cosmetic brands. The company is focused on expanding its product portfolio and market reach, particularly in the well-aging and sensitive skin categories. They are actively seeking to strengthen their R&D capabilities and expand their sales team to capitalize on growing demand for natural and sustainable cosmetic ingredients.",0,None detected,0,0,None detected,"Apollo Multi-Pass Org Graph, Company Leadership Web Crawler, Nutraceutical Knowledge Base",2026-09-14T05:31:41.796483+00:00
Pure Ingredients,pureingredients.eu,"Lindon, UT",Food ingrrdients,0,None detected,0,None detected,"Regulatory, QA/QC, R&D, Sales, Marketing",Regulatory Scientist | Quality Analyst | Research Scientist | Sales Representative | Marketing Specialist,"Pure Ingredients focuses on providing simple, high-quality supplement ingredients, emphasizing transparency and customer trust. They likely require talent in regulatory affairs to navigate supplement regulations, quality control to ensure product integrity, research and development to innovate formulations, sales and marketing to drive product awareness and sales, and potentially roles in supply chain management and operations to manage sourcing and distribution.",0,None detected,0,0,None detected,"Apollo Multi-Pass Org Graph, Company Leadership Web Crawler, Nutraceutical Knowledge Base",2026-09-14T05:31:41.796516+00:00
Puressentiel,puressentiel.se,Paris,Contract Manufacturer & CDMO,0,None detected,0,None detected,"Regulatory, QA/QC, R&D, Sales, Marketing, International Growth",Regulatory Scientist | Quality Analyst | Research & Development Scientist | Sales Representative | Marketing Specialist | International Business Development Manager,"Puressentiel is seeking motivated individuals to contribute to its international growth, emphasizing team spirit, rigour, and versatility. They require individuals committed to spreading brand values and participating in the Puressentiel Foundation's activities. The company values a strong team environment and a focus on natural, performance, and commitment.",0,None detected,0,0,None detected,"Apollo Multi-Pass Org Graph, Company Leadership Web Crawler, Nutraceutical Knowledge Base",2026-09-14T05:31:41.796555+00:00
QIMEI ORGANIC (QIMEI USA INC),qimeiusa.com,"Ithaca, New York","Herbal extracts,Plant protein",0,None detected,0,None detected,"R&D, QA/QC, Regulatory, Sales, Operations, Supply Chain",Research Scientist | Quality Analyst | Regulatory Affairs Specialist | Sales Manager | Supply Chain Coordinator | Production Supervisor,"Qimei USA Inc. is a global supplier of organic and plant-based ingredients, serving food, supplement, and nutraceutical brands worldwide. They operate with a strong focus on quality control and traceability, evidenced by their certifications (BRC, Organic, Kosher, HACCP) and third-party testing programs. Given their significant farmland holdings and processing capabilities, they likely require personnel in R&D to develop new products, QA/QC to maintain their quality standards, regulatory affairs to navigate complex certification requirements, and sales to expand their market reach. Their operations-focused activities also necessitate supply chain management expertise.",0,None detected,0,0,None detected,"Apollo Multi-Pass Org Graph, Company Leadership Web Crawler, Nutraceutical Knowledge Base",2026-09-14T05:31:41.796591+00:00
Quadra Group,quadragroup.com,"Vaudreuil-Dorion, QC",Nutraceutical ingredients,0,None detected,0,None detected,"Regulatory, QA/QC, R&D, Sales, Logistics, Supply Chain, Technical Service, Business Development",Regulatory Scientist | Quality Analyst | Research & Development Scientist | Sales Representative | Logistics Specialist | Supply Chain Manager | Technical Service Engineer | Business Development Manager,"Quadra Group is a chemical and ingredient distribution powerhouse focused on providing tailored solutions to a diverse range of industries, including food & nutrition, pharmaceuticals, animal feed, and industrial applications. They emphasize strong supplier partnerships, regulatory compliance (FDA-approved, Halal, Kosher, Non-GMO), and a customer-centric approach, seeking to build collaborative relationships and deliver high-quality ingredients and services. They are actively seeking talent in areas like logistics, supply chain management, and business development to support their growth and expansion.",0,None detected,0,0,None detected,"Apollo Multi-Pass Org Graph, Company Leadership Web Crawler, Nutraceutical Knowledge Base",2026-09-14T05:31:41.796626+00:00
RAPS GmbH & Co.KG,raps.com,"Adalbert-Raps-Str. 1, Kulmbach, Bavaria, 95326, Germany",Food ingredients,0,None detected,0,None detected,"Regulatory Affairs, QA/QC, R&D, Sales, Marketing, Supply Chain Management, Logistics, Technical Sales, Product Development",Regulatory Scientist | Quality Analyst | Food Scientist | Sales Manager | Marketing Specialist | Supply Chain Coordinator | Logistics Coordinator | Technical Sales Engineer | Product Development Associate,"RAPS GmbH & Co.KG is a well-established food ingredient supplier with a strong focus on spice blends, functional ingredients, and microencapsulation technology. They cater to a diverse range of industries including food manufacturing, foodservice, retail, and butchery. The company emphasizes quality, sustainability, and innovation, and actively seeks professionals with expertise in regulatory affairs, quality control, R&D, sales, and marketing to support its global operations. Given their certifications and focus on innovation, they likely require individuals with a strong understanding of food safety regulations, ingredient sourcing, and new product development.",0,None detected,0,0,None detected,"Apollo Multi-Pass Org Graph, Company Leadership Web Crawler, Nutraceutical Knowledge Base",2026-09-14T05:31:41.796667+00:00
RITA Corporation,ritacorp.com,United States,Personal care ingredients,0,None detected,0,None detected,"Sales, Regulatory, R&D, QA/QC, Supply Chain, Marketing",Sales Representative | Regulatory Affairs Specialist | Research & Development Scientist | Quality Assurance Analyst | Supply Chain Manager | Marketing Specialist,"RITA Corporation is seeking professionals with expertise in sales, regulatory affairs, research and development, quality assurance, and supply chain management to support its global operations in the personal care ingredient market. They require individuals with a strong understanding of cosmetic and pharmaceutical ingredients, sustainable sourcing, and custom formulations.",0,None detected,0,1,[MERGER_ACQUISITION] Nestle offloads Holistic Health platform for $1 billion,"Apollo Multi-Pass Org Graph, Company Leadership Web Crawler, Nutraceutical Knowledge Base",2026-09-14T05:31:41.796701+00:00
ROELMI HPC - SocietÃ benefit,roelmihpc.com,USA,Branded ingredients,0,None detected,0,None detected,"R&D, Product Management, Sales, Regulatory, QA/QC, Logistics",Research & Development Scientist | Product Manager | Sales Representative | Regulatory Affairs Specialist | Quality Analyst | Logistic Specialist,"ROELMI HPC focuses on innovation in Health & Personal Care ingredients. They require talent in R&D, formulation, regulatory affairs, sales, and quality control, particularly those with experience in sustainable and ethical ingredient sourcing. Given their focus on the American market, they likely need sales and logistics professionals. The company's 'società benefit' status suggests a focus on environmentally and socially responsible practices, potentially attracting candidates with a similar ethos.",0,None detected,0,0,None detected,"Apollo Multi-Pass Org Graph, Company Leadership Web Crawler, Nutraceutical Knowledge Base",2026-09-14T05:31:41.796753+00:00
Ravago Chemicals North America (RCNA),na.ravagochemicals.com,"Orlando, FL",Specialty ingredients,0,None detected,0,None detected,"Chemical Engineering, Sales, Regulatory, QA/QC, R&D, Technical Sales, Supply Chain, Customer Service",Chemical Engineer | Sales Representative | Regulatory Affairs Specialist | Quality Analyst | Research & Development Scientist | Technical Sales Engineer | Supply Chain Analyst | Customer Service Representative,"Ravago Chemicals North America (RCNA) is a specialty chemical and ingredient distributor with a broad product portfolio and a global reach. They are actively hiring across various functions, including technical sales, R&D, and regulatory affairs, reflecting their commitment to innovation, quality, and customer service. Given their focus on solutions and partnerships, they likely seek candidates with strong technical backgrounds and collaborative skills. The company's growth and expansion into new markets suggest a need for talent to support their continued success.",0,None detected,0,0,None detected,"Apollo Multi-Pass Org Graph, Company Leadership Web Crawler, Nutraceutical Knowledge Base",2026-09-14T05:31:41.796795+00:00
Riske Ingredients GmbH,riske-ingredients.de,"Saarlouis, Germany",Food ingredients,0,None detected,0,None detected,"Regulatory, QA/QC, R&D, Sales, Meat Processing, Food Technology, Product Development",Regulatory Scientist | Quality Analyst | Food Scientist | Application Specialist | Product Development Manager | Sales Representative,"Riske Ingredients GmbH is an international company specializing in functional ingredients and blends for the meat and sausage industry. They focus on developing customized food solutions and offer technical expertise to customers. The company leverages its experience and market trends to provide innovative product concepts and advice. Given their focus on fiber-based blends and label-friendly products, they likely require talent in food technology, application development, and regulatory affairs. The company's affiliation with the H&F Group suggests a strong emphasis on quality and innovation.",0,None detected,0,0,None detected,"Apollo Multi-Pass Org Graph, Company Leadership Web Crawler, Nutraceutical Knowledge Base",2026-09-14T05:31:41.796825+00:00
Rochem International Inc.,rochemintl.com,"Hauppauge, NY",Nutrition ingredients,0,None detected,0,None detected,"R&D, QA/QC, Sales, Regulatory, Engineering and Information Technology",Regulatory Scientist | Quality Analyst | R&D Scientist | Sales Representative | Engineering Manager | IT Specialist,"Rochem International Inc. is a global supplier of pharmaceutical, food, nutritional, and animal health ingredients, primarily sourced from China. They focus on providing ingredients that meet stringent regulatory requirements (cGMPs) and cater to the nutraceutical and animal health sectors. The company emphasizes building partnerships with manufacturers and offers technical support and regulatory expertise to its customers. They are seeking individuals with expertise in regulatory affairs, quality control, R&D, sales, and engineering/IT to support their global operations and supply chain.",0,None detected,0,0,None detected,"Apollo Multi-Pass Org Graph, Company Leadership Web Crawler, Nutraceutical Knowledge Base",2026-09-14T05:31:41.796868+00:00
Rousselot,rousselot.com,"Son, Netherlands",Branded ingredients,0,None detected,0,None detected,"Regulatory Affairs, QA/QC, R&D, Sales, Supply Chain Management, Operations, Technical Support, Marketing, Customer Service",Regulatory Scientist | Quality Analyst | Research Scientist | Sales Representative | Supply Chain Specialist | Operations Technician | Technical Support Engineer | Marketing Specialist | Customer Service Representative,"Rousselot is a leading manufacturer of gelatine and collagen peptides, supplying a wide range of industries including food, pharmaceutical, nutritional, and technical. They are seeking professionals with expertise in regulatory affairs, quality control, research and development, sales, supply chain management, and operations to support their global network of production facilities and sales teams. The company emphasizes innovation, scientific collaboration, and a commitment to sustainability, seeking individuals who can contribute to their mission of unlocking the power of collagen for better health and wellness.",0,None detected,0,0,None detected,"Apollo Multi-Pass Org Graph, Company Leadership Web Crawler, Nutraceutical Knowledge Base",2026-09-14T05:31:41.796908+00:00
SABO,sabo.com,"Bergamo, Italy",All ingredients,0,None detected,0,None detected,"Regulatory, QA/QC, R&D, Sales, Marketing, Administration, Human Resources, Logistics, Production, Engineering",Regulatory Scientist | Quality Analyst | Research and Development Scientist | Sales Representative | Marketing Specialist | Administrative Assistant | Human Resources Specialist | Logistics Coordinator | Production Technician | Mechanical Engineer | Chemical Engineer | Process Engineer,"SABO is a global supplier of polymer additives, cosmetic ingredients, and specialized products. They focus on innovation and sustainability, offering a wide range of solutions for industries including personal care, feed additives, and industrial surfactants. The company emphasizes its expertise in developing high-performance ingredients and its commitment to quality and regulatory compliance, as evidenced by its EFfCIGMP certification. They are actively expanding their presence in key markets, including the Americas and Asia, and are investing in new technologies and sustainable practices.",0,None detected,0,0,None detected,"Apollo Multi-Pass Org Graph, Company Leadership Web Crawler, Nutraceutical Knowledge Base",2026-09-14T05:31:41.796943+00:00
SALT Minerals GmbH,salt-minerals.com,"Korcach, Germany",Contract Manufacturer & CDMO,0,None detected,0,None detected,"R&D, QA/QC, Sales, Regulatory, Manufacturing, Technical Support",Research Scientist | Quality Analyst | Sales Representative | Regulatory Affairs Specialist | Production Engineer | Technical Support Specialist,"SALT Minerals GmbH is a German-based company specializing in the development and supply of mineral salts for various industries, including pharmaceuticals, food, and cosmetics. They focus on providing high-purity salts and customized solutions, leveraging their manufacturing capabilities and technical expertise. The company emphasizes quality management, GMP certification, and compliance with international regulations. They are seeking individuals with expertise in R&D, quality control, sales, and regulatory affairs to support their global operations and drive innovation in the mineral salt market.",0,None detected,0,0,None detected,"Apollo Multi-Pass Org Graph, Company Leadership Web Crawler, Nutraceutical Knowledge Base",2026-09-14T05:31:41.796981+00:00
SAVANNA Ingredients GmbH,savanna-ingredients.com,"Elsdorf, North Rhine-Westphalia",Food ingredients,0,None detected,0,None detected,"R&D, Sales, Product Management, Quality Management",Allulose Product Manager | Quality Analyst | Sales Manager | Research Scientist,"SAVANNA Ingredients is seeking talent in R&D, Sales, and Quality Management, particularly focused on Allulose production and sales. The company's innovation-driven approach and focus on functional carbohydrates suggest a need for individuals with expertise in food science, biotechnology, and sales within the food and beverage industry. Given the company's FSSC 22000 certification, quality control and regulatory expertise are also valuable.",0,None detected,0,0,None detected,"Apollo Multi-Pass Org Graph, Company Leadership Web Crawler, Nutraceutical Knowledge Base",2026-09-14T05:31:41.797017+00:00
SD Guthrie International - Speciality Ingredients,sdguthrie-si.com,"Petaling Jaya, Selangor, Malaysia",Lecithin,0,None detected,0,None detected,"R&D, QA/QC, Sales, Regulatory, Procurement",Research Scientist | Quality Analyst | Sales Manager | Regulatory Affairs Specialist | Procurement Officer,"SD Guthrie International is focused on the production and distribution of palm oil and lecithin products. They operate globally, with a strong presence in Malaysia, Indonesia, the Netherlands, and other regions. The company emphasizes sustainable practices and innovation in its product offerings, particularly in lecithin modification and specialty ingredients. They are actively seeking to expand their market reach and develop new applications for their products, particularly within the food and non-food industries. Recruitment needs likely include scientists for R&D, quality control specialists, sales professionals to drive market growth, regulatory affairs experts to ensure compliance, and procurement officers to manage supply chains. The company's commitment to sustainability and innovation suggests a need for individuals with expertise in these areas.",0,None detected,0,0,None detected,"Apollo Multi-Pass Org Graph, Company Leadership Web Crawler, Nutraceutical Knowledge Base",2026-09-14T05:31:41.797059+00:00
SD Herbs,sdherbs.com,"Mandsaur, Madhya Pradesh",Herbal extracts,0,None detected,0,None detected,"R&D, Regulatory, QA/QC, Sales, Manufacturing, Marketing",Regulatory Scientist | Quality Analyst | Research & Development Scientist | Sales Representative | Manufacturing Technician | Marketing Specialist,"SD Herbs operates in the specialized market of standardized herbal extracts, catering to industries including healthcare (Ayurvedic, Homeopathic, Natural, Herbal) and personal care (Cosmetic). They emphasize GMP-certified manufacturing, direct sourcing from farmers, and a focus on clinically tested products. Given their location in India and product focus, competition likely includes other Indian herbal extract manufacturers, as well as international suppliers of natural ingredients for the health and beauty sectors. The company's emphasis on quality control and traceability suggests a need for personnel skilled in analytical chemistry, quality assurance, and regulatory compliance.",0,None detected,0,0,None detected,"Apollo Multi-Pass Org Graph, Company Leadership Web Crawler, Nutraceutical Knowledge Base",2026-09-14T05:31:41.797097+00:00
SE Tylose,setylose.com,"Wiesbaden, Germany","Food,Pharma,Nutra",0,None detected,0,None detected,"Regulatory, QA/QC, R&D, Sales, Technical Support, Manufacturing, Marketing, Supply Chain Management",Regulatory Scientist | Quality Analyst | Research & Development Scientist | Sales Representative | Technical Sales Engineer | Manufacturing Technician | Marketing Specialist | Supply Chain Coordinator,"SE Tylose is seeking talent to support its global operations, particularly within its pharmaceutical excipient and industrial cellulose ether divisions. Demand is driven by growth in the 3D printing, paints, coatings, personal care, food, and construction industries. Key skills required include formulation expertise, regulatory knowledge (especially within the pharmaceutical sector), quality control, and technical sales. The company is investing in R&D to expand its product portfolio, particularly in sustainable and bio-based materials, creating opportunities for scientists and engineers. They are also looking for individuals to support their growing global sales and distribution network.",0,None detected,0,0,None detected,"Apollo Multi-Pass Org Graph, Company Leadership Web Crawler, Nutraceutical Knowledge Base",2026-09-14T05:31:41.797137+00:00
STAUBER,stauberusa.com,"Fullerton, CA",Nutritional Ingredients,0,None detected,0,None detected,"Regulatory, QA/QC, R&D, Sales, Marketing, Supply Chain Management, Operations, Quality Assurance, Technical Support, Customer Service",Regulatory Scientist | Quality Analyst | Research & Development Scientist | Sales Representative | Marketing Specialist | Supply Chain Analyst | Operations Manager | Quality Control Technician | Technical Support Specialist | Customer Service Representative,"Stauber USA is a leading ingredient supplier specializing in nutritional innovation, primarily serving the supplement and functional food industries. They focus on sourcing and distributing a wide range of premium ingredients, including vitamins, minerals, amino acids, enzymes, and botanical extracts. Stauber emphasizes quality and safety, with a strong emphasis on regulatory compliance (FSMA, cGMP) and supplier qualification. They cater to businesses involved in developing and manufacturing dietary supplements, functional beverages, and food products. Given their focus on innovation and strategic partnerships, Stauber likely seeks talent in formulation development, supply chain optimization, and sales/marketing roles within the nutraceutical sector.",0,None detected,0,0,None detected,"Apollo Multi-Pass Org Graph, Company Leadership Web Crawler, Nutraceutical Knowledge Base",2026-09-14T05:31:41.797175+00:00
STEFES Ingredients,stefesingredients.de,Hamburg,All ingredients,0,None detected,0,None detected,"Regulatory, QA/QC, R&D, Sales, Marketing, Logistics, Customer Service, Quality Management, Operations, Project Management",Regulatory Scientist | Quality Analyst | Research & Development Scientist | Sales Manager | Marketing Specialist | Logistics Coordinator | Customer Service Representative | Quality Control Technician | Operations Manager | Project Engineer,"STEFES Ingredients is a supplier of raw materials primarily for the nutraceutical, functional food, and pet nutrition industries. They focus on providing high-quality ingredients, including plant extracts, fruit juice powders, vitamins, and other health-promoting components. They emphasize certifications (ISO 9001, HACCP, Organic) and a global supplier network. They are actively seeking to expand their market reach and build strong relationships with manufacturers of dietary supplements and functional foods. The company's focus on traceability, quality control, and regulatory compliance suggests a need for individuals with expertise in these areas. Their involvement in trade fairs (Vitafoods Europe) indicates a commitment to innovation and market trends. The diverse range of job roles highlights a growing and dynamic organization.",0,None detected,0,0,None detected,"Apollo Multi-Pass Org Graph, Company Leadership Web Crawler, Nutraceutical Knowledge Base",2026-09-14T05:31:41.797212+00:00
STOCKMEIER Food GmbH,stockmeier-food.com,Bielefeld,Food ingredients,0,None detected,0,None detected,"R&D, QA/QC, Sales, Regulatory, Product Development, Production, Logistics",Flavorist | Quality Control Analyst | Research & Development Scientist | Sales Representative | Regulatory Affairs Specialist | Production Technician | Logistics Coordinator,"STOCKMEIER Food GmbH is a dynamically growing and service-oriented company in the food supply industry. They develop, produce and sell flavors worldwide, focusing on innovation and customer satisfaction. Due to their growth, they are likely seeking individuals with expertise in flavor chemistry, food technology, quality control, and sales to support their expanding global operations. They value a collaborative and dynamic work environment.",0,None detected,0,0,None detected,"Apollo Multi-Pass Org Graph, Company Leadership Web Crawler, Nutraceutical Knowledge Base",2026-09-14T05:31:41.797248+00:00
Sabinsa,sabinsa.com,"East Windsor, NJ",Branded ingredients,0,None detected,0,None detected,"Regulatory, QA/QC, R&D, Sales, Manufacturing, Marketing, Supply Chain, Procurement, Technical Support",Regulatory Scientist | Quality Analyst | Research Scientist | Sales Manager | Manufacturing Supervisor | Marketing Specialist | Supply Chain Analyst | Procurement Specialist | Technical Support Engineer,"Sabinsa is a global leader in the nutraceutical and cosmeceutical industries, specializing in the development and manufacturing of science-based ingredients derived from herbal extracts, probiotics, enzymes, and other natural sources. They are actively seeking talent in regulatory affairs, quality control, research and development, sales, and manufacturing to support their global operations and expand their product portfolio. Given their focus on innovation and sustainable practices, they likely seek candidates with strong scientific backgrounds, experience in the nutraceutical or pharmaceutical industries, and a commitment to quality and ethical sourcing.",0,None detected,0,0,None detected,"Apollo Multi-Pass Org Graph, Company Leadership Web Crawler, Nutraceutical Knowledge Base",2026-09-14T05:31:41.797282+00:00
SaltyLama,saltylama.com,Colorado,Nutraceutical Packaging Specialist,0,None detected,0,None detected,"Regulatory, QA/QC, R&D, Sales, Marketing, Operations",Regulatory Scientist | Quality Analyst | Research Scientist | Sales Representative | Marketing Specialist | Operations Manager,"SaltyLama is a retail company focused on selling eco-friendly laundry detergent strips. They are targeting environmentally conscious consumers seeking sustainable alternatives to traditional liquid detergents. The company’s business model relies on direct-to-consumer sales through its website and potentially through online marketplaces like Amazon. Due to their focus on sustainability, they likely require talent in marketing and sales to promote their brand and products to environmentally conscious consumers. They also need operations and supply chain management to ensure efficient production and delivery of their products.",0,None detected,0,0,None detected,"Apollo Multi-Pass Org Graph, Company Leadership Web Crawler, Nutraceutical Knowledge Base",2026-09-14T05:31:41.797318+00:00
Sensus,inspiredbyinulin.com,"Roosendaal, The Netherlands","Branded ingredients,Natural ingredients",0,None detected,0,None detected,"Sales, R&D, Regulatory, QA/QC",Sales Manager | Research Scientist | Regulatory Affairs Specialist | Quality Analyst,"Sensus is a leading supplier of chicory root fiber, focusing on the production and distribution of inulin and oligofructose. They cater to the food and beverage industry, offering functional ingredients with prebiotic benefits. Demand is driven by consumer trends towards healthier food options and the growing use of inulin as a texturizer and flavor enhancer. Sensus is expanding its market presence through strategic partnerships and distribution agreements.",0,None detected,0,0,None detected,"Apollo Multi-Pass Org Graph, Company Leadership Web Crawler, Nutraceutical Knowledge Base",2026-09-14T05:31:41.797351+00:00
Skyherb Nutritionals Inc.,skyherbusa.com,"Hangzhou, Zhejiang, China","Botanical extracts,Branded ingredients",0,None detected,0,None detected,"R&D, Regulatory, QA/QC, Sales, Manufacturing, Extraction Technology",R&D Scientist | Regulatory Affairs Specialist | Quality Control Analyst | Sales Representative | Extraction Technician | Formulation Scientist,"Skyherb Nutritionals Inc. is a manufacturer specializing in standardized plant extracts for the Food & Beverage, Dietary Supplement, and Pharmaceutical industries. They focus on innovation, utilizing advanced technologies and R&D laboratories to develop and produce high-quality ingredients. Given their focus on botanical extracts and custom formulations, they likely require talent in R&D, regulatory affairs to navigate industry standards, quality control to ensure product integrity, sales to manage customer relationships and distribution, and extraction technology specialists to optimize their processes. They are expanding their production capacity and have a strong focus on quality certifications, indicating a need for personnel to maintain these standards.",0,None detected,0,0,None detected,"Apollo Multi-Pass Org Graph, Company Leadership Web Crawler, Nutraceutical Knowledge Base",2026-09-14T05:31:41.797389+00:00
Solabia Group,solabia.com,"Pantin, Ile-de-France, France",Branded ingredients,0,None detected,0,None detected,"R&D, Regulatory, QA/QC, Sales, Biotechnology, Microbiological Diagnostics",Research Scientist | Regulatory Affairs Specialist | Quality Control Analyst | Sales Representative | Biotechnologist | Microbiologist,"Solabia Group is a global supplier of innovative ingredients for the cosmetics, pharmaceuticals, nutrition, and biotechnology industries. They are focused on developing and producing natural and technologically advanced ingredients, particularly for skincare and haircare. Due to their diverse portfolio and acquisitions (AppleChem, Plastlabor, PolymerExpert, Bioactor, etc.), they require talent in R&D, regulatory affairs, quality control, sales, and potentially biotechnology and microbiology. They are actively seeking to expand their market presence, particularly in Asia/Pacific, and are investing in innovation and sustainability.",0,None detected,0,0,None detected,"Apollo Multi-Pass Org Graph, Company Leadership Web Crawler, Nutraceutical Knowledge Base",2026-09-14T05:31:41.797438+00:00
"Solabia USA, Inc.",solabia.com,France,Branded ingredients,0,None detected,0,None detected,"R&D, Regulatory, QA/QC, Sales, Manufacturing, Biotechnology, Microbiological Diagnostics",Regulatory Scientist | Quality Analyst | Research & Development Scientist | Sales Representative | Manufacturing Technician | Biotechnologist | Microbiologist,"Solabia USA, Inc. specializes in the production of active ingredients for the cosmetics, nutrition, and pharmaceutical industries. They leverage a 50-year history of expertise in enzymatic hydrolysis and innovative technologies, particularly in areas like plant extracts (e.g., SolaPearls®) and microbiome-focused ingredients (e.g., Serenibiome®). The company's focus on natural and technologically enhanced ingredients aligns with current trends in the cosmetics industry. They are actively involved in research and development, as evidenced by their partnerships and In-Cosmetics Global awards. Given their diverse product portfolio and commitment to innovation, Solabia seeks talent in regulatory affairs, quality control, R&D, sales, and manufacturing.",0,None detected,0,0,None detected,"Apollo Multi-Pass Org Graph, Company Leadership Web Crawler, Nutraceutical Knowledge Base",2026-09-14T05:31:41.797482+00:00
Solnul®,solnul.com,"Carberry, Manitoba, Canada",Prebiotic Ingredients,0,None detected,0,None detected,"Regulatory, QA/QC, R&D, Marketing, Sales",Regulatory Affairs Specialist | Quality Control Analyst | Research Scientist | Marketing Coordinator | Sales Representative,"Solnul® is seeking talent to support its regulatory approvals, quality control, research and development, marketing, and sales efforts, particularly within the functional food and beverage and dietary supplement industries. The company is focused on expanding its market presence and leveraging its patented prebiotic ingredient, Solnul®, to address consumer demand for gut health solutions. Given its Health Canada approval and Upcycled Certified™ status, Solnul® is attracting interest from companies seeking innovative, scientifically-backed ingredients for their formulations. The company's growth trajectory and international expansion plans create opportunities for individuals with experience in market access, product development, and sales.",0,None detected,0,0,None detected,"Apollo Multi-Pass Org Graph, Company Leadership Web Crawler, Nutraceutical Knowledge Base",2026-09-14T05:31:41.797516+00:00
Solutex Corp,solutexcorp.com,"Alcobendas, Madrid, Spain","Marine.,Algae",0,None detected,0,None detected,"R&D, Regulatory, QA/QC, Sales, Manufacturing, Biolipid Research",R&D Scientist | Regulatory Affairs Specialist | Quality Control Analyst | Sales Manager | Biolipid Formulation Specialist | Molecular Distillation Technician,"Solutex Corp is a leading supplier of omega-3 ingredients, specializing in the development and production of EPA and DHA concentrates from fish and algae sources. They cater to the dietary supplements, medical nutrition, pharmaceutical, and cosmetic industries, focusing on sustainable innovation and high-purity ingredients. They are actively seeking talent in R&D, regulatory affairs, quality control, and sales to support their expanding production capacity and new product development, particularly in the area of SPMs (Specialized Pro-Resolving Mediators). Given their focus on green chemistry and advanced biolipid technology, they likely require individuals with expertise in molecular distillation, reactor operation, and analytical laboratory techniques.",0,None detected,0,0,None detected,"Apollo Multi-Pass Org Graph, Company Leadership Web Crawler, Nutraceutical Knowledge Base",2026-09-14T05:31:41.797556+00:00
Spaichinger Nudelmacher GmbH,spaichinger.com,Stuttgart,Food ingredients,0,None detected,0,None detected,"R&D, Sales, Marketing, Supply Chain Management, Regulatory, QA/QC, Customer Experience, Retail & Merchandising",Research & Development Scientist | Sales Manager | Marketing Specialist | Supply Chain Analyst | Regulatory Affairs Specialist | Quality Assurance Engineer | Customer Experience Manager | Retail Operations Specialist,"Spaichinger Nudelmacher is a long-established pasta manufacturer specializing in both traditional and innovative pasta products. They operate in a B2B sector, offering private label solutions and customized pasta formulations. Their expertise lies in developing pasta from alternative raw materials and producing a wide variety of shapes. They are seeking individuals with experience in R&D, sales, marketing, supply chain management, and quality assurance to support their production and innovation efforts.",0,None detected,0,0,None detected,"Apollo Multi-Pass Org Graph, Company Leadership Web Crawler, Nutraceutical Knowledge Base",2026-09-14T05:31:41.797596+00:00
Standard Process Inc.,standardprocess.com,"Palmyra, WI",Contract Manufacturer & CDMO,0,None detected,0,None detected,"Regulatory, QA/QC, R&D, Sales, Production, Scientific Communication, System Support",Regulatory Scientist | Quality Analyst | Research & Development Scientist | Sales Representative | Production Technician | Scientific Communication Specialist | System Support Analyst,"Standard Process is seeking professionals with expertise in regulatory affairs, quality control, research and development, sales, and production to support its manufacturing and distribution of organic, whole food-based nutritional supplements. They are actively hiring for roles related to system support and scientific communication, indicating a need for technical and communication support within the organization.",0,None detected,0,0,None detected,"Apollo Multi-Pass Org Graph, Company Leadership Web Crawler, Nutraceutical Knowledge Base",2026-09-14T05:31:41.797635+00:00
"Starwest Botanicals, Inc.",starwest-botanicals.com,"Sacramento, CA","Herbal,tea extracts",0,None detected,0,None detected,"QA/QC, R&D, Sales, Regulatory, Laboratory Testing, Wholesale Account Management",Quality Analyst | Research Scientist | Sales Representative | Regulatory Affairs Specialist | Laboratory Technician | Wholesale Account Manager,"Starwest Botanicals is focused on sourcing and supplying high-quality organic herbs, spices, teas, and essential oils. They emphasize ethical sourcing, rigorous testing, and a commitment to quality control, operating a modern in-house laboratory with HPTLC and ICP-MS capabilities. They are a long-standing company (established in 1975) with a strong focus on building relationships with growers and suppliers, and they cater to both retail and wholesale customers. They are committed to sustainability and transparency, and have certifications including USDA Organic, Kosher, and Fair Trade.",0,None detected,0,0,None detected,"Apollo Multi-Pass Org Graph, Company Leadership Web Crawler, Nutraceutical Knowledge Base",2026-09-14T05:31:41.797670+00:00
"Synergy Flavors, Inc.",synergytaste.com,"Wauconda, IL","Food,Nutrition",0,None detected,0,None detected,"Regulatory, QA/QC, R&D, Sales, Marketing, Supply Chain, Operations, Engineering, Finance, Accounting, Human Resources",Regulatory Scientist | Quality Analyst | Flavorist | Applications Technologist | R&D Operations Supervisor | Purchasing Manager | Sr. Buyer | Mechanical Engineer | Maintenance and Engineering Manager | Accounting Manager | HR Business Partner,"Synergy Flavors is a global manufacturer and supplier of flavorings, extracts, and essences. They focus on creating impactful taste solutions for a wide range of applications, including beverages, dairy, nutrition, and savory products. They are actively seeking talent in flavor development, regulatory affairs, quality control, and supply chain management to support their global operations and innovation efforts. Given their focus on innovation and sustainability, they likely require individuals with strong technical skills, market understanding, and a commitment to responsible sourcing.",0,None detected,0,0,None detected,"Apollo Multi-Pass Org Graph, Company Leadership Web Crawler, Nutraceutical Knowledge Base",2026-09-14T05:31:41.797706+00:00
Synthite Industries Ltd,synthite.com,"Kochi, India",Herbal extracts,0,None detected,0,None detected,"R&D, Formulation Design, Process Optimization, Sensory Profiling, Scale-Up Support, QA/QC, Regulatory, Sales, Engineering",R&D Scientist | Formulation Chemist | Process Engineer | Sensory Analyst | Scale-Up Technician | Quality Control Analyst | Regulatory Affairs Specialist | Sales Representative | Chemical Engineer,"Synthite Industries Ltd. is a global leader in natural ingredient solutions, specializing in spice oleoresins, spice powders, and essential oils. They cater to the food, health, and fragrance industries, offering customized solutions backed by 5 decades of scientific expertise. The company's operations involve R&D, manufacturing, and global distribution, requiring talent in chemistry, engineering, sensory analysis, and regulatory affairs. Given their focus on innovation and sustainability, they likely seek individuals with backgrounds in green chemistry, precision fermentation, and ESG practices.",0,None detected,0,0,None detected,"Apollo Multi-Pass Org Graph, Company Leadership Web Crawler, Nutraceutical Knowledge Base",2026-09-14T05:31:41.797744+00:00
TCR Industries,tcrindustries.com,"La Palma, CA, USA",All ingredients-Branded,0,None detected,0,None detected,"Sales, Distribution, Technical Support, Operations, Management",Sales Representative | Distribution Manager | Technical Support Specialist | Operations Coordinator | Sales Director | Distribution Analyst,"TCR Industries is a regional chemical distributor seeking sales professionals, operations specialists, and technical support staff to manage relationships with existing customers and expand its distribution network. They require individuals with strong relationships and expertise in the chemical industry. The company emphasizes a customer-centric approach and a deep network of trusted relationships.",0,None detected,0,0,None detected,"Apollo Multi-Pass Org Graph, Company Leadership Web Crawler, Nutraceutical Knowledge Base",2026-09-14T05:31:41.797781+00:00
TR Nutritionals,trnutritionals.com,United States,Botanical extracts,0,None detected,0,None detected,"Regulatory, QA/QC, R&D, Sales, Supply Chain Management",Regulatory Affairs Specialist | Quality Control Analyst | Research & Development Scientist | Sales Representative | Supply Chain Coordinator,"TR Nutritionals operates as a supplier of bulk raw materials for dietary supplements and acts as a representative for international manufacturers. They focus on quality assurance, regulatory compliance, and providing a range of ingredients including botanical extracts, specialty ingredients, and vitamins. Given their role as a distributor and representative, they likely require personnel with expertise in international trade, regulatory affairs, quality control, and sales to manage relationships with manufacturers and customers.",0,None detected,0,0,None detected,"Apollo Multi-Pass Org Graph, Company Leadership Web Crawler, Nutraceutical Knowledge Base",2026-09-14T05:31:41.797814+00:00
TSI Group Ltd,tsigroupltd.com,Worldwide,Branded ingredients,0,None detected,0,None detected,"R&D, QA/QC, Sales, Marketing, Business Management, Product Management, Nutrition Science, Biotechnology Research",Research & Development Scientist | Quality Assurance Manager | Sales Director | Product Marketing Manager | Business Manager | Senior Sales Director | Biotechnology Research Scientist,"TSI Group is seeking talent with expertise in nutrition science, formulation development, contract manufacturing, quality assurance, sales, marketing, and business management, particularly within the nutraceutical and consumer health industries. They require individuals with experience in R&D, GMP facilities, and supply chain management to support their global manufacturing operations and innovative product development.",0,None detected,0,0,None detected,"Apollo Multi-Pass Org Graph, Company Leadership Web Crawler, Nutraceutical Knowledge Base",2026-09-14T05:31:41.797848+00:00
TWG Health & Nutrition,twghealthandnutrition.com,"Lafayette, LA",Nutritional ingredients,0,None detected,0,None detected,"R&D, Manufacturing, Quality Assurance, Sales, Engineering",R&D Scientist | Manufacturing Technician | Quality Control Analyst | Sales Representative | Mechanical Engineer | CNC Machinist,"TWG Health & Nutrition focuses on the development, manufacturing, and supply of high-quality nutritional premixes, blends, and value-added ingredients. They cater to a diverse range of industries, including food and beverage, with a strong emphasis on innovation and custom formulations. Given their CGMP compliance and focus on quality control, they likely require personnel with expertise in formulation science, manufacturing operations, quality assurance, and technical sales. The company’s commitment to R&D and its participation in industry events (Vitafoods Europe) suggests a need for scientists and engineers focused on developing new products and technologies. Their emphasis on custom solutions indicates a need for skilled technicians and potentially engineers to support client projects.",0,None detected,0,0,None detected,"Apollo Multi-Pass Org Graph, Company Leadership Web Crawler, Nutraceutical Knowledge Base",2026-09-14T05:31:41.797889+00:00
Taiyo,taiyo.com,"Yokkaichi, Japan",Contract Manufacturer & CDMO,0,None detected,0,None detected,"R&D, QA/QC, Regulatory, Sales, Product Development, Customer Partner Support",Research Scientist | Quality Analyst | Regulatory Affairs Specialist | Sales Representative | Product Development Engineer | Technical Support Specialist,"Taiyo Kagaku Corporation is a global leader in delivering beneficial foods and ingredients. They specialize in developing and manufacturing functional ingredients for the food, beverage, medical food, and pharmaceutical industries. Their expertise lies in areas such as green tea antioxidants, amino acids for stress reduction, soluble dietary fiber, vitamin and mineral delivery systems, superfruit extracts, emulsifiers, stabilizers, and other ingredients. They are involved in creating functional food ingredients with endless potential and have a growing assortment of ingredients with organic certification. Taiyo’s ingredients are produced in seven production plants in Japan, South Korea, China and India. They are focused on innovation and quality, and have a strong presence in key markets globally.",0,None detected,0,0,None detected,"Apollo Multi-Pass Org Graph, Company Leadership Web Crawler, Nutraceutical Knowledge Base",2026-09-14T05:31:41.797926+00:00
Taiyo GmbH,taiyogmbh.com,"Yokkaichi, Japan","Tea extracts,branded ingredients",0,None detected,0,None detected,"Regulatory, QA/QC, R&D, Sales, Marketing, Manufacturing",Regulatory Scientist | Quality Analyst | Research & Development Scientist | Sales Representative | Marketing Specialist | Production Technician,"Taiyo GmbH specializes in developing functional ingredients derived from natural sources for the food, beverage, and dietary supplement industries. They are a pioneer in the research and manufacturing of these ingredients, focusing on innovation and clinically proven nutritional benefits. Given their global distribution network and diverse product range (including Sunfiber, SunActive, and Sunphenon), they likely seek talent in regulatory affairs, quality control, research & development, sales, and marketing to support their international operations and expand their market reach.",0,None detected,0,0,None detected,"Apollo Multi-Pass Org Graph, Company Leadership Web Crawler, Nutraceutical Knowledge Base",2026-09-14T05:31:41.797962+00:00
Taiyo International,taiyointernational.com,"Minneapolis, MN","Branded ingredients,Tea extracts",0,None detected,0,None detected,"R&D, Regulatory, QA/QC, Sales, Marketing, Product Development",Regulatory Scientist | Quality Analyst | R&D Scientist | Sales Manager | Marketing Specialist | Product Development Scientist,"Taiyo International focuses on developing and manufacturing functional ingredients, primarily for the food, beverage, and supplement industries. They leverage their expertise in areas like prebiotic fibers (Sunfiber), amino acids (Suntheanine), and green tea extracts (Sunphenon) to create innovative ingredients for various applications. The company emphasizes clinical validation and traceability of its ingredients, targeting manufacturers seeking to enhance the nutritional profiles and functional benefits of their products. They are actively involved in research and development, particularly concerning the bioavailability and efficacy of their ingredients.",0,None detected,0,0,None detected,"Apollo Multi-Pass Org Graph, Company Leadership Web Crawler, Nutraceutical Knowledge Base",2026-09-14T05:31:41.797992+00:00
Tangreens,tangreens.com,"Shenzhen, Guangdong",Contract Manufacturer & CDMO,0,None detected,0,None detected,"R&D, QA/QC, Regulatory, Sales, Manufacturing, Finance, Engineering",Regulatory Scientist | Quality Analyst | Research Scientist | Sales Manager | Manufacturing Engineer | Financial Controller | Data Scientist,"Tangreens is a supplier of natural botanical extracts primarily to the pharmaceutical and flavor & fragrance industries. They likely require scientists with expertise in extraction, formulation, and analytical chemistry, as well as regulatory affairs specialists to navigate the complex landscape of ingredient approvals. Sales and marketing roles would be needed to drive revenue and build relationships with key clients. Manufacturing roles would be needed to support production. The company's focus on natural ingredients suggests a need for R&D personnel to develop new extraction techniques and explore novel applications.",0,None detected,0,0,None detected,"Apollo Multi-Pass Org Graph, Company Leadership Web Crawler, Nutraceutical Knowledge Base",2026-09-14T05:31:41.798027+00:00
Teeccino,teeccino.com,"Westbury, New York",Coffee and Tea Extracts,0,None detected,0,None detected,"R&D, Quality Assurance, Regulatory Affairs, Sales, Marketing, Product Development, Operations, Supply Chain Management",Research Scientist | Quality Analyst | Regulatory Specialist | Sales Representative | Marketing Specialist | Product Development Manager | Operations Manager | Supply Chain Coordinator,"Teeccino is a contract manufacturer specializing in herbal coffee and tea alternatives. They require talent with expertise in nutritional science, formulation development, regulatory compliance, quality control, and sales to market and distribute their products. Given their focus on innovative blends and certifications (USP, NSF), roles requiring scientific knowledge and adherence to strict quality standards are crucial. The company's growth is driven by increasing consumer demand for healthier beverage options, necessitating sales and marketing professionals to expand their reach.",0,None detected,0,0,None detected,"Apollo Multi-Pass Org Graph, Company Leadership Web Crawler, Nutraceutical Knowledge Base",2026-09-14T05:31:41.798064+00:00
Th. Geyer Ingredients GmbH & Co. KG,thgeyer.com,Norderstedt,All ingredients,0,None detected,0,None detected,"R&D, Sales, QA/QC, Regulatory, Product Management, Development Management",Research & Development Scientist | Sales Supervisor | Quality Analyst | Regulatory Affairs Specialist | Product Manager | Development Manager,"Th. Geyer Ingredients GmbH & Co. KG is seeking talent in R&D, Sales, QA/QC, and Regulatory Affairs to support its operations as a supplier of fats and oils for the food, cosmetics, and scent & care industries. They require professionals with experience in laboratory supplies procurement and a strong understanding of the chemical and analytical industries.",0,None detected,0,0,None detected,"Apollo Multi-Pass Org Graph, Company Leadership Web Crawler, Nutraceutical Knowledge Base",2026-09-14T05:31:41.798104+00:00
Thai Union Ingredients,thaiunioningredients.com,"Bangkok, Thailand",Marine ingredients,0,None detected,0,None detected,"Quality Assurance, Packaging, Commercial Support, Strategy, Transformation, Operations, National Accounts, Sales, Marketing, Finance, R&D, Regulatory",Quality Assurance Manager | Packaging Engineer | Commercial Support Specialist | Strategy Manager | Transformation Lead | Operations Manager | National Accounts Manager | Sales Manager | Marketing Manager | Financial Analyst | R&D Scientist | Regulatory Affairs Specialist,"Thai Union is actively seeking talent across multiple functions, reflecting its global expansion and focus on innovation and sustainability. Demand is particularly high for individuals with expertise in quality assurance, packaging, and regulatory affairs, driven by increasing scrutiny of seafood safety and supply chain transparency. The company is investing in strategic roles to support its growth ambitions and is open to candidates with experience in areas such as commercial support, operations, and marketing. Given the company's commitment to sustainability, roles related to environmental management and responsible sourcing are also of interest.",0,None detected,0,0,None detected,"Apollo Multi-Pass Org Graph, Company Leadership Web Crawler, Nutraceutical Knowledge Base",2026-09-14T05:31:41.798145+00:00
The Lubrizol Corporation,lubrizol.com,"Wickliffe, Ohio",Branded ingredients,0,None detected,0,None detected,"R&D, Sales, Engineering, Manufacturing, Regulatory Affairs, QA/QC, Product Management, Customer Service, Supply Chain, Technical Support",Research Scientist | Sales Engineer | Process Engineer | Quality Control Analyst | Regulatory Specialist | Product Manager | Customer Support Representative | Supply Chain Analyst | Technical Support Specialist | Manufacturing Technician,"Lubrizol is a global specialty chemical company seeking professionals across various disciplines, particularly in R&D, sales, engineering, and manufacturing. Given its diverse product portfolio (additives, materials, and ingredients), they require talent with expertise in chemistry, materials science, and application development. The acquisition by Berkshire Hathaway suggests a focus on long-term growth and stability, potentially attracting candidates seeking a secure and established organization. Demand is likely high for roles related to new product development, particularly in sustainable and high-performance materials, driven by evolving industry regulations and customer needs.",0,None detected,0,0,None detected,"Apollo Multi-Pass Org Graph, Company Leadership Web Crawler, Nutraceutical Knowledge Base",2026-09-14T05:31:41.798186+00:00
The Nature Network,the-nature-network.com,Germany,"Tea,Botanical extracts",0,None detected,0,None detected,"Regulatory, QA/QC, R&D, Sales, Marketing, Product Development, Laboratory, Consulting, Distribution, Manufacturing, Technical Support, Supply Chain Management",Regulatory Scientist | Quality Analyst | Research and Development Scientist | Sales Manager | Marketing Specialist | Product Development Engineer | Laboratory Technician | Consultant | Distribution Manager | Manufacturing Technician | Technical Support Specialist | Supply Chain Coordinator,"The Nature Network is seeking talent in regulatory affairs, quality control, research and development, sales, and marketing to support its botanical product offerings and value-added services. Given its focus on responsible sourcing and innovative product development, roles requiring scientific expertise, technical skills, and a strong understanding of the food, pharmaceutical, and nutraceutical industries are particularly relevant. The company's commitment to sustainability and climate neutrality may also drive demand for professionals with experience in environmental science and sustainable supply chain management.",0,None detected,0,0,None detected,"Apollo Multi-Pass Org Graph, Company Leadership Web Crawler, Nutraceutical Knowledge Base",2026-09-14T05:31:41.798225+00:00
The Riverside Company,theriverside.com,"New York, New York",Contract Manufacturer & CDMO,0,None detected,0,None detected,"Regulatory, QA/QC, R&D, Sales, Manufacturing, Marketing, Operations",Regulatory Scientist | Quality Analyst | Research & Development Scientist | Sales Manager | Manufacturing Engineer | Marketing Specialist | Operations Manager,"The Riverside Company focuses on investments in companies within the specialty manufacturing and distribution sectors, particularly those with strong EBITDA margins, attractive growth opportunities, and a clear competitive advantage. They actively seek companies with recurring demand, innovative products, and established customer relationships. Given their investment focus on flavor and specialty ingredients, they likely require talent in formulation, manufacturing, regulatory affairs, and sales within these specialized industries. They also appear to be expanding into CDMO services, indicating a need for expertise in contract manufacturing and development.",0,None detected,0,0,None detected,"Apollo Multi-Pass Org Graph, Company Leadership Web Crawler, Nutraceutical Knowledge Base",2026-09-14T05:31:41.798261+00:00
"Top Health Ingredients, Inc",tophealthingredients.com,"Spanish Fork, Utah",General ingredients,0,None detected,0,None detected,"R&D, Quality Assurance, Sales, Regulatory Affairs, Formulation Science, Manufacturing, Supply Chain Management",R&D Scientist | Quality Analyst | Formulation Specialist | Sales Representative | Regulatory Compliance Officer | Manufacturing Engineer | Supply Chain Coordinator,"Top Health Ingredients is focused on supplying high-quality, non-GMO plant-based ingredients to the food and beverage industry. They emphasize sustainable sourcing, rigorous analysis, and formulation support. Given their focus on functional mushrooms and protein ingredients, they likely require talent in R&D, formulation science, quality control, and sales to support innovation and market expansion. The company's commitment to global warehousing and supply chain management suggests a need for supply chain professionals. The FDA inspection highlights a need for personnel with regulatory compliance expertise and a strong understanding of GMP requirements.",0,None detected,0,0,None detected,"Apollo Multi-Pass Org Graph, Company Leadership Web Crawler, Nutraceutical Knowledge Base",2026-09-14T05:31:41.798303+00:00
TopGum Industries,topgummiceuticals.com,"Tel Aviv, Israel",Ingredients,0,None detected,0,None detected,"R&D, Regulatory, QA/QC, Sales, Manufacturing, Product Development",Regulatory Scientist | Quality Analyst | R&D Scientist | Sales Manager | Manufacturing Supervisor | Product Development Specialist,"TopGum Industries is rapidly expanding its presence in the functional gummy supplement market, driven by its innovative formulations and strategic acquisitions. They are seeking talent across R&D, regulatory affairs, manufacturing, and sales to support their growth, particularly within the US pharmaceutical gummy market. The company's focus on advanced gummy technologies, such as microencapsulation and proprietary prebiotic fiber bases, requires specialized expertise. Given their recent acquisition of PLD's manufacturing operations, they are also looking for individuals with experience in pharmaceutical manufacturing and supply chain management. A key recruitment priority is securing individuals with experience in navigating FDA regulations and obtaining pharmaceutical-grade certifications.",0,None detected,0,0,None detected,"Apollo Multi-Pass Org Graph, Company Leadership Web Crawler, Nutraceutical Knowledge Base",2026-09-14T05:31:41.798339+00:00
Tradin Organic,tradinorganic.com,"Amsterdam, NL",All ingredients,0,None detected,0,None detected,"Sales, Marketing, R&D, QA/QC, Regulatory, Logistics, Supply Chain Management, Business Development",Sales Executive | Marketing Manager | R&D Scientist | Quality Analyst | Regulatory Affairs Specialist | Logistics Coordinator | Supply Chain Manager | Business Development Manager,"Tradin Organic is a global leader in organic ingredients, specializing in sourcing and processing a wide range of certified organic products. They require talent in sales and marketing to expand their global reach, R&D professionals to develop new products and formulations, and regulatory specialists to ensure compliance with international standards. Strong supply chain management and logistics expertise are also crucial due to their global network. They are seeking individuals with experience in the food and beverage industry, particularly within the organic sector, and a strong understanding of international trade and certifications.",0,None detected,0,0,None detected,"Apollo Multi-Pass Org Graph, Company Leadership Web Crawler, Nutraceutical Knowledge Base",2026-09-14T05:31:41.798376+00:00
Treatt,treatt.com,"Bury St Edmunds, Suffolk, United Kingdom","Botanicals,Tea,Coffee",0,None detected,0,None detected,"Regulatory, QA/QC, R&D, Sales, Marketing, Logistics, HR, Procurement, Corporate Communications",Regulatory Scientist | Quality Analyst | R&D Scientist | Sales Representative | Marketing Specialist | Logistics Coordinator | HR Generalist | Procurement Specialist | Corporate Communications Specialist,"Treatt is a global provider of natural extracts and flavor ingredients that help beverage brands deliver authentic, great-tasting products. They are focused on sourcing, manufacturing, and supplying over 500 botanical extracts and ingredients, with a strong emphasis on citrus, coffee, fruits, vegetables, and tea. The company leverages its expertise in flavor systems and sugar reduction technologies to meet the evolving demands of the beverage industry. They are actively hiring across various functions to support their global operations and innovation efforts.",0,None detected,0,0,None detected,"Apollo Multi-Pass Org Graph, Company Leadership Web Crawler, Nutraceutical Knowledge Base",2026-09-14T05:31:41.798415+00:00
Umang Global Group Pvt Ltd,umangglobal.com,"Mumbai, Maharashtra 400059, India","Branded ingredients,Botanical extracts",0,None detected,0,None detected,"R&D, Manufacturing, Regulatory Affairs, Sales, Engineering, Quality Assurance, Technical Support",Research Scientist | Quality Analyst | Regulatory Specialist | Sales Manager | Process Engineer | QA/QC Technician | Technical Support Engineer,"Umang Global Group Pvt Ltd is a manufacturer and supplier of encapsulated ingredients, primarily serving the nutraceuticals, pharmaceuticals, personal care, and food industries. They specialize in microencapsulation technology and offer customized solutions. The company's focus on GMP-certified facilities and technical support suggests a need for scientists, engineers, and regulatory professionals with expertise in formulation, manufacturing, and quality control. Given their global reach and expansion through acquisitions (e.g., Micro Encapsulation Technologies Ltd.), they likely require personnel with international business and supply chain management skills.",0,None detected,0,0,None detected,"Apollo Multi-Pass Org Graph, Company Leadership Web Crawler, Nutraceutical Knowledge Base",2026-09-14T05:31:41.798449+00:00
Uelzena Ingredients,ingredients.uelzena.com,Lüneburg Heath,Food ingredients,0,None detected,0,None detected,"Regulatory, QA/QC, R&D, Sales, Production, Engineering, Technical",Regulatory Affairs Specialist | Quality Control Analyst | Research & Development Scientist | Sales Manager | Production Supervisor | Process Engineer | Technical Support Engineer,"Uelzena Ingredients is a specialist in milk-based ingredients, focusing on supplying a wide range of products to the food industry. They require skilled professionals in regulatory affairs, quality control, research and development, sales, production management, and technical support to maintain their market position and expand their product offerings. Given their contract manufacturing services, they also need engineers and technicians to manage and optimize their spray drying and other processing technologies. The company's focus on sustainability and certifications suggests a need for specialists in those areas as well.",0,None detected,0,0,None detected,"Apollo Multi-Pass Org Graph, Company Leadership Web Crawler, Nutraceutical Knowledge Base",2026-09-14T05:31:41.798480+00:00
Ulmer Nahrungsmittel GmbH,ulmer.global,"Leipheim, Germany",Contract Manufacturer & CDMO,0,None detected,0,None detected,"R&D, Production, Quality Assurance, Sales, Technical Support, Regulatory Affairs",Product Developer | Quality Analyst | Production Technician | Sales Representative | Technical Support Specialist | Regulatory Compliance Officer,"Ulmer Nahrungsmittel GmbH is a family-owned business specializing in the production of breadcrumbs, coating systems, and batter mixes for the food industry. They emphasize innovation, customization, and high-quality standards, particularly for vegetarian and vegan applications. They cater to a global market with a focus on meeting specific customer requirements, including religious dietary needs (kosher, halal). Recruitment needs likely include technical specialists for production and R&D, quality control personnel, sales representatives to manage international distribution, and potentially regulatory affairs specialists to ensure compliance with food safety standards. Given their certifications (HACCP, IFS), they require skilled personnel in quality assurance and food safety management.",0,None detected,0,0,None detected,"Apollo Multi-Pass Org Graph, Company Leadership Web Crawler, Nutraceutical Knowledge Base",2026-09-14T05:31:41.798516+00:00
Umalaxmi Organics Pvt Ltd,umalaxmi-organics.com,"Baroda, Gujarat, India","Branded,Herbal extracts",0,None detected,0,None detected,"R&D, QA/QC, Regulatory, Sales, Manufacturing, Laboratory",Research Scientist | Quality Analyst | Regulatory Affairs Specialist | Sales Manager | Production Supervisor | Analytical Chemist,"Umalaxmi Organics is a leading manufacturer of herbal extracts, nutraceutical ingredients, and botanical powders. They are seeking skilled professionals in R&D, quality control, regulatory affairs, and sales to support their growing operations and expand their market presence. Given their GMP and ISO certifications, they require personnel with experience in adhering to stringent quality standards and regulatory compliance. The company's focus on innovative extraction technologies (like SCFE) suggests a need for individuals with expertise in advanced processing methods.",0,None detected,0,0,None detected,"Apollo Multi-Pass Org Graph, Company Leadership Web Crawler, Nutraceutical Knowledge Base",2026-09-14T05:31:41.798552+00:00
Unibar Corporation,unibarcorp.com,"Houston, TX",Branded ingredients,0,None detected,0,None detected,"Regulatory, QA/QC, R&D, Sales, Supply Chain, Logistics, Operations, Marketing, Commercial Strategy",Regulatory Scientist | Quality Analyst | Research Scientist | Sales Representative | Supply Chain Analyst | Logistics Coordinator | Operations Manager | Marketing Specialist | Commercial Account Manager,"Unibar Corporation is seeking talent in regulatory affairs, quality control, research and development, and sales to support its plant-based life sciences ingredient business. The company’s focus on innovative, scientifically-backed ingredients requires individuals with strong technical backgrounds and a passion for the nutraceutical and cosmeceutical industries. Due to its growth and expansion into new product categories (eye health, active nutrition, and cosmeceuticals), Unibar is likely to hire for roles in supply chain management, logistics, and marketing to support its expanding operations and distribution network. The company's commitment to sustainable sourcing and environmentally friendly practices may also drive demand for talent with expertise in these areas.",0,None detected,0,0,None detected,"Apollo Multi-Pass Org Graph, Company Leadership Web Crawler, Nutraceutical Knowledge Base",2026-09-14T05:31:41.798583+00:00
Unicorn Natural Products,unicornnature.com,"Hyderabad, Telangana, INDIA","Tea,Coffee,Botanical",0,None detected,0,None detected,"Regulatory, QA/QC, R&D, Sales, Marketing, Planning & Coordination, Executive",Regulatory Scientist | Quality Analyst | R&D Scientist | Sales Executive | Marketing Specialist | Jr. Executive - Planning & Coordination | Executive | Senior Executive - Sales,"Unicorn Natural Products is seeking talent to support its manufacturing, R&D, sales, and regulatory affairs operations. Given its focus on organic and conventional extracts, essential oils, and spices, they require expertise in quality control, product development, and market expansion. The company’s commitment to sustainable sourcing and certifications (ISO, GMP, Kosher, Halal, USDA Organic) suggests a need for professionals familiar with these standards. Recent hiring activity indicates a need for sales and coordination support.",0,None detected,0,0,None detected,"Apollo Multi-Pass Org Graph, Company Leadership Web Crawler, Nutraceutical Knowledge Base",2026-09-14T05:31:41.798618+00:00
"Unigen, Inc.",unigen.net,"Tacoma, Washington, United States",Branded ingredients,0,None detected,0,None detected,"Regulatory, QA/QC, R&D, Sales, Manufacturing, Clinical Research, Pharmacology, Cosmetics Development, Botanical Extraction, Quality Control",Regulatory Scientist | Quality Analyst | Research Scientist | Sales Manager | Manufacturing Engineer | Clinical Trial Manager | Pharmacologist | Cosmetic Formulator | Botanical Extraction Specialist | Quality Control Technician,"Unigen focuses on the research and development of proprietary natural ingredients for dietary supplements, cosmetics, and pharmaceutical products. They leverage a proprietary PhytoLogix® plant library and a strong focus on clinical research to develop and manufacture ingredients with scientifically proven benefits. Due to the specialized nature of their offerings, Unigen likely recruits individuals with backgrounds in botany, pharmacology, chemistry, and quality control, with experience in clinical trial management and regulatory affairs.",0,None detected,0,0,None detected,"Apollo Multi-Pass Org Graph, Company Leadership Web Crawler, Nutraceutical Knowledge Base",2026-09-14T05:31:41.798652+00:00
Unique Biotech,uniquebiotech.com,"Genome Valley, Hyderabad, India",Probiotic ingredients,0,None detected,0,None detected,"R&D, Regulatory, QA/QC, Sales, Marketing, Clinical Trial Assistant",Research Scientist | Regulatory Scientist | Quality Analyst | Sales Representative | Marketing Executive | Clinical Trial Assistant,"Unique Biotech is a leading probiotic manufacturer specializing in the development and production of clinically proven probiotic strains for various applications including human health, animal health, food & beverage, and nutraceuticals. They focus on providing high-quality, scientifically-backed solutions with guaranteed stability and viability. They have a strong emphasis on research and development, utilizing a state-of-the-art facility and a diverse portfolio of strains. They cater to a range of clients, from multinationals to startups, offering contract manufacturing, customized blends, and analytical support. The company is seeking to expand its team with roles in R&D, regulatory affairs, sales, and marketing to support its growth and innovation.",0,None detected,0,0,None detected,"Apollo Multi-Pass Org Graph, Company Leadership Web Crawler, Nutraceutical Knowledge Base",2026-09-14T05:31:41.798684+00:00
Univar,univarsolutions.com,"Downers Grove, Illinois, U.S.",All ingredients,0,None detected,0,None detected,"Sales, Operations, Logistics, Management, Engineering, QA/QC, R&D, Regulatory",Sales Account Manager | District Operations Manager | Supply Planner | Export Logistics Analyst | Import Logistics Analyst | Quality Analyst | Manufacturing & Production Manager | Coordinador de Almacen,"Univar Solutions is a global chemical and ingredients distributor and provider of value-added services. They are actively hiring across various functions, including sales, operations, logistics, and technical roles, reflecting their continued growth and expansion within the chemical distribution market. The company's acquisition by Apollo Global Management has likely spurred further recruitment efforts to integrate new systems and processes. They are focused on roles that support their distribution network and customer service operations.",0,None detected,0,0,None detected,"Apollo Multi-Pass Org Graph, Company Leadership Web Crawler, Nutraceutical Knowledge Base",2026-09-14T05:31:41.798718+00:00
"VALENTINE ENTERPRISES, INC.",veiusa.com,"Lawrenceville, GA",Custom blending,0,None detected,0,None detected,"R&D, Production, Quality Assurance, Engineering, Operations",Formulator | Blend Operator | Packaging Technician | Quality Control Analyst | Manufacturing Engineer,"Valentine Enterprises, Inc. is a contract manufacturer specializing in custom powder formulation, blending, and packaging. They cater to companies requiring specialized powder solutions, emphasizing quality control and regulatory compliance (cGMP, FDA registration, NSF). Their focus on custom formulations and scalable manufacturing suggests a need for formulation scientists, blend operators, and packaging technicians. The FDA warning letter indicates a need for personnel skilled in regulatory compliance and quality assurance.",0,None detected,0,0,None detected,"Apollo Multi-Pass Org Graph, Company Leadership Web Crawler, Nutraceutical Knowledge Base",2026-09-14T05:31:41.798757+00:00
"VDF FutureCeuticals, Inc.",vdffutureceuticals.com,"Momence, IL",Contract Manufacturer & CDMO,0,None detected,0,None detected,"R&D, Regulatory, Sales, QA/QC, Manufacturing, Product Development",Research Scientist | Regulatory Affairs Specialist | Sales Representative | Quality Assurance Analyst | Manufacturing Technician | Formulation Scientist,"FutureCeuticals is a vertically integrated industry leader focused on developing and supplying standardized nutraceutical, functional food, and cosmetic ingredients. They leverage their expertise in plant science and manufacturing to create innovative solutions for partners in the health and wellness space. Given their focus on clinical research and ingredient development, they likely seek talent with backgrounds in food science, nutrition, biochemistry, and formulation. They are part of the Van Drunen Family of Companies, suggesting a strong emphasis on agricultural knowledge and established manufacturing processes. The company's emphasis on custom solutions indicates a need for adaptable and collaborative individuals with strong technical skills.",0,None detected,0,0,None detected,"Apollo Multi-Pass Org Graph, Company Leadership Web Crawler, Nutraceutical Knowledge Base",2026-09-14T05:31:41.798793+00:00
VIDARA,vidara.com,Luxemburg,Nutrition ingredients,0,None detected,0,None detected,"Sales, R&D, QA/QC, Regulatory, Distribution",Sales Manager | Research Scientist | Quality Analyst | Regulatory Affairs Specialist | Distribution Manager,"Vidara is a leading partner in the chemicals & life ingredients market, delivering specialized solutions worldwide. With a long-term focus, technical support, production, and excellent distribution, we set the industry benchmark. Our expertise spans coatings, construction, nutrition, pharma, water treatment, polymers, and more. As a value-added service provider, we offer distribution, product development, and technical support to our customers. Vidara's focus lies on building powerful and long-term relationships with our partners, supported by financial strength and a robust supply chain network.",0,None detected,0,0,None detected,"Apollo Multi-Pass Org Graph, Company Leadership Web Crawler, Nutraceutical Knowledge Base",2026-09-14T05:31:41.798830+00:00
VIVATIS Pharma GmbH,vivatis.de,Hamburg,Nutrition ingredients,0,None detected,0,None detected,"Regulatory, QA/QC, R&D, Sales, Finance, HR, Intermediates, Nutraceuticals",Regulatory Scientist | Quality Analyst | R&D Scientist | Sales Representative | Financial Analyst | HR Specialist | Intermediates Specialist | Nutraceutical Formulation Specialist,"VIVATIS Pharma is a growing service company specializing in the sourcing and distribution of active pharmaceutical ingredients, nutraceuticals, and finished drugs. They require individuals with expertise in regulatory affairs, quality control, research and development, sales, finance, and human resources. International experience and proficiency in English are key requirements due to their global operations. They are actively seeking to expand their team and support manufacturers, license holders, distributors, and brand owners across various industries including pharmaceuticals, nutraceuticals, and food.",0,None detected,0,0,None detected,"Apollo Multi-Pass Org Graph, Company Leadership Web Crawler, Nutraceutical Knowledge Base",2026-09-14T05:31:41.798876+00:00
Valensa International,valensa.com,"Eustis, Florida, United States","Nutrition ingredients,Branded ingredients",0,None detected,0,None detected,"Regulatory, QA/QC, R&D, Sales, Marketing, Technical Support",Regulatory Scientist | Quality Analyst | Research & Development Scientist | Sales Representative | Marketing Specialist | Technical Support Specialist,"Valensa International is seeking professionals with expertise in regulatory affairs, quality control, research and development, sales, and marketing to support its growing portfolio of nutraceutical ingredients. They are focused on innovation and clinical validation, requiring individuals with a strong scientific background and a passion for health and wellness. The company's commitment to sustainable sourcing and advanced extraction technologies presents opportunities for skilled technical personnel.",0,None detected,0,0,None detected,"Apollo Multi-Pass Org Graph, Company Leadership Web Crawler, Nutraceutical Knowledge Base",2026-09-14T05:31:41.798918+00:00
Vaneeghen,vaneeghen.com,Amsterdam,Branded ingredients,0,None detected,0,None detected,"Regulatory, QA/QC, R&D, Sales, Marketing, Technical Support, Logistics, Supply Chain Management",Regulatory Scientist | Quality Analyst | Research & Development Scientist | Sales Representative | Marketing Specialist | Technical Support Engineer | Logistics Coordinator | Supply Chain Analyst,"Vaneeghen is a leading international distributor of premium, science-backed ingredients, primarily focused on nutritional ingredients for infant nutrition, supplement markets, and broader functional food applications. They leverage decades of experience in sourcing and distributing ingredients, coupled with technical expertise and a strong focus on regulatory compliance. The company’s full-service partnership model, including marketing support and supply chain solutions, differentiates them in the market. They cater to brands and manufacturers across Europe, emphasizing quality assurance and innovative formulations.",0,None detected,0,0,None detected,"Apollo Multi-Pass Org Graph, Company Leadership Web Crawler, Nutraceutical Knowledge Base",2026-09-14T05:31:41.798954+00:00
Vantage Nutrition,vantagenutrition.com,"Kandivali Industrial Estate plot no. 145 Charkop Kandivali West, Mumbai, Maharashtra, India",Contract Manufacturer & CDMO,0,None detected,0,None detected,"Regulatory, QA/QC, R&D, Sales, Nutrition Science, Product Development, Manufacturing, Clinical Research",Regulatory Affairs Specialist | Quality Control Analyst | Research & Development Scientist | Sales Representative | Nutraceutical Scientist | Formulation Scientist | Manufacturing Technician | Clinical Research Associate,"Vantage Nutrition is seeking talent in regulatory affairs, quality control, research and development, sales, and nutrition science to support its development and manufacturing of next-generation oral nutraceuticals. Given its focus on innovative formulations and advanced delivery tech, they require specialists in product development and manufacturing. The company's involvement with FDA regulations and adherence to GMP standards indicates a need for professionals with expertise in these areas. The presence of roles related to sports nutrition suggests a growing focus on this segment.",0,None detected,0,0,None detected,"Apollo Multi-Pass Org Graph, Company Leadership Web Crawler, Nutraceutical Knowledge Base",2026-09-14T05:31:41.798990+00:00
Vantage Specialty Chemicals,vantagegrp.com,"Deerfield, IL","Food,Pharma",0,None detected,0,None detected,"R&D, Sales, Engineering, Regulatory, QA/QC, Manufacturing, Supply Chain, Finance, Commercial, Technical Support",R&D Engineer | Sales Representative | Manufacturing Engineer | Regulatory Affairs Specialist | Quality Analyst | Supply Chain Manager | Financial Analyst | Commercial Account Manager | Technical Support Specialist | Procurement Manager | Global Account Manager | Infrastructure Operations Administrator,"Vantage Specialty Chemicals is seeking experienced professionals in R&D, Sales, Manufacturing, and Regulatory Affairs to support its global operations. The company is focused on expanding its portfolio of bio-based oleochemicals and specialty ingredients, particularly within the personal care, food, pharmaceutical, and industrial sectors. They require individuals with strong technical backgrounds, a collaborative mindset, and a commitment to sustainable solutions. Given its API certification and focus on compliant solutions, they are also looking for individuals with regulatory expertise and experience in pharmaceutical manufacturing.",0,None detected,0,0,None detected,"Apollo Multi-Pass Org Graph, Company Leadership Web Crawler, Nutraceutical Knowledge Base",2026-09-14T05:31:41.799032+00:00
Verb Biotics,verbbiotics.com,"San Diego, California","Microbe,Probiotics",0,None detected,0,None detected,"R&D, Regulatory, QA/QC, Sales, Product Management",Research Scientist | Quality Analyst | Product Manager | Sales Representative,"Verb Biotics is a business-to-business ingredient supplier specializing in pro, post, and synbiotics for the food, beverage, and dietary supplement industries. They focus on developing bioactive ingredients with targeted mechanisms of action to improve microbiome health, leveraging science and biotechnology. The company emphasizes a function-first approach, developing solutions for specific health needs like digestive health, stress and mood, and women’s health. They offer end-to-end capabilities from idea to clinically-validated ingredients, partnering with brands to differentiate and deliver microbiome solutions. The company’s focus on postbiotics and Keystone Postbiotic highlights a commitment to innovative, scientifically-backed ingredients.",0,None detected,0,0,None detected,"Apollo Multi-Pass Org Graph, Company Leadership Web Crawler, Nutraceutical Knowledge Base",2026-09-14T05:31:41.799065+00:00
Veri-te,verite.com,null,Branded ingredient,0,None detected,0,None detected,"R&D, Sales, Marketing, Regulatory, QA/QC, Clinical Trials, Product Development",Research Scientist | Sales Manager | Marketing Specialist | Regulatory Affairs Specialist | Quality Analyst | Clinical Trial Manager | Formulation Scientist,"Veri-te is focused on the development and supply of high-purity trans-resveratrol, a key ingredient in healthy living products, particularly those targeting anti-aging, cardiovascular health, cognitive function, and skin health. They are actively seeking talent in R&D, sales, marketing, and regulatory affairs to support the growing demand for their resveratrol products. The company leverages clinical trial data to differentiate its product and is expanding its product portfolio into various applications, including capsules, tablets, beverages, and cosmetics. They are investing in new product development and market expansion, creating opportunities for skilled professionals in formulation science, product development, and sales.",0,None detected,0,0,None detected,"Apollo Multi-Pass Org Graph, Company Leadership Web Crawler, Nutraceutical Knowledge Base",2026-09-14T05:31:41.799099+00:00
Vesta Nutra,vestanutra.com,"5767 Thunderbird Road Indianapolis, IN 46236",Branded ingredient,0,None detected,0,None detected,"Regulatory, QA/QC, R&D, Sales, Manufacturing, Technical Sales, Accounting",Regulatory Scientist | Quality Analyst | Research & Development Scientist | Sales Representative | Manufacturing Technician | Technical Sales Manager | Accountant,"Vesta Nutra is a contract manufacturer specializing in dietary supplement and nutraceutical manufacturing services. They offer a range of services including formulation development, manufacturing, packaging, and regulatory support. They target companies seeking to outsource their production needs, particularly those requiring cGMP-compliant manufacturing facilities and expertise in nutritional ingredients. The company emphasizes its ability to deliver high-quality products at competitive prices and with flexible manufacturing options.",0,None detected,0,0,None detected,"Apollo Multi-Pass Org Graph, Company Leadership Web Crawler, Nutraceutical Knowledge Base",2026-09-14T05:31:41.799136+00:00
Vidya Herbs,vidyaherbs.com,Florida,"Branded ingredients,extracts",0,None detected,0,None detected,"R&D, QA/QC, Manufacturing, Sales, Maintenance",Research and Development Scientist | Quality Analyst | Manufacturing Engineer | Sales Representative,"Vidya Herbs is experiencing growth due to its established position as a leading manufacturer of plant extracts and essential oils, with a focus on organic and sustainable ingredients. They are seeking talent to support expanding production, quality control, and sales operations, particularly in R&D and manufacturing.",0,None detected,0,0,None detected,"Apollo Multi-Pass Org Graph, Company Leadership Web Crawler, Nutraceutical Knowledge Base",2026-09-14T05:31:41.799169+00:00
Vinayak Ingredients (INDIA) Pvt. Ltd.,vinayakcorporation.com,"Mumbai, MH - India",Food ingredients,0,None detected,0,None detected,"Sales, R&D, QA/QC, Regulatory, Marketing",Key Account Manager | Sales Representative | Food Color Scientist | Quality Control Analyst | Regulatory Affairs Specialist,"Vinayak Ingredients is seeking to expand its sales and marketing efforts, particularly within the animal feed additives sector. They are actively hiring a Key Account Manager to drive growth and leverage their established portfolio of natural colors, pigments, and powders. The company's focus on sustainable, eco-friendly ingredients and certifications (ISO, FSSAI) presents a competitive advantage, and they are looking for professionals who can effectively communicate these benefits to a diverse global clientele. They are also seeking R&D personnel to continue developing new formulations and expanding their product offerings, particularly in the area of natural flavors and colors.",0,None detected,0,0,None detected,"Apollo Multi-Pass Org Graph, Company Leadership Web Crawler, Nutraceutical Knowledge Base",2026-09-14T05:31:41.799206+00:00
Vinumar,vinumar.es,"Villarrobledo, Albacete, Spain",Grape seed extracts,0,None detected,0,None detected,"Sales, R&D, Regulatory, QA/QC, Marketing",Sales Manager | R&D Scientist | Regulatory Affairs Specialist | Quality Analyst | Marketing Specialist,"Vinumar specializes in extracting natural colors and extracts from grapes, primarily for the food and animal nutrition industries. They require sales professionals to expand their customer base, R&D scientists to develop new products and improve existing ones, regulatory affairs specialists to ensure compliance, quality analysts to maintain product quality, and marketing specialists to promote their products. Given their focus on natural ingredients and long-standing tradition, they likely value experience and expertise in the food and beverage sector.",0,None detected,0,0,None detected,"Apollo Multi-Pass Org Graph, Company Leadership Web Crawler, Nutraceutical Knowledge Base",2026-09-14T05:31:41.799244+00:00
Vitablend,vitablend.nl,"Wolvega, The Netherlands",Nutritional ingredients,0,None detected,0,None detected,"R&D, QA/QC, Regulatory, Sales, Technical Sales, Process Operations, Logistics, Supply Chain",Regulatory Scientist | Quality Analyst | Technical Sales | Process Operator | Supply Chain Executive | Logistics Coordinator | Customer Service & Logistics Executive | QA/QC Assistant,"Vitablend is a global supplier of nutritional and antioxidant systems, specializing in customized formulations for human and animal nutrition, and personal care applications. They leverage a global network of production sites (Netherlands, Singapore, USA) and a partnership with Barentz to offer rapid delivery and supply chain solutions. Vitablend is actively recruiting across various functions, including R&D, QA/QC, sales, and supply chain, reflecting their growth and expansion into new markets. They emphasize a science-based approach and a commitment to quality, driven by their EXCiPACT GMP certification.",0,None detected,0,0,None detected,"Apollo Multi-Pass Org Graph, Company Leadership Web Crawler, Nutraceutical Knowledge Base",2026-09-14T05:31:41.799278+00:00
Vital Proteins,vitalproteins.com,"Franklin Park, Illinois",Collagen,0,None detected,0,None detected,"Regulatory, QA/QC, R&D, Sales, Marketing, Operations, Production, Supply Chain, Customer Service",Regulatory Scientist | Quality Analyst | Research & Development Scientist | Sales Representative | Marketing Specialist | Operations Manager | Production Supervisor | Supply Chain Analyst | Customer Service Representative,"Vital Proteins is experiencing growth due to increasing consumer interest in collagen supplements and wellness products. They are actively seeking talent in regulatory affairs to navigate evolving industry standards, quality control specialists to maintain product integrity, and R&D professionals to innovate new formulations and expand their product line. Sales and marketing teams are needed to drive brand awareness and market share, particularly within the health and wellness sector. Operational and production roles are crucial for scaling manufacturing and distribution. The company's recent acquisition by Nestle Health Science indicates a focus on expanding its reach and leveraging Nestle's global distribution network.",0,None detected,0,0,None detected,"Apollo Multi-Pass Org Graph, Company Leadership Web Crawler, Nutraceutical Knowledge Base",2026-09-14T05:31:41.799315+00:00
Vivion,vivion.com,"Fort Worth, TX",Nutritional ingredients,0,None detected,0,None detected,"Regulatory, QA/QC, R&D, Sales, Manufacturing, Distribution, Technical Support",Regulatory Scientist | Quality Analyst | Research Scientist | Sales Representative | Production Technician | Distribution Manager | Technical Support Specialist,"Vivion is a well-established distributor of ingredients and chemicals, primarily serving the food, pharmaceutical, nutraceutical, and cosmetic industries. They focus on providing high-quality products and tailored services, including formulation testing and supply chain management. Due to their long history and established relationships, they likely target companies seeking reliable sourcing and technical support for their ingredient needs. They appear to be focused on building long-term relationships with their clients.",0,None detected,0,0,None detected,"Apollo Multi-Pass Org Graph, Company Leadership Web Crawler, Nutraceutical Knowledge Base",2026-09-14T05:31:41.799346+00:00
Willows Ingredients Ltd,willowsingredients.com,"Ashford, County Wicklow, Ireland",Nutrition ingredients,0,None detected,0,None detected,"Regulatory, QA/QC, R&D, Sales, Marketing, Supply Chain Management, Human Resources",Regulatory Affairs Specialist | Quality Control Analyst | Research & Development Scientist | Sales Representative | Marketing Specialist | Supply Chain Coordinator | HR Generalist,"Willows Ingredients Ltd is a distributor of raw materials for a variety of industries, including health, sports, animal nutrition, food, and pharmaceuticals. They require personnel with expertise in regulatory affairs, quality control, research and development, sales, and supply chain management. Given their ISO 9001 certification and focus on sustainable products, they likely seek individuals with a strong understanding of quality management systems and traceability. The company's expansion and increasing team size suggest a need for HR support to manage recruitment and onboarding.",0,None detected,0,0,None detected,"Apollo Multi-Pass Org Graph, Company Leadership Web Crawler, Nutraceutical Knowledge Base",2026-09-14T05:31:41.799383+00:00
Worlée Cosmetic Ingredients,worlee.com,Hamburg-Billbrook,"Botanicals,Cosmetic",0,None detected,0,None detected,"Regulatory, QA/QC, R&D, Sales, Marketing, Logistics, Supply Chain Management",Regulatory Scientist | Quality Analyst | Research & Development Scientist | Sales Manager | Marketing Specialist | Logistics Coordinator | Supply Chain Analyst,"Worlée-Chemie is seeking talent to support its growing portfolio of cosmetic raw materials, particularly in areas of regulatory compliance, quality control, and research & development to drive innovation and meet evolving market demands. They are likely looking for individuals with experience in the cosmetics industry, specifically related to ingredient formulation, testing, and adherence to industry standards (e.g., FDA, EU Cosmetics Regulation). Given their focus on sustainable ingredients, expertise in natural product development and green chemistry would be highly valuable. The company's expansion into new markets and its commitment to logistics suggest a need for professionals in supply chain management and distribution.",0,None detected,0,0,None detected,"Apollo Multi-Pass Org Graph, Company Leadership Web Crawler, Nutraceutical Knowledge Base",2026-09-14T05:31:41.799424+00:00
Wuxi AccoBio Biotech Inc,accobio.com,"Wuxi, Jiangsu Province, China","Branded,Botanical extracts",0,None detected,0,None detected,"R&D, Quality Control, Regulatory Affairs, Sales, Manufacturing, Process Development, CMC (Chemistry, Manufacturing, and Controls), Engineering",Research Scientist | Quality Analyst | Regulatory Specialist | Manufacturing Associate | Process Development Engineer | CMC Specialist | QA Specialist | Engineering Auditor,"Wuxi Accobio Biotech Inc. is a key supplier of raw materials for the nutraceutical, cosmetic, and pharmaceutical industries. They specialize in the production and distribution of ingredients like Sialic Acid, Bacillus Coagulans, and various herbal extracts. Due to their focus on high-quality ingredients and regulatory compliance (demonstrated by numerous certifications including ISO and FDA/EMA inspections), they are actively seeking talent in R&D, manufacturing, quality control, and regulatory affairs. The company's growth is driven by increasing demand for natural and functional ingredients, particularly in the health and wellness sectors. They are likely to hire for roles supporting product development, manufacturing scale-up, and ensuring adherence to stringent quality standards.",0,None detected,0,0,None detected,"Apollo Multi-Pass Org Graph, Company Leadership Web Crawler, Nutraceutical Knowledge Base",2026-09-14T05:31:41.799467+00:00
Xsto Solutions LLC,xstosolutions.com,"Morristown, New Jersey",Branded ingredients,0,None detected,0,None detected,"R&D, QA/QC, Regulatory, Sales, Product Development",Regulatory Scientist | Quality Analyst | Research Scientist | Sales Manager | Product Development Specialist,"XSTO focuses on the development and supply of science-supported nutritional ingredients, particularly for the functional food and dietary supplement markets. They are involved in the research, development, and manufacturing of novel ingredients like Zinc-Carnosine and VerbaTru™. Given their focus on GMP regulations and FDA compliance, they require personnel with expertise in regulatory affairs, quality control, and research & development. They also appear to be expanding into automation and intelligentization mobile devices, suggesting a need for software development and engineering talent.",0,None detected,0,0,None detected,"Apollo Multi-Pass Org Graph, Company Leadership Web Crawler, Nutraceutical Knowledge Base",2026-09-14T05:31:41.799497+00:00
Yeastup AG,yeastup.com,Switzerland,Branded ingredients,0,None detected,0,None detected,"R&D, Sales, Regulatory, QA/QC, Product Management, Recruitment",Research & Development Scientist | Sales Manager | Regulatory Affairs Specialist | Quality Assurance Analyst | Product Manager | Recruitment Specialist,"Yeastup is a foodtech startup focused on upcycling brewer's yeast by-products into high-performance ingredients for food and supplement applications. They are seeking individuals passionate about food innovation, sustainable ingredients, and the circular economy. Due to their focus on ingredients and distribution, recruitment needs will likely include R&D, sales, regulatory, and quality assurance roles, as well as roles supporting their distribution network.",0,None detected,0,0,None detected,"Apollo Multi-Pass Org Graph, Company Leadership Web Crawler, Nutraceutical Knowledge Base",2026-09-14T05:31:41.799535+00:00
Yogi,yogi.com,"Eugene, Oregon, USA",Contract Manufacturer & CDMO,0,None detected,0,None detected,"R&D, QA/QC, Sales, Regulatory, Marketing",Regulatory Scientist | Quality Analyst | Product Manager | Marketing Specialist | Sales Representative,"Yogi Tea is a privately owned tea company specializing in herbal blends rooted in Ayurvedic principles. They focus on wellness and mindful living, emphasizing organic ingredients and sustainable practices. They are seeking individuals with expertise in product development, marketing, sales, and quality control, particularly those with experience in the beverage or herbal supplement industries. Given their global presence and focus on ethical sourcing, they likely require talent with international experience and a strong understanding of supply chain management.",0,None detected,0,0,None detected,"Apollo Multi-Pass Org Graph, Company Leadership Web Crawler, Nutraceutical Knowledge Base",2026-09-14T05:31:41.799564+00:00
Zentis,zentis.de,Aachen,Food ingredients,0,None detected,0,None detected,"Regulatory, QA/QC, R&D, Sales, Logistics, Production, Customer Excellence, Engineering, Food Science, Logistics Management",Regulatory Scientist | Quality Analyst | R&D Scientist | Sales Representative | Logistics Coordinator | Production Supervisor | Customer Excellence Specialist | Plant Engineer | Food Scientist | Logistics Manager,"Zentis is a global family-owned company specializing in the development and production of fruit preparations, sweet spreads, and other food ingredients. They cater to the food service and industrial sectors, offering a broad portfolio of products based on cereals, nuts, and other natural raw materials. Zentis focuses on providing customized solutions and innovative concepts to meet specific customer needs, with a strong emphasis on quality, traceability, and sustainable practices. They operate globally with production facilities in Germany, Poland, Hungary, USA and Russia.",0,None detected,0,0,None detected,"Apollo Multi-Pass Org Graph, Company Leadership Web Crawler, Nutraceutical Knowledge Base",2026-09-14T05:31:41.799598+00:00
evident ingredients GmbH,evident-ingredients.com,Hamburg,Cosmetic ingredients,0,None detected,0,None detected,"Sales, R&D, QA/QC, Regulatory",Sales Manager | Regulatory Scientist | Quality Analyst | R&D Scientist,"Evident Ingredients is a specialty raw material supplier for the personal care industry. They are seeking individuals with expertise in sales, regulatory affairs, quality control, and research and development, particularly those with experience in the personal care industry and international procurement. The company emphasizes a customer-centric approach, offering technical support and flexible supply chains. They value knowledge, speed, agility, and beauty, and are looking for team members who share these values.",0,None detected,0,0,None detected,"Apollo Multi-Pass Org Graph, Company Leadership Web Crawler, Nutraceutical Knowledge Base",2026-09-14T05:31:41.799638+00:00
naVitalo GmbH,navitalo.com,Mülheim an der Ruhr,Food ingredients,0,None detected,0,None detected,"Sales, Business Development, Marketing, R&D, QA/QC",Sales Manager | Business Development Manager | Marketing Specialist | R&D Scientist | Quality Analyst,"naVitalo specializes in supplying plant-based food ingredients, primarily focusing on sweeteners, milk alternatives, and protein sources. They target food manufacturers and ingredient suppliers seeking sustainable and high-quality raw materials. Given their focus on ecological cultivation, they likely appeal to companies emphasizing natural and organic products. Recruitment needs would likely include sales, marketing, R&D, and quality control personnel to support their product offerings and market expansion.",0,None detected,0,0,None detected,"Apollo Multi-Pass Org Graph, Company Leadership Web Crawler, Nutraceutical Knowledge Base",2026-09-14T05:31:41.799675+00:00
Contract Pharmacal Corp,cpc.com,"Hauppauge, NY",Contract Manufacturing,0,None detected,0,None detected,"R&D, Analytical Chemistry, Quality Assurance, Manufacturing, Regulatory Affairs, QA/QC, Sales, Automation & Controls Engineering",Analytical R&D Director | Lab Technician - Chemistry & Microbiology | Supervisor; QC Laboratory | Chemist II | Quality Control | Automation & Controls Engineer – Manufacturing Equipment | Custodian | Quality Assurance Engineer | Stability Analyst - Quality Assurance (Pharmaceuticals) | Quality Control,"Contract Pharmacal Corp is a contract manufacturing organization (CMO) specializing in dietary supplements, OTC drugs, and Rx products. They require skilled professionals in R&D, analytical chemistry, quality assurance, and manufacturing to support their production and regulatory processes. Given their focus on innovative solutions and fast-to-market products, they likely seek individuals with experience in formulation development, process optimization, and regulatory compliance. The company's employee-owned structure and emphasis on quality suggest a need for dedicated and motivated team members.",0,None detected,0,0,None detected,"Apollo Multi-Pass Org Graph, Company Leadership Web Crawler, Nutraceutical Knowledge Base",2026-09-14T05:31:41.799715+00:00
"Atlantic Essential Products, Inc.",atlanticepny.com,"Hauppauge, NY",Contract Manufacturing,0,None detected,0,None detected,"Regulatory, QA/QC, R&D, Sales, Manufacturing, Production, Packaging, Quality Assurance, Technical Support",Regulatory Scientist | Quality Analyst | Research & Development Scientist | Sales Representative | Manufacturing Technician | Production Supervisor | Packaging Specialist | QA/QC Technician | Technical Support Associate,"Atlantic Essential Products, Inc. is a vitamin and supplement manufacturer specializing in private label supplements and other health products. They focus on high-volume production utilizing a state-of-the-art facility certified to GMP standards. The company emphasizes rigorous testing, quality control, and adherence to regulations, particularly regarding organic certification and sports supplements. They offer a range of services including capsule, tablet, powder, and bottle manufacturing, alongside packaging and distribution. Given their focus on large-scale production and quality assurance, they likely require personnel with expertise in manufacturing operations, quality control, regulatory compliance, and potentially technical support for their clients.",0,None detected,0,0,None detected,"Apollo Multi-Pass Org Graph, Company Leadership Web Crawler, Nutraceutical Knowledge Base",2026-09-14T05:31:41.799749+00:00
NutraPak USA,nutrapakusa.com,"Clifton, NJ",Contract Manufacturing,0,None detected,0,None detected,"R&D, Quality Control, Manufacturing, Sales, Marketing, Regulatory Affairs, Formulation, Packaging",Formulation Scientist | Quality Analyst | Manufacturing Technician | Sales Representative | Marketing Specialist | Regulatory Compliance Specialist | Packaging Engineer | R&D Scientist,"NutraPak USA is a nutritional supplement manufacturer specializing in private-label services. They offer a range of services including formulation, manufacturing, packaging, and marketing for supplement products. They cater to a diverse clientele, from startups selling on Amazon to established brands, and emphasize high-quality raw materials, GMP compliance, and green packaging options. They are actively seeking individuals with expertise in formulation, manufacturing, quality control, sales, and marketing to support their growing business.",0,None detected,0,0,None detected,"Apollo Multi-Pass Org Graph, Company Leadership Web Crawler, Nutraceutical Knowledge Base",2026-09-14T05:31:41.799785+00:00
"Makers Nutrition, LLC",makersnutrition.com,"Commack, NY",Contract Manufacturing,0,None detected,0,None detected,"R&D, Regulatory, QA/QC, Sales, Manufacturing, Formulation",Formulation Scientist | Regulatory Affairs Specialist | Quality Control Analyst | Sales Representative | Manufacturing Technician | R&D Scientist,"Makers Nutrition, LLC is a contract supplement manufacturer specializing in a wide range of dietary supplement formats, including capsules, tablets, powders, softgels, and gummies. They offer a one-stop solution for supplement development and manufacturing, encompassing formulation, graphic design, printing, packaging, and order fulfillment. Their focus on GMP compliance and FDA registration positions them as a reliable partner for brands seeking to bring high-quality supplements to market efficiently. They are actively seeking to expand their team with roles in R&D, regulatory affairs, quality control, sales, and manufacturing.",0,None detected,0,0,None detected,"Apollo Multi-Pass Org Graph, Company Leadership Web Crawler, Nutraceutical Knowledge Base",2026-09-14T05:31:41.799819+00:00
Organimed LLC,organimedusa.com,"Hollywood, Florida",Contract Manufacturing,0,None detected,0,None detected,"Regulatory, R&D, QA/QC, Sales, Manufacturing, Operations",Regulatory Affairs Specialist | Research Scientist | Quality Control Analyst | Sales Representative | Production Supervisor | Operations Manager,"Organimed LLC is a contract manufacturer specializing in custom dietary supplement production, offering services from formulation to finished product. They cater to brands seeking cGMP-compliant manufacturing, with a focus on capsules, tablets, powders, and liquid formulations. Their capabilities include R&D support, pilot runs, and scalable production, targeting brands looking for a one-stop solution for their supplement manufacturing needs. They emphasize quality control, regulatory compliance, and flexible dosage form options.",0,None detected,0,0,None detected,"Apollo Multi-Pass Org Graph, Company Leadership Web Crawler, Nutraceutical Knowledge Base",2026-09-14T05:31:41.799854+00:00
Tishcon Corporation,tishcon.com,"Westbury, NY",Contract Manufacturing,0,None detected,0,None detected,"R&D, QA/QC, Regulatory, Sales, Manufacturing, Product Development",Research Scientist | Quality Analyst | Regulatory Affairs Specialist | Sales Manager | Manufacturing Technician | Formulation Scientist,"Tishcon Corporation is a contract manufacturer specializing in nutritional supplements, natural products, nutraceuticals, and vitamins. They offer product development, manufacturing, and marketing services to a range of brands. Their cGMP-certified facilities and certifications (NSF, UL, etc.) indicate a need for personnel with expertise in quality control, regulatory compliance, and manufacturing operations. Given their focus on innovative formulations and delivery systems, R&D roles are also crucial.",0,None detected,0,0,None detected,"Apollo Multi-Pass Org Graph, Company Leadership Web Crawler, Nutraceutical Knowledge Base",2026-09-14T05:31:41.799908+00:00
"A&Z Pharmaceutical, Inc.",azpharmaceutical.com,"Hauppauge, NY",Contract Manufacturing,0,None detected,0,None detected,"R&D, Regulatory, QA/QC, Manufacturing, Sales, Marketing",Regulatory Scientist | Quality Analyst | Research Scientist | Manufacturing Technician | Sales Representative | Marketing Specialist,"A&Z Pharmaceutical, Inc. is a developer, manufacturer, and marketer of pharmaceutical products and nutritional supplements. They are focused on calcium supplements, particularly the D-Cal brand, which is a leading product in Asia. The FDA has recently reviewed their corrective actions related to claims made about the benefits of their products, specifically regarding calcium's role in bone health and preventing diseases. The company emphasizes innovation in pharmaceutical research and development and has a global presence with manufacturing facilities and distribution networks.",0,None detected,0,0,None detected,"Apollo Multi-Pass Org Graph, Company Leadership Web Crawler, Nutraceutical Knowledge Base",2026-09-14T05:31:41.799954+00:00
America’s Best Nutrition,abnmanufacture.com,"Port Washington, New York",Contract Manufacturing,0,None detected,0,None detected,"R&D, Quality Assurance, Regulatory Affairs, Sales, Product Development, Manufacturing, Marketing, Customer Service",Regulatory Scientist | Quality Analyst | Formulation Scientist | Analytical Chemist | Sales Manager | Product Development Specialist | Manufacturing Technician | Marketing Specialist | Customer Service Representative,"America’s Best Nutrition is a GMP-certified supplement manufacturer seeking professionals with expertise in formulation, analytical chemistry, regulatory affairs, quality control, and sales. They require individuals with a strong understanding of the dietary supplement industry and a commitment to producing high-quality products. Given their focus on custom formulations and turn-key services, they likely need project managers and business development professionals to secure new contracts and manage client relationships. The company's emphasis on fast turnaround times suggests a need for efficient manufacturing and logistics personnel.",0,None detected,0,0,None detected,"Apollo Multi-Pass Org Graph, Company Leadership Web Crawler, Nutraceutical Knowledge Base",2026-09-14T05:31:41.799998+00:00
Universal Nutrition Inc,universalnutrition.com,"New Brunswick, New Jersey, United States",Contract Manufacturing,0,None detected,0,None detected,"R&D, Regulatory, QA/QC, Sales, Formulation Support",Research Scientist | Regulatory Affairs Specialist | Quality Analyst | Sales Representative | Formulation Scientist,"Universal Nutrition is a manufacturer of dietary supplements, primarily targeting the sports nutrition and wellness markets. Due to the high regulatory environment surrounding dietary supplements, they require personnel with expertise in regulatory affairs, quality control, research and development, and sales. The company's focus on cGMP compliance and NSF certification indicates a need for individuals with deep knowledge of these standards. Given the company's growth trajectory and expansion into new product categories (e.g., gummies, functional powders), they are likely seeking individuals with experience in product development and scaling manufacturing operations. The company's emphasis on 'Made in the USA' production also suggests a need for marketing and sales professionals who can effectively communicate this value proposition to consumers.",0,None detected,0,0,None detected,"Apollo Multi-Pass Org Graph, Company Leadership Web Crawler, Nutraceutical Knowledge Base",2026-09-14T05:31:41.800034+00:00
"RV Pharma, LLC",rvpharma.com,"Holbrook, NY",Contract Manufacturing,0,None detected,0,None detected,"R&D, QA/QC, Regulatory, Sales, Marketing, Product Development",Regulatory Affairs Specialist | Quality Control Analyst | Research Scientist | Sales Representative | Marketing Specialist | Formulation Scientist,"RV Pharma, LLC is a nutraceutical supplier focused on providing vitamins, supplements, softgels, and gummies to a diverse range of customers including retailers, healthcare professionals, and e-commerce platforms. They emphasize innovation, quality raw materials, and collaborative partnerships. Due to their focus on custom formulations and private labeling, they likely require talent in R&D, formulation science, quality control, regulatory affairs, and sales to support their diverse product offerings and expanding market reach. They are actively seeking to expand their market presence through strategic partnerships and innovative product development.",0,None detected,0,0,None detected,"Apollo Multi-Pass Org Graph, Company Leadership Web Crawler, Nutraceutical Knowledge Base",2026-09-14T05:31:41.800067+00:00
SMK Global,smk-global.com,"Parsippany, NJ",Contract Manufacturing,0,None detected,0,None detected,"Regulatory, QA/QC, R&D, Sales, Manufacturing, Engineering, Clinical Trial Assistant, Human Resources, Legal",Regulatory Scientist | Quality Analyst | Research & Development Scientist | Sales Representative | Manufacturing Technician | Process Engineer | Clinical Trial Assistant | HR Specialist | Transactional Counsel | Legal Consultant,"SMK Global is a contract manufacturing organization (CDMO) specializing in the production of supplement formulations, primarily powders, capsules, and tablets. They offer end-to-end solutions from formulation development to commercialization, emphasizing scalable partnerships and regulatory compliance. They cater to a range of supplement categories including vitamins, probiotics, herbal supplements, collagen, and protein. They are seeking talent in regulatory affairs, quality control, research and development, sales, manufacturing, engineering, and human resources to support their growing operations and client base.",0,None detected,0,0,None detected,"Apollo Multi-Pass Org Graph, Company Leadership Web Crawler, Nutraceutical Knowledge Base",2026-09-14T05:31:41.800102+00:00
Emerald Nutraceutical,emerald.com,"Private Commack, New York, United States",Contract Manufacturing,0,None detected,0,None detected,"Regulatory, QA/QC, R&D, Sales, Manufacturing, Formulation, Branding",Regulatory Scientist | Quality Analyst | Research Scientist | Sales Representative | Manufacturing Technician | Formulation Scientist | Brand Developer | Graphic Designer,"Emerald Nutraceutical specializes in private label supplement manufacturing, offering custom formulations, packaging, and branding services to businesses seeking to launch their own nutritional brands. They cater to a wide range of dietary supplement categories, including gummy supplements, liquid supplements, and sports nutrition products. The company emphasizes its vertically integrated operations, state-of-the-art manufacturing facility, and commitment to quality standards, positioning itself as a reliable partner for brands seeking to enter the competitive dietary supplement market. They are actively seeking individuals with expertise in formulation, manufacturing, sales, and branding to support their growing client base.",0,None detected,0,0,None detected,"Apollo Multi-Pass Org Graph, Company Leadership Web Crawler, Nutraceutical Knowledge Base",2026-09-14T05:31:41.800151+00:00
Catalent Pharma Solutions,catalent.com,"Bridgewater, New Jersey, USA",Contract Manufacturing,0,None detected,0,None detected,"Regulatory, QA/QC, R&D, Sales, Manufacturing, Clinical Operations, Supply Chain, Commercial",Regulatory Scientist | Quality Analyst | R&D Scientist | Sales Representative | Manufacturing Technician | Clinical Research Associate | Supply Chain Specialist | Commercial Account Manager,"Catalent is a leading contract development and manufacturing organization (CDMO) specializing in pharmaceutical, biotech, and consumer health products. They require skilled scientists, engineers, and manufacturing professionals with expertise in formulation development, drug delivery, sterile manufacturing, and clinical trial supply. Due to their broad capabilities, they seek individuals with strong technical skills, project management experience, and a commitment to quality and regulatory compliance. They are actively expanding their capabilities in areas like gene and cell therapies, driving demand for specialized talent in these emerging fields.",0,None detected,0,0,None detected,"Apollo Multi-Pass Org Graph, Company Leadership Web Crawler, Nutraceutical Knowledge Base",2026-09-14T05:31:41.800191+00:00
"American Health Formulations, Inc.",ahfvitamins.com,"Hauppauge, New York",Contract Manufacturing,0,None detected,0,None detected,"Regulatory, QA/QC, R&D, Sales, Formulation Science, Manufacturing, Quality Assurance, Clinical Research",Regulatory Scientist | Quality Analyst | Research & Development Scientist | Sales Representative | Formulation Scientist | Manufacturing Supervisor | Quality Control Technician | Clinical Research Associate,"American Health Formulations (AHF) is a full-service contract manufacturer specializing in dietary supplement formulation and production. They focus on custom formulation, private label, and white label services, leveraging their expertise in technologies like SEDDS to enhance bioavailability. Given their focus on science-based products and FDA compliance, they likely require talent in regulatory affairs, quality control, R&D (particularly formulation science and bioavailability research), and sales to support their diverse client base. Their commitment to innovation suggests a need for individuals skilled in advanced delivery systems and potentially clinical trial support.",0,None detected,0,0,None detected,"Apollo Multi-Pass Org Graph, Company Leadership Web Crawler, Nutraceutical Knowledge Base",2026-09-14T05:31:41.800231+00:00
ACF Pharma,acfpharma.com,"New York, NY",Contract Manufacturing,0,None detected,0,None detected,"R&D, Formulation, Manufacturing, Quality Assurance, Regulatory Affairs, Sales & Marketing",Research Scientist | Formulation Chemist | Manufacturing Technician | Quality Control Analyst | Regulatory Specialist | Sales Representative | Marketing Specialist,"ACF Pharma is seeking talent in formulation, manufacturing, and quality control to support the development and production of dietary supplements. Given their focus on custom formulations and cGMP manufacturing, they likely require individuals with expertise in pharmaceutical development, regulatory compliance, and operational efficiency. The company's growth-oriented approach suggests a need for sales and marketing professionals to drive brand development and market penetration.",0,None detected,0,0,None detected,"Apollo Multi-Pass Org Graph, Company Leadership Web Crawler, Nutraceutical Knowledge Base",2026-09-14T05:31:41.800261+00:00
Summit Rx Inc,summitrxusa.com,"56 Hook Rd Ste 1 Bayonne, NJ, 07002-5054 United States",Contract Manufacturing,0,None detected,0,None detected,"R&D, Manufacturing, Quality Control, Regulatory Affairs, Sales, Marketing, Formulation",Formulation Scientist | Manufacturing Technician | Quality Analyst | Regulatory Specialist | Sales Representative | Marketing Specialist | R&D Scientist,"Summit Rx is a full-service supplement contract manufacturer specializing in gummy and capsule production. They focus on providing high-quality, affordable products and offer formulation, manufacturing, packaging, and labeling services. Their cGMP certified facility and expertise in ingredients like powders, gummies, and capsules positions them as a key player in the nutraceutical market. They cater to brands seeking private label or white label solutions, emphasizing innovation and customer service.",0,None detected,0,0,None detected,"Apollo Multi-Pass Org Graph, Company Leadership Web Crawler, Nutraceutical Knowledge Base",2026-09-14T05:31:41.800295+00:00
"Bactolac Pharmaceutical, Inc",bactolac.com,"7 Oser Avenue Hauppauge, NY 11788-3808",Contract Manufacturing,0,None detected,0,None detected,"Regulatory Affairs, Quality Assurance/Control, Research & Development, Sales & Marketing, Manufacturing, Formulation Science, Packaging, Labeling, Distribution",Regulatory Scientist | Quality Analyst | R&D Scientist | Sales Representative | Manufacturing Technician | Formulation Chemist | Packaging Specialist | Labeling Operator | Distribution Coordinator,"Bactolac Pharmaceutical, Inc. is a full-service dietary supplement manufacturer specializing in turn-key nutritional supplement & vitamin contract manufacturing. They cater to businesses of all sizes, offering formulation development, manufacturing, testing, packaging, and labeling services. Their cGMP certification and extensive facility (650,000 sq. ft.) indicate a focus on high-volume production and quality control. They are actively seeking to expand their client base and support product development, particularly in areas like probiotics, antioxidants, and sports supplements. Given their capabilities, they likely compete with other large-scale contract manufacturers serving the nutraceutical industry.",0,None detected,0,0,None detected,"Apollo Multi-Pass Org Graph, Company Leadership Web Crawler, Nutraceutical Knowledge Base",2026-09-14T05:31:41.800335+00:00
VITA-gen Laboratories,vitagenlabs.com,"West Babylon, NY",Contract Manufacturing,0,None detected,0,None detected,"R&D, Regulatory, QA/QC, Sales, Manufacturing",Research Scientist | Regulatory Affairs Specialist | Quality Control Analyst | Sales Representative | Production Technician,"VITA-gen Laboratories is a contract manufacturer specializing in dietary supplements, vitamins, and probiotics. They cater to brand owners seeking custom formulations and private label services. Given their focus on pharmaceutical manufacturing experience and FDA registered facility, they likely require personnel with expertise in pharmaceutical regulations, quality control, formulation development, and sales to nutraceutical brands. The company's emphasis on advanced manufacturing technology and comprehensive services suggests a need for skilled technicians and potentially R&D specialists.",0,None detected,0,0,None detected,"Apollo Multi-Pass Org Graph, Company Leadership Web Crawler, Nutraceutical Knowledge Base",2026-09-14T05:31:41.800365+00:00
Icelandirect Inc.,icelandirect.com,"93 Entin Rd | Clifton, NJ 07014",Contract Manufacturing,0,None detected,0,None detected,"Sales, Marketing, Regulatory, Quality Assurance/Quality Control, Research and Development, Manufacturing, Customer Service, Logistics, Supply Chain Management",Sales Executive | Marketing Specialist | Regulatory Affairs Manager | Quality Analyst | R&D Scientist | Production Supervisor | Customer Support Representative | Logistics Coordinator | Supply Chain Analyst,"Icelandirect Inc. is a contract manufacturer and private label supplement company specializing in omega-3 oils and nutritional ingredients. They cater to both human and pet supplement markets, offering custom formulations, private label services, and a range of finished products. Their focus on sustainable sourcing (Icelandic fish oil, Alaskan salmon oil) and certifications (cGMP, FSSC 22000, GOED) positions them as a reliable supplier for brands seeking high-quality, traceable ingredients and manufacturing solutions. They are actively seeking sales and marketing professionals to expand their reach and develop new partnerships.",0,None detected,0,0,None detected,"Apollo Multi-Pass Org Graph, Company Leadership Web Crawler, Nutraceutical Knowledge Base",2026-09-14T05:31:41.800399+00:00
NFP Processing,nfpllc.info,"Florida, New York",Contract Manufacturing,0,None detected,0,None detected,"R&D, QA/QC, Regulatory, Sales, Manufacturing",Research Scientist | Quality Analyst | Regulatory Affairs Specialist | Sales Representative | Production Technician,"NFP Processing specializes in custom processing services for nutritional ingredients, including dry blending, granulation, micronutrient premixes, milling, and packaging. They cater to manufacturers of tablets, capsules, beverages, gummies, and organic products, leveraging their expertise in organic clean label formulations and rapid development services. The company emphasizes quality control and sourcing validated ingredients, collaborating with suppliers to optimize product quality and run rates. They offer a range of services from R&D to commercialization, supporting clients through various stages of product development.",0,None detected,0,0,None detected,"Apollo Multi-Pass Org Graph, Company Leadership Web Crawler, Nutraceutical Knowledge Base",2026-09-14T05:31:41.800436+00:00
"Florida Supplement, L.L.C",floridasupplement.com,"Miramar, Florida",Contract Manufacturing,0,None detected,0,None detected,"Regulatory, QA/QC, R&D, Sales, Formulation, Manufacturing, Packaging",Regulatory Scientist | Quality Analyst | Research & Development Scientist | Sales Representative | Formulation Scientist | Manufacturing Technician | Packaging Specialist,"Florida Supplement operates as a contract manufacturing organization (CMO) specializing in nutraceuticals. They offer a comprehensive suite of services including formulation, manufacturing, and packaging of dietary supplements. Their focus on NSF GMP certification and cGMP compliance suggests a need for personnel with expertise in quality assurance, regulatory affairs, and pharmaceutical manufacturing processes. Given their large-scale facility and diverse product offerings (tablets, capsules, softgels, powders), they likely require a skilled workforce in manufacturing operations, packaging, and potentially R&D for new product development.",0,None detected,0,0,None detected,"Apollo Multi-Pass Org Graph, Company Leadership Web Crawler, Nutraceutical Knowledge Base",2026-09-14T05:31:41.800472+00:00
SCN BestCo,scnbestco.com,"Golden, CO",Contract Manufacturing,0,None detected,0,None detected,"R&D, Manufacturing, Quality Assurance, Regulatory, Product Management, Sales, Logistics, Chemistry, Engineering",Innovation Scientist | Product Manager | Manufacturing Manager | Quality Analyst | Regulatory Affairs Specialist | Process Engineer | Logistics Coordinator | Chemist | Data Analyst,"SCN BestCo is a developer and manufacturer of innovative pharmaceutical dosage forms, primarily focusing on OTC drugs, vitamins, and supplements. They require scientists, formulation chemists, packaging engineers, and product management professionals with expertise in gummy, lozenge, and chewable form development and manufacturing. Regulatory expertise is also crucial due to FDA compliance requirements. Demand for skilled personnel in formulation, manufacturing, and quality control is high.",0,None detected,0,0,None detected,"Apollo Multi-Pass Org Graph, Company Leadership Web Crawler, Nutraceutical Knowledge Base",2026-09-14T05:31:41.800507+00:00
Dynamic Nutraceuticals LLC,dynamicnutraceuticals.com,"Statesville, NC",Contract Manufacturing,0,None detected,0,None detected,"Regulatory, QA/QC, R&D, Sales, Manufacturing, Formulation, Business Development",Regulatory Scientist | Quality Analyst | Research & Development Scientist | Sales Representative | Production Manager | Formulation Scientist | Business Development Manager,"Dynamic Nutraceuticals operates as a contract manufacturing and private label service provider within the nutraceutical industry. Their core business revolves around formulation, production, and packaging of dietary supplements. Given their cGMP certification and focus on client partnerships, they likely require personnel with expertise in regulatory affairs, quality control, research and development, sales, and manufacturing operations. The company's emphasis on communication and proactive service suggests a need for strong customer-facing roles. The fact that they are fully staffed at this time indicates a stable operational environment, but continued growth will likely necessitate additional hiring, particularly in sales and potentially R&D.",0,None detected,0,0,None detected,"Apollo Multi-Pass Org Graph, Company Leadership Web Crawler, Nutraceutical Knowledge Base",2026-09-14T05:31:41.800544+00:00
PURE Private Label LLC,pureprivatelabel.com,"Alpharetta, GA",Contract Manufacturing,0,None detected,0,None detected,"Regulatory, QA/QC, R&D, Sales, Marketing, Customer Service",Regulatory Affairs Specialist | Quality Control Analyst | Research Scientist | Sales Representative | Marketing Specialist | Customer Support Representative,"PURE Private Label LLC is a custom supplement manufacturer specializing in private label and custom formulations. They cater to brands seeking fast turnaround times and assistance with navigating the supplement manufacturing process, including formulation, labeling, and documentation. They appear to be targeting startups and existing brands looking for a reliable partner for their supplement production needs, particularly those facing supply chain challenges. They emphasize GMP compliance and FDA registration, indicating a need for personnel with expertise in these areas.",0,None detected,0,0,None detected,"Apollo Multi-Pass Org Graph, Company Leadership Web Crawler, Nutraceutical Knowledge Base",2026-09-14T05:31:41.800584+00:00
EC Nutrition USA,ec.com,"Travelers Rest, SC",Contract Manufacturing,0,None detected,0,None detected,"Regulatory, QA/QC, R&D, Sales, Manufacturing, Customer Service, Marketing, Operations",Regulatory Affairs Specialist | Quality Control Analyst | Research & Development Scientist | Sales Representative | Manufacturing Technician | Customer Support Specialist | Marketing Associate | Operations Manager,"EC Nutrition USA is a private label supplement manufacturer seeking to expand its production capacity and market reach. They require talent in regulatory affairs to navigate FDA compliance, quality control to maintain GMP standards, R&D to develop new formulations, sales to drive revenue growth, and operations to manage manufacturing and distribution. Given their focus on private label services, they likely need customer service and marketing professionals to support client relationships and brand promotion. Their long-standing experience (40+ years) suggests a need for experienced operations managers to oversee their facility and processes.",0,None detected,0,0,None detected,"Apollo Multi-Pass Org Graph, Company Leadership Web Crawler, Nutraceutical Knowledge Base",2026-09-14T05:31:41.800614+00:00
Absonutrix LLC,absonutrix.com,"Colfax, NC",Contract Manufacturing,0,None detected,0,None detected,"Regulatory, QA/QC, R&D, Sales, Customer Service, Business Development",Regulatory Scientist | Quality Analyst | Research & Development Scientist | Sales Representative | Business Development Representative,"Absonutrix is facing regulatory scrutiny from the FDA due to violations of CGMP regulations for dietary supplements. They are actively seeking to address these issues and maintain compliance. The company's focus on contract manufacturing and custom supplement formulations suggests a need for sales and business development professionals to expand their market reach. The company's website emphasizes natural ingredients and GMP certification, indicating a demand for personnel with expertise in quality control and regulatory affairs.",0,None detected,0,0,None detected,"Apollo Multi-Pass Org Graph, Company Leadership Web Crawler, Nutraceutical Knowledge Base",2026-09-14T05:31:41.800650+00:00
Supplement Manufacturing Partners (SMP Nutra),smpnutra.com,"Largo, Florida",Contract Manufacturing,0,None detected,0,None detected,"Sales, Account Executive, Manufacturing, R&D, QA/QC, Sales Administrative Assistant, Sales Associate",Sales Representative | Manufacturing Operations Manager | Quality Assurance Specialist | Research Scientist | Sales Support | Sales Associate | Account Executive,"SMP Nutra is a contract manufacturer specializing in nutraceutical supplements, offering a range of dosage forms including capsules, tablets, powders, gummies, softgels, and liquids. They cater to brands seeking private label solutions and have a focus on speed to market and custom formulations. They emphasize GMP certification and utilize state-of-the-art facilities. They are actively seeking to expand their client base and are currently hiring for sales and manufacturing roles. Their investment in new facilities and certifications indicates a growth-oriented strategy.",0,None detected,0,0,None detected,"Apollo Multi-Pass Org Graph, Company Leadership Web Crawler, Nutraceutical Knowledge Base",2026-09-14T05:31:41.800686+00:00
SRK Nutritionals,srknutritionals.com,"Ronkonkoma, New York 11779, United States",Contract Manufacturing,0,None detected,0,None detected,"Regulatory, QA/QC, R&D, Sales, Manufacturing, Quality Assurance",Regulatory Affairs Specialist | Quality Control Analyst | Research & Development Scientist | Sales Representative | Production Technician | Laboratory Analyst,"SRK Nutritionals is a contract manufacturer specializing in liquid dietary supplements. They focus on providing private label solutions and custom formulations to supplement brands and new start-ups. They emphasize quality, compliance (cGMP), and innovation in their manufacturing processes. They cater to brands seeking to launch or scale their supplement lines, offering services from formulation to packaging and labeling. They are particularly focused on liquid dosage form supplements and have a strong emphasis on building customer trust through reliable, high-quality products.",0,None detected,0,0,None detected,"Apollo Multi-Pass Org Graph, Company Leadership Web Crawler, Nutraceutical Knowledge Base",2026-09-14T05:31:41.800722+00:00
Vitamix Laboratories,vitamixlabs.com,"Commack, New York",Contract Manufacturing,0,None detected,0,None detected,"Regulatory, QA/QC, R&D, Sales, Marketing, Operations, Supply Chain, Customer Service, Brand Development",Regulatory Scientist | Quality Analyst | Research & Development Scientist | Sales Representative | Marketing Specialist | Operations Manager | Supply Chain Analyst | Customer Service Representative | Brand Development Specialist,"Vitamix Laboratories focuses on private label nutraceutical manufacturing, offering custom formulations, order fulfillment, and contract manufacturing services to brands across various supplement categories. They cater to businesses seeking to establish or expand their product lines without the complexities of in-house formulation and production. The company emphasizes quality control, FDA compliance, and a one-stop-shop approach, targeting brands needing a reliable partner for supplement development and manufacturing.",0,None detected,0,0,None detected,"Apollo Multi-Pass Org Graph, Company Leadership Web Crawler, Nutraceutical Knowledge Base",2026-09-14T05:31:41.800757+00:00
Sawgrass Nutra Labs,sawgrassnutralabs.com,"4801 Executive Park Ct, STE 100, Jacksonville, FL 32216",Contract Manufacturing,0,None detected,0,None detected,"Regulatory, QA/QC, R&D, Sales, Manufacturing",Regulatory Scientist | Quality Analyst | Research & Development Scientist | Sales Representative | Manufacturing Technician,"Sawgrass Nutra Labs is seeking talent with expertise in regulatory affairs, quality control, research and development, sales, and manufacturing to support its contract manufacturing services for dietary supplement brands. Specifically, they require individuals with experience in cGMP compliance, formulation development, and custom blend manufacturing.",0,None detected,0,0,None detected,"Apollo Multi-Pass Org Graph, Company Leadership Web Crawler, Nutraceutical Knowledge Base",2026-09-14T05:31:41.800792+00:00
Pharma Natural,pharmanatural.com,"Miami Lakes, Florida, United States",Contract Manufacturing,0,None detected,0,None detected,"Regulatory, QA/QC, R&D, Sales, Manufacturing, Marketing, Client Services, Research Science, Product Development",Regulatory Scientist | Quality Analyst | Research and Development Scientist | Sales Representative | Manufacturing Technician | Marketing Specialist | Client Services Representative | Health Science Researcher | Product Development Scientist,"Pharma Natural is a manufacturer of all-natural nutriceuticals and engineered body management products. They operate under strict FDA regulations (CGMP) and utilize USP standards for quality control. The company focuses on developing and manufacturing products like immune boosters, weight management solutions, and brain support supplements. They emphasize a consumer-centric approach and utilize a state-of-the-science manufacturing facility. Given their focus on quality and regulatory compliance, they likely require personnel with expertise in regulatory affairs, quality assurance/control, research and development, and sales/marketing. They are actively seeking talent to support their growing product portfolio and manufacturing operations.",0,None detected,0,0,None detected,"Apollo Multi-Pass Org Graph, Company Leadership Web Crawler, Nutraceutical Knowledge Base",2026-09-14T05:31:41.800831+00:00
Sun-Pac Manufacturing,sunpacmanufacturing.com,"Tampa, Florida",Contract Manufacturing,0,None detected,0,None detected,"Regulatory, QA/QC, R&D, Sales, Manufacturing, Quality Control, Formulation, Packaging",Regulatory Affairs Specialist | Quality Assurance Analyst | Research & Development Scientist | Sales Representative | Manufacturing Technician | Quality Control Inspector | Formulation Scientist | Packaging Operator,"Sun-Pac Manufacturing is a custom contract manufacturer specializing in dietary supplements, primarily powders, tablets, and capsules. They cater to companies seeking to outsource their supplement formulation, manufacturing, and packaging needs. Due to their NSF and cGMP certifications, they are well-positioned to serve clients requiring high-quality, regulated products. The company's focus on flexible manufacturing and adherence to industry standards suggests a need for skilled technicians, quality control specialists, and potentially regulatory affairs professionals. Given their experience and certifications, they likely target companies seeking to bring new supplement formulations to market efficiently and with a strong emphasis on quality and compliance.",0,None detected,0,0,None detected,"Apollo Multi-Pass Org Graph, Company Leadership Web Crawler, Nutraceutical Knowledge Base",2026-09-14T05:31:41.800866+00:00
NutraScience Labs,nutrascience.com,"Farmingdale, New York",Contract Manufacturing,0,None detected,0,None detected,"Regulatory, QA/QC, R&D, Sales, Manufacturing, Marketing",Regulatory Scientist | Quality Analyst | Research Scientist | Sales Representative | Manufacturing Technician | Marketing Specialist,"NutraScience Labs is a contract manufacturing organization specializing in dietary supplement ingredients and finished products. They require skilled professionals in regulatory affairs to ensure compliance, quality control specialists to maintain product standards, research and development scientists to innovate new formulations, sales representatives to drive revenue, and manufacturing technicians to operate production equipment. Given their cGMP certification and focus on natural and organic ingredients, they likely seek individuals with expertise in these areas and a strong understanding of the dietary supplement industry.",0,None detected,0,0,None detected,"Apollo Multi-Pass Org Graph, Company Leadership Web Crawler, Nutraceutical Knowledge Base",2026-09-14T05:31:41.800909+00:00
Custom Nutra,customnutra.com,"Dunedin, Florida, United States",Contract Manufacturing,0,None detected,0,None detected,"Regulatory, QA/QC, R&D, Sales, Marketing, Manufacturing, Formulation, Design",Regulatory Affairs Specialist | Quality Assurance Analyst | Research & Development Scientist | Sales Manager | Marketing Specialist | Manufacturing Technician | Formulation Scientist | Packaging Designer,"Custom Nutra is a leading private label supplement manufacturer seeking professionals in regulatory affairs, quality control, research and development, sales, and marketing. They require individuals with experience in contract manufacturing, formulation development, and packaging design. The company's focus on high-quality ingredients and fast turnaround times suggests a need for skilled technicians and a strong customer service team. They are actively hiring for roles related to their core business of developing and manufacturing custom supplements and nutritional products.",0,None detected,0,0,None detected,"Apollo Multi-Pass Org Graph, Company Leadership Web Crawler, Nutraceutical Knowledge Base",2026-09-14T05:31:41.800937+00:00
Brand Nutra,brandnutra.com,United States,Contract Manufacturing,0,None detected,0,None detected,"Regulatory, QA/QC, R&D, Sales, Marketing, Business Development",Regulatory Scientist | Quality Analyst | Research & Development Scientist | Sales Director | Copywriter | Business Development Manager | Customer Service Manager | Technical Sales Manager | Nutrition & Formulation Manager | Performance Marketing Manager,"Brand Nutra specializes in contract manufacturing and packaging of nutritional supplements, including powders, capsules, and tablets. Due to the increasing demand for dietary supplements and the stringent regulatory environment surrounding the industry, Brand Nutra requires talent in regulatory affairs, quality control, research and development, sales, and marketing. The company's focus on custom supplement creation suggests a need for formulation scientists and potentially technical sales specialists. Given the emphasis on women's health and next-generation solutions, there's likely demand for professionals with expertise in these areas, particularly within the context of Probiota Americas.",0,None detected,0,0,None detected,"Apollo Multi-Pass Org Graph, Company Leadership Web Crawler, Nutraceutical Knowledge Base",2026-09-14T05:31:41.800972+00:00
BioCorp Nutrition Labs,biocorp.com,"Melville, NY",Contract Manufacturing,0,None detected,0,None detected,"Regulatory, QA/QC, R&D, Sales, Manufacturing, Label Design, Packaging",Regulatory Scientist | Quality Analyst | Research & Development Scientist | Sales Representative | Manufacturing Technician | Label Designer | Packaging Specialist,"BioCorp Nutrition Labs is a leading manufacturer of high-volume nutraceutical supplements, offering a full suite of services including manufacturing, label design, and packaging. They emphasize cGMP compliance and utilize proprietary technologies and formulas. They are actively seeking talent to support their manufacturing operations, R&D efforts, and sales growth. Given their focus on custom solutions and a wide range of supplement formats (capsules, tablets, gummies, powders, softgels), they likely require skilled technicians, formulation scientists, and marketing/sales professionals.",0,None detected,0,0,None detected,"Apollo Multi-Pass Org Graph, Company Leadership Web Crawler, Nutraceutical Knowledge Base",2026-09-14T05:31:41.801017+00:00
"NutriSport Pharmacal, Inc",nutrisportpharmacal.com,"Franklin, New Jersey, United States",Contract Manufacturing,0,None detected,0,None detected,"R&D, Regulatory, QA/QC, Sales",Regulatory Scientist | Quality Analyst | Research Scientist | Sales Representative,"NutriSport Pharmacal focuses on custom formulation of dietary and sports supplements, leveraging Vince Paternoster’s pharmaceutical industry experience to ensure high-quality, CGMP-compliant manufacturing. They are seeking individuals with experience in regulatory affairs, quality control, research and development, and sales to support their private label and custom manufacturing services. Given their focus on sports nutrition and weight management, roles may require a strong understanding of the health and wellness market.",0,None detected,0,0,None detected,"Apollo Multi-Pass Org Graph, Company Leadership Web Crawler, Nutraceutical Knowledge Base",2026-09-14T05:31:41.801053+00:00
Norax Supplements,noraxsupplements.com,"655 10th St, Cedartown, Georgia 30125, US",Contract Manufacturing,0,None detected,0,None detected,"Regulatory, QA/QC, R&D, Sales, Manufacturing, Formulation",Regulatory Scientist | Quality Analyst | Research & Development Scientist | Sales Representative | Manufacturing Technician | Formulation Scientist,"Norax Supplements operates as a contract manufacturer specializing in private label dietary supplements. They offer formulation, development, production, and packaging services, catering to businesses in the nutraceutical and health industries. Due to their focus on private label solutions and manufacturing capabilities, they likely require personnel with expertise in formulation science, quality control, regulatory affairs, and production management. Given their emphasis on branding and design services, they also need graphic designers and packaging specialists. Their business model suggests a need for sales and marketing professionals to secure and manage client accounts.",0,None detected,0,0,None detected,"Apollo Multi-Pass Org Graph, Company Leadership Web Crawler, Nutraceutical Knowledge Base",2026-09-14T05:31:41.801086+00:00
Willings Nutraceutical,willingsnutraceutical.com,"1936 Olney Ave Ste A, Cherry Hill, New Jersey, 08003, United States",Contract Manufacturing,0,None detected,0,None detected,"Sales, R&D, QA/QC, Regulatory, Manufacturing, Marketing, Operations",Sales Development Representative | Procurement Specialist | Quality Analyst | Regulatory Affairs Specialist | Research Scientist | Manufacturing Technician | Marketing Specialist | Operations Manager,"Willings Nutraceutical is a contract manufacturing and packaging company specializing in nutritional supplements. They cater to brands seeking custom formulations, white-label production, and packaging solutions, particularly for gummies, capsules, softgels, tablets, and powders. Their focus on GMP-certified facilities and quick turnaround times positions them as a competitive option for brands needing scalable manufacturing and packaging support. They are actively hiring sales and operations staff to support their growing client base.",0,None detected,0,0,None detected,"Apollo Multi-Pass Org Graph, Company Leadership Web Crawler, Nutraceutical Knowledge Base",2026-09-14T05:31:41.801125+00:00
Vitaquest,vitaquest.com,"West Caldwell, New Jersey",Contract Manufacturing,0,None detected,0,None detected,"R&D, Manufacturing, Sales, Quality Assurance, Regulatory",Research Scientist | Quality Analyst | Sales Representative | Regulatory Affairs Specialist,"Vitaquest is a leading dietary supplement manufacturer with over 45 years of experience, specializing in custom formulation and production for over 500 brands. They offer turnkey supplement manufacturing services, including capsule, powder, and tablet manufacturing, and are committed to quality and environmental responsibility. They cater to both established and emerging supplement businesses, providing market insight and strategic partnership.",0,None detected,0,0,None detected,"Apollo Multi-Pass Org Graph, Company Leadership Web Crawler, Nutraceutical Knowledge Base",2026-09-14T05:31:41.801158+00:00
Sabinsa Corporation,sabinsa.com,"20 Lake Drive, East Windsor, NJ 08520, USA",Contract Manufacturing,0,None detected,0,None detected,"Regulatory, QA/QC, R&D, Sales, Manufacturing, Technical Support, Marketing, Supply Chain, Formulation R&D",Regulatory Scientist | Quality Analyst | Research Scientist | Sales Representative | Manufacturing Technician | Technical Support Specialist | Marketing Specialist | Supply Chain Analyst | Formulation R&D Scientist,"Sabinsa Corporation is a global leader in the development and manufacturing of science-based nutraceutical, cosmeceutical, and botanical extract ingredients. They are seeking candidates with expertise in regulatory affairs, quality control, research and development, sales, and manufacturing to support their expanding global operations. Due to their focus on innovation and clinical studies, they require individuals with strong scientific backgrounds and a commitment to delivering high-quality, evidence-based ingredients. The company's vertically integrated supply chain and contract manufacturing capabilities create opportunities for roles in supply chain management and formulation development.",0,None detected,0,0,None detected,"Apollo Multi-Pass Org Graph, Company Leadership Web Crawler, Nutraceutical Knowledge Base",2026-09-14T05:31:41.801194+00:00
Nutracap,nutracapusa.com,"Atlanta, GA",Contract Manufacturing,0,None detected,0,None detected,"Sales, Operations, Manufacturing, R&D, Regulatory, QA/QC, Logistics, Customer Service",Sales Representative | Operations Manager | Manufacturing Technician | Research Scientist | Regulatory Affairs Specialist | Quality Analyst | Logistics Coordinator | Customer Service Representative,Nutracap is experiencing rapid growth and needs to scale its Sales and Operations teams to meet increasing demand for its nutraceutical and dietary supplement manufacturing services. They are seeking qualified individuals with a strong work ethic and a commitment to quality and customer satisfaction. The company's focus on FDA compliance and private label manufacturing presents unique opportunities for those with experience in these areas.,0,None detected,0,0,None detected,"Apollo Multi-Pass Org Graph, Company Leadership Web Crawler, Nutraceutical Knowledge Base",2026-09-14T05:31:41.801233+00:00
Catalyst Nutraceuticals,catalystnutra.com,"Buford, Georgia, United States",Contract Manufacturing,0,None detected,0,None detected,"R&D, QA/QC, Regulatory, Sales, Manufacturing, Formulation",Research Scientist | Quality Analyst | Regulatory Affairs Specialist | Sales Representative | Manufacturing Technician | Formulation Scientist,"Catalyst Nutraceuticals is seeking talent in regulatory affairs, quality control, research and development, sales, and manufacturing to support its custom supplement formulation and production services. The company's focus on GMP compliance and its ability to handle a wide range of supplement forms (powders, capsules, stick packs, gusseted bags, beadlets, probiotics) indicates a need for skilled scientists, technicians, and sales professionals with expertise in these areas. The company's growth, as evidenced by its revenue and expansion, suggests a need for additional personnel to support increased production volume and new product development. The company's focus on navigating FDA guidelines and Amazon's regulations highlights the importance of regulatory expertise within the team.",0,None detected,0,0,None detected,"Apollo Multi-Pass Org Graph, Company Leadership Web Crawler, Nutraceutical Knowledge Base",2026-09-14T05:31:41.801266+00:00
CCB Nutrition,ccbnutrition.com,"Cincinnati, OH",Contract Manufacturing,0,None detected,0,None detected,"Regulatory, QA/QC, R&D, Sales, Manufacturing, Formulation, Packaging",Regulatory Scientist | Quality Analyst | R&D Scientist | Sales Representative | Manufacturing Technician | Formulation Specialist | Packaging Operator,"CCB Nutrition operates as a full-service contract manufacturer specializing in nutritional supplements, primarily capsules and powders. They cater to brands of all sizes, from startups to established players. Their focus on FDA-registered cGMP facilities and quality assurance suggests a need for individuals with expertise in pharmaceutical manufacturing, quality control, and regulatory compliance. The company's collaborative approach and broad range of services (formulation, labeling, packaging, logistics) indicate a demand for versatile personnel with skills in product development, operations, and potentially marketing/sales support.",0,None detected,0,0,None detected,"Apollo Multi-Pass Org Graph, Company Leadership Web Crawler, Nutraceutical Knowledge Base",2026-09-14T05:31:41.801294+00:00
F.A.M.E. Health Labs,famehealthlabs.com,USA,Contract Manufacturing,0,None detected,0,None detected,"Regulatory, QA/QC, R&D, Sales, Manufacturing, Formulation",Regulatory Scientist | Quality Analyst | Research & Development Scientist | Sales Representative | Production Technician | Formulation Scientist,"F.A.M.E. Health Labs is a contract manufacturing organization (CMO) specializing in custom and stock supplement formulations. They cater to brands seeking high-quality, scientifically-backed supplements across various formats (capsules, powders, tablets, gummies, softgels, liquids). Their focus on cGMP compliance, FDA-registered facilities, and a diverse range of certifications (GRMA, NSF, Health Canada) positions them as a reliable partner for brands looking to launch and scale their supplement products. They emphasize a collaborative approach, offering formulation development, manufacturing, packaging, and quality control services. The company's female-owned status and commitment to sustainability are key differentiators.",0,None detected,0,0,None detected,"Apollo Multi-Pass Org Graph, Company Leadership Web Crawler, Nutraceutical Knowledge Base",2026-09-14T05:31:41.801333+00:00
Rocktomic Labs,rocktomic.com,"Duluth, GA",Contract Manufacturing,0,None detected,0,None detected,"R&D, QA/QC, Regulatory, Sales",Research Scientist | Quality Analyst | Regulatory Affairs Specialist | Sales Representative,"Rocktomic Labs is seeking talent in research and development, quality assurance, regulatory affairs, and sales to support its contract manufacturing services for dietary supplements, health, and skincare products. They require individuals with experience in GMP-certified facilities and third-party testing.",0,None detected,0,0,None detected,"Apollo Multi-Pass Org Graph, Company Leadership Web Crawler, Nutraceutical Knowledge Base",2026-09-14T05:31:41.801370+00:00
Catamount Labs,catamount-labs.com,"175 Gee Road Northeast, Calhoun, Georgia 30701, United States",Contract Manufacturing,0,None detected,0,None detected,"Regulatory, R&D, QA/QC, Sales, Manufacturing",Regulatory Scientist | Quality Analyst | Research & Development Scientist | Sales Representative | Manufacturing Technician,"Catamount Labs is a nutritional supplement manufacturing company specializing in private label services. They offer a range of services including formulation, manufacturing, packaging, and fulfillment, catering to both established brands and startups. Their focus on low MOQ's, quick delivery, and competitive pricing makes them an attractive partner for brands seeking to bring products to market efficiently. They emphasize a 'turnkey' process and a commitment to quality control, leveraging their 50+ years of experience in manufacturing.",0,None detected,0,0,None detected,"Apollo Multi-Pass Org Graph, Company Leadership Web Crawler, Nutraceutical Knowledge Base",2026-09-14T05:31:41.801400+00:00
Solis Labs,solislabs.com,"Atlanta, Georgia, 30339",Contract Manufacturing,0,None detected,0,None detected,"Sales, Marketing Management, Business Planning, Formulation Assistance, Manufacturing, Quality Control, R&D, Customer Service",Marketing Manager | Business Planner | Sales Representative | Formulation Scientist | Quality Analyst | R&D Scientist | Customer Service Representative | Manufacturing Technician,"Solis Labs is a nutraceutical manufacturing and business development company specializing in contract manufacturing for private label and nutraceutical products. They offer custom formulations, packaging, and labeling services, leveraging a strong understanding of the supplement supply chain and a commitment to cGMP compliance. The company’s focus on operational efficiency, scalability, and client collaboration, combined with a dedication to high-quality products, positions them as a valuable partner for brands seeking to scale their businesses and navigate the complex regulatory landscape of the dietary supplement industry. Their emphasis on personalized service and proactive support contributes to strong client relationships and brand success.",0,None detected,0,0,None detected,"Apollo Multi-Pass Org Graph, Company Leadership Web Crawler, Nutraceutical Knowledge Base",2026-09-14T05:31:41.801431+00:00
Nutrafill,nutrafill.com,"Dawson, GA",Contract Manufacturing,0,None detected,0,None detected,"R&D, Sales, Marketing, Regulatory, QA/QC, Clinical Research, Product Development, Project Management, Sales & Education, IT Support, IT Management, Finance, Human Resources","Regulatory Scientist | Quality Analyst | R&D Scientist | Sales Representative | Marketing Specialist | Clinical Research Manager | Product Development Manager | Project Manager | Retail Sales and Education Executive | Senior Clinical Research Manager | Senior Manager, Product Development | A/P Associate - Contract | IT Support Associate | IT Manager","Nutrafill is seeking talent to support its private label vitamin and supplement manufacturing business, focusing on R&D, sales, marketing, and regulatory compliance. They are a turnkey solutions provider, offering digital marketing services alongside their manufacturing capabilities. The company emphasizes integrity and quality, particularly in adhering to cGMP guidelines. They require individuals with experience in nutraceuticals, clinical research, and potentially digital marketing to support their growth and expansion.",0,None detected,0,0,None detected,"Apollo Multi-Pass Org Graph, Company Leadership Web Crawler, Nutraceutical Knowledge Base",2026-09-14T05:31:41.801464+00:00
Marked Products,markedproducts.net,"Park City, Utah",Contract Manufacturing,0,None detected,0,None detected,"Regulatory, QA/QC, R&D, Sales, Marketing, Distribution, Retail, Nutraceutical, Food Science, Manufacturing",Regulatory Scientist | Quality Analyst | Research & Development Scientist | Sales Representative | Marketing Specialist | Distribution Manager | Retail Manager | Nutraceutical Formulator | Food Scientist | Manufacturing Engineer,"Nutraceutical International Corporation is a manufacturer, marketer, distributor, and retailer of branded nutritional supplements. They focus on providing premium B2B nutraceutical ingredients and have a strong presence in the market, utilizing CGMP regulations to ensure product quality and safety. The company's operations involve ingredient sourcing, formulation, manufacturing, and distribution to various channels, including retail and food manufacturing.",0,None detected,0,0,None detected,"Apollo Multi-Pass Org Graph, Company Leadership Web Crawler, Nutraceutical Knowledge Base",2026-09-14T05:31:41.801501+00:00
Vitalabs Inc,vitalabs.com,"McDonough, GA",Contract Manufacturing,0,None detected,0,None detected,"Sales, Customer Service, R&D, Manufacturing, Quality Control, Formulation",Sales Manager | Account Manager | R&D Scientist | QA/QC Analyst | Formulation Specialist | Customer Service Representative,"Vitalabs Inc. specializes in private label supplement manufacturing, offering a wide range of formulations and services to nutritional product brands. They cater to companies launching new supplement lines or scaling existing portfolios, providing formulation, blending, encapsulation, bottling, and label design services. Their focus on high-volume pricing, consistent stock, and streamlined logistics makes them a suitable partner for ambitious brands seeking to accelerate their product launches and achieve scalable growth. They are particularly focused on serving brands in the sports nutrition, weight loss, and health & wellness sectors.",0,None detected,0,0,None detected,"Apollo Multi-Pass Org Graph, Company Leadership Web Crawler, Nutraceutical Knowledge Base",2026-09-14T05:31:41.801538+00:00
Allegiant Health,allegiant-health.com,"Deer Park, New York",Contract Manufacturing,0,None detected,0,None detected,"R&D, QA/QC, Regulatory, Sales, Manufacturing, Marketing",Regulatory Affairs Specialist | Quality Control Analyst | Research Scientist | Pharmaceutical Sales Representative | Manufacturing Engineer | Marketing Manager,"Allegiant Health operates in the competitive over-the-counter (OTC) pharmaceutical and nutritional supplement market. They focus on contract manufacturing, private labeling, and packaging services, catering to both established retail brands and new product developers. A key recruitment need is driven by their rapid growth and expansion into international markets, particularly the Chinese-Asian market, requiring expertise in regulatory affairs, quality control, and international business development. They are investing heavily in innovation and technology, necessitating talent in R&D and formulation development. Given their emphasis on customer satisfaction and brand development, sales and marketing roles are also critical.",0,None detected,0,0,None detected,"Apollo Multi-Pass Org Graph, Company Leadership Web Crawler, Nutraceutical Knowledge Base",2026-09-14T05:31:41.801568+00:00
"Protech Nutra, Inc.",protech.it,"10321 72nd St, Largo, Florida, 33777, United States",Contract Manufacturing,0,None detected,0,None detected,"R&D, Regulatory, QA/QC, Sales, Manufacturing, Technical Support",Regulatory Scientist | Quality Analyst | Research & Development Scientist | Sales Manager | Production Technician | Technical Support Specialist,"Protech Nutra, Inc specializes in contract manufacturing for a variety of wellness and dietary supplement markets, including sports nutrition, keto, plant-based products, and nutraceuticals. They leverage their FDA registered and NSF certified facilities to offer high-quality manufacturing services, emphasizing compliance and consumer trust. The company's ability to handle diverse production runs and integrate technology makes them an attractive partner for brands seeking scalable and innovative solutions. Demand for their services is driven by the growing market for plant-based supplements and the increasing consumer preference for certified and reliable manufacturing.",0,None detected,0,0,None detected,"Apollo Multi-Pass Org Graph, Company Leadership Web Crawler, Nutraceutical Knowledge Base",2026-09-14T05:31:41.801604+00:00
Gembra Health,gembrahealth.com,"Loveland, Colorado",Contract Manufacturing,0,None detected,0,None detected,"Regulatory, QA/QC, R&D, Sales, Operations",Regulatory Scientist | Quality Analyst | Research & Development Scientist | Sales Representative | Operations Manager,"Gembra Health specializes in the wholesale supply of freeze-dried bovine organ and glandular powders for nutraceutical manufacturers. They cater to companies formulating supplements with ingredients like liver, heart, brain, and bone marrow, primarily focusing on products for joint health, cognitive function, and overall wellness. Due to the stringent regulatory requirements surrounding these products (CGMP), Gembra Health’s recruitment needs likely include individuals with expertise in quality control, regulatory affairs, supply chain management, and potentially sales roles focused on serving the nutraceutical industry. The company’s emphasis on New Zealand sourcing and traceability suggests a need for logistics and supply chain professionals.",0,None detected,0,0,None detected,"Apollo Multi-Pass Org Graph, Company Leadership Web Crawler, Nutraceutical Knowledge Base",2026-09-14T05:31:41.801632+00:00
Nutra Solutions USA,nutrasolutionsusa.com,"Deer Park, NY",Contract Manufacturing,0,None detected,0,None detected,"R&D, Regulatory Affairs, Sales, Marketing, Technical Support, Formulation Support, Manufacturing, Quality Control, Operations, Business Development",Regulatory Scientist | QA/QC Analyst | R&D Scientist | Sales Manager | Marketing Specialist | Technical Support Engineer | Formulation Scientist | Manufacturing Supervisor | Quality Control Technician | Operations Manager | Business Development Manager,"Nutra Solutions USA is a contract manufacturer specializing in the production of dietary supplements and nutraceuticals for brands ranging from startups to high-volume players. They offer a range of services including formulation support, manufacturing, packaging, and quality control. Their focus is on providing scalable solutions for brands looking to launch and grow their supplement products, particularly those seeking to avoid the complexities of in-house manufacturing. They cater to brands with significant revenue (7-9 figure) and emphasize rapid turnaround times and streamlined operations.",0,None detected,0,0,None detected,"Apollo Multi-Pass Org Graph, Company Leadership Web Crawler, Nutraceutical Knowledge Base",2026-09-14T05:31:41.801667+00:00
Alaska Spring Pharmaceuticals,alaskaspringpharma.com,New York,Contract Manufacturing,0,None detected,0,None detected,"Regulatory, QA/QC, R&D, Sales, Manufacturing, Quality Control",Regulatory Scientist | Quality Analyst | Research & Development Scientist | Sales Representative | Manufacturing Technician | Quality Control Technician,"Alaska Spring Pharmaceuticals is a private label and white label supplement manufacturer specializing in a range of supplement formats including tablets, powders, capsules, gummies, softgels, and pet chews. They cater to businesses seeking to create their own branded supplement lines, offering services from formulation to packaging. The company emphasizes GMP-compliant manufacturing, fast turnaround times (4-6 weeks), and a commitment to quality and regulatory adherence. They highlight their expertise in handling custom formulations and assisting clients with product improvements. Their customer reviews emphasize speed, professionalism, transparency, and high product quality.",0,None detected,0,0,None detected,"Apollo Multi-Pass Org Graph, Company Leadership Web Crawler, Nutraceutical Knowledge Base",2026-09-14T05:31:41.801701+00:00
Puriva,puriva.com,"North Wales, PA",Contract Manufacturing,0,None detected,0,None detected,"R&D, Manufacturing, Sales, Marketing, Operations, Quality Control, Distribution",Research Scientist | Formulation Specialist | Sales Representative | Marketing Manager | Production Supervisor | Quality Assurance Analyst | Distribution Manager,"Puriva Nutrition focuses on formulating and selling personalized, ready-to-consume nutritional products at wholesale prices directly to consumers through its retail location. They emphasize low prices, high-quality ingredients, and custom formulations, targeting health-conscious consumers seeking convenient nutritional solutions. The company leverages its in-house manufacturing capabilities and direct-to-consumer model to maintain competitive pricing and offer a wide range of product options, including ready-to-drink shots and bulk powders. They are focused on expanding their retail presence and building relationships with wholesale customers.",0,None detected,0,0,None detected,"Apollo Multi-Pass Org Graph, Company Leadership Web Crawler, Nutraceutical Knowledge Base",2026-09-14T05:31:41.801732+00:00
"Vantage Nutrition, LLC",vantage-nutrition.com,"4 Hillman Drive #190 Chadds Ford, PA 19317",Contract Manufacturing,0,None detected,0,None detected,"Regulatory, R&D, Sales, QA/QC, Nutritionist, Engineering, Administration",Regulatory Affairs Specialist | Research and Development Scientist | Sales Manager | Quality Assurance Analyst | Dietician | System Design Engineer | Application Engineer | Product Applications Engineer | Office Coordinator | Administrative Coordinator | Sales Representative,"Vantage Nutrition, LLC is focused on developing and manufacturing innovative nutraceutical products, particularly in the areas of dietary supplements and sports nutrition. They require talent in regulatory affairs to navigate the complex landscape of dietary supplement regulations, R&D to drive product innovation, sales to expand market reach, and QA/QC to ensure product quality and compliance. Given their GMP compliant manufacturing, they also need skilled engineers and potentially administrative support.",0,None detected,0,0,None detected,"Apollo Multi-Pass Org Graph, Company Leadership Web Crawler, Nutraceutical Knowledge Base",2026-09-14T05:31:41.801767+00:00
"GMP Nutraceuticals, Inc.",gmp-nutraceuticals.com,USA,Contract Manufacturing,0,None detected,0,None detected,"Quality Assurance, Research and Development, Regulatory Affairs, Sales, Manufacturing, Formulation, QA/QC, R&D, Operations",Quality Assurance Manager | Regulatory Scientist | Formulation Scientist | Manufacturing Technician | R&D Scientist | QA/QC Analyst | Sales Representative | Operations Manager,"GMP Nutraceuticals operates as a contract and private label manufacturer specializing in nutraceuticals, primarily focusing on whey protein products and custom formulation services. They leverage their expertise in powder blending, container filling, and packaging to provide turnkey solutions for supplement brands. Given their focus on custom formulation and high-volume production, they likely require personnel with expertise in formulation science, manufacturing operations, quality control, and regulatory compliance. They are actively seeking to expand their market presence and product offerings, indicating a need for sales and marketing professionals. The company's emphasis on flavor development suggests a need for flavor chemists and sensory evaluation specialists.",0,None detected,0,0,None detected,"Apollo Multi-Pass Org Graph, Company Leadership Web Crawler, Nutraceutical Knowledge Base",2026-09-14T05:31:41.801804+00:00
Agile Nutra,agilenutra.com,"Horsham, PA",Contract Manufacturing,0,None detected,0,None detected,"R&D, Regulatory, Manufacturing, Sales, Marketing, QA/QC, Formulation, International Registration, Export Documentation",Research & Development Scientist | Regulatory Affairs Specialist | Manufacturing Manager | Sales Manager | Marketing Manager | Quality Assurance Analyst | Formulation Scientist | International Registration Specialist | Export Documentation Specialist,"Agile Nutra is a contract manufacturer specializing in formulation innovation and flavoring for dietary supplements. They require talent in R&D, regulatory affairs, manufacturing, sales, and marketing to support their services including formulation development, international registration, and export documentation. Given their focus on premium supplements and certifications (NSF/ANSI 455-2 GMP), they likely seek individuals with experience in quality control and compliance. The company's emphasis on 'go-to-market' strategies suggests a need for marketing and sales professionals. The presence of a strong R&D team indicates a need for formulation scientists and potentially technical sales managers.",0,None detected,0,0,None detected,"Apollo Multi-Pass Org Graph, Company Leadership Web Crawler, Nutraceutical Knowledge Base",2026-09-14T05:31:41.801838+00:00
SDC Nutrition Inc,sdcnutrition.com,"Imperial, PA",Contract Manufacturing,0,None detected,0,None detected,"Regulatory, R&D, QA/QC, Sales, Manufacturing",Regulatory Affairs Specialist | Research & Development Scientist | Quality Control Analyst | Sales Representative | Manufacturing Technician,"SDC Nutrition Inc. is a contract supplement manufacturer specializing in custom formulations, powders, capsules, and tablets. They offer a range of services including R&D, cGMP manufacturing, and regulatory compliance support. Given their focus on high-quality, innovative products and partnerships with leading brands, they likely require talent in formulation development, quality assurance, regulatory affairs, and sales to support their growth and expanding client base. Their NSF cGMP certification indicates a need for personnel with expertise in maintaining strict manufacturing standards.",0,None detected,0,0,None detected,"Apollo Multi-Pass Org Graph, Company Leadership Web Crawler, Nutraceutical Knowledge Base",2026-09-14T05:31:41.801872+00:00
"Nutritional Specialties, Inc.",professional-health-products.com,Pittsburgh,Contract Manufacturing,0,None detected,0,None detected,"Regulatory, QA/QC, R&D, Sales, Manufacturing, Distribution",Regulatory Scientist | Quality Analyst | Research & Development Scientist | Sales Representative | Manufacturing Technician | Distribution Manager,"Nutritional Specialties, Inc. focuses on the wholesale distribution of natural and homeopathic supplements, primarily through Professional Health Products®. Due to the regulatory nature of the dietary supplement industry (specifically CGMPs and FDA oversight), they require personnel with expertise in regulatory compliance, quality assurance/control, research and development to formulate new products, sales to distributors and retailers, and manufacturing/distribution operations. The company's emphasis on science-backed formulations and its commitment to GMP compliance suggest a need for skilled scientists and technicians. The company's history and focus on innovative products (MethylGenetic Nutrition) indicates a need for R&D talent. Given the company's distribution network, they likely require sales and distribution personnel.",0,None detected,0,0,None detected,"Apollo Multi-Pass Org Graph, Company Leadership Web Crawler, Nutraceutical Knowledge Base",2026-09-14T05:31:41.801912+00:00
Natcon Biolife Sciences Pvt. Ltd.,natconbiolife.com,"Plot No 2E, Sector-31, UPSIDC, Greater NOIDA(UP). PIN 201310, India",Contract Manufacturing,0,None detected,0,None detected,"Regulatory Affairs, QA/QC, R&D, Sales, Marketing, Product Development, Manufacturing, Supply Chain, Technical Support",Regulatory Scientist | Quality Analyst | Research Scientist | Sales Manager | Marketing Specialist | Product Development Manager | Manufacturing Technician | Supply Chain Coordinator | Technical Support Specialist,"Natcon Biolife Sciences Pvt. Ltd. is a contract supplement manufacturer specializing in nutraceuticals. They likely require professionals with expertise in regulatory affairs to navigate industry standards, quality control specialists to ensure product safety and efficacy, research and development scientists to formulate new products, sales and marketing teams to drive revenue, and manufacturing personnel to oversee production. Given their focus on high-quality ingredients and formulations, they likely value individuals with experience in sourcing and supply chain management. Their offerings suggest a need for technical support to assist clients with product selection and implementation.",0,None detected,0,0,None detected,"Apollo Multi-Pass Org Graph, Company Leadership Web Crawler, Nutraceutical Knowledge Base",2026-09-14T05:31:41.801950+00:00
Phylloceuticals,phylloceuticals.com,"Wilmington, DE",Contract Manufacturing,0,None detected,0,None detected,"R&D, Regulatory, QA/QC, Sales, Operations, Finance",Research Scientist | Regulatory Affairs Specialist | Quality Control Analyst | Sales Representative | Operations Manager | Financial Analyst,"Phylloceuticals is seeking talent with expertise in plant-based therapeutics, particularly in areas like R&D for novel production methods, regulatory affairs for navigating drug approval processes, and quality control to ensure product safety and efficacy. Sales and operations roles will be crucial for scaling production and reaching target markets. The company's focus on a reduced-risk, clean-profile solution necessitates a strong understanding of GMP regulations and manufacturing processes. Given their stated mission of broadening access to critical therapeutics, roles supporting global distribution and partnerships are also of interest.",0,None detected,0,0,None detected,"Apollo Multi-Pass Org Graph, Company Leadership Web Crawler, Nutraceutical Knowledge Base",2026-09-14T05:31:41.801985+00:00
"NuLife Sciences, Inc. - A BioRegenx Company",nulifesciences.com,"Chattanooga, TN",Contract Manufacturing,0,None detected,0,None detected,"Regulatory, QA/QC, R&D, Sales, Marketing, Distribution, Clinical Research, Product Development",Regulatory Scientist | Quality Analyst | Research Scientist | Sales Representative | Marketing Specialist | Distribution Manager | Clinical Trial Manager | Product Development Associate,"NuLife Sciences is focused on developing and distributing health and longevity products, primarily centered around microvascular health, dietary supplements, and hydrogen water technology. They are seeking talent in regulatory affairs to navigate the complex landscape of health supplement approvals, quality control specialists to ensure product safety and efficacy, research and development professionals to innovate new formulations and technologies, and sales and marketing teams to drive product adoption. Given their focus on hydrogen water, expertise in water treatment and related technologies could be valuable. The company's connection to BioRegenx suggests a need for individuals with experience in holding company operations and strategic partnerships.",0,None detected,0,0,None detected,"Apollo Multi-Pass Org Graph, Company Leadership Web Crawler, Nutraceutical Knowledge Base",2026-09-14T05:31:41.802018+00:00
Formulation Innovations Group,figformulations.com,"Horsham, PA",Contract Manufacturing,0,None detected,0,None detected,"R&D, Regulatory, QA/QC, Formulation, Manufacturing",Research and Development Scientist | Formulation Specialist | Quality Analyst | Regulatory Affairs Specialist | Manufacturing Engineer,"Formulation Innovations Group (FIG) is a nutritional technology company specializing in gummy formulations and contract manufacturing services for the vitamin, nutritional, and dietary supplement industry. They focus on providing custom formulations, R&D support, and GMP-certified manufacturing solutions to leading brands and contract manufacturers. They are seeking individuals with expertise in formulation development, regulatory affairs, quality control, and manufacturing processes, particularly those with experience in gummy technology and clean-label ingredients.",0,None detected,0,0,None detected,"Apollo Multi-Pass Org Graph, Company Leadership Web Crawler, Nutraceutical Knowledge Base",2026-09-14T05:31:41.802050+00:00
Hi-Tech Nutraceuticals,hitech.com,"Reedsville, Pennsylvania",Contract Manufacturing,0,None detected,0,None detected,"R&D, Quality Control, Regulatory Affairs, Sales, Manufacturing, Formulation Development",Research and Development Manager | Quality Analyst | Regulatory Specialist | Sales Manager | Production Supervisor | Formulation Scientist,"Hi-Tech Nutraceuticals is a contract manufacturer specializing in nutritional supplements, primarily focusing on tablet and capsule production. They require personnel with expertise in formulation development, manufacturing process optimization, quality control, regulatory compliance (cGMP), and sales/marketing to support their diverse product portfolio. Given their scale of operations (producing billions of tablets/capsules annually), they need skilled production team members and potentially project managers to oversee manufacturing operations. The company's focus on private label services suggests a need for business development and customer service roles.",0,None detected,0,0,None detected,"Apollo Multi-Pass Org Graph, Company Leadership Web Crawler, Nutraceutical Knowledge Base",2026-09-14T05:31:41.802079+00:00
"Pharmaloz Manufacturing, Inc.",pharmaloz.com,"Lebanon, Pennsylvania",Contract Manufacturing,0,None detected,0,None detected,"Regulatory, QA/QC, R&D, Sales, Manufacturing, Production",Regulatory Scientist | Quality Analyst | R&D Scientist | Sales Representative | Manufacturing Technician | Production Supervisor,"Pharmaloz Manufacturing, Inc. specializes in contract manufacturing of lozenges, particularly those with organic, USDA, and Non-GMO certifications. Due to their focus on pharmaceutical-grade standards and cGMP certification, they require personnel with expertise in FDA compliance, quality control, and potentially R&D for novel lozenge formulations. Given their scale of production, they also need skilled manufacturing and production technicians. The company's emphasis on specific supplement ingredients (Melatonin, Probiotics, Vitamin B12) suggests a need for sales and marketing support to target supplement brands.",0,None detected,0,0,None detected,"Apollo Multi-Pass Org Graph, Company Leadership Web Crawler, Nutraceutical Knowledge Base",2026-09-14T05:31:41.802118+00:00
Ameripharm,ameripharm.com,"Reedsville, Pennsylvania",Contract Manufacturing,0,None detected,0,None detected,"Regulatory, QA/QC, R&D, Sales, Manufacturing, Product Development, Packaging",Regulatory Scientist | Quality Analyst | Research & Development Scientist | Sales Representative | Manufacturing Technician | Formulation Scientist | Packaging Specialist,"AmeriPharm is a contract manufacturing and packaging company specializing in OTC, Rx, and dietary supplement products. They cater to small to mid-size clients, offering full-cycle manufacturing and packaging services, including formulation development, regulatory assistance, and specialized packaging solutions like softgel capsules. They emphasize quality systems compliant with FDA standards and have a strong focus on joint care products due to their 20+ years of expertise. They are part of the UNIPHARM Group, indicating a broader pharmaceutical market presence.",0,None detected,0,0,None detected,"Apollo Multi-Pass Org Graph, Company Leadership Web Crawler, Nutraceutical Knowledge Base",2026-09-14T05:31:41.802145+00:00
Smartnutras,smartnutras.com,"Philadelphia, Pennsylvania",Contract Manufacturing,0,None detected,0,None detected,"R&D, Regulatory, QA/QC, Sales, Manufacturing",Research Scientist | Regulatory Affairs Specialist | Quality Analyst | Sales Representative | Manufacturing Engineer,"Smartnutras is a contract manufacturer specializing in supplement formulations, primarily focusing on gummy, capsule, powder, tablet, and softgel manufacturing. They cater to brands seeking private label solutions and offer market-ready formulations, particularly for Amazon and Vitamin Shoppe distribution. Their expertise lies in adhering to stringent regulatory standards (cGMP, NSF) and providing customized R&D services. They emphasize speed to market with 2-3 week turnaround times and a large stock inventory. They are heavily involved in supporting brands with labeling, packaging, and certifications for major retail chains.",0,None detected,0,0,None detected,"Apollo Multi-Pass Org Graph, Company Leadership Web Crawler, Nutraceutical Knowledge Base",2026-09-14T05:31:41.802177+00:00
WIN Nutrition,winutrition.com,"California, USA",Contract Manufacturing,0,None detected,0,None detected,"Regulatory, QA/QC, R&D, Sales, Manufacturing, Product Development, Packaging",Regulatory Scientist | Quality Analyst | Research & Development Scientist | Sales Representative | Manufacturing Technician | Product Development Specialist | Packaging Engineer,"WIN Nutrition specializes in custom nutritional product development, manufacturing, and packaging. They offer end-to-end services, including formula ideation, manufacturing, and final packaged design. Their capabilities include a wide range of dosage forms, such as gummies, softgels, liquids, and powders, utilizing a global network of specialized manufacturing facilities. They focus on providing solutions for brands across various industries, including pet nutrition and cosmeceuticals.",0,None detected,0,0,None detected,"Apollo Multi-Pass Org Graph, Company Leadership Web Crawler, Nutraceutical Knowledge Base",2026-09-14T05:31:41.802209+00:00
"Tower Laboratories, Ltd.",towerlabs.com,"Centerbrook, CT",Contract Manufacturing,0,None detected,0,None detected,"Pharmaceutical Development, Manufacturing, Quality Assurance, Regulatory Affairs, R&D, Sales, Marketing, Business Development",Pharmaceutical Scientist | Quality Analyst | R&D Scientist | Sales Representative | Marketing Specialist | Business Development Manager | Micro Chemist | Regulatory Specialist,"Tower Laboratories specializes in effervescent tablet manufacturing, offering contract manufacturing, product development, and private label solutions. They have a strong focus on regulatory compliance and quality control, as evidenced by their FDA-registered cGMP-compliant facilities. Recent warning letters indicate challenges with investigation and CAPA processes related to OOS testing results, suggesting a need for improved quality control and root cause analysis. The company’s expertise in effervescent technology and high-volume production makes them a viable partner for companies seeking to develop and manufacture consumer-friendly effervescent products. The recent job postings suggest they are actively hiring for roles in manufacturing, R&D, and quality assurance.",0,None detected,0,0,None detected,"Apollo Multi-Pass Org Graph, Company Leadership Web Crawler, Nutraceutical Knowledge Base",2026-09-14T05:31:41.802244+00:00
Tishcon Corp.,tishcon.com,"Westbury, NY",Contract Manufacturing,0,None detected,0,None detected,"R&D, Product Development, Manufacturing, Quality Control, Sales & Marketing",Research Scientist | Formulation Scientist | Manufacturing Technician | Quality Analyst | Sales Representative | Marketing Specialist,"Tishcon Corp. is a contract manufacturing organization specializing in nutritional supplements, natural products, nutraceuticals, and vitamins. They offer comprehensive services including product development, manufacturing, and marketing, leveraging cGMP-certified facilities and in-house testing capabilities. Their expertise lies in chewable formulations, timed-release technologies, and bio-enhanced supplements. They cater to large supplement brands and offer a range of delivery systems and packaging options, providing a 'turn-key' solution from concept to market.",0,None detected,0,0,None detected,"Apollo Multi-Pass Org Graph, Company Leadership Web Crawler, Nutraceutical Knowledge Base",2026-09-14T05:31:41.802280+00:00
VitaWorks,vitaworksusa.com,"Fairfield, New Jersey",Contract Manufacturing,0,None detected,0,None detected,"Pharmaceutical Formulation, Nutraceutical Production, Tablet Manufacturing, Capsule Production, Softgel Manufacturing, Powder Blending, Quality Control, Regulatory Compliance, Research & Development",Formulation Scientist | Production Technician | Quality Assurance Analyst | Regulatory Affairs Specialist | Research & Development Scientist | Manufacturing Supervisor,"VitaWorks specializes in contract supplement manufacturing, offering full-service solutions including formulation, production, and quality control for a range of health products. They cater to brands seeking a reliable partner with cGMP-certified facilities and expertise in tablet, capsule, softgel, and powder manufacturing. Their focus on speed, quality, and innovation makes them a competitive option for companies needing turnkey manufacturing services.",0,None detected,0,0,None detected,"Apollo Multi-Pass Org Graph, Company Leadership Web Crawler, Nutraceutical Knowledge Base",2026-09-14T05:31:41.802310+00:00
KerryGroup,kerrygroup.com,"Lisolee, Dublin, Ireland","ingredient supplier, contract manufacturer, supplement brand",0,None detected,0,None detected,"Regulatory Affairs, Quality Assurance/Control, Research & Development, Sales, Marketing, Operations",Regulatory Scientist | QA/QC Analyst | Food Application Scientist | Flavorist | Account Manager | Production Operator,"Kerry actively recruits talent across various disciplines, focusing on individuals with expertise in food science, nutrition, manufacturing and regulatory affairs.",0,None detected,0,0,None detected,"Apollo Multi-Pass Org Graph, Company Leadership Web Crawler, Nutraceutical Knowledge Base",2026-09-14T05:31:41.802342+00:00
Yogorino,yogorino.com,Dublin – Ireland,Unknown,0,None detected,0,None detected,"Regulatory Affairs, Quality Assurance/Control, Research & Development, Sales, Marketing",Regulatory Scientist | Quality Analyst | R&D Specialist | Sales Representative | Brand Manager,"Yogorino actively recruits professionals in regulatory affairs, quality assurance, research and development, sales, and marketing to support its global expansion.",0,None detected,0,0,None detected,"Apollo Multi-Pass Org Graph, Company Leadership Web Crawler, Nutraceutical Knowledge Base",2026-09-14T05:31:41.802368+00:00
AdvantraZ,advantraz.com,United States,"ingredient supplier, supplement brand",0,None detected,0,None detected,"R&D, Sales",Regulatory Scientist | Quality Analyst,"Demand for skilled regulatory affairs and quality control professionals within the dietary supplement industry is high, driven by increasing consumer interest in health and wellness products.",0,None detected,0,0,None detected,"Apollo Multi-Pass Org Graph, Company Leadership Web Crawler, Nutraceutical Knowledge Base",2026-09-14T05:31:41.802395+00:00
DeadSea Moringa,deadseamoringa.com,United States,"ingredient supplier, contract manufacturer",0,None detected,0,None detected,"Regulatory, QA/QC, R&D, Sales",Regulatory Scientist | Quality Analyst | Research & Development Scientist | Sales Representative,"The company is actively hiring across various functions, including regulatory affairs, quality control, research and development, and sales, reflecting its growth trajectory.",0,None detected,0,0,None detected,"Apollo Multi-Pass Org Graph, Company Leadership Web Crawler, Nutraceutical Knowledge Base",2026-09-14T05:31:41.802424+00:00
Actylis,actylis.com,"Port Washington, NY","ingredient supplier, contract manufacturer, supplement brand",0,None detected,0,None detected,"Regulatory Affairs, Quality Assurance/Control, Research & Development, Sales, Operations",Regulatory Scientist | QA/QC Analyst | R&D Chemist | Sales Representative | Operations Planner,"Actylis seeks to attract talent with expertise in chemistry, manufacturing, and regulatory affairs within the nutraceutical industry.",0,None detected,0,0,None detected,"Apollo Multi-Pass Org Graph, Company Leadership Web Crawler, Nutraceutical Knowledge Base",2026-09-14T05:31:41.802459+00:00
Symbiosis Srl,symbiosis.com,"Stirling, UK",contract manufacturer,0,None detected,0,None detected,"Regulatory, QA/QC, R&D, Sales",Regulatory Scientist | Quality Analyst | R&D Scientist | Sales Representative,"Seeking skilled professionals in regulatory affairs, quality control, research and development, sales, and operations to support its growing CDMO business.",0,None detected,0,0,None detected,"Apollo Multi-Pass Org Graph, Company Leadership Web Crawler, Nutraceutical Knowledge Base",2026-09-14T05:31:41.802489+00:00
Laboratorio Francescano,laboratoriofrancescano.com,Assisi,"contract manufacturer, supplement brand",0,None detected,0,None detected,"Regulatory, QA/QC, R&D, Sales",Regulatory Scientist | Quality Analyst | Research Associate,"High demand for skilled professionals in regulatory affairs, quality control, and research & development within the dietary supplement industry.",0,None detected,0,0,None detected,"Apollo Multi-Pass Org Graph, Company Leadership Web Crawler, Nutraceutical Knowledge Base",2026-09-14T05:31:41.802518+00:00
CHR. HANSEN,chrhansen.com,"Hørsholm, Denmark",ingredient supplier,0,None detected,0,None detected,"Regulatory, QA/QC, R&D, Sales",Regulatory Scientist | Quality Analyst | Research & Development Scientist,Prose string – details not provided in source material.,0,None detected,0,0,None detected,"Apollo Multi-Pass Org Graph, Company Leadership Web Crawler, Nutraceutical Knowledge Base",2026-09-14T05:31:41.802556+00:00
UAS LABORATORIES,uas.com,"Eden Prairie, MN","ingredient supplier, contract manufacturer",0,None detected,0,None detected,"Regulatory Affairs, QA/QC, R&D, Sales, Operations Management",Regulatory Scientist | Quality Analyst | Research & Development Scientist | Sales Representative | Operations Manager,"UAS Laboratories actively recruits professionals in regulatory affairs, quality assurance, research and development, sales, and operations management to support its growing business. They seek individuals with expertise in probiotics, nutraceuticals, and contract manufacturing.",0,None detected,0,0,None detected,"Apollo Multi-Pass Org Graph, Company Leadership Web Crawler, Nutraceutical Knowledge Base",2026-09-14T05:31:41.802589+00:00
NATIONAL ENZYME COMPANY,nationalenzyme.com,"Forsyth, MO",supplement brand,0,None detected,0,None detected,"R&D, Sales, Regulatory","Research Associate/ Scientist, Enzyme Development | Quality Analyst | Regulatory Scientist","The company seeks individuals with expertise in enzyme technology, formulation development, and regulatory affairs to support its product innovation and commercialization efforts.",0,None detected,0,0,None detected,"Apollo Multi-Pass Org Graph, Company Leadership Web Crawler, Nutraceutical Knowledge Base",2026-09-14T05:31:41.802625+00:00
Cosmonutra Lifesciences Private Limited,cosmonutra.com,"Industrial Plot No. 16&17, Arham Industrial Park, Ranesar, Ahmedabad, Bavla, Gujarat, India, 382220","ingredient supplier, contract manufacturer",0,None detected,0,None detected,"Regulatory, QA/QC, R&D, Sales",Regulatory Scientist | Quality Analyst | R&D Scientist | Sales Representative,null,0,None detected,0,0,None detected,"Apollo Multi-Pass Org Graph, Company Leadership Web Crawler, Nutraceutical Knowledge Base",2026-09-14T05:31:41.802657+00:00
Arelang Naturals Pvt Ltd,arelangnaturals.com,"Mumbai, India",supplement brand,0,None detected,0,None detected,"Regulatory, QA/QC, R&D, Sales",Regulatory Scientist | Quality Analyst | Research & Development Scientist | Sales Representative,"Arelang is seeking individuals with experience in regulatory affairs, quality control, research and development, and sales to support its growth.",0,None detected,0,0,None detected,"Apollo Multi-Pass Org Graph, Company Leadership Web Crawler, Nutraceutical Knowledge Base",2026-09-14T05:31:41.802696+00:00
Green Vibes Biotech Pvt. Ltd,greenvibesbiotech.com,null,"ingredient supplier, contract manufacturer",0,None detected,0,None detected,"Regulatory, QA/QC, R&D, Sales",Regulatory Scientist | Quality Analyst | Research & Development Scientist | Sales Representative,Seeking a Business Development Executive to accelerate business growth.,0,None detected,0,0,None detected,"Apollo Multi-Pass Org Graph, Company Leadership Web Crawler, Nutraceutical Knowledge Base",2026-09-14T05:31:41.802731+00:00
SURUL CHETTINAD AYURVEDIC,surulchettinadayurvedic.com,Madurai,Unknown,0,None detected,0,None detected,"Regulatory, QA/QC, R&D, Sales",Regulatory Scientist | Quality Analyst | Research & Development Scientist | Sales Representative,"The company actively recruits for roles in regulatory affairs, quality assurance/control, research and development, and sales.",0,None detected,0,0,None detected,"Apollo Multi-Pass Org Graph, Company Leadership Web Crawler, Nutraceutical Knowledge Base",2026-09-14T05:31:41.802766+00:00
Ambix Healthcare Pvt Ltd,ambixhealthcare.com,"Gozariya, Gujarat, India",contract manufacturer,0,None detected,0,None detected,"Regulatory Affairs Specialists, QA/QC, R&D, Sales",Regulatory Scientist | Quality Analyst,Information not readily available.,0,None detected,0,0,None detected,"Apollo Multi-Pass Org Graph, Company Leadership Web Crawler, Nutraceutical Knowledge Base",2026-09-14T05:31:41.802798+00:00
Lifestarter Project Pvt. Ltd.,lifestarterproject.com,"Johannesburg, South Africa",supplement brand,0,None detected,0,None detected,"Regulatory Affairs, Quality Assurance/Control, Research & Development, Sales & Marketing",Regulatory Scientist | QA/QC Analyst | R&D Chemist | Nutraceutical Sales Representative,null,0,None detected,0,0,None detected,"Apollo Multi-Pass Org Graph, Company Leadership Web Crawler, Nutraceutical Knowledge Base",2026-09-14T05:31:41.802838+00:00
Hebron Lifestyles Pvt.ltd,hebronlifestyles.com,Chicago area,"contract manufacturer, supplement brand",0,None detected,0,None detected,"Regulatory Affairs, Quality Assurance/Control, Research & Development, Sales, Operations",Regulatory Scientist | Quality Analyst | R&D Specialist | Sales Representative | Operations Manager,"Hebron Nutrition is actively hiring across various functions including regulatory affairs, quality assurance/control, research & development, sales and operations to support its growing business.",0,None detected,0,0,None detected,"Apollo Multi-Pass Org Graph, Company Leadership Web Crawler, Nutraceutical Knowledge Base",2026-09-14T05:31:41.802870+00:00
Iron Asylum,ironasylum.com,"Norfolk, VA",supplement brand,0,None detected,0,None detected,"Regulatory, QA/QC, R&D, Sales",Regulatory Scientist | Quality Analyst | R&D Scientist | Sales Representative,"Iron Asylum is actively hiring across various roles, indicating growth and expansion within the company.",0,None detected,0,0,None detected,"Apollo Multi-Pass Org Graph, Company Leadership Web Crawler, Nutraceutical Knowledge Base",2026-09-14T05:31:41.802910+00:00
Shakun Distribution,shakundistribution.com,"501, Princess Empire, Race Course Road, Indore, 452001, India",Unknown,0,None detected,0,None detected,"Regulatory, QA/QC, R&D, Sales",Regulatory Scientist | Quality Analyst | R&D Specialist | Sales Representative,null,0,None detected,0,0,None detected,"Apollo Multi-Pass Org Graph, Company Leadership Web Crawler, Nutraceutical Knowledge Base",2026-09-14T05:31:41.802939+00:00
Ecosmetix,ecosmetix.com,United States,"ingredient supplier, contract manufacturer",0,None detected,0,None detected,"R&D, Sales, QA/QC",Formulator | Quality Analyst | Regulatory Scientist,"The company actively recruits for roles in formulation, R&D, sales, and quality control, indicating a need to expand its team and capabilities.",0,None detected,0,0,None detected,"Apollo Multi-Pass Org Graph, Company Leadership Web Crawler, Nutraceutical Knowledge Base",2026-09-14T05:31:41.802973+00:00
Comfort Click,comfortclick.com,"Sevenoaks, UK",supplement brand,0,None detected,0,None detected,"Regulatory Affairs, Quality Assurance/Control, Research & Development, Sales & Marketing",Regulatory Scientist | QA/QC Analyst | R&D Specialist | Sales Representative,"Comfort Click Ltd is actively hiring SEO Team Lead, Full Stack Engineer and Assessor roles in Hyderabad, Telangana, India.",0,None detected,0,0,None detected,"Apollo Multi-Pass Org Graph, Company Leadership Web Crawler, Nutraceutical Knowledge Base",2026-09-14T05:31:41.803031+00:00
Ambrosial,ambrosial.com,"Birmingham, England",Unknown,0,None detected,0,None detected,"Regulatory, QA/QC, R&D, Sales",Regulatory Scientist | Quality Analyst | R&D Scientist | Sales Representative,Information regarding recruitment intelligence is unknown.,0,None detected,0,0,None detected,"Apollo Multi-Pass Org Graph, Company Leadership Web Crawler, Nutraceutical Knowledge Base",2026-09-14T05:31:41.803075+00:00
Indfrag Biosciences Pvt Ltd,indfragbiosciences.com,India,"ingredient supplier, contract manufacturer",0,None detected,0,None detected,"R&D, QA/QC, Production",TRAINEE CHEMIST | QA CHEMIST,"Seeking skilled professionals in R&D, QA/QC, and production to support its manufacturing operations.",0,None detected,0,0,None detected,"Apollo Multi-Pass Org Graph, Company Leadership Web Crawler, Nutraceutical Knowledge Base",2026-09-14T05:31:41.803108+00:00
Fitelo [ NO GUILT FITNESS AND NUTRITION],fitelo.com,"Gurgaon, India",Unknown,0,None detected,0,None detected,"Regulatory, QA/QC, R&D, Sales",Regulatory Scientist | Quality Analyst | Research & Development Scientist | Sales Representative,"Fitelo's recruitment strategy focuses on attracting and retaining a team of highly qualified dieticians, nutritionists, and fitness coaches through competitive compensation packages and opportunities for professional development. They emphasize building a strong female-led team.",0,None detected,0,0,None detected,"Apollo Multi-Pass Org Graph, Company Leadership Web Crawler, Nutraceutical Knowledge Base",2026-09-14T05:31:41.803149+00:00
PS Drugs Private Limited,psdrugs.com,"North Brunswick, NJ","ingredient supplier, contract manufacturer, supplement brand",0,None detected,0,None detected,"Regulatory, QA/QC, R&D, Sales",Regulatory Scientist | Quality Analyst | R&D Specialist | Pharmaceutical Sales Representative,"PS Drugs Private Limited is hiring for various pharmaceutical roles, including oncology sales and global professional services.",0,None detected,0,0,None detected,"Apollo Multi-Pass Org Graph, Company Leadership Web Crawler, Nutraceutical Knowledge Base",2026-09-14T05:31:41.803175+00:00
Deccan Nutraceuticals Pvt Ltd,deccan.com,"Pune, Maharashtra, India","ingredient supplier, contract manufacturer",0,None detected,0,None detected,"Regulatory, QA/QC, R&D, Sales",Regulatory Scientist | Quality Analyst | Research & Development Scientist | Pharmaceutical Sales Representative,"Deccan Nutraceuticals Pvt. Ltd. is actively hiring across various functions, including regulatory affairs, quality control, research and development, and sales. The company's growth trajectory indicates a need for skilled professionals to support its expanding operations.",0,None detected,0,0,None detected,"Apollo Multi-Pass Org Graph, Company Leadership Web Crawler, Nutraceutical Knowledge Base",2026-09-14T05:31:41.803212+00:00
Levanza Food And Herbals,levanza.com,Chicago,"contract manufacturer, supplement brand",0,None detected,0,None detected,"R&D, Sales, QA/QC",R&D SPECIALIST I | Quality Analyst | Outside Sales Rep - Chicago Area,"The company is hiring for R&D, sales, and quality assurance roles within the supplement industry.",0,None detected,0,0,None detected,"Apollo Multi-Pass Org Graph, Company Leadership Web Crawler, Nutraceutical Knowledge Base",2026-09-14T05:31:41.803255+00:00
Actuacion Nutricion Private Limited,actuacionnutricion.com,India,"contract manufacturer, supplement brand",0,None detected,0,None detected,"Regulatory, QA/QC, R&D, Sales",Regulatory Scientist | Quality Analyst | Research Scientist,Information not readily available.,0,None detected,0,0,None detected,"Apollo Multi-Pass Org Graph, Company Leadership Web Crawler, Nutraceutical Knowledge Base",2026-09-14T05:31:41.803287+00:00
Boost Tech,boosttech.com,"Central Pennsylvania, Big Valley","ingredient supplier, contract manufacturer, supplement brand",0,None detected,0,None detected,"Regulatory Affairs, QA/QC, R&D, Sales, Marketing",Regulatory Scientist | Quality Analyst | Research & Development Scientist | Sales Representative | Marketing Specialist,"Focuses on attracting and retaining talent in regulatory affairs, quality control, research & development, sales, and marketing roles within the nutritional supplement industry.",0,None detected,0,0,None detected,"Apollo Multi-Pass Org Graph, Company Leadership Web Crawler, Nutraceutical Knowledge Base",2026-09-14T05:31:41.803323+00:00
Integgral Corporate Services,integgral.com,Chandigarh,"ingredient supplier, contract manufacturer",0,None detected,0,None detected,"R&D, Regulatory, QA/QC, Sales",R&D Head (Nutraceuticals) | Regulatory Scientist | Quality Analyst,"Integgral Corporate Services specializes in connecting skilled professionals with employment opportunities, particularly within the nutraceutical and pharmaceutical sectors.",0,None detected,0,0,None detected,"Apollo Multi-Pass Org Graph, Company Leadership Web Crawler, Nutraceutical Knowledge Base",2026-09-14T05:31:41.803359+00:00
Workfreaks Corporate Services Private Limited,workfreaks.com,"Chennai, Tamil Nadu",Unknown,0,None detected,0,None detected,"Regulatory, QA/QC, R&D, Sales, Engineering, Business Development, Finance, Administrative Assistant",Regulatory Scientist | Quality Analyst | R&D Specialist | Sales Representative | Engineer | Business Development Manager | Financial Analyst | Administrative Assistant,Workfreaks' platform facilitates recruitment by connecting job seekers with businesses and offering courses to enhance skills.,0,None detected,0,0,None detected,"Apollo Multi-Pass Org Graph, Company Leadership Web Crawler, Nutraceutical Knowledge Base",2026-09-14T05:31:41.803401+00:00
Meadbery,meadbery.com,"Zirakpur, India",supplement brand,0,None detected,0,None detected,"Regulatory, QA/QC, R&D, Sales",Regulatory Scientist | Quality Analyst | Research & Development Scientist | Sales Representative,Prose string describing recruitment strategies.,0,None detected,0,0,None detected,"Apollo Multi-Pass Org Graph, Company Leadership Web Crawler, Nutraceutical Knowledge Base",2026-09-14T05:31:41.803438+00:00
Vinayaka personnel services,vinayakapersonnel.com,"Anand, India",Unknown,0,None detected,0,None detected,"Regulatory, QA/QC, R&D, Sales, Customer Support",Regulatory Scientist | Quality Analyst | R&D Specialist | Sales Representative | Customer Support Specialist,Not explicitly stated.,0,None detected,0,0,None detected,"Apollo Multi-Pass Org Graph, Company Leadership Web Crawler, Nutraceutical Knowledge Base",2026-09-14T05:31:41.803471+00:00
Herbalife,herbalife.com,"Los Angeles, CA",supplement brand,0,None detected,0,None detected,"Regulatory Affairs, Quality Assurance/Control, Research & Development, Sales & Marketing, Distribution",Regulatory Scientist | QA/QC Analyst | R&D Specialist | Sales Representative | Distribution Manager,"Herbalife utilizes a multi-level marketing model to recruit and train independent distributors, offering income opportunities and support.",0,None detected,0,0,None detected,"Apollo Multi-Pass Org Graph, Company Leadership Web Crawler, Nutraceutical Knowledge Base",2026-09-14T05:31:41.803509+00:00
workfreaks.in,workfreaksin.com,India,Unknown,0,None detected,0,None detected,"Engineering, Business Development, Finance, Administrative Assistant",Engineering | Business Development | Financial Analyst | Executive Assistant,"Workfreaks utilizes a global business network to identify and acquire top talent, providing data-driven insights into the market.",0,None detected,0,0,None detected,"Apollo Multi-Pass Org Graph, Company Leadership Web Crawler, Nutraceutical Knowledge Base",2026-09-14T05:31:41.803540+00:00
Meliorate Health Pvt Ltd,melioratehealth.com,Mumbai,"ingredient supplier, contract manufacturer",0,None detected,0,None detected,"Regulatory, QA/QC, R&D, Sales",Regulatory Scientist | Quality Analyst | R&D Scientist | Sales Representative,,0,None detected,0,0,None detected,"Apollo Multi-Pass Org Graph, Company Leadership Web Crawler, Nutraceutical Knowledge Base",2026-09-14T05:31:41.803583+00:00
Algology,algology.com,Brittany,ingredient supplier,0,None detected,0,None detected,"Regulatory, QA/QC, R&D, Sales",Regulatory Scientist | Quality Analyst | R&D Scientist | Sales Representative,High demand for quantitative and data analysis roles within the company.,0,None detected,0,0,None detected,"Apollo Multi-Pass Org Graph, Company Leadership Web Crawler, Nutraceutical Knowledge Base",2026-09-14T05:31:41.803620+00:00
Weblead Technologies,weblead.com,"Ann Arbor, Michigan","ingredient supplier, contract manufacturer, supplement brand",0,None detected,0,None detected,"Regulatory, QA/QC, R&D, Sales",Regulatory Scientist | Quality Analyst | Research and Development Scientist | Sales Representative,"Berg Nutrition focuses on sourcing high-quality, evidence-based ingredients for dietary supplement formulations.",0,None detected,0,0,None detected,"Apollo Multi-Pass Org Graph, Company Leadership Web Crawler, Nutraceutical Knowledge Base",2026-09-14T05:31:41.803645+00:00
Miror Therapeutics Pvt Ltd,miror.com,"Bangalore, Karnataka",supplement brand,0,None detected,0,None detected,"Regulatory, QA/QC, R&D, Sales",Regulatory Scientist | Quality Analyst | R&D Scientist | Sales Representative,"Miror Therapeutics is focused on building a strong team to support its mission of providing accessible and comprehensive women’s health solutions. They prioritize creating real connections, simplifying hiring processes, and empowering teams.",0,None detected,0,0,None detected,"Apollo Multi-Pass Org Graph, Company Leadership Web Crawler, Nutraceutical Knowledge Base",2026-09-14T05:31:41.803675+00:00
Rajasthan Aushadalay Pvt Ltd,rajasthanaushadalay.com,"Mumbai, Maharashtra, India",supplement brand,0,None detected,0,None detected,"Regulatory, QA/QC, R&D, Sales",Regulatory Scientist | Quality Analyst | R&D Scientist | Sales Representative,"The company is actively hiring for HR Recruiter positions, indicating growth and expansion plans. They seek candidates with experience in medical sales or a related field.",0,None detected,0,0,None detected,"Apollo Multi-Pass Org Graph, Company Leadership Web Crawler, Nutraceutical Knowledge Base",2026-09-14T05:31:41.803705+00:00
Nutiqveda Wellness,nutiqveda.com,"Ahmedabad, Gujarat",supplement brand,0,None detected,0,None detected,"Regulatory, QA/QC, R&D, Sales",Regulatory Scientist | Quality Analyst | R&D Specialist | Sales Representative,"High demand for health and wellness professionals, particularly in direct sales and customer development roles.",0,None detected,0,0,None detected,"Apollo Multi-Pass Org Graph, Company Leadership Web Crawler, Nutraceutical Knowledge Base",2026-09-14T05:31:41.803736+00:00
"Nutraceuticals pvt ltd ,aluva",nutraceuticals.com,United States,ingredient supplier,0,None detected,0,None detected,"Regulatory, QA/QC, R&D, Sales",Regulatory Scientist | Quality Analyst | R&D Scientist | Sales Representative,"The data highlights job postings for nutraceutical roles, indicating a demand for professionals in the industry.",0,None detected,0,0,None detected,"Apollo Multi-Pass Org Graph, Company Leadership Web Crawler, Nutraceutical Knowledge Base",2026-09-14T05:31:41.803769+00:00
Guires Solutions Pvt Ltd,guires.com,"Manchester, UK","ingredient supplier, supplement brand",0,None detected,0,None detected,"Regulatory Affairs, QA/QC, R&D, Sales",Regulatory Scientist | Quality Analyst | Research & Development Scientist,"The company actively recruits professionals with backgrounds in business administration, human resources, and marketing.",0,None detected,0,0,None detected,"Apollo Multi-Pass Org Graph, Company Leadership Web Crawler, Nutraceutical Knowledge Base",2026-09-14T05:31:41.803801+00:00
Plasti Surge Industries Pvt Ltd,plastisurgeindustries.com,"India, Amravati",Unknown,0,None detected,0,None detected,"Regulatory, QA/QC, R&D, Sales",Regulatory Scientist | Quality Analyst | Research and Development Specialist | Sales Representative,,0,None detected,0,0,None detected,"Apollo Multi-Pass Org Graph, Company Leadership Web Crawler, Nutraceutical Knowledge Base",2026-09-14T05:31:41.803842+00:00
Invex Health Pvt Ltd,invexhealth.com,"Mumbai, Maharashtra",Unknown,0,None detected,0,None detected,"Regulatory, QA/QC, R&D, Sales",Regulatory Scientist | Quality Analyst | R&D Scientist | Sales Representative,"Invex Health is actively hiring for Business Development Internships, indicating growth and expansion plans within the healthcare sector.",0,None detected,0,0,None detected,"Apollo Multi-Pass Org Graph, Company Leadership Web Crawler, Nutraceutical Knowledge Base",2026-09-14T05:31:41.803880+00:00
Regen Biocorps,regenbiocorps.com,Vadodara (Gujarat),Unknown,0,None detected,0,None detected,"Regulatory, QA/QC, R&D, Sales",Regulatory Scientist | Quality Analyst | Research & Development Scientist | Sales Representative,"The company emphasizes a collaborative and open-door culture, offering opportunities for learning and growth within its team.",0,None detected,0,0,None detected,"Apollo Multi-Pass Org Graph, Company Leadership Web Crawler, Nutraceutical Knowledge Base",2026-09-14T05:31:41.803917+00:00
Jairamdass Khushiram,jairamdasskhushiram.com,"Navi Mumbai, Maharashtra, India","ingredient supplier, contract manufacturer",0,None detected,0,None detected,"Regulatory Affairs, Quality Assurance/Control, Research & Development, Sales & Marketing",Regulatory Scientist | QA/QC Analyst | R&D Chemist | Sales Representative,Seeking dynamic individuals for various roles within the company.,0,None detected,0,0,None detected,"Apollo Multi-Pass Org Graph, Company Leadership Web Crawler, Nutraceutical Knowledge Base",2026-09-14T05:31:41.803944+00:00
Northern Solvents Private Limited,northernsolvents.com,"C-20, Urmila Marg, C Block, Hanuman Nagar, Jaipur","ingredient supplier, contract manufacturer",0,None detected,0,None detected,"Regulatory, QA/QC, R&D, Sales",Regulatory Scientist | Quality Analyst | R&D Scientist | Sales Representative,"Northern Solvents Private Limited is currently hiring for Business Development Executives (BDE) and Business Development Managers (BDM) with 4+ years of experience in B2B sales, primarily focused on Jaipur or open to relocation.",0,None detected,0,0,None detected,"Apollo Multi-Pass Org Graph, Company Leadership Web Crawler, Nutraceutical Knowledge Base",2026-09-14T05:31:41.803979+00:00
Ceuticals Force,ceuticalsforce.com,"Vancouver, British Columbia",ingredient supplier,0,None detected,0,None detected,"R&D, Sales, Regulatory",Research Scientist | Sales Representative | Regulatory Affairs Specialist,Focus on recruiting talent in the pharmaceuticals and nutraceuticals industries.,0,None detected,0,0,None detected,"Apollo Multi-Pass Org Graph, Company Leadership Web Crawler, Nutraceutical Knowledge Base",2026-09-14T05:31:41.804015+00:00
ACG Worldwide,acg.com,"Piscataway, New Jersey","ingredient supplier, contract manufacturer, supplement brand",0,None detected,0,None detected,"Regulatory Affairs, Quality Assurance/Control, Research & Development, Sales, Engineering Automation & Controls, Software Engineering",Regulatory Scientist | Quality Analyst | R&D Engineer | Sales Representative | Automation Specialist | Software Engineer,"ACG focuses on attracting talent with expertise in pharmaceutical and nutraceutical manufacturing, R&D, regulatory affairs, and quality control. They emphasize long-term partnerships and innovation.",0,None detected,0,0,None detected,"Apollo Multi-Pass Org Graph, Company Leadership Web Crawler, Nutraceutical Knowledge Base",2026-09-14T05:31:41.804050+00:00
Chemkart India pvt ltd,chemkartindia.com,"Mumbai, Maharashtra, India",ingredient supplier,0,None detected,0,None detected,"Regulatory, QA/QC, R&D, Sales",Regulatory Scientist | Quality Analyst | R&D Specialist | Sales Representative,"Chemkart actively recruits individuals with expertise in regulatory affairs, quality control, research and development, and sales to support its operations.",0,None detected,0,0,None detected,"Apollo Multi-Pass Org Graph, Company Leadership Web Crawler, Nutraceutical Knowledge Base",2026-09-14T05:31:41.804084+00:00
Bakson Drugs & Pharmaceuticals Pvt Ltd,bakson.com,New Delhi,Unknown,0,None detected,0,None detected,"Regulatory, QA/QC, R&D, Sales",Regulatory Scientist | Quality Analyst | Research and Development Scientist | Pharmaceutical Sales Representative,"The company employs a marketing general manager, business development executive, social media executive, assistant manager - communications, and customer care executive.",0,None detected,0,0,None detected,"Apollo Multi-Pass Org Graph, Company Leadership Web Crawler, Nutraceutical Knowledge Base",2026-09-14T05:31:41.804131+00:00
Jain Lifecare Pvt Ltd,jainlifecare.com,"Kalol, Gandhinagar, Gujarat",contract manufacturer,0,None detected,0,None detected,"Regulatory, QA/QC, R&D, Sales",Regulatory Scientist | Quality Analyst | R&D Specialist | Sales Representative,"The company is actively hiring for roles in regulatory affairs, quality control, research and development, sales, and HR, indicating growth and expansion.",0,None detected,0,0,None detected,"Apollo Multi-Pass Org Graph, Company Leadership Web Crawler, Nutraceutical Knowledge Base",2026-09-14T05:31:41.804164+00:00
Crispin Valve,crispinvalve.com,"Berwick, PA",Unknown,0,None detected,0,None detected,"Engineering, Manufacturing, Sales, Customer Service",Mechanical Engineer | Quality Analyst | Sales Representative | Customer Support Specialist,"The company actively recruits engineers, machinists, and sales professionals to support its manufacturing and distribution operations.",0,None detected,0,0,None detected,"Apollo Multi-Pass Org Graph, Company Leadership Web Crawler, Nutraceutical Knowledge Base",2026-09-14T05:31:41.804197+00:00
Curtiss-Wright,curtisswright.com,"Arlington, Virginia",contract manufacturer,0,None detected,0,None detected,"Regulatory Affairs, Quality Assurance/Quality Control, Research & Development, Sales, Engineering",Regulatory Scientist | Quality Analyst | R&D Engineer | Sales Representative | Mechanical Engineer,"Curtiss-Wright actively recruits engineers, scientists, and technical professionals with expertise in aerospace, defense, and industrial technologies. The company emphasizes a collaborative work environment and opportunities for professional growth.",0,None detected,0,0,None detected,"Apollo Multi-Pass Org Graph, Company Leadership Web Crawler, Nutraceutical Knowledge Base",2026-09-14T05:31:41.804242+00:00
Ledgent Technology,ledgenttechnology.com,"Orange, CA",Unknown,0,None detected,0,None detected,"Regulatory, QA/QC, R&D, Sales",Regulatory Scientist | Quality Analyst | Research & Development Specialist | Sales Representative,Ledgent Technology leverages data and insights to identify top talent and match them with suitable opportunities within the IT and technology sector.,0,None detected,0,0,None detected,"Apollo Multi-Pass Org Graph, Company Leadership Web Crawler, Nutraceutical Knowledge Base",2026-09-14T05:31:41.804277+00:00
Boeing,boeing.com,"Vernon, Washington",Unknown,0,None detected,0,None detected,"Regulatory, QA/QC, R&D, Sales",Regulatory Scientist | Quality Analyst | Research and Development Engineer,"Boeing actively recruits engineers, scientists, technicians, and other skilled professionals through various channels including online job boards, university partnerships, and recruitment events.",0,None detected,0,0,None detected,"Apollo Multi-Pass Org Graph, Company Leadership Web Crawler, Nutraceutical Knowledge Base",2026-09-14T05:31:41.804312+00:00
Citi,citi.com,"Park City, Utah",Unknown,0,None detected,0,None detected,"Regulatory, QA/QC, R&D, Sales",Regulatory Scientist | Quality Analyst | R&D Scientist | Sales Representative,null,0,None detected,0,0,None detected,"Apollo Multi-Pass Org Graph, Company Leadership Web Crawler, Nutraceutical Knowledge Base",2026-09-14T05:31:41.804346+00:00
Healthy Habits Wellness Clinic,healthyhabitswellnessclinic.com,"14 S Baltic Pl, Meridian, ID 83642",Unknown,0,None detected,0,None detected,"Regulatory, QA/QC, R&D, Sales",Regulatory Scientist | Quality Analyst | R&D Specialist | Sales Representative,"The clinic seeks individuals passionate about health and wellness, with a focus on patient care and support. Roles include regulatory affairs, quality control, research & development, sales, and coaching.",0,None detected,0,0,None detected,"Apollo Multi-Pass Org Graph, Company Leadership Web Crawler, Nutraceutical Knowledge Base",2026-09-14T05:31:41.804379+00:00
MINDSET MoveWell,mindsetmovewell.com,"Fort Worth, Texas",Unknown,0,None detected,0,None detected,"Regulatory, QA/QC, R&D, Sales, Personal Training",Regulatory Scientist | Quality Analyst | Research & Development Specialist | Sales Representative | Certified Personal Trainer,Focuses on recruiting individuals with neurological conditions and those seeking to improve their mobility and confidence.,0,None detected,0,0,None detected,"Apollo Multi-Pass Org Graph, Company Leadership Web Crawler, Nutraceutical Knowledge Base",2026-09-14T05:31:41.804418+00:00
and able to work independently,and.com,"Ontario, NY",supplement brand,0,None detected,0,None detected,"Regulatory, QA/QC, R&D, Sales",Regulatory Scientist | Quality Analyst | Research & Development Scientist | Sales Representative,"Thorne seeks individuals who are passionate about health and wellness, possess strong analytical skills, and thrive in a collaborative environment. They value independent workers with a commitment to quality and scientific rigor.",0,None detected,0,0,None detected,"Apollo Multi-Pass Org Graph, Company Leadership Web Crawler, Nutraceutical Knowledge Base",2026-09-14T05:31:41.804453+00:00
TX,tx.com,United States,ingredient supplier,0,None detected,0,None detected,"R&D, Sales, Marketing",Research Scientist | Sales Representative | Brand Manager,LinkedIn is a key platform for recruiting talent across various functions within the company.,0,None detected,0,0,None detected,"Apollo Multi-Pass Org Graph, Company Leadership Web Crawler, Nutraceutical Knowledge Base",2026-09-14T05:31:41.804487+00:00
000-$65,00065.com,Madrid,Unknown,0,None detected,0,None detected,"Regulatory, QA/QC, R&D, Sales",Regulatory Scientist | Quality Analyst | R&D Specialist | Sales Representative,"High demand for jobs in United States (123,000+ entry level and 83,000+ in Los Angeles)",0,None detected,0,0,None detected,"Apollo Multi-Pass Org Graph, Company Leadership Web Crawler, Nutraceutical Knowledge Base",2026-09-14T05:31:41.804516+00:00
Lunova Group,lunovagroup.com,Pittsburgh,Unknown,0,None detected,0,None detected,"Sales, Business Development, Customer Service, Operations, Finance, Project Management, R&D",Regulatory Scientist | Quality Analyst | Executive Leadership | Sales Manager | Sales Representative | Account Manager | Operations Manager | Service Manager,Information regarding recruitment intelligence is not available in the provided snippets.,0,None detected,0,0,None detected,"Apollo Multi-Pass Org Graph, Company Leadership Web Crawler, Nutraceutical Knowledge Base",2026-09-14T05:31:41.804554+00:00
Raytheon,raytheon.com,"Bedford, Massachusetts",contract manufacturer,0,None detected,0,None detected,"Engineering, Software Development, Cybersecurity, Project Management, Sales, Regulatory Affairs",Systems Engineer | Software Architect | Cybersecurity Analyst | Program Manager | Technical Sales Representative | Compliance Specialist,"Raytheon Technologies employs a targeted recruitment strategy focused on attracting top talent in engineering, science, and technology. The company utilizes various channels, including online job boards, university partnerships, and industry events, to identify and recruit qualified candidates.",0,None detected,0,0,None detected,"Apollo Multi-Pass Org Graph, Company Leadership Web Crawler, Nutraceutical Knowledge Base",2026-09-14T05:31:41.804594+00:00
Focused Recruitment Limited,focusedrecruitment.com,Australia,"ingredient supplier, contract manufacturer, supplement brand",0,None detected,0,None detected,"Regulatory Affairs, Quality Assurance/Control, Research & Development, Sales, Marketing, Operations",Regulatory Scientist | QA/QC Analyst | Formulation Scientist | Commercial Account Manager | Product Marketing Specialist,"Provides in-depth insights into talent trends, market dynamics, and competitive landscapes within the nutraceuticals industry to inform strategic hiring decisions.",0,None detected,0,0,None detected,"Apollo Multi-Pass Org Graph, Company Leadership Web Crawler, Nutraceutical Knowledge Base",2026-09-14T05:31:41.804629+00:00
Parkacre,parkacre.com,United Kingdom,"contract manufacturer, supplement brand",0,None detected,0,None detected,"Regulatory, QA/QC, R&D, Sales, Production Operatives, Engineers, Resource Planners, Management Accountants, Quality Coordinators",Regulatory Scientist | Quality Analyst | Research & Development Scientist | Sales Representative | Production Operator | Manufacturing Engineer | Resource Planner | Management Accountant | Quality Coordinator,"Parkacre is actively recruiting across various functions, indicating a growth-oriented strategy and investment in its workforce.",0,None detected,0,0,None detected,"Apollo Multi-Pass Org Graph, Company Leadership Web Crawler, Nutraceutical Knowledge Base",2026-09-14T05:31:41.804661+00:00
BMS Performance Ltd,bmsperformance.com,"London, England",Unknown,0,None detected,0,None detected,"Regulatory, QA/QC, R&D, Sales, Marketing, Engineering",Regulatory Scientist | Quality Analyst | R&D Specialist | Sales Representative | Marketing Coordinator | Engineering Associate,"Insights into the latest market news and recruitment trends to help clients attract, recruit, and retain talent.",0,None detected,0,0,None detected,"Apollo Multi-Pass Org Graph, Company Leadership Web Crawler, Nutraceutical Knowledge Base",2026-09-14T05:31:41.804703+00:00
Nutraceuticals Group Europe,nutraceuticals.com,"Merstham, Surrey",ingredient supplier,0,None detected,0,None detected,"Regulatory, QA/QC, R&D, Sales",Regulatory Scientist | Quality Analyst | R&D Specialist | Sales Representative,"Seeking Sales support specialist, Vice President of Business Development, Director of Operations, Nutrition and Wellness Manufacturing Project...",0,None detected,0,0,None detected,"Apollo Multi-Pass Org Graph, Company Leadership Web Crawler, Nutraceutical Knowledge Base",2026-09-14T05:31:41.804737+00:00
Matcon Limited,matcon.com,"Manchester, UK","contract manufacturer, supplement brand",0,None detected,0,None detected,"Engineering, Sales, Marketing, Operations, Supply Chain, Customer Support",Powder Handling Systems Engineer | Application Sales Specialist | Technical Marketing Manager | Manufacturing Operations Technician | Supply Chain Logistics Coordinator | Customer Service Representative,"Matcon actively recruits engineers, sales professionals, and operations specialists to support its global customer base and expand its market reach.",0,None detected,0,0,None detected,"Apollo Multi-Pass Org Graph, Company Leadership Web Crawler, Nutraceutical Knowledge Base",2026-09-14T05:31:41.804768+00:00
Tangerine Group,tangerine.com,Lytham,"ingredient supplier, supplement brand",0,None detected,0,None detected,"Regulatory Affairs, QA/QC, R&D, Sales, Marketing",Regulatory Scientist | Quality Analyst | Research & Development Scientist | Sales Representative | Marketing Specialist,"The company actively recruits across various functions, including regulatory affairs, quality control, research and development, sales, and marketing, indicating a growth-oriented strategy.",0,None detected,0,0,None detected,"Apollo Multi-Pass Org Graph, Company Leadership Web Crawler, Nutraceutical Knowledge Base",2026-09-14T05:31:41.804806+00:00
Orange Recruitment,orangerecruitment.com,US,"ingredient supplier, contract manufacturer, supplement brand",0,None detected,0,None detected,"Regulatory Affairs, Quality Assurance/Control, Research & Development, Sales, Marketing, Operations",Regulatory Scientist | Quality Analyst | R&D Manager | Sales Director | Marketing Specialist | Operations Manager,"Provides specialized recruitment services for executive talent within the nutraceuticals and dietary supplement industry, leveraging a network of contacts and deep industry knowledge.",0,None detected,0,0,None detected,"Apollo Multi-Pass Org Graph, Company Leadership Web Crawler, Nutraceutical Knowledge Base",2026-09-14T05:31:41.804841+00:00
GMPriority Pharma,gmpriority.com,"Chelmsford, Essex, UK",contract manufacturer,0,None detected,0,None detected,"Regulatory, QA/QC, R&D, Sales",Regulatory Scientist | Quality Analyst | R&D Scientist | Pharmaceutical Sales Representative,"GMPriority Pharma is actively hiring scientific roles, indicating growth and expansion within the liposomal supplement sector.",0,None detected,0,0,None detected,"Apollo Multi-Pass Org Graph, Company Leadership Web Crawler, Nutraceutical Knowledge Base",2026-09-14T05:31:41.804875+00:00
Rieke Packaging Systems Limited,riekepackagingsystems.com,"Auburn, Washington",contract manufacturer,0,None detected,0,None detected,"Regulatory Affairs, Quality Assurance/Control, Research & Development, Sales, Manufacturing, Engineering",Regulatory Scientist | Quality Analyst | Packaging Engineer | Sales Manager | Production Technician,"Rieke Packaging Systems is actively hiring across various functions, indicating continued growth and expansion within the TriMas Packaging Group. Opportunities exist in engineering, manufacturing, sales, and regulatory affairs.",0,None detected,0,0,None detected,"Apollo Multi-Pass Org Graph, Company Leadership Web Crawler, Nutraceutical Knowledge Base",2026-09-14T05:31:41.804921+00:00
THG,thg.com,"Manchester, UK","ingredient supplier, contract manufacturer, supplement brand",0,None detected,0,None detected,"Regulatory Affairs, QA/QC, R&D, Sales & Marketing, Supply Chain Management",Regulatory Scientist | Quality Analyst | Formulation Chemist | Brand Manager | Logistics Coordinator,"High demand for skilled scientists, formulation experts, and supply chain professionals within the rapidly growing health & wellness market.",0,None detected,0,0,None detected,"Apollo Multi-Pass Org Graph, Company Leadership Web Crawler, Nutraceutical Knowledge Base",2026-09-14T05:31:41.804957+00:00
Fenchem GB Limited,fenchem.com,"Mount Laurel, New Jersey, USA",ingredient supplier,0,None detected,0,None detected,"Regulatory Affairs, Quality Assurance/Control, Research & Development, Sales, Marketing",Regulatory Scientist | QA/QC Analyst | R&D Chemist | Account Manager | Technical Sales Representative,"Fenchem actively recruits talent across various functions, emphasizing a collaborative and innovative work environment.",0,None detected,0,0,None detected,"Apollo Multi-Pass Org Graph, Company Leadership Web Crawler, Nutraceutical Knowledge Base",2026-09-14T05:31:41.804998+00:00
Wild Nutrition,wild.com,"Lewes, East Sussex",supplement brand,0,None detected,0,None detected,"Regulatory, QA/QC, R&D, Sales, Customer Service",Regulatory Scientist | Quality Analyst | Research & Development Scientist | Sales Representative | Customer Care Specialist,High demand for nutritionists and healthcare professionals in the women's health supplement sector.,0,None detected,0,0,None detected,"Apollo Multi-Pass Org Graph, Company Leadership Web Crawler, Nutraceutical Knowledge Base",2026-09-14T05:31:41.805032+00:00
The Bountiful Company,thebountiful.com,"Princeton, New Jersey",supplement brand,0,None detected,0,None detected,"Regulatory Affairs, Quality Assurance/Control, Research & Development, Sales, Marketing, Operations",Regulatory Scientist | QA/QC Analyst | Formulation Scientist | Sales Representative | Brand Manager,"Focus on attracting and retaining talent with expertise in nutrition science, formulation development, manufacturing operations, and sales & marketing.",0,None detected,0,0,None detected,"Apollo Multi-Pass Org Graph, Company Leadership Web Crawler, Nutraceutical Knowledge Base",2026-09-14T05:31:41.805068+00:00
University of Reading,university.com,"Reading, UK",Unknown,0,None detected,0,None detected,"Regulatory Affairs, Quality Assurance/Control, Research & Development, Sales & Marketing, Nutrition Science",Regulatory Scientist | Quality Analyst | Food Technologist | Research Associate | Marketing Specialist,"The University of Reading Careers Centre provides information, advice and guidance to our students and recent graduates to prepare them for the world of work.",0,None detected,0,0,None detected,"Apollo Multi-Pass Org Graph, Company Leadership Web Crawler, Nutraceutical Knowledge Base",2026-09-14T05:31:41.805102+00:00
Nutreco,nutreco.com,Amersfoort,Unknown,0,None detected,0,None detected,"Regulatory, QA/QC, R&D, Sales",Regulatory Scientist | Quality Analyst | Research and Development Specialist | Sales Representative,"Nutreco seeks professionals with expertise in regulatory affairs, quality control, research & development, sales, and supply chain management.",0,None detected,0,0,None detected,"Apollo Multi-Pass Org Graph, Company Leadership Web Crawler, Nutraceutical Knowledge Base",2026-09-14T05:31:41.805134+00:00
Found Recruitment,foundrecruitment.com,United States,Unknown,0,None detected,0,None detected,"R&D Formulation, QA/QC, Regulatory Affairs, Technical Sales",Plant Operations Manager | Director of Quality & Regulatory | Formulation Scientist | Technical Sales Director,,0,None detected,0,0,None detected,"Apollo Multi-Pass Org Graph, Company Leadership Web Crawler, Nutraceutical Knowledge Base",2026-09-14T05:31:41.805168+00:00
University of Maryland Medical System,university.com,"Baltimore, MD",Unknown,0,None detected,0,None detected,"Regulatory Affairs, Quality Assurance/Quality Control, Research & Development, Sales, Clinical, Administrative",Regulatory Scientist | Quality Analyst | Medical Researcher | Pharmaceutical Sales Representative | Registered Nurse | Healthcare Administrator,"The University of Maryland Medical System actively recruits top talent from around the world to enhance its clinical expertise and research capabilities. They offer competitive salaries, benefits packages, and opportunities for professional development.",0,None detected,0,0,None detected,"Apollo Multi-Pass Org Graph, Company Leadership Web Crawler, Nutraceutical Knowledge Base",2026-09-14T05:31:41.805204+00:00
"PPG Industries, Inc.",ppgindustries.com,"Mexico City, Mexico",Unknown,0,None detected,0,None detected,"Regulatory Affairs, Quality Assurance/Control, Research & Development, Sales, Technical Service",Regulatory Scientist | Quality Analyst | R&D Engineer | Account Manager | Application Specialist,"PPG actively recruits skilled professionals across various disciplines, including chemistry, engineering, manufacturing, and sales. They offer competitive compensation packages, opportunities for professional development, and a collaborative work environment.",0,None detected,0,0,None detected,"Apollo Multi-Pass Org Graph, Company Leadership Web Crawler, Nutraceutical Knowledge Base",2026-09-14T05:31:41.805247+00:00
Northern Arizona Healthcare Corporation,northernarizonahealthcare.com,"Cottonwood, Arizona",Unknown,0,None detected,0,None detected,"Regulatory, QA/QC, R&D, Sales",Regulatory Scientist | Quality Analyst | R&D Scientist | Sales Representative,"Northern Arizona Healthcare is actively recruiting for various positions, emphasizing work-life balance and opportunities within a supportive environment.",0,None detected,0,0,None detected,"Apollo Multi-Pass Org Graph, Company Leadership Web Crawler, Nutraceutical Knowledge Base",2026-09-14T05:31:41.805285+00:00
Mayo Clinic,mayoclinic.com,"Rochester, Minnesota",Unknown,0,None detected,0,None detected,"Regulatory Affairs, Quality Assurance/Quality Control, Research & Development, Sales, Marketing, Clinical Operations, Data Science",Regulatory Scientist | Quality Analyst | Research Associate | Pharmaceutical Sales Representative | Medical Writer | Clinical Data Manager | Bioinformatician,"Mayo Clinic’s recruitment strategy focuses on attracting top talent through competitive compensation packages, comprehensive benefits programs, and opportunities for professional development and advancement.",0,None detected,0,0,None detected,"Apollo Multi-Pass Org Graph, Company Leadership Web Crawler, Nutraceutical Knowledge Base",2026-09-14T05:31:41.805319+00:00
West Valley Emergency,westvalleyemergency.com,"West Hills, CA",supplement brand,0,None detected,0,None detected,"Regulatory Affairs, Quality Assurance/Control, Research & Development, Sales, Marketing",Regulatory Scientist | QA Analyst | Formulation Scientist | Sales Representative | Brand Manager,"Pharmavite actively recruits professionals with backgrounds in nutrition, pharmacy, chemistry, and manufacturing to support its product development, quality control, and sales operations. They prioritize candidates with strong scientific knowledge and a passion for wellness.",0,None detected,0,0,None detected,"Apollo Multi-Pass Org Graph, Company Leadership Web Crawler, Nutraceutical Knowledge Base",2026-09-14T05:31:41.805353+00:00
religion,religion.com,"Provo, Utah","ingredient supplier, contract manufacturer, supplement brand",0,None detected,0,None detected,"Regulatory Affairs, Quality Assurance/Control, Research & Development, Sales, Marketing",Regulatory Scientist | QA/QC Analyst | Formulation Scientist | Sales Representative | Brand Manager,"The industry benefits from a readily available talent pool due to the historical influence of Mormon missionaries and local herbalists, creating a skilled salesforce.",0,None detected,0,0,None detected,"Apollo Multi-Pass Org Graph, Company Leadership Web Crawler, Nutraceutical Knowledge Base",2026-09-14T05:31:41.805389+00:00
National Veterinary Associates,nationalveterinaryassociates.com,"Austin, TX",Unknown,0,None detected,0,None detected,"Regulatory, QA/QC, R&D, Sales",Regulatory Scientist | Quality Analyst,"NVA’s recruitment strategy focuses on attracting and retaining top veterinary talent through competitive compensation, professional development opportunities, and a supportive work environment.",0,None detected,0,0,None detected,"Apollo Multi-Pass Org Graph, Company Leadership Web Crawler, Nutraceutical Knowledge Base",2026-09-14T05:31:41.805432+00:00
Mitsubishi Chemical Corporation,mitsubishichemical.com,"Tokyo, Japan",Unknown,0,None detected,0,None detected,"Regulatory Affairs, Quality Assurance/Control, Research & Development, Sales, Engineering",Regulatory Scientist | Quality Analyst | R&D Engineer | Sales Representative | Process Engineer,"Mitsubishi Chemical Group actively recruits talent across various disciplines, focusing on individuals with strong technical skills, innovative thinking, and a commitment to sustainability.",0,None detected,0,0,None detected,"Apollo Multi-Pass Org Graph, Company Leadership Web Crawler, Nutraceutical Knowledge Base",2026-09-14T05:31:41.805472+00:00
Senior First Diagnostics,seniorfirstdiagnostics.com,Boston,Unknown,0,None detected,0,None detected,"Regulatory Affairs, QA/QC, R&D, Sales",Regulatory Scientist | Quality Analyst | R&D Scientist | Sales Representative,"Focus on hiring skilled scientists and regulatory professionals with expertise in microbiology, molecular diagnostics, and nutraceuticals.",0,None detected,0,0,None detected,"Apollo Multi-Pass Org Graph, Company Leadership Web Crawler, Nutraceutical Knowledge Base",2026-09-14T05:31:41.805509+00:00
Root Health Nutrition and Wellness,roothealth.com,"Little Silver, NJ",Unknown,0,None detected,0,None detected,"Regulatory Affairs, Quality Assurance/Control, Research and Development, Sales and Marketing, Clinical Nutrition",Functional Medicine Practitioner | Nutritional Scientist | Clinical Research Coordinator | Medical Sales Representative | Wellness Program Manager,"Root Health Nutrition & Wellness focuses on attracting and retaining highly skilled healthcare professionals with expertise in functional medicine, nutrition science, and holistic wellness practices.",0,None detected,0,0,None detected,"Apollo Multi-Pass Org Graph, Company Leadership Web Crawler, Nutraceutical Knowledge Base",2026-09-14T05:31:41.805548+00:00
"Zephyr Naturals, LLC",zephyrnaturals.com,"South Salt Lake, Utah","contract manufacturer, supplement brand",0,None detected,0,None detected,"Regulatory, QA/QC, R&D, Sales",Regulatory Scientist | Quality Analyst,null,0,None detected,0,1,[MERGER_ACQUISITION] Zephyr for JIRA Tutorial: Test Management Tool- Guru99,"Apollo Multi-Pass Org Graph, Company Leadership Web Crawler, Nutraceutical Knowledge Base",2026-09-14T05:31:41.805580+00:00
Biovation Labs,biovation.com,Salt Lake City,"contract manufacturer, supplement brand",0,None detected,0,None detected,"Regulatory, QA/QC, R&D, Sales",Regulatory Scientist | Quality Analyst | Research & Development Scientist | Sales Representative,"Biovation Labs is hiring across various operational and financial roles, indicating growth and expansion.",0,None detected,0,0,None detected,"Apollo Multi-Pass Org Graph, Company Leadership Web Crawler, Nutraceutical Knowledge Base",2026-09-14T05:31:41.805622+00:00
Sapa Investments,sapainvestments.com,"Salt Lake City, Utah",ingredient supplier,0,None detected,0,None detected,"Regulatory, QA/QC, R&D, Sales",Regulatory Scientist | Quality Analyst | Research & Development Specialist | Sales Representative,SIG’s recruitment strategy focuses on attracting individuals passionate about community impact and sustainable business practices. They leverage their network and local connections to identify qualified candidates.,0,None detected,0,0,None detected,"Apollo Multi-Pass Org Graph, Company Leadership Web Crawler, Nutraceutical Knowledge Base",2026-09-14T05:31:41.805660+00:00
Animal Dermatology Group,animaldermatology.com,"Newport Beach, California",Unknown,0,None detected,0,None detected,"Regulatory, QA/QC, R&D, Sales",Regulatory Scientist | Quality Analyst | Veterinary Dermatologist,"The company is actively hiring Veterinary Dermatologists, Assistants, and Receptionists.",0,None detected,0,0,None detected,"Apollo Multi-Pass Org Graph, Company Leadership Web Crawler, Nutraceutical Knowledge Base",2026-09-14T05:31:41.805698+00:00
Central Garden & Pet,centralgardenpet.com,"Walnut Creek, CA",supplement brand,0,None detected,0,None detected,"Regulatory, QA/QC, R&D, Sales, Merchandising",Regulatory Scientist | Quality Analyst | R&D Scientist | Sales Representative | Merchandise Planner,"Central Garden & Pet is actively hiring across various functions, including manufacturing, sales, marketing, and regulatory affairs. The company emphasizes a culture of inclusivity and belonging.",0,None detected,0,1,[MERGER_ACQUISITION] Central Garden & Pet : Acquires K&H Manufacturing,"Apollo Multi-Pass Org Graph, Company Leadership Web Crawler, Nutraceutical Knowledge Base",2026-09-14T05:31:41.805736+00:00
Cyanotech - Makers of BioAstin,cyanotech.com,"Kailua-Kona, HI",supplement brand,0,None detected,0,None detected,"Regulatory, QA/QC, R&D, Sales",Regulatory Scientist | Quality Analyst | Research & Development Scientist | Sales Representative,"Cyanotech Corporation is currently hiring a Customer Service/Inside Sales Representative. The company offers competitive compensation and an impressive benefit package, as well as employee development opportunities, and team social activities.",0,None detected,0,0,None detected,"Apollo Multi-Pass Org Graph, Company Leadership Web Crawler, Nutraceutical Knowledge Base",2026-09-14T05:31:41.805772+00:00
Baylor Scott & White Health,baylorscottwhitehealth.com,"Dallas, TX",Unknown,0,None detected,0,None detected,"Regulatory Affairs, Quality Assurance/Quality Control, Research & Development, Sales, Clinical, Administrative",Regulatory Scientist | Quality Analyst | Pharmaceutical Research Scientist | Medical Sales Representative | Registered Nurse | Healthcare Administrator,"Baylor Scott & White Health actively recruits healthcare professionals through various channels, including online job boards, career fairs, and partnerships with universities. They offer competitive compensation packages and benefits to attract top talent.",0,None detected,0,0,None detected,"Apollo Multi-Pass Org Graph, Company Leadership Web Crawler, Nutraceutical Knowledge Base",2026-09-14T05:31:41.805811+00:00
"Yoh, A Day & Zimmermann Company",yohadayzimmermann.com,"Philadelphia, Pennsylvania",Unknown,0,None detected,0,None detected,"Regulatory Affairs, Quality Assurance/Quality Control, Research & Development, Sales, Engineering",Regulatory Scientist | Quality Analyst | R&D Engineer | Sales Representative | Process Engineer,"Yoh’s recruitment intelligence focuses on identifying and sourcing top-tier STEM talent across various industries, leveraging its extensive network and deep industry knowledge to connect clients with the right candidates.",0,None detected,0,0,None detected,"Apollo Multi-Pass Org Graph, Company Leadership Web Crawler, Nutraceutical Knowledge Base",2026-09-14T05:31:41.805849+00:00
Progress Medical Labs,progressmedical.com,"Wilmington, NC","ingredient supplier, contract manufacturer",0,None detected,0,None detected,"Regulatory, QA/QC, R&D, Sales",Regulatory Scientist | Quality Analyst | Lab Associate II,"The company seeks individuals with excellent communication, presentation, and organizational skills, along with high attention to detail and compliance experience.",0,None detected,0,0,None detected,"Apollo Multi-Pass Org Graph, Company Leadership Web Crawler, Nutraceutical Knowledge Base",2026-09-14T05:31:41.805897+00:00
GummyWorks,gummyworks.com,"West Palm Beach, Florida","contract manufacturer, supplement brand",0,None detected,0,None detected,"Regulatory, QA/QC, R&D, Sales, Marketing",Regulatory Scientist | Quality Analyst | R&D Scientist | Sales Representative | Marketing Specialist,"The company is actively hiring across various scientific and operational roles, indicating growth and expansion plans. Focus on attracting talent with expertise in gummy formulation, manufacturing, and regulatory compliance.",0,None detected,0,0,None detected,"Apollo Multi-Pass Org Graph, Company Leadership Web Crawler, Nutraceutical Knowledge Base",2026-09-14T05:31:41.805936+00:00
"Micrim Labs, Inc.",micrim.com,South Florida,Unknown,0,None detected,0,None detected,"Regulatory, QA/QC, R&D, Sales",Regulatory Scientist | Quality Analyst | Research & Development Scientist | Sales Representative,"High demand for microbiology laboratory services, particularly those offering comprehensive testing and regulatory support.",0,None detected,0,0,None detected,"Apollo Multi-Pass Org Graph, Company Leadership Web Crawler, Nutraceutical Knowledge Base",2026-09-14T05:31:41.805966+00:00
Western Sugar,westernsugar.com,"7555 East Hampden Avenue Suite 520, Denver, CO 80231",ingredient supplier,0,None detected,0,None detected,"Regulatory, QA/QC, R&D, Sales",Regulatory Scientist | Quality Analyst | Research & Development | Sales Representative,"Western Sugar Cooperative actively recruits skilled individuals with diverse backgrounds and experience levels, reflecting a commitment to talent development.",0,None detected,0,0,None detected,"Apollo Multi-Pass Org Graph, Company Leadership Web Crawler, Nutraceutical Knowledge Base",2026-09-14T05:31:41.805995+00:00
PathoMap,pathomap.com,"Carthage, MO",Unknown,0,None detected,0,None detected,"Regulatory, QA/QC, R&D, Sales",Regulatory Scientist | Quality Analyst | R&D Scientist | Sales Representative,Prose string describing recruitment strategies is unknown.,0,None detected,0,0,None detected,"Apollo Multi-Pass Org Graph, Company Leadership Web Crawler, Nutraceutical Knowledge Base",2026-09-14T05:31:41.806022+00:00
order comprehensive blood panels.,order.com,USA,Unknown,0,None detected,0,None detected,"Regulatory Affairs, Quality Assurance/Control, Research & Development, Sales, Customer Support",Regulatory Scientist | QA/QC Analyst | R&D Specialist | Sales Representative | Customer Service Associate,"The company recruits individuals with backgrounds in laboratory science, healthcare administration, and customer service to support its operations.",0,None detected,0,0,None detected,"Apollo Multi-Pass Org Graph, Company Leadership Web Crawler, Nutraceutical Knowledge Base",2026-09-14T05:31:41.806054+00:00
hormonal,hormonal.com,"New Hampshire, US",supplement brand,0,None detected,0,None detected,"Regulatory, QA/QC, R&D, Sales, Medical Director",Regulatory Scientist | Quality Analyst | Research & Development Scientist | Sales Representative | Physician Assistant,High demand for healthcare professionals specializing in women's health and hormone replacement therapy.,0,None detected,0,0,None detected,"Apollo Multi-Pass Org Graph, Company Leadership Web Crawler, Nutraceutical Knowledge Base",2026-09-14T05:31:41.806084+00:00
evidence-based practices.,evidencebasedpractices.com,null,"ingredient supplier, contract manufacturer",0,None detected,0,None detected,"Regulatory Affairs, Quality Assurance/Control, Research & Development, Sales & Marketing",Regulatory Scientist | QA Analyst | R&D Chemist | Sales Representative,"The company actively recruits talent with backgrounds in nutrition, chemistry, and pharmaceutical sciences to drive innovation and product development.",0,None detected,0,0,None detected,"Apollo Multi-Pass Org Graph, Company Leadership Web Crawler, Nutraceutical Knowledge Base",2026-09-14T05:31:41.806122+00:00
and monitor advanced clinical protocols,andmonitoradvancedclinicalprotocols.com,null,Unknown,0,None detected,0,None detected,"Regulatory, QA/QC, R&D, Sales",Regulatory Scientist | Quality Analyst | R&D Specialist | Sales Representative,Demand for clinical research monitors and related roles within the nutraceutical industry is increasing due to growing regulatory scrutiny and the need for robust clinical trial data.,0,None detected,0,0,None detected,"Apollo Multi-Pass Org Graph, Company Leadership Web Crawler, Nutraceutical Knowledge Base",2026-09-14T05:31:41.806161+00:00
unrestricted license in good standing as an ****MD,unrestrictedlicenseingoodstandingasanmd.com,United States,Unknown,0,None detected,0,None detected,Regulatory,Regulatory Scientist,null,0,None detected,0,0,None detected,"Apollo Multi-Pass Org Graph, Company Leadership Web Crawler, Nutraceutical Knowledge Base",2026-09-14T05:31:41.806195+00:00
and/or Clinical Nutrition / Medical Nutrition Therapy (MNT). Certifications through IFM,andorclinical.com,United States,Unknown,0,None detected,0,None detected,"Regulatory, QA/QC, R&D, Sales",Regulatory Scientist | Quality Analyst | R&D Specialist | Sales Representative,High demand for Registered Dietitians and functional medicine practitioners with MNT certifications.,0,None detected,0,0,None detected,"Apollo Multi-Pass Org Graph, Company Leadership Web Crawler, Nutraceutical Knowledge Base",2026-09-14T05:31:41.806238+00:00
insulin resistance,insulinresistance.com,"Draper, UT",Unknown,0,None detected,0,None detected,"Regulatory Affairs, Quality Assurance/Quality Control, Research & Development, Sales, Clinical Research",Regulatory Scientist | Quality Analyst | R&D Specialist | Sales Representative | Clinical Research Associate,"Nervana Medical focuses on recruiting healthcare professionals with expertise in metabolic health, nutrition, and diabetes management to deliver personalized nutraceutical support.",0,None detected,0,0,None detected,"Apollo Multi-Pass Org Graph, Company Leadership Web Crawler, Nutraceutical Knowledge Base",2026-09-14T05:31:41.806276+00:00
the clinical application of weight-loss and anti-aging peptide protocols.,theclinicalapplication.com,United States,Unknown,0,None detected,0,None detected,"Regulatory, QA/QC, R&D, Sales",Regulatory Scientist | Quality Analyst | Research & Development Scientist | Sales Representative,"High demand for peptide therapy specialists and related roles, driven by increasing consumer interest and clinical adoption.",0,None detected,0,0,None detected,"Apollo Multi-Pass Org Graph, Company Leadership Web Crawler, Nutraceutical Knowledge Base",2026-09-14T05:31:41.806322+00:00
patient-centric approach to care. Complete comfort navigating modern EHR platforms and coordinating client treatment schedules effectively. What We Offer - ****Clinical Autonomy:**** The time and freedom to focus on true disease reversal and visible client outcomes without the assembly-line pressure of traditional high-volume insurance models.,patientcentricapproachtocare.com,null,Unknown,0,None detected,0,None detected,null,null,"Prose string: Recruitment intelligence focuses on identifying and attracting top talent in the healthcare technology and clinical domains, leveraging data-driven insights to optimize hiring processes.",0,None detected,0,0,None detected,"Apollo Multi-Pass Org Graph, Company Leadership Web Crawler, Nutraceutical Knowledge Base",2026-09-14T05:31:41.806373+00:00
advanced peptide science,advancedpeptidescience.com,"Rocklin, CA",contract manufacturer,0,None detected,0,None detected,"Regulatory, QA/QC, R&D, Sales",Regulatory Scientist | Quality Analyst | R&D Scientist | Sales Representative,"High demand for peptide chemists and scientists, particularly those with experience in GMP manufacturing and regulatory affairs. Companies are actively recruiting to expand their peptide development and production capabilities.",0,None detected,0,0,None detected,"Apollo Multi-Pass Org Graph, Company Leadership Web Crawler, Nutraceutical Knowledge Base",2026-09-14T05:31:41.806407+00:00
and renewed confidence. How to Apply - Join us in redefining healthspan and unlocking the potential for vibrant aging starting in Maryland! Please submit your CV along with a brief summary of your personal clinical philosophy regarding root-cause medicine,andrenewed.com,"Baltimore, MD",Unknown,0,None detected,0,None detected,"Regulatory, QA/QC, R&D, Sales",Regulatory Scientist | Quality Analyst | R&D Scientist | Sales Representative,"Healthspan is actively recruiting physicians, nurse practitioners, and physician assistants specializing in longevity-oriented care to expand its clinical team and service offerings.",0,None detected,0,0,None detected,"Apollo Multi-Pass Org Graph, Company Leadership Web Crawler, Nutraceutical Knowledge Base",2026-09-14T05:31:41.806464+00:00
HealthOp Solutions,healthop.com,"Phoenix, AZ",Unknown,0,None detected,0,None detected,"Regulatory, QA/QC, R&D, Sales",Regulatory Scientist | Quality Analyst,"HealthOp utilizes data-driven recruitment strategies, leveraging technology and market insights to identify and attract top healthcare talent. They focus on matching candidates with organizational needs and building long-term partnerships.",0,None detected,0,0,None detected,"Apollo Multi-Pass Org Graph, Company Leadership Web Crawler, Nutraceutical Knowledge Base",2026-09-14T05:31:41.806502+00:00
University of Missouri,university.com,"Columbia, Missouri",Unknown,0,None detected,0,None detected,"Regulatory Affairs, Quality Assurance/Control, Research & Development, Sales & Marketing, Nutrition Education",Regulatory Scientist | Quality Analyst | Food Scientist | Nutritional Biochemist | Exercise Physiologist,"The University of Missouri-Columbia actively recruits students and researchers through targeted outreach programs, emphasizing its strong research capabilities and commitment to innovation.",0,None detected,0,0,None detected,"Apollo Multi-Pass Org Graph, Company Leadership Web Crawler, Nutraceutical Knowledge Base",2026-09-14T05:31:41.806544+00:00
Aequor,aequor.com,"Piscataway, New Jersey",ingredient supplier,0,None detected,0,None detected,"Regulatory, QA/QC, R&D, Sales",Regulatory Scientist | Quality Analyst | Scientist | Inventory Control Coordinator,Aequor excels in connecting clients with the right talent through its extensive network and personalized approach.,0,None detected,0,0,None detected,"Apollo Multi-Pass Org Graph, Company Leadership Web Crawler, Nutraceutical Knowledge Base",2026-09-14T05:31:41.806577+00:00
Core Botanica LLC,corebotanica.com,"Terrebonne, Oregon","ingredient supplier, contract manufacturer",0,None detected,0,None detected,"Regulatory, QA/QC, R&D, Sales",Regulatory Scientist | Quality Analyst | Research & Development Scientist | Sales Representative,"The acquisition by Martin Bauer Group is expected to provide Core Botanica with increased resources and support, facilitating growth and expansion within the raw botanicals market.",0,None detected,0,0,None detected,"Apollo Multi-Pass Org Graph, Company Leadership Web Crawler, Nutraceutical Knowledge Base",2026-09-14T05:31:41.806607+00:00
Rarebreed Veterinary Partners,rarebreedveterinarypartners.com,"Portland, ME",Unknown,0,None detected,0,None detected,"Regulatory, QA/QC, R&D, Sales, Operations",Regulatory Scientist | Quality Analyst | Research & Development Specialist | Sales Representative | Operations Manager,"The company actively recruits veterinarians, vet techs, and other support staff through various channels including LinkedIn and job boards.",0,None detected,0,0,None detected,"Apollo Multi-Pass Org Graph, Company Leadership Web Crawler, Nutraceutical Knowledge Base",2026-09-14T05:31:41.806640+00:00
Van Drunen Farms,vandrunenfarms.com,"Momence, IL","ingredient supplier, contract manufacturer, supplement brand",0,None detected,0,None detected,"Regulatory, QA/QC, R&D, Sales",Regulatory Scientist | Quality Analyst | Research & Development Scientist | Sales Representative,"Van Drunen Farms actively recruits for positions in regulatory affairs, quality control, research and development, and sales, reflecting the company's focus on innovation and customer service.",0,None detected,0,0,None detected,"Apollo Multi-Pass Org Graph, Company Leadership Web Crawler, Nutraceutical Knowledge Base",2026-09-14T05:31:41.806679+00:00
Dermpath Specialists LLC,dermpathspecialists.com,"Dayton, Ohio and Troy, Michigan",Unknown,0,None detected,0,None detected,"Regulatory, QA/QC, R&D, Sales",Regulatory Scientist | Quality Analyst | Research and Development | Sales Representative,"The company seeks dermatopathology professionals with experience in regulatory compliance, quality assurance/quality control, research and development, and sales.",0,None detected,0,0,None detected,"Apollo Multi-Pass Org Graph, Company Leadership Web Crawler, Nutraceutical Knowledge Base",2026-09-14T05:31:41.806713+00:00
GREAT WHITE LABEL LLC,greatwhitelabel.com,United States,"contract manufacturer, supplement brand",0,None detected,0,None detected,"Regulatory Affairs, Quality Assurance/Control, Research & Development, Sales, Marketing",Regulatory Scientist | QA Analyst | Formulation Scientist | Sales Representative | Brand Manager,"Focuses on attracting talent with experience in supplement formulation, manufacturing, and regulatory compliance.",0,None detected,0,0,None detected,"Apollo Multi-Pass Org Graph, Company Leadership Web Crawler, Nutraceutical Knowledge Base",2026-09-14T05:31:41.806744+00:00
Akina Pharmacy,akinapharmacy.com,"Sterling, VA",Unknown,0,None detected,0,None detected,"Regulatory, QA/QC, R&D, Sales",Regulatory Scientist | Quality Analyst,"The company seeks candidates with experience in customer service, regulatory compliance, and pharmacy operations, emphasizing a commitment to precision, compassion, and patient care.",0,None detected,0,0,None detected,"Apollo Multi-Pass Org Graph, Company Leadership Web Crawler, Nutraceutical Knowledge Base",2026-09-14T05:31:41.806783+00:00
Emery Oleochemicals LLC,emery.com,"Cincinnati, Ohio, USA",Unknown,0,None detected,0,None detected,"Regulatory, QA/QC, R&D, Sales, Production Planner",Regulatory Scientist | Quality Analyst | R&D Engineer | Sales Representative | Production Planner,Seeking talented individuals with a passion for their work and wanting to succeed in respective fields.,0,None detected,0,0,None detected,"Apollo Multi-Pass Org Graph, Company Leadership Web Crawler, Nutraceutical Knowledge Base",2026-09-14T05:31:41.806814+00:00
"Grower Direct Nut Company, Inc",growerdirectnut.com,"Hughson, Ca","ingredient supplier, contract manufacturer",0,None detected,0,None detected,"Regulatory, QA/QC, R&D, Sales",Regulatory Scientist | Quality Analyst | Research & Development Specialist | Sales Representative,"Grower Direct Nut Company, Inc. has open positions for roles in Human Resources and various operational areas, indicating a growing company with opportunities for career advancement.",0,None detected,0,0,None detected,"Apollo Multi-Pass Org Graph, Company Leadership Web Crawler, Nutraceutical Knowledge Base",2026-09-14T05:31:41.806849+00:00
Serotonin Centers,serotonincenters.com,"Windermere, FL",supplement brand,0,None detected,0,None detected,"Regulatory, QA/QC, R&D, Sales",Regulatory Scientist | Quality Analyst | R&D Specialist | Sales Representative,"The company recruits healthcare professionals, wellness coaches, and sales representatives to support its services and products.",0,None detected,0,0,None detected,"Apollo Multi-Pass Org Graph, Company Leadership Web Crawler, Nutraceutical Knowledge Base",2026-09-14T05:31:41.806882+00:00
On behalf of Next Deavor,onbehalf.com,USA,"contract manufacturer, supplement brand",0,None detected,0,None detected,"Regulatory Affairs, Quality Assurance/Control, Research & Development, Sales & Business Development, Operations Management",Regulatory Scientist | QA/QC Analyst | R&D Chemist | Sales Representative | Production Supervisor,Vitaquest leverages market research and trend analysis to identify emerging consumer needs and develop innovative supplement formulations.,0,None detected,0,0,None detected,"Apollo Multi-Pass Org Graph, Company Leadership Web Crawler, Nutraceutical Knowledge Base",2026-09-14T05:31:41.806926+00:00
Sonora Quest Laboratories,sonoraquest.com,"Tempe, AZ",Unknown,0,None detected,0,None detected,"Regulatory, QA/QC, R&D, Sales",Regulatory Scientist | Quality Analyst | Research and Development Scientist | Sales Representative,null,0,None detected,0,0,None detected,"Apollo Multi-Pass Org Graph, Company Leadership Web Crawler, Nutraceutical Knowledge Base",2026-09-14T05:31:41.806961+00:00
000 dedicated professionals! Our Talent Acquisition team is reviewing applications for our Medical Lab Scientist FSER opening. Qualified candidates will be contacted for interviews. **Submit your resume today to join our community of caring!** We are an equal opportunity employer. We do not discriminate on the basis of race,000dedicatedprofessionals.com,"Salt Lake City, UT",Unknown,0,None detected,0,None detected,R&D,Medical Lab Scientist | FSER,The company is actively recruiting for a Medical Lab Scientist FSER position and encourages qualified candidates to submit their resumes.,0,None detected,0,0,None detected,"Apollo Multi-Pass Org Graph, Company Leadership Web Crawler, Nutraceutical Knowledge Base",2026-09-14T05:31:41.807019+00:00
UCLA Health,uclahealth.com,"Los Angeles, CA",Unknown,0,None detected,0,None detected,"Regulatory Affairs, Quality Assurance/Quality Control, Research & Development, Sales, Clinical Nutrition",Regulatory Scientist | Quality Analyst | Nutrition Researcher | Medical Science Liaison | Clinical Dietitian,"UCLA Health is actively recruiting for roles across its clinical nutrition and research departments, focusing on individuals with expertise in areas such as metabolic medicine, microbiome science, dietary supplement development, and regulatory affairs.",0,None detected,0,0,None detected,"Apollo Multi-Pass Org Graph, Company Leadership Web Crawler, Nutraceutical Knowledge Base",2026-09-14T05:31:41.807055+00:00
Radiant Industries Pvt. Ltd.,radiantindustries.com,"Ahmedabad, Gujrat",contract manufacturer,0,None detected,0,None detected,"Investor Relations Director, Senior Equipment Engineer, Junior Video Editor & Content Coordinator, Systems Engineer, Senior Mechanical Engineer",Plant Operations Manager | Director of Quality & Regulatory | Formulation Scientist | Technical Sales Director,,0,None detected,0,0,None detected,"Apollo Multi-Pass Org Graph, Company Leadership Web Crawler, Nutraceutical Knowledge Base",2026-09-14T05:31:41.807090+00:00
Biotane Naturals,biotanenaturals.com,India,supplement brand,0,None detected,0,None detected,"Regulatory, QA/QC, R&D",Regulatory Scientist | Quality Analyst | Product Manager | Injury Prevention Specialist | Diabetes Care and Education Specialist,,0,None detected,0,0,None detected,"Apollo Multi-Pass Org Graph, Company Leadership Web Crawler, Nutraceutical Knowledge Base",2026-09-14T05:31:41.807119+00:00
Clinic Living Plus,cliniclivingplus.com,"Phoenix, ARIZONA",supplement brand,0,None detected,0,None detected,"Clinical Nutrition Manager, Head of Nutrition, AI generalist (Non-engineer), Telesales Representative",Plant Operations Manager | Director of Quality & Regulatory | Formulation Scientist | Technical Sales Director,Clinic Living Plus actively seeks qualified professionals to support its mission of enhancing patient care through innovative nutritional therapies.,0,None detected,0,0,None detected,"Apollo Multi-Pass Org Graph, Company Leadership Web Crawler, Nutraceutical Knowledge Base",2026-09-14T05:31:41.807163+00:00
FJ Direct,fjdirect.com,U.S. and throughout the world,"ingredient supplier, supplement brand",0,None detected,0,None detected,"Regulatory, QA/QC, R&D, Sales",Regulatory Scientist | Quality Analyst | etc.,"We have a diverse range of job opportunities across various functions including regulatory, QA/QC, R&D, sales, etc.",0,None detected,0,0,None detected,"Apollo Multi-Pass Org Graph, Company Leadership Web Crawler, Nutraceutical Knowledge Base",2026-09-14T05:31:41.807202+00:00
Meyer Organics Pvt Ltd,meyer.com,"Mumbai, India",supplement brand,0,None detected,0,None detected,"Regulatory, QA/QC, R&D, Sales",Regulatory Scientist | Quality Analyst | Product Manager | E-Commerce Manager,,0,None detected,0,0,None detected,"Apollo Multi-Pass Org Graph, Company Leadership Web Crawler, Nutraceutical Knowledge Base",2026-09-14T05:31:41.807240+00:00
Norawell Pharma,norawell.com,Montreal,"contract manufacturer, supplement brand",0,None detected,0,None detected,"Nurse Supervisor, Pharmacy Technician",Plant Operations Manager | Director of Quality & Regulatory | Formulation Scientist | Technical Sales Director,,0,None detected,0,0,None detected,"Apollo Multi-Pass Org Graph, Company Leadership Web Crawler, Nutraceutical Knowledge Base",2026-09-14T05:31:41.807273+00:00
Livlong Nutraceuticals Ltd,livlong.com,"Aluva, India","contract manufacturer, supplement brand",0,None detected,0,None detected,"Regulatory, QA/QC, R&D",Regulatory Scientist | Quality Analyst | Company Secretary | Center Manager | Regional Manager - Corporate Wellness | Head of Client Partnerships - Costco | Director of Operations,"LivLong Nutraceuticals has job openings for various roles such as Regional Manager-Corporate Wellness, Company Secretary, Center Manager, Vice President of Business Development, Formulator, Head of Client Partnerships- Costco, and Director of Operations.",0,None detected,0,0,None detected,"Apollo Multi-Pass Org Graph, Company Leadership Web Crawler, Nutraceutical Knowledge Base",2026-09-14T05:31:41.807311+00:00
Pravek Kalp Pvt. Ltd.,pravekkalp.com,"Noida, Uttar Pradesh",supplement brand,0,None detected,0,None detected,"Regulatory, QA/QC, R&D, Sales",Plant Operations Manager | Director of Quality & Regulatory | Formulation Scientist | Technical Sales Director,,0,None detected,0,0,None detected,"Apollo Multi-Pass Org Graph, Company Leadership Web Crawler, Nutraceutical Knowledge Base",2026-09-14T05:31:41.807347+00:00
Ampcus Inc,ampcus.com,"Chantilly, VA (HQ)",supplement brand,0,None detected,0,None detected,"R&D Formulation, QA/QC, Regulatory Affairs, Technical Sales",Plant Operations Manager | Director of Quality & Regulatory | Formulation Scientist | Technical Sales Director,,0,None detected,0,0,None detected,"Apollo Multi-Pass Org Graph, Company Leadership Web Crawler, Nutraceutical Knowledge Base",2026-09-14T05:31:41.807386+00:00
N/A,na.com,United States,Unknown,0,None detected,0,None detected,"R&D Formulation, QA/QC, Regulatory Affairs, Technical Sales",Plant Operations Manager | Director of Quality & Regulatory | Formulation Scientist | Technical Sales Director,,0,None detected,0,0,None detected,"Apollo Multi-Pass Org Graph, Company Leadership Web Crawler, Nutraceutical Knowledge Base",2026-09-14T05:31:41.807431+00:00
University of Vermont Health - UVM Medical Center,university.com,"Burlington, Vermont",Unknown,0,None detected,0,None detected,"Clinical (Physician Assistant, Nurse Practitioner, Medical Assistant), Quality Assurance/Compliance, Care Coordination, Laboratory/Diagnostic Services, Remote Monitoring Services",Physician Assistant | Nurse Practitioner | Medical Assistant | MRI Technician | Care Coordinator | Case Manager | Laboratory Personnel,"Organization actively recruiting clinical and operational roles including Physician Assistants, Nurse Practitioners, Medical Assistants, MRI Technicians, Care Coordinators, and Case Managers across multiple departments in the Greater Burlington Area, indicating expansion of clinical and care coordination services.",0,None detected,0,0,None detected,"Apollo Multi-Pass Org Graph, Company Leadership Web Crawler, Nutraceutical Knowledge Base",2026-09-14T05:31:41.807470+00:00
"DMC University Laboratories, Inc.",dmcuniversity.com,"Boulder, CO","ingredient supplier, contract manufacturer",0,None detected,0,None detected,"Research, Analyst, Information Technology",Lab Assistant | Senior Clerk - General Lab,"DMC is actively hiring across research, analytical, and IT functions, indicating expansion of R&D and operational capabilities. Job postings reflect growth in technical roles supporting fermentation platform development and commercialization.",0,None detected,0,0,None detected,"Apollo Multi-Pass Org Graph, Company Leadership Web Crawler, Nutraceutical Knowledge Base",2026-09-14T05:31:41.807501+00:00
Methodist Le Bonheur Healthcare,methodistlebonheurhealthcare.com,"Memphis, Tennessee",Unknown,0,None detected,0,None detected,"Clinical roles, Nursing, Administrative, Behavioral Health, Communications, Transplant services, Community Health",Licensed Practical Nurse (LPN) | Intake Coordinator | Clinical Systems Analyst | Service Line Director | Communications Analyst | Vocational Rehabilitation Counselor | Youth Worker | Staff Psychologist | Family Service Worker | Staff Counselor,"Active recruitment across clinical, administrative, and support functions. Job postings indicate hiring for transplant services, behavioral health, clinical systems, and community-facing roles. Career opportunities exist in nursing (RN/LPN), clinical coordination, and management positions.",0,None detected,0,0,None detected,"Apollo Multi-Pass Org Graph, Company Leadership Web Crawler, Nutraceutical Knowledge Base",2026-09-14T05:31:41.807542+00:00
Medical City Fort Worth,medicalcityfortworth.com,"Fort Worth, TX, United States",Unknown,0,None detected,0,None detected,"Nursing, Radiology Technology, Ultrasound Technology, Occupational Therapy, Neonatal Intensive Care, Supervisory/Management",Neonatal Intensive Care Nurse | Supervisor Radiology Tech | Ultrasound Technologist | Occupational Therapist | CT Technologist,"Medical City Fort Worth actively recruits clinical and technical staff including nursing positions (NICU), radiology technologists, ultrasound technologists, and occupational therapists. Job postings reference Medical City Alliance opportunities and career growth within the Medical City Healthcare family.",0,None detected,0,0,None detected,"Apollo Multi-Pass Org Graph, Company Leadership Web Crawler, Nutraceutical Knowledge Base",2026-09-14T05:31:41.807578+00:00
color,color.com,"California, USA",ingredient supplier,0,None detected,0,None detected,"Technical Support, Customer Service, Sales, Product Development",Technical Expert | Application Specialist | Sales Representative | Customer Service Representative,"Job market data indicates significant demand for color-related roles including Color Managers, Senior Colorists, Color Control Specialists, and Color Management positions across the United States. The broader nutraceutical and supplement industry shows continued hiring in technical, regulatory, quality, sales, and marketing functions.",0,None detected,0,0,None detected,"Apollo Multi-Pass Org Graph, Company Leadership Web Crawler, Nutraceutical Knowledge Base",2026-09-14T05:31:41.807613+00:00
Ascend Staffing,ascendstaffing.com,United States,Unknown,0,None detected,0,None detected,"Recruiter, Account Manager",Part-Time Recruiter | Account Manager | Hiring Manager,"Ascend Staffing actively recruits for internal staffing operations, including recruiter and account manager positions. The company maintains an active job board with thousands of open positions (243,016+ recruiter jobs, 121,519+ account manager jobs listed). Hiring events are conducted regularly across multiple locations, including mega hiring events in markets like Austin. The company emphasizes immediate hiring needs and local market accessibility through its 49+ branch network.",0,None detected,0,0,None detected,"Apollo Multi-Pass Org Graph, Company Leadership Web Crawler, Nutraceutical Knowledge Base",2026-09-14T05:31:41.807650+00:00
Sprouts Farmers Market,sproutsfarmersmarket.com,"Phoenix, Arizona",supplement brand,0,None detected,0,None detected,"Sales, Brand Marketing, Merchandising, Category Management, Data Science, Bulk Management, Vitamins & HBA (Health & Beauty Aids)","Head of Sales | Vice President, Brand Marketing | Vice President, Merchandising - Vitamins & HBA | Senior Category Manager - Vitamins | Data Scientist | Bulk Manager | Order Management","Sprouts actively recruits for strategic functions including Head of Sales, Vice President Brand Marketing, Senior Category Manager roles (particularly in Vitamins segment), Data Science positions, and operational roles such as Bulk Manager. Recruitment is occurring both locally (Mesa-based openings) and remotely (Data Scientist positions), indicating expansion of corporate functions and sophisticated data analytics capabilities.",0,None detected,0,0,None detected,"Apollo Multi-Pass Org Graph, Company Leadership Web Crawler, Nutraceutical Knowledge Base",2026-09-14T05:31:41.807690+00:00
TEKsystems,teksystems.com,"7437 Race Road, Hanover, MD 21076",Unknown,0,None detected,0,None detected,"Analytics, Infrastructure Engineering, Business Development, Software Development, Sales, Technical Staffing Recruitment, Onboarding Administration",Analytics Engineer | Senior Infrastructure Engineer | Business Development Manager | Senior Java Developer | AWS Cloud Architect | UI Angular Developer | Sales Development Representative | Technical Staffing Recruiter | Onboarding Administrator,"TEKsystems actively recruits for technology and consulting roles including cloud infrastructure, data analytics, software development, and sales functions. The company maintains continuous job openings and promotes career development through tailored opportunity notifications.",0,None detected,0,0,None detected,"Apollo Multi-Pass Org Graph, Company Leadership Web Crawler, Nutraceutical Knowledge Base",2026-09-14T05:31:41.807728+00:00
Red River Commodities,redriver.com,North Dakota region (inferred from sunflower/specialty crop growing areas),"ingredient supplier, contract manufacturer",0,None detected,0,None detected,"Plant Management, Production, Quality Assurance, Sales, Logistics, Supply Chain",Plant Manager | Production Manager | Quality Assurance Technician | Director of Sales | Logistics Manager | Logistics Technician,"Active hiring across manufacturing and operations roles including plant management, production, quality assurance, sales, and logistics. Director-level sales positions indicate expansion, particularly in wildlife feed segment. Job postings suggest multi-location staffing needs and geographic distribution of facilities.",0,None detected,0,0,None detected,"Apollo Multi-Pass Org Graph, Company Leadership Web Crawler, Nutraceutical Knowledge Base",2026-09-14T05:31:41.807763+00:00
Vetio Animal Health,vetioanimalhealth.com,"St. Louis, MO","ingredient supplier, contract manufacturer",0,None detected,0,None detected,"Manufacturing Operations, Regulatory, QA/QC, R&D, Business Development, Technical Services, Human Resources/Training Administration",Manufacturing Operations Recruiter | Regulatory Scientist | Quality Analyst | R&D Scientist | Technical Transfer Specialist | Training Administrator,"Vetio is actively recruiting across manufacturing operations, regulatory affairs, quality assurance, R&D, and human resources functions. The company is managing full-cycle recruitment for manufacturing operations and administers comprehensive employee training systems including onboarding/offboarding. Job postings span multiple geographic locations reflecting the company's multi-site operations. Growth evident from facility expansion and scaling projects suggests continued hiring demand.",0,None detected,0,0,None detected,"Apollo Multi-Pass Org Graph, Company Leadership Web Crawler, Nutraceutical Knowledge Base",2026-09-14T05:31:41.807799+00:00
Stone Canyon Eye Care,stonecanyoneyecare.com,"St. George, UT",Unknown,0,None detected,0,None detected,"Optometry, Clinical Staff",Optometrist | Medical Optometrist,"Stone Canyon Eye Care is actively recruiting full-time Optometrists with competitive pay for a supportive, innovative team environment. Positions emphasize clinical excellence and patient care in a sought-after market.",0,None detected,0,0,None detected,"Apollo Multi-Pass Org Graph, Company Leadership Web Crawler, Nutraceutical Knowledge Base",2026-09-14T05:31:41.807833+00:00
UPMC - Pittsburgh Medical Center,upmcpittsburghmedicalcenter.com,"Pittsburgh, Pennsylvania, USA",Unknown,0,None detected,0,None detected,"Patient Services, Emergency Medicine, Genetic Counseling, Medical Assistance, Physician positions, Administrative roles",Emergency Department Patient Services Representative | Patient Services Representative | Medical Assistant | Genetic Counselor Assistant | Emergency Medicine Physician | Patient & Family Concierge,"UPMC is actively recruiting across multiple functions with 4,000+ job postings in the United States and 1,000+ positions in Pittsburgh. Recruitment focuses on patient services, clinical roles (physicians, medical assistants), emergency department staff, and support positions. Job postings indicate expansion in Pittsburgh and surrounding areas including Mechanicsburg, PA and Green Tree, PA.",0,None detected,0,0,None detected,"Apollo Multi-Pass Org Graph, Company Leadership Web Crawler, Nutraceutical Knowledge Base",2026-09-14T05:31:41.807875+00:00
The Reserves Network,thereservesnetwork.com,"Fairview Park, Ohio",Unknown,0,None detected,0,None detected,"Operations, Sales, Recruiting, Executive Recruitment, Area Management",Area Manager | Executive Recruiter | Manager | Operations Specialist | Sales Representative,"TRN actively recruits for operations, sales, and recruiting functions. The company has multiple open positions including Area Manager roles (responsible for driving performance and growth across multiple branches) and Executive Recruiter positions. Current hiring suggests expansion of core staffing operations and leadership capacity.",0,None detected,0,0,None detected,"Apollo Multi-Pass Org Graph, Company Leadership Web Crawler, Nutraceutical Knowledge Base",2026-09-14T05:31:41.807918+00:00
Cimarron Animal Hospital,cimarronanimalhospital.com,"Tucson, AZ",Unknown,0,None detected,0,None detected,"Veterinary Assistant, Veterinary Receptionist, Kennel Attendant, Clinical Support Staff",Veterinarian | Veterinary Assistant | Veterinary Receptionist | Kennel Staff,"Job postings indicate hiring for veterinary assistant, receptionist, and kennel attendant positions typical of operational veterinary clinics. Market data shows 1000+ veterinary assistant positions available across major US metropolitan areas, indicating competitive hiring landscape.",0,None detected,0,0,None detected,"Apollo Multi-Pass Org Graph, Company Leadership Web Crawler, Nutraceutical Knowledge Base",2026-09-14T05:31:41.807959+00:00
Paws Claw and Hooves Vet Hospital,pawsclawandhoovesvethospital.com,"West Richland, WA 99353",Unknown,0,None detected,0,None detected,"Veterinary Assistant, Associate Veterinarian, Clinical Staff",Veterinary Assistant | Associate Veterinarian,"Paws, Claws & Hooves is actively recruiting for clinical positions including Veterinary Assistants and Associate Veterinarians. Job postings emphasize a mentorship-focused, supportive team environment with competitive compensation (Associate Veterinarian salary range: $110,000-$160,000 annually). Recruitment messaging highlights compassionate, hardworking team culture as primary appeal.",0,None detected,0,0,None detected,"Apollo Multi-Pass Org Graph, Company Leadership Web Crawler, Nutraceutical Knowledge Base",2026-09-14T05:31:41.807994+00:00
Hansen Agri-PLACEMENT,hansen.com,"Grand Island, Nebraska",Unknown,0,None detected,0,None detected,"R&D Formulation, QA/QC, Regulatory Affairs, Technical Sales",Plant Operations Manager | Director of Quality & Regulatory | Formulation Scientist | Technical Sales Director,"Hansen Agri-PLACEMENT actively recruits candidates for positions including Cattle Manager, Ranch General Manager, Assistant Ranch Manager, Heifer Operations Manager, Dairy Management Trainee, Livestock Foreman, Feed Department Manager, Grain Trader and Merchandiser, Dairy Design Specialist, Seed & Crop Sales Representative, and Regional Agronomy Lead. Salary ranges vary from $55,000 to $180,000+ depending on position level and specialization. Job postings span multiple states including Nevada, Wyoming, Colorado, New Mexico, Texas, Iowa, South Carolina, and Ohio, indicating national recruitment activity.",0,None detected,0,0,None detected,"Apollo Multi-Pass Org Graph, Company Leadership Web Crawler, Nutraceutical Knowledge Base",2026-09-14T05:31:41.808034+00:00
Zing! Recruiting,zingrecruiting.com,"Mason, OH 45040",Unknown,0,None detected,0,None detected,"Regulatory, QA/QC, Laboratory Operations, Production/Manufacturing, Quality Assurance, Talent Acquisition, Sales and Business Development, Operations Management, Plant Management",Regulatory Scientist | Quality Analyst | Lab Technician | Lab Assistant | Site Director | Plant Manager | General Manager | Fragrance Lab Technician | Senior Talent Acquisition Specialist | Manufacturing/Production Staff | Warehouse/Fulfillment Technician,"Zing Recruiting actively recruits for highly technical and regulated positions across manufacturing, pharmaceuticals, and specialty chemicals. Job postings indicate demand for lab technicians, lab assistants, plant managers, site directors, fragrance lab technicians, and quality assurance professionals. They seek candidates with backgrounds in warehouse operations, manufacturing, chemical handling, production, and filling/repacking. Their internal team recruitment emphasizes passion for people, self-motivation, and drive, with competitive benefits including health insurance, 401k, PTO, and performance incentives.",0,None detected,0,0,None detected,"Apollo Multi-Pass Org Graph, Company Leadership Web Crawler, Nutraceutical Knowledge Base",2026-09-14T05:31:41.808071+00:00
Dartmouth-Hitchcock Lebanon,dartmouthhitchcocklebanon.com,"Lebanon, NH 03756, United States",Unknown,0,None detected,0,None detected,"Human Resources, Healthcare careers training, Clinical staff, Administrative roles",Head of Human Resources | Clinical positions | Healthcare professionals,Active recruitment through Dartmouth Health Career Institute offering paid training programs with full-time employment opportunities. Sign-on and retention bonuses available for day shift positions. Targeting healthcare professionals across clinical and administrative functions.,0,None detected,0,0,None detected,"Apollo Multi-Pass Org Graph, Company Leadership Web Crawler, Nutraceutical Knowledge Base",2026-09-14T05:31:41.808103+00:00
UW Medicine Valley Medical Center,uwmedicinevalleymedicalcenter.com,"Renton, Washington",Unknown,0,None detected,0,None detected,"Clinical Nursing, Patient Care, Patient Resource/Administration, Oncology Education, Laboratory Technology",Clinical Nurse Specialist – Educator Oncology | Patient Resource Representative | Patient Care Assistant | Clinical Laboratory Technician | Physician Assistant | Psychiatric Nurse Practitioner,"Valley Medical Center actively recruits across clinical and administrative functions. Current openings include nursing specialists, patient care assistants, and laboratory technicians. Remote positions available for administrative roles. Recruitment reflects broader healthcare staffing demands in regional market.",0,None detected,0,0,None detected,"Apollo Multi-Pass Org Graph, Company Leadership Web Crawler, Nutraceutical Knowledge Base",2026-09-14T05:31:41.808141+00:00
U.S. Dermatology Partners,usdermatologypartners.com,"5310 Harvest Hill, North Dallas, Texas",Unknown,0,None detected,0,None detected,"Physician Recruitment, Clinical Research, Patient Care Coordination, Medical Assistant, Nursing (NP/PA), HR, IT, Billing, Collections, Marketing, Managed Care, Compliance, Payor Contracting",Board-Certified Dermatologist | Mohs Surgeon | Dermatopathologist | Physician Assistant | Nurse Practitioner | Aesthetician | Locum Tenens Physician | Physician Recruiter | Clinical Research Coordinator | Patient Care Coordinator | Medical Assistant | Scheduler | Front Desk | Compliance Officer,"The organization is actively recruiting across multiple disciplines: physicians (board-certified dermatologists, Mohs surgeons, dermatopathologists), mid-level providers (PAs, NPs), clinical staff (MAs, patient care coordinators), support functions (HR, IT, billing, collections, marketing, managed care), and administrative roles (schedulers, front desk). Job postings indicate geographic expansion and need for practice management infrastructure. Recruitment emphasizes practice quality, collegiality, and physician autonomy.",0,None detected,0,0,None detected,"Apollo Multi-Pass Org Graph, Company Leadership Web Crawler, Nutraceutical Knowledge Base",2026-09-14T05:31:41.808178+00:00
Northern Arizona Dermatology,northernarizonadermatology.com,"Flagstaff, Arizona",Unknown,0,None detected,0,None detected,"Physician (General Dermatologist), Physician Assistant, Certified Nurse Practitioner, Medical Technician, Certified Medical Assistant",BE/BC General Dermatologist | Dermatology-trained Physician Assistant | Dermatology-trained Certified Nurse Practitioner | Medical Technician | Certified Medical Assistant,"Northern Arizona Dermatology Center actively recruits clinical staff including board-eligible/board-certified general dermatologists, physician assistants, and certified nurse practitioners with dermatology training. Recruiting for positions serving adult and pediatric patients across multiple locations. Medical technician and certified medical assistant roles also present with estimated hourly wages around $21.48/hour based on regional salary data.",0,None detected,0,0,None detected,"Apollo Multi-Pass Org Graph, Company Leadership Web Crawler, Nutraceutical Knowledge Base",2026-09-14T05:31:41.808220+00:00
and Sedona. The service area for the group includes the entire northern third of the state. As a physician-owned practice,and.com,"Park City, Utah","contract manufacturer, supplement brand",0,None detected,0,None detected,"Medical/Physician roles, Medical Assistant, Family Practice",Physician - Family Practice | Medical Assistant Certified,"Northern Arizona Healthcare subsidiary is actively recruiting for physician and medical assistant positions in Sedona and surrounding northern Arizona markets, indicating expansion or staffing needs in their healthcare service delivery segment.",0,None detected,0,0,None detected,"Apollo Multi-Pass Org Graph, Company Leadership Web Crawler, Nutraceutical Knowledge Base",2026-09-14T05:31:41.808262+00:00
our cosmetic offerings include IPL,our.com,United States,Unknown,0,None detected,0,None detected,"R&D, Regulatory, QA/QC, Sales, Product Development",Cosmetic Chemist | R&D Manager – Skincare | New Product Development Specialist | Associate Product Development,"Job market shows active hiring across cosmetic product development (1000+ positions in US), skincare R&D, and regulatory roles. Positions include brand specialists, marketing interns, and cosmetic chemists. Companies are recruiting for new product development specialists focused on cosmetic packaging and skincare formulation.",0,None detected,0,0,None detected,"Apollo Multi-Pass Org Graph, Company Leadership Web Crawler, Nutraceutical Knowledge Base",2026-09-14T05:31:41.808306+00:00
Lifeplus International,lifeplus.com,Batesville,supplement brand,0,None detected,0,None detected,"Quality Assurance, Manufacturing, Data Analytics, Reporting & Analytics, Program Management, Staff Development",Data Analyst | Reporting & Analytics Developer (Power BI / Healthcare) | Program Manager,"Lifeplus is actively recruiting across multiple functions including data analytics, reporting/BI development, and program management roles. Salary ranges for disclosed positions indicate mid-to-senior level compensation ($80,000-$125,000+ annually). The company invests in staff development through graduate study programs and mentoring opportunities, suggesting commitment to talent retention and growth.",0,None detected,0,0,None detected,"Apollo Multi-Pass Org Graph, Company Leadership Web Crawler, Nutraceutical Knowledge Base",2026-09-14T05:31:41.808342+00:00
NAVADA IMPORTS LLC,navadaimports.com,"Tinton Falls, New Jersey",ingredient supplier,0,None detected,0,None detected,"Sales, Regulatory",Nutraceutical Ingredient Sales Representative,"Navada Imports is actively recruiting for sales roles, specifically seeking a Nutraceutical Ingredient Sales Representative described as 'passionate and results-driven.' This indicates expansion or turnover in the direct sales function, suggesting growth in B2B customer acquisition and account management.",0,None detected,0,0,None detected,"Apollo Multi-Pass Org Graph, Company Leadership Web Crawler, Nutraceutical Knowledge Base",2026-09-14T05:31:41.808375+00:00
Tao Of Man LLC,tao.com,United States,supplement brand,0,None detected,0,None detected,"Corporate Finance, People Management, Social Media/Marketing, Administrative",Financial Analyst | Assistant Controller | Manager of People Practices | Social Media Content Creator | Event Marketing Coordinator,"Company maintains corporate operations in major markets including New York and Las Vegas, with positions in finance, human resources, marketing, and administrative functions. Recruiting suggests multi-functional corporate structure supporting supplement brand operations.",0,None detected,0,0,None detected,"Apollo Multi-Pass Org Graph, Company Leadership Web Crawler, Nutraceutical Knowledge Base",2026-09-14T05:31:41.808404+00:00
Genova Pharma LLC,genova.com,"Warren, NJ 07059, United States","ingredient supplier, contract manufacturer",0,None detected,0,None detected,"Product Development, Quality Assurance, Accounting/Finance, Research & Development",Nutraceutical Product Development Scientist | Quality Assurance Specialist | Accounts Receivable,"Company is actively recruiting for technical and operational roles including Nutraceutical Product Development Scientists (Bachelor's degree required, located in New Brunswick, NJ), Quality Assurance Specialists (salary range $120,000-$145,000), and Accounts Receivable positions (salary range $50,000-$54,000). Recent postings indicate growth in product development and quality control functions.",0,None detected,0,0,None detected,"Apollo Multi-Pass Org Graph, Company Leadership Web Crawler, Nutraceutical Knowledge Base",2026-09-14T05:31:41.808453+00:00
OceanaHealth,oceanahealth.com,United States,ingredient supplier,0,None detected,0,None detected,"Sales, Project Coordination",Sales Representative | Creative Project Coordinator | Healthcare Data Analyst,"OceanaHealth is actively recruiting across multiple functions in the United States, with 166+ job openings identified. Hiring focus includes sales representatives, project coordinators, and data analysts. The company appears to be in a growth/expansion phase, utilizing both dedicated staffing services and project-based recruitment solutions.",0,None detected,0,0,None detected,"Apollo Multi-Pass Org Graph, Company Leadership Web Crawler, Nutraceutical Knowledge Base",2026-09-14T05:31:41.808483+00:00
HCRC Staffing,hcrcstaffing.com,United States,Unknown,0,None detected,0,None detected,"Medical/Clinical positions, Administrative roles, Management positions, Compliance and regulatory functions",Physician | Nurse | Nurse Practitioner | Chiropractor | Billing Manager | Office Manager | Front Desk Assistant,"HCRC Staffing actively recruits across healthcare specialties and geographies. Recent job postings include chiropractor positions in suburban markets near major metropolitan areas (e.g., McLean, VA near Washington DC). The company targets experienced, motivated professionals and maintains an active job board.",0,None detected,0,0,None detected,"Apollo Multi-Pass Org Graph, Company Leadership Web Crawler, Nutraceutical Knowledge Base",2026-09-14T05:31:41.808515+00:00
"McKenna Labs, Inc",mckenna.com,"1101 S. Acacia Ave, Fullerton, CA 92831",contract manufacturer,0,None detected,0,None detected,"Material Costing & Quoting, Sales, Business Development, Supply Chain, Quality Control, Manufacturing",Material Costing & Quoting Specialist | Sales professionals | Business Development staff | Supply Chain roles,"McKenna Labs is actively recruiting for Material Costing & Quoting Specialists (base pay $69,000-$85,000/yr) and sales/business development roles, suggesting growth in business development and operational scaling initiatives.",0,None detected,0,0,None detected,"Apollo Multi-Pass Org Graph, Company Leadership Web Crawler, Nutraceutical Knowledge Base",2026-09-14T05:31:41.808548+00:00
KA Recruiting Inc.,karecruiting.com,"Boston, MA",Unknown,0,None detected,0,None detected,"Recruiting/Sales, Healthcare Recruitment, Business Development, Management/Leadership",Associate Healthcare Recruiter | Healthcare Recruiter | Senior Recruiter | Management | Business Development Leadership,"K.A. Recruiting actively recruits Associate Healthcare Recruiters and is hiring motivated sales professionals with bachelor's degrees, strong communication skills, and sales or recruiting experience. The company targets recent graduates from top universities in the Northeast and offers structured training programs suitable for both experienced recruiters and motivated new entrants. Compensation includes $30K draw plus unlimited commission, with top earners reaching $200K–$300K+ annually. The company emphasizes performance-driven culture, unlimited earning potential, clear advancement paths, and benefits including health, dental, and 401K with match.",0,None detected,0,0,None detected,"Apollo Multi-Pass Org Graph, Company Leadership Web Crawler, Nutraceutical Knowledge Base",2026-09-14T05:31:41.808586+00:00
Kingman Regional Medical Center,kingmanregionalmedicalcenter.com,"Kingman, Arizona 86409",Unknown,0,None detected,0,None detected,"Clinical (LPN, Physicians, OB/GYN, Pulmonology), Administrative (Clinic Manager, Outpatient Scheduling Supervisor, Outpatient Scheduler), Management (Director of Home Health & Hospice, Population Health Program Manager), Support Services",Licensed Practical Nurse (LPN) | Family Practice Physician | Pulmonology Physician | OB/GYN Physician | Clinic Manager | Outpatient Scheduling Supervisor | Outpatient Scheduler | Population Health Program Manager | Director of Home Health & Hospice | Physician Assistant,"KRMC is actively recruiting across clinical, administrative, and management roles including physicians (Family Practice, OB/GYN, Pulmonology), nursing staff (LPN-Pediatrics), administrative personnel (Clinic Manager, Outpatient Scheduling), and leadership positions (Director of Home Health & Hospice, Population Health Program Manager). The organization emphasizes commitment to clinical care quality and community health in job postings.",0,None detected,0,0,None detected,"Apollo Multi-Pass Org Graph, Company Leadership Web Crawler, Nutraceutical Knowledge Base",2026-09-14T05:31:41.808627+00:00
Resource Label Group,resourcelabel.com,"Franklin, TN",Unknown,0,None detected,0,None detected,"Data Strategy/Enterprise Data, Sales, Design, Operations, Customer Service",Enterprise Data Strategy roles | Label Design roles | Account Management roles | Production/Operations roles,"Resource Label Group is actively hiring across its network for growth-driven individuals. Recent postings indicate recruitment for enterprise data strategy roles, suggesting digital transformation and data analytics capability expansion. The company emphasizes talent acquisition across multiple locations and functions, positioning itself as an employer building 'rewarding careers' in the label printing industry.",0,None detected,0,0,None detected,"Apollo Multi-Pass Org Graph, Company Leadership Web Crawler, Nutraceutical Knowledge Base",2026-09-14T05:31:41.808666+00:00
POM Wonderful,pomwonderful.com,"California, United States",Unknown,0,None detected,0,None detected,"Supply Chain Management, Quality Systems, eCommerce, Strategy, Customer Service, Benefits & Wellness","Director Of Supply Chain | Sr. Manager Quality Systems | Planning Analyst | Manager of Supply Planning | AVP/Head of eCommerce | Associate Manager, Strategy | Global Benefits & Wellness Program Manager","Job postings indicate active hiring across supply chain, quality, planning, and e-commerce functions. Roles span operational management (supply planning, quality systems) and digital/strategic initiatives (eCommerce, strategy). Presence of multi-product portfolio oversight roles suggests complex operational structure managing fresh fruit, arils, juice, and concentrate operations.",0,None detected,0,0,None detected,"Apollo Multi-Pass Org Graph, Company Leadership Web Crawler, Nutraceutical Knowledge Base",2026-09-14T05:31:41.808710+00:00
Vireo Health,vireohealth.com,Minnesota,Unknown,0,None detected,0,None detected,"Patient Care Coordination, Retail Sales (Budtenders), Training and Development, Benefits Administration, Regulatory Compliance, Quality Control",Patient Care Coordinator | Budtender | Retail Training Specialist | Benefits & Leave Management Specialist,"Vireo Health is actively hiring across its multi-state operations with focus on patient-facing roles (budtenders, care coordinators), retail training and management, and administrative functions. Job postings indicate significant growth across 1000+ positions in the US market, with particular emphasis on New York state operations.",0,None detected,0,0,None detected,"Apollo Multi-Pass Org Graph, Company Leadership Web Crawler, Nutraceutical Knowledge Base",2026-09-14T05:31:41.808749+00:00
SIGMA-US,sigmaus.com,"Shrewsbury Business Park, One Anchorage Avenue","ingredient supplier, supplement brand",0,None detected,0,None detected,"Quality Assurance, Regulatory Affairs, Business Process Improvement, Operational Excellence, Continuous Improvement, Design for Excellence","Senior Director, Quality Assurance | Director of Quality | Manager Business Process Improvement | Head of Transformation & Continuous Improvement | Director, Central Transformation | VP, Operational Excellence | Associate Director, Continuous Improvement | Staff Engineer - Design for Excellence","Active hiring across quality assurance, regulatory, and operational excellence functions indicates expansion or strengthening of compliance and quality infrastructure. Multiple quality-focused roles suggest emphasis on cGMP compliance and quality management systems critical for FDA-regulated products.",0,None detected,0,0,None detected,"Apollo Multi-Pass Org Graph, Company Leadership Web Crawler, Nutraceutical Knowledge Base",2026-09-14T05:31:41.808776+00:00
CellMark,cellmark.com,"Naugatuck, Connecticut","ingredient supplier, contract manufacturer",0,None detected,0,None detected,"Operations and Logistics, Sales, Customer Service, Sustainability & Compliance, Technical Services, Regulatory Affairs, Fleet Maintenance",Sustainability & Compliance Executive | Sales Service & Logistic Coordinator | Operations and Logistics Coordinator | Fleet Maintenance Technician | Technical Sales Representative,"CellMark Ingredients is actively recruiting across operations, logistics, sustainability/compliance, and sales functions. Job postings indicate growth in international markets (Vietnam mentioned). Company seeks candidates with supply chain, regulatory, and technical expertise to support global expansion and operational scaling.",0,None detected,0,0,None detected,"Apollo Multi-Pass Org Graph, Company Leadership Web Crawler, Nutraceutical Knowledge Base",2026-09-14T05:31:41.808810+00:00
The Marzetti Company,themarzetti.com,"Westerville, Ohio",contract manufacturer,0,None detected,0,None detected,"Quality Assurance/QC, Operations, Maintenance, Warehouse/Logistics, IT/Digital Manufacturing, Food Science, Sales and Distribution",QA Analyst I | Quality Assurance Analysts | Food Scientist | Operations Coordinator | Line Lead | Maintenance Supervisor | Maintenance Manager | IT Product Manager - Digital Manufacturing | Operator | Packaging General Helper | Warehouse positions,"Active recruitment across multiple facility locations with focus on operations, quality assurance, maintenance, and warehouse functions. Recent hiring for QA Analysts (multiple shifts), Maintenance roles, IT Digital Manufacturing, and operational support positions indicates capacity expansion or staffing stabilization efforts. Emphasis on facility-level operational excellence and safety culture (noted 16-year safety milestone).",0,None detected,0,0,None detected,"Apollo Multi-Pass Org Graph, Company Leadership Web Crawler, Nutraceutical Knowledge Base",2026-09-14T05:31:41.808845+00:00
Leoforce,leoforce.com,"Raleigh, NC",Unknown,0,None detected,0,None detected,"Demand Generation, Product Innovation & Development, Recruitment Operations",Demand Generation Manager | Head of Product Innovation & Development,"Leoforce is actively hiring for leadership roles in product innovation and development, indicating expansion of its AI-driven recruitment platform. The company seeks talent to architect new service lines and optimize demand generation strategies, suggesting growth in competitive positioning within the recruitment technology sector.",0,None detected,0,0,None detected,"Apollo Multi-Pass Org Graph, Company Leadership Web Crawler, Nutraceutical Knowledge Base",2026-09-14T05:31:41.808879+00:00
Flora Food Group,florafoodgroup.com,Netherlands (Wageningen),"ingredient supplier, contract manufacturer",0,None detected,0,None detected,"Maintenance and facility operations, Supply chain, Procurement, Revenue and sales, Dietetics, Community and facility management, National account management, Non-commercial relationships (GPOs)",Maintenance Manager | Facility & Community Manager | Head of Supply Chain | Global Procurement Indirect Buyer | Senior Revenue Growth Manager | National Account Manager - Non-Commercial (GPOs) | Dietetics Intern | Junior positions,"Flora Food Group actively recruits for operations, supply chain, procurement, and sales functions. Recent hiring includes facility management roles at the newly acquired Hugoton facility in Kansas (2024), indicating expansion in North American manufacturing capacity. The company recruits for intern and entry-level positions in dietetics and nutrition roles, suggesting expansion into health-focused culinary solutions.",0,None detected,0,0,None detected,"Apollo Multi-Pass Org Graph, Company Leadership Web Crawler, Nutraceutical Knowledge Base",2026-09-14T05:31:41.808925+00:00
"B&G Foods, Inc.",bgfoods.com,"Parsippany, New Jersey",Unknown,0,None detected,0,None detected,"Manufacturing, Sales, Brand Management, HR, Food Safety","Brand Manager | Director, Food Away from Home Sales | Associate Brand Manager | Food Safety Manager","B&G Foods actively recruits across manufacturing, sales, and brand management functions. Job postings include roles for Director-level positions, mid-senior level managers, and entry-level positions. Career opportunities span food safety, sales, and brand management.",0,None detected,0,0,None detected,"Apollo Multi-Pass Org Graph, Company Leadership Web Crawler, Nutraceutical Knowledge Base",2026-09-14T05:31:41.808961+00:00
Dr. Praeger's Sensible Foods Inc,drpraegers.com,"Elmwood Park, NJ",Unknown,0,None detected,0,None detected,"Operations/Manufacturing, Quality Assurance, Sales and Marketing, Management/Leadership","Operations Manager ($130,000-$145,000) | Quality/Regulatory specialist ($88,000-$92,000)","Dr. Praeger's is actively hiring for mid-to-senior leadership and operations roles in Elmwood Park, NJ, with salary ranges indicating positions for experienced professionals ($88,000-$145,000 range). Job postings extend into mid-2026, suggesting planned headcount expansion or turnover management. The company emphasizes company culture and core values in recruitment messaging.",0,None detected,0,0,None detected,"Apollo Multi-Pass Org Graph, Company Leadership Web Crawler, Nutraceutical Knowledge Base",2026-09-14T05:31:41.808997+00:00
Grecian Delight | Kronos Food Corp,greciandelightkronosfood.com,"Chicago, Illinois",contract manufacturer,0,None detected,0,None detected,"Quality/Food Safety, Operations, Forklift/Warehouse, Scientific/Technical roles",Scientist | Forklift Operator | Technician | Operations staff,"Grecian Delight | Kronos is actively recruiting across multiple functions including scientific roles, operations, and warehouse positions, particularly in the Elk Grove Village, Illinois area. The company positions itself as an employer of choice in a 'global food revolution,' suggesting growth-mode hiring. Job postings indicate needs in quality control, technical expertise, and operational roles supporting manufacturing expansion.",0,None detected,0,0,None detected,"Apollo Multi-Pass Org Graph, Company Leadership Web Crawler, Nutraceutical Knowledge Base",2026-09-14T05:31:41.809034+00:00
StarKist Co.,starkist.com,"1875 Explorer Street, 10th Floor, Reston, Virginia 20190",Unknown,0,None detected,0,None detected,"Research & Development, Human Resources, Corporate Affairs, Financial Planning & Analysis, Purchasing, Pet Food Development","Senior Manager, R&D Pet Food - Wet | Senior Analyst, Financial Planning & Analysis | Analyst, Purchasing | Manager, Human Resources","StarKist is actively hiring across R&D, particularly in pet food wet product development, financial analysis, purchasing, and human resources functions. The company is headquartered in Reston, Virginia with positions available locally. Leadership from parent company Dongwon brings global expertise in seafood sourcing and processing. Career development opportunities exist in operations, innovation, and supply chain roles.",0,None detected,0,0,None detected,"Apollo Multi-Pass Org Graph, Company Leadership Web Crawler, Nutraceutical Knowledge Base",2026-09-14T05:31:41.809079+00:00
ROHA USA,roha.com,"St. Louis, MO, United States","ingredient supplier, contract manufacturer",0,None detected,0,None detected,"Sales and Business Development, Quality Assurance/Quality Control, Application Science, Procurement/Buying",Key Account Manager | Application Scientist | Buyer | Business Development Representative,"ROHA is actively hiring across multiple functions including sales (Key Account Manager roles, mid-senior level), application science, and procurement. Job postings indicate active recruitment in the Greater St. Louis area with multiple applicants per position, suggesting steady operational expansion.",0,None detected,0,0,None detected,"Apollo Multi-Pass Org Graph, Company Leadership Web Crawler, Nutraceutical Knowledge Base",2026-09-14T05:31:41.809112+00:00
J&K INGREDIENTS LLC,jkingredientsllc.com,"Paterson, New Jersey","ingredient supplier, contract manufacturer",0,None detected,0,None detected,General career opportunities,Plant Operations Manager | Director of Quality & Regulatory | Formulation Scientist | Technical Sales Director,"J&K Ingredients has 1 open job position available. The company is actively recruiting talent, though specific functional areas and role details are not disclosed in available data.",0,None detected,0,0,None detected,"Apollo Multi-Pass Org Graph, Company Leadership Web Crawler, Nutraceutical Knowledge Base",2026-09-14T05:31:41.809150+00:00
NORTH AMERICAN HERB & SPICE,northamericanherbspice.com,"13900 W Polo Trail Dr, Lake Forest, Illinois 60045, United States",supplement brand,0,None detected,0,None detected,"Sales, Operations/Manufacturing, Accounting/Finance",Sales Director | Manager | Batch Maker | Staff Accountant,"Company actively recruits for Sales Director, operational Management, and Batch Maker roles, indicating growth in sales/distribution and production capacity. Presence on Natural Industry Jobs platform suggests focus on attracting talent from natural products sector.",0,None detected,0,0,None detected,"Apollo Multi-Pass Org Graph, Company Leadership Web Crawler, Nutraceutical Knowledge Base",2026-09-14T05:31:41.809186+00:00
CoreTechs Inc.,coretechs.com,"Kensington, MD",Unknown,0,None detected,0,None detected,"IT Automation Engineer, Senior Service Desk Technician, Senior Product Manager (Workday), Senior Software Development Engineer, Technical roles in Managed IT & Cybersecurity",IT Automation Engineer | Service Desk Technician | Product Manager | Software Development Engineer,"Coretechs is actively hiring for IT and software development roles including IT Automation Engineers, Service Desk technicians, Product Managers for Workday systems, and Senior Software Development Engineers. Job postings indicate expansion of Managed IT and Cybersecurity teams and inventory control positions suggesting operational scaling.",0,None detected,0,0,None detected,"Apollo Multi-Pass Org Graph, Company Leadership Web Crawler, Nutraceutical Knowledge Base",2026-09-14T05:31:41.809228+00:00
Thermo Fisher Scientific,thermofisherscientific.com,"Waltham, Massachusetts","ingredient supplier, contract manufacturer",0,None detected,0,None detected,"Finance, Corporate Development, Sales, Lab Science, Customer Support, Quality/Regulatory, Safety Science",Safety Scientist | Account Manager | Lab Scientist | Director of Finance | Sales Representative | Supervisor Customer Site | Corporate Development Associate,"Thermo Fisher actively recruits across multiple functions including safety science (Real World Evidence roles in EMEA), sales and account management, finance (Director/Manager level FP&A), corporate development, and lab science roles. Job openings appear concentrated in major hubs (Boston, San Jose) and reflect growth in pharmaceutical services, clinical capabilities, and regional expansion.",0,None detected,0,2,[PRODUCT_LAUNCH] Thermo Fisher unveils EMPAD G2 detector to advance 4D STEM materials research | [PRODUCT_LAUNCH] Thermo Fisher Scientific (TMO) Unveils New Tools For Electron Microscopy And Isotope Analysis,"Apollo Multi-Pass Org Graph, Company Leadership Web Crawler, Nutraceutical Knowledge Base",2026-09-14T05:31:41.809284+00:00
Nutritional Supplement Manufacturer,nutritionalsupplementmanufacturer.com,USA,contract manufacturer,0,None detected,0,None detected,"Regulatory Affairs, Quality Assurance/Quality Control, Research & Development, Product Development, Sales and Business Development, Commercial Operations, Document Control, Project Coordination","Director of Product Development - Dietary/Supplements | Quality Assurance Specialist | Dietary/Supplements R&D Manager | Research Scientist, Ingredient and Product Science | Regulatory Scientist | Quality Analyst | Gummy R&D Specialist | Chief Commercial Officer | Project Coordinator | Regional Sales Consultant","Vitaquest actively recruits across regulatory affairs, quality assurance, R&D, product development, and commercial functions. Job market data indicates 396-542+ dietary supplement positions available in the US market, with specific demand for Directors of Product Development, R&D Managers, Quality Assurance Specialists, Research Scientists in ingredient/product science, and document control specialists. Los Angeles market shows regional demand for Research Scientists and Gummy R&D specialists. Hiring suggests company expansion in formulation, compliance, and innovation capabilities.",0,None detected,0,0,None detected,"Apollo Multi-Pass Org Graph, Company Leadership Web Crawler, Nutraceutical Knowledge Base",2026-09-14T05:31:41.809322+00:00
American Fruits & Flavors,americanfruitsflavors.com,"San Fernando, California, USA","ingredient supplier, contract manufacturer",0,None detected,0,None detected,"Regulatory Affairs, Quality Control, Production, R&D, Sales, Customer Service, Administration, EHS, IT Infrastructure",Regulatory Affairs Specialist | Regulatory Affairs Administrative Assistant | EHS Lead | Quality Control Analyst | Production Technician | Product Development Manager | Chemist | R&D Scientist | Senior IT Infrastructure & Cloud Architect | Sales Representative | Customer Service Representative,"Company is actively recruiting across multiple functional areas including regulatory affairs, quality control, production, R&D, sales, and IT infrastructure. Recent postings indicate growth initiatives in cloud/infrastructure modernization and product development. Focus on hiring suggests expansion or capacity building in manufacturing and compliance functions.",0,None detected,0,0,None detected,"Apollo Multi-Pass Org Graph, Company Leadership Web Crawler, Nutraceutical Knowledge Base",2026-09-14T05:31:41.809364+00:00
TPIRC,tpirc.com,Southern California,Unknown,0,None detected,0,None detected,"R&D, Translational Research, Clinical Science, Diagnostics, Scientific Research","Mid-Career Scientist, Translational Immunology and Pulmonary Discovery | Research Scientists | Laboratory Technicians | Diagnostic Specialists","TPIRC actively recruits scientific talent with focus on translational research and pulmonary/immunology expertise. Mid-career scientist positions offer $180,000-$225,000 annual base compensation. Entry/mid-level positions range $115,000-$135,000. Benefits package includes 401(k) with employer match, comprehensive medical/dental/vision insurance, and generous paid time off. Organization emphasizes mission-driven recruitment around rare disease research.",0,None detected,0,0,None detected,"Apollo Multi-Pass Org Graph, Company Leadership Web Crawler, Nutraceutical Knowledge Base",2026-09-14T05:31:41.809396+00:00
MMC Group,mmc.com,"Irving, TX 75062",Unknown,0,None detected,0,None detected,"Recruiters, Staffing Specialists, Payroll Services, Onboarding Specialists",Recruiter | Staffing Coordinator | Payroll Administrator | Onboarding Specialist,"MMC actively recruits for temporary and permanent staffing positions across call center, customer service, light industrial, accounting, and clerical functions. The company manages candidate acquisition and placement through JobDiva platform and maintains dedicated onboarding and payroll support infrastructure.",0,None detected,0,0,None detected,"Apollo Multi-Pass Org Graph, Company Leadership Web Crawler, Nutraceutical Knowledge Base",2026-09-14T05:31:41.809425+00:00
Q&B Foods,qbfoods.com,"Irwindale, California",contract manufacturer,0,None detected,0,None detected,"Production Supervision, Manufacturing, Quality Control, Customer Service, Operations",Production Supervisor | Production Employee | Quality Control/Quality Assurance | Customer Service Representative,"Q&B Foods actively recruits for production supervisory and manufacturing roles, with job postings visible on CareersInFood.com and broader job boards. The company seeks experienced production supervisors responsible for meeting production schedules and supervising production teams, indicating ongoing expansion or high turnover in operational roles. Facilities include locations in both Irwindale, CA and Clarksville, TN.",0,None detected,0,0,None detected,"Apollo Multi-Pass Org Graph, Company Leadership Web Crawler, Nutraceutical Knowledge Base",2026-09-14T05:31:41.809463+00:00
GFF Career Page,gffcareerpage.com,United States,Unknown,0,None detected,0,None detected,"Regulatory, QA/QC, R&D, Sales, Marketing, Operations, Food Science & Product Development, Food Safety & Sanitation, Supply Chain & Purchasing, Finance & Accounting, Human Resources, Engineering & Maintenance, C-Suite",Research & Development Innovation Specialist | R&D/FSQA Manager | Quality Analyst | Regulatory Scientist | Director of Operations | Vice President Global R&D | Sr. R&D Product Developer | Sales Manager | General Manager | Brand & Marketing Leader | Sales Leader | Patient Care Coordinator | Machine Operator,"GFF operates as a job aggregation and career platform within a competitive landscape that includes specialized executive search firms (Irving Knight Group with 96% placement rate; Kinsa Group with deep industry relationships). These competitors offer retained search, contingent search, PSL/RPO services, and technical talent placement. GFF differentiates through Gen-Z focus, ease of application, and no-cost skills training programs. Sector-wide, hiring demand is high across regulatory, QA, R&D, operations, and sales functions. Salary ranges for specialized roles indicate market strength: $100K–$325K+ for directors, VPs, and senior R&D roles.",0,None detected,0,0,None detected,"Apollo Multi-Pass Org Graph, Company Leadership Web Crawler, Nutraceutical Knowledge Base",2026-09-14T05:31:41.809497+00:00
Fresh & Ready Foods,freshreadyfoods.com,United States,contract manufacturer,0,None detected,0,None detected,"Food Production, Quality Assurance, Warehouse/Logistics, Continuous Improvement, Operations Management, Delivery/Transportation",Food Production Manager | Continuous Improvement Manager | Warehouse Attendant | Cook | Food Transporter/Delivery Driver | Runner,"Active hiring across multiple operational functions including remote positions (Continuous Improvement Manager). Job postings indicate presence in Lenexa, KS and nationwide locations. Roles span production ($18/hour cook positions), delivery ($24/hour food transporter), and warehouse operations ($17/hour attendant), suggesting mid-market operational scale with distributed workforce.",0,None detected,0,0,None detected,"Apollo Multi-Pass Org Graph, Company Leadership Web Crawler, Nutraceutical Knowledge Base",2026-09-14T05:31:41.809535+00:00
Panda Restaurant Group,pandarestaurant.com,"1683 Walnut Grove Avenue, Rosemead, California, U.S.",Unknown,0,None detected,0,None detected,"Store Management, Kitchen/Cook, Service Team, Shift Leader, Corporate Leadership",Store Manager | Cook | Kitchen Team Member | Service Team Member | Shift Leader | CFO | Chairman & Co-CEO | Co-Chairman & Co-CEO,"Panda Restaurant Group actively recruits for restaurant operations including store management, kitchen leadership, and service roles. The company emphasizes career development, supportive culture, benefits, and learning opportunities. Job postings target experienced leaders for store management positions, reflecting expansion and turnover needs across the 2,300+ location base.",0,None detected,0,0,None detected,"Apollo Multi-Pass Org Graph, Company Leadership Web Crawler, Nutraceutical Knowledge Base",2026-09-14T05:31:41.809573+00:00
Centera Bioscience,centerabioscience.com,"8370 S Kyrene Rd Ste 107, Tempe, Arizona 85284, United States","ingredient supplier, supplement brand",0,None detected,0,None detected,Sales and Business Development,Director level Sales and Business Development,Limited hiring signals detected. Job postings indicate Director-level sales and business development roles in biotechnology context. Company appears to maintain lean operational structure consistent with <$5M revenue estimate.,0,None detected,0,0,None detected,"Apollo Multi-Pass Org Graph, Company Leadership Web Crawler, Nutraceutical Knowledge Base",2026-09-14T05:31:41.809609+00:00
LIVS Products LLC,livsproducts.com,"Weston, Florida, United States",supplement brand,0,None detected,0,None detected,"Sales and Brand, Product Management, Operations, Business Development, Finance, Administrative, Retail","Account Executive | Sales and Brand Associate | Go-To-Market Intern | Implementation Director | Senior Director, Product | Site Operations Coordinator | Assistant Operations","LIVS is actively hiring across multiple functions including sales, brand management, product, operations, and business development roles. Job openings indicate growth in go-to-market capabilities and product implementation functions, suggesting expansion of product lines or market penetration initiatives.",0,None detected,0,0,None detected,"Apollo Multi-Pass Org Graph, Company Leadership Web Crawler, Nutraceutical Knowledge Base",2026-09-14T05:31:41.809639+00:00
YourGummyVitamins LLC,yourgummyvitamins.com,"Weston, Florida",contract manufacturer,0,None detected,0,None detected,"Sales, Business Development","Sales Executive | Senior Sales Director | Vice President of Sales | Director, Business Development","Actively recruiting sales and business development talent, indicating expansion of commercial operations and pursuit of new client partnerships. Seeking experienced professionals with direct dietary supplement and nutraceutical industry background, suggesting aggressive growth strategy in B2B contract manufacturing segment.",0,None detected,0,0,None detected,"Apollo Multi-Pass Org Graph, Company Leadership Web Crawler, Nutraceutical Knowledge Base",2026-09-14T05:31:41.809670+00:00
Michael Page,michaelpage.com,"Not applicable - Michael Page is a recruitment firm, not a supplement company",Unknown,0,None detected,0,None detected,"Regulatory, QA/QC, Manufacturing Engineering, Quality Systems, R&D, Sales, Product Testing, Operations, Finance, Recruitment Consulting",Manufacturing Engineer | Quality Systems Analyst | Regulatory Scientist | Quality Analyst | Executive Assistant | Recruitment Consultant | Corporate Recruiter | Project Manager | Medical Receptionist | Financial Accountant | Developer,"Michael Page actively recruits for nutraceutical, pharmaceutical, medical device, and specialty chemical sectors. The firm fills roles in regulatory compliance, quality assurance, manufacturing engineering, R&D, and operations. Recent job postings include Manufacturing Engineer roles in medical device and quality systems positions requiring FDA and ISO knowledge. The firm leverages industry expertise to match candidates with specialized technical and regulatory requirements.",0,None detected,0,0,None detected,"Apollo Multi-Pass Org Graph, Company Leadership Web Crawler, Nutraceutical Knowledge Base",2026-09-14T05:31:41.809707+00:00
PAG Pharmatech America LLC,pag.com,"Springville, UT 84663, US",contract manufacturer,0,None detected,0,None detected,"R&D, Quality Assurance/Quality Control, Regulatory Affairs, Process Improvement, Operations, Production Management",Formula Development Scientists | Quality Analysts | Regulatory Scientists | Process Management Directors | Production Managers | Product Managers | Master Electricians | Preconstruction Managers,"PAG is actively hiring across operations, quality, regulatory, and process improvement functions. Job postings indicate expansion in director-level process management roles and operational leadership. The company seeks talent with manufacturing compliance expertise, particularly in FDA/cGMP and dietary supplement regulations. Hiring activity reflects growth in both US and global operations.",0,None detected,0,0,None detected,"Apollo Multi-Pass Org Graph, Company Leadership Web Crawler, Nutraceutical Knowledge Base",2026-09-14T05:31:41.809744+00:00
"Icelandirect, Inc.",icelandirect.com,"New Jersey, USA","ingredient supplier, contract manufacturer",0,None detected,0,None detected,"Sales, B2B Sales Executive",B2B Sales Executive,"Actively recruiting B2B Sales Executives with significant wholesale business-to-business sales experience, preferably with fish oil industry background and dietary ingredients sector contacts. Seeking candidates for New Jersey office or home office positions. Company emphasizes team-oriented, casual, friendly culture.",0,None detected,0,0,None detected,"Apollo Multi-Pass Org Graph, Company Leadership Web Crawler, Nutraceutical Knowledge Base",2026-09-14T05:31:41.809776+00:00
Memphis Health Food Distributors LLC,memphishealthfooddistributors.com,"Moultrie, Georgia",contract manufacturer,0,None detected,0,None detected,"Manufacturing, Operations, Quality systems, Warehousing, Logistics, R&D, Regulatory compliance",Manufacturing Technician | Operations Manager | Quality Assurance Specialist | Quality Control Analyst | Warehouse Operator | Logistics Coordinator | R&D Formulation Scientist | Regulatory Affairs Specialist | Food Safety Manager,"Company is in aggressive expansion phase with planned hiring of 30 positions in first year of Moultrie, GA facility operations (starting 2026) and projected growth to 90 employees within five years. Hiring focuses on manufacturing, operations, quality systems, warehousing, and logistics roles. Indicates need for scaling production capacity, quality control infrastructure, and supply chain management capabilities as the facility ramps from initial 3,000-unit orders toward multi-million unit production volumes. Workforce demand signals suggest aggressive growth strategy and market confidence in domestic manufacturing demand.",0,None detected,0,0,None detected,"Apollo Multi-Pass Org Graph, Company Leadership Web Crawler, Nutraceutical Knowledge Base",2026-09-14T05:31:41.809813+00:00
Biotics Research Corporation,bioticsresearch.com,"Rosenberg, TX 77469","ingredient supplier, contract manufacturer, supplement brand",0,None detected,0,None detected,"Marketing/Graphic Design, Packaging/Operations, Product Development, Quality & Manufacturing, Research & Education",Graphic Designer (Product Packaging & Labeling Design) | Packaging Technician | Clinical Research Specialist | Quality Assurance Specialist | Product Development Scientist,"Biotics Research actively recruits for packaging/operations roles and marketing positions focused on product design and labeling. Job postings indicate growth in manufacturing and creative departments. The company culture emphasizes quality, scientific rigor, and practitioner support.",0,None detected,0,0,None detected,"Apollo Multi-Pass Org Graph, Company Leadership Web Crawler, Nutraceutical Knowledge Base",2026-09-14T05:31:41.809849+00:00
SVLSG,svlsg.com,"Sunnyvale, California",contract manufacturer,0,None detected,0,None detected,"Manufacturing/Production, Quality Assurance",Production Lead | Senior Manufacturing Technician,"SVLSG is actively hiring for manufacturing and production roles, including Production Lead and Senior Manufacturing Technician positions for dietary supplement manufacturing. Job postings indicate the company is scaling operations and expanding its production team.",0,None detected,0,0,None detected,"Apollo Multi-Pass Org Graph, Company Leadership Web Crawler, Nutraceutical Knowledge Base",2026-09-14T05:31:41.809876+00:00
Pronto Fulfillment LLC,prontofulfillment.com,"Manassas, Virginia, United States",contract manufacturer,0,None detected,0,None detected,"R&D, Manufacturing Operations, Quality Assurance/Quality Control, Plant Management, Supply Chain, Sales, Recruitment",Research & Development Manager | Manufacturing Plant Manager | Manufacturing Machine Operator | Electro-Mechanical Technician | Quality Analyst | Recruiter (Manufacturing) | Sales roles,"Pronto is in an active hiring and growth phase, recruiting across R&D, management, quality, supply chain, and sales functions. Open positions include R&D Manager, Manufacturing Plant Manager, Manufacturing Machine Operator, Electro-Mechanical Technician, and Recruiter roles. The company offers competitive benefits including 401(k), health insurance, and paid holidays, indicating investment in talent retention during expansion.",0,None detected,0,0,None detected,"Apollo Multi-Pass Org Graph, Company Leadership Web Crawler, Nutraceutical Knowledge Base",2026-09-14T05:31:41.809939+00:00
BIOptimizers,bioptimizers.com,USA,supplement brand,0,None detected,0,None detected,"Marketing, Influencer Marketing & Partnerships, Business Intelligence, VIP Partnerships, Data Engineering",Influencer Marketing & Partnerships Intern | Intelligence Data Engineer | Business Intelligence Analyst,"BIOptimizers is actively hiring for remote positions including paid internships (~20 hrs/week at $20/hr) in influencer marketing and partnerships, and contractor positions in business intelligence and data engineering ($24-$28.85/hr). Hiring signals indicate growth in digital marketing, partnership development, and data analytics capabilities.",0,None detected,0,0,None detected,"Apollo Multi-Pass Org Graph, Company Leadership Web Crawler, Nutraceutical Knowledge Base",2026-09-14T05:31:41.809969+00:00
"Marlyn Nutraceuticals, Inc.",marlyn.com,"Phoenix, AZ",contract manufacturer,0,None detected,0,None detected,"Manufacturing Engineering, Process Engineering, Chemical Engineering, Quality Assurance/Quality Control, Automation Engineering, Inventory Management, Shipping/Logistics",Process Engineer | Chemical Engineer | Manufacturing Engineer | Quality Engineer | Automation Engineering Manager | Inventory Manager | Shipping Coordinator | Product Development Expert | Quality Assurance Specialist | Manufacturing Technician | Chemist,"Marlyn actively recruits for manufacturing, engineering, and quality functions including process engineers, chemical engineers, manufacturing engineers, quality engineers, and automation managers. Job postings indicate competitive compensation packages with annual bonuses and opportunities in Phoenix, AZ facility. The company appears to be expanding operations, particularly related to solid-dose CDMO capabilities.",0,None detected,0,0,None detected,"Apollo Multi-Pass Org Graph, Company Leadership Web Crawler, Nutraceutical Knowledge Base",2026-09-14T05:31:41.810008+00:00
IC Global,icglobal.com,"100 W 24th St, Hialeah, Florida 33010, United States",contract manufacturer,0,None detected,0,None detected,"Operations, Quality Assurance, Regulatory Affairs, Manufacturing",Operations Specialist | Quality Control Technician | Regulatory Compliance Officer,"Job postings indicate hiring for operations specialists and quality/compliance roles, suggesting operational scaling and quality system development needs.",0,None detected,0,0,None detected,"Apollo Multi-Pass Org Graph, Company Leadership Web Crawler, Nutraceutical Knowledge Base",2026-09-14T05:31:41.810041+00:00
BNIPure,bnipure.com,"Chatsworth, CA",contract manufacturer,0,None detected,0,None detected,"Manufacturing Operators, QA/QC Specialists, Warehouse & Logistics, Account Management, Purchasing",Manufacturing Operator | QA/QC Specialist | Warehouse & Logistics Specialist | Account Manager | Purchasing Agent | R&D Scientist (implied) | Regulatory Specialist (implied),"BNI Pure is actively hiring across manufacturing operations, quality assurance, logistics, and account management functions. The company recruits both entry-level and experienced professionals, indicating growth and expansion plans (particularly with 2025 facility expansion mentioned).",0,None detected,0,0,None detected,"Apollo Multi-Pass Org Graph, Company Leadership Web Crawler, Nutraceutical Knowledge Base",2026-09-14T05:31:41.810068+00:00
"Enomax Technology Co., Ltd.",enomaxtechnology.com,"Newport, CA",Unknown,0,None detected,0,None detected,"Information Technology, AI Development, Human Resources, Financial Planning, Executive Support",AI Programmer | IT Support/Executive Support | Information Technology Manager | Information Technology Infrastructure Manager | IT Tech Support | Human Resources Business Partner | Mechanical Engineer | Financial Planning Analyst | FP&A Analyst,"Active hiring across IT, AI programming, infrastructure management, and business operations roles in California (Newport, Sunnyvale) and potentially other locations. Expansion into AI and HealthTech suggests growing demand for specialized technical and consulting talent.",0,None detected,0,0,None detected,"Apollo Multi-Pass Org Graph, Company Leadership Web Crawler, Nutraceutical Knowledge Base",2026-09-14T05:31:41.810103+00:00
Canadian Hospital Specialties,canadianhospitalspecialties.com,"2060 Winston Park Drive, Suite 400 Oakville, Ontario L6H 5R7, Canada",contract manufacturer,0,None detected,0,None detected,"Manufacturing Engineering, Sales, Territory Management, Technical Service, Regulatory Support, Quality Management",Manufacturing Engineer | Territory Sales Manager | Clinical Support Roles | Technical Support Positions,"CHS is actively hiring for manufacturing engineering and territory sales management roles. The company recruits across entry-level support roles to specialized clinical and technical positions, indicating growth in production capacity and market expansion efforts.",0,None detected,0,0,None detected,"Apollo Multi-Pass Org Graph, Company Leadership Web Crawler, Nutraceutical Knowledge Base",2026-09-14T05:31:41.810143+00:00
Harlan Laboratories,harlan.com,"Indianapolis, Indiana, United States",Unknown,0,None detected,0,None detected,"Regulatory Affairs, Quality Assurance/Quality Control, Research and Development, Laboratory Operations, Veterinary Services, Animal Husbandry, Sales and Account Management, Program Management, Consulting Services",Regulatory Affairs Specialist | Quality Analyst | Laboratory Technician | Research Scientist | Veterinary Staff | Animal Breeding Specialist | Laboratory Manager | QC Chemist | Program Manager,"Harlan actively recruits for laboratory operations, quality control, regulatory compliance, and scientific research positions. Job postings indicate hiring for laboratory technicians, QA/QC chemists, laboratory managers, and supervisory roles across multiple facility locations. The organization maintains continuous hiring for animal husbandry and research support functions given the nature of breeding operations.",0,None detected,0,0,None detected,"Apollo Multi-Pass Org Graph, Company Leadership Web Crawler, Nutraceutical Knowledge Base",2026-09-14T05:31:41.810171+00:00
American Express,americanexpress.com,United States,Unknown,0,None detected,0,None detected,"AI Engineering, Digital Product Management, Software Engineering, Data Analytics, Compliance, Customer Experience, Sales, Travel Services","Staff AI Engineering - Agentic AI | Senior Manager-Digital Product Management | Sr Software Engineer II - Global Commercial Services | Analyst - Data Analytics - Digital Workplace | Analyst-Compliance | Analyst - Digital Product Analytics | Manager, Credit | Customer Experience Concierge | Sourcing Sales Executive | Travel Program Specialist","American Express is actively hiring across multiple functional areas including AI/software engineering, digital product management, data analytics, compliance, and customer service roles. Job openings are concentrated in major markets including New York (1,000+ positions) and Phoenix (68 positions), indicating significant organizational scaling initiatives, particularly in digital and technology capabilities.",0,None detected,0,0,None detected,"Apollo Multi-Pass Org Graph, Company Leadership Web Crawler, Nutraceutical Knowledge Base",2026-09-14T05:31:41.810208+00:00
Eurofins Biolab srl,eurofinsbiolab.com,Italy,Unknown,0,None detected,0,None detected,"QA/QC, R&D, Regulatory, Scientific/Laboratory, Data Review, Facilities Management, Business Development",In Vitro Scientist | In Vivo Scientist | QA Specialist | Senior QA Specialist | Senior Quality Specialist | Associate Data Review Scientist | Entry Level Scientist - Biochemistry | Scientist I - Analytical Chemist | Bioassay Scientist | Laboratory Support Technician | Facilities Technician | Quality Program Manager | Computational Chemist | Business Development Manager - Drug Discovery,"Eurofins Biolab is actively recruiting across multiple scientific and technical levels including entry-level positions (Entry Level Scientist - Biochemistry, Scientist I positions), mid-level roles (Associate Bioassay Scientist, QA Specialist), and senior positions (Senior Quality Specialist, Quality Program Manager, Business Development Manager). Hiring spans laboratory operations, quality assurance, data analysis, and business development, indicating growth in analytical capacity and market development.",0,None detected,0,0,None detected,"Apollo Multi-Pass Org Graph, Company Leadership Web Crawler, Nutraceutical Knowledge Base",2026-09-14T05:31:41.810239+00:00
Purina,purina.com,"St. Louis, Missouri, USA",supplement brand,0,None detected,0,None detected,"Product Development, Procurement, Sales, Quality Assurance, Regulatory Affairs, Research & Development, Category Analysis, Nutrition Science",Product Development Senior Specialist | Procurement Business Partner Specialist | Sales Analyst | Category Analyst | Pet Nutrition Expert | Veterinary Nutritionist | Regulatory Scientist | Quality Control Analyst,"Purina is actively recruiting across product development, procurement, sales, and category management functions, primarily in the St. Louis headquarters and North American regional locations. Job postings indicate salary ranges starting at $40,000+ for analyst positions. The company seeks talent in supply chain management, product innovation, and sales roles, reflecting expansion in direct retail channels (Family Dollar, Albertsons) and category management. Recruitment emphasizes mission-driven candidates interested in pet health and nutrition science.",0,None detected,0,0,None detected,"Apollo Multi-Pass Org Graph, Company Leadership Web Crawler, Nutraceutical Knowledge Base",2026-09-14T05:31:41.810277+00:00
Deimos Group,deimosgroup.com,"Milan, Italy",ingredient supplier,0,None detected,0,None detected,"Senior SRE, Principal SRE, Shared Services/Finance, Engineering, Sales",Senior Site Reliability Engineer | Principal SRE | Xero Specialist Accountant | System Engineer | Developer,"Deimos is actively expanding with hiring across technical infrastructure (SRE roles), finance/shared services, and engineering functions. Recruitment activity suggests scaling operations and technology infrastructure investment to support pan-European alliance growth and operational integration.",0,None detected,0,0,None detected,"Apollo Multi-Pass Org Graph, Company Leadership Web Crawler, Nutraceutical Knowledge Base",2026-09-14T05:31:41.810316+00:00
PVH Corps,pvh.com,"New York City, NY",Unknown,0,None detected,0,None detected,"Sales, Digital Merchandising, Visual Merchandising, Store Management, Executive Support, Supply Chain, Technology/IT, Marketing, Licensing and Partnerships",Lead Sales Associate | Stage Sales Associate | Assistant Store Manager | Assistant Digital Merchandiser | Visual Merchandising Coordinator | Wholesale Coordinator | Studio Operations Coordinator | Executive Assistant,"PVH actively recruits across retail, digital, supply chain, and corporate functions with job postings in major markets including New York City Metropolitan Area. Hiring focuses on sales associates, store management, digital merchandising, and corporate support roles, indicating expansion in retail operations and digital commerce capabilities.",0,None detected,0,0,None detected,"Apollo Multi-Pass Org Graph, Company Leadership Web Crawler, Nutraceutical Knowledge Base",2026-09-14T05:31:41.810353+00:00
Kyowa Hakko Bio,kyowahakkobio.com,"North and South American headquarters for Kyowa Hakko Bio Co., Ltd.","ingredient supplier, contract manufacturer",0,None detected,0,None detected,"Regulatory, QA/QC, Sales, Marketing, Operations, Medical Affairs",Vice President Global Brand Marketing | U.S. Oncology Account Manager | Executive Administrator – Global Business Development | Manager Solutions Prep | Medical Writing Operations Manager | Associate Director Site Budget Management | Case Manager Rare Disease Patient Services,"Kyowa Hakko and parent company Kyowa Kirin have active recruitment across North America for roles spanning regulatory affairs, quality management, sales (specialty/oncology focus), operations, medical writing, and business development. Job postings indicate emphasis on specialty pharmaceutical and rare disease patient services functions, suggesting possible expansion or integration with Kyowa Kirin's pharmaceutical division.",0,None detected,0,0,None detected,"Apollo Multi-Pass Org Graph, Company Leadership Web Crawler, Nutraceutical Knowledge Base",2026-09-14T05:31:41.810388+00:00
Pharmalife Research S.r.l.,pharmaliferesearch.com,"Garbagnate Milanese, Italy","contract manufacturer, supplement brand",0,None detected,0,None detected,"Digital Marketing, Sales, Research",Digital Marketing Specialist | Medical/Communications roles,"Company actively recruiting for digital marketing specialists and communications roles. Seeking talent in marketing, graphic design, and medical/pharmaceutical communications functions, suggesting growth in brand building and customer acquisition initiatives.",0,None detected,0,0,None detected,"Apollo Multi-Pass Org Graph, Company Leadership Web Crawler, Nutraceutical Knowledge Base",2026-09-14T05:31:41.810427+00:00
Giellepi S.p.A.,giellepispa.com,"Seregno (MB), Italy",ingredient supplier,0,None detected,0,None detected,"Regulatory Affairs, R&D, Quality Assurance, Customer Service, Technical Support",Regulatory Affairs Manager | Managing Director | Chief Administrative Officer,"Giellepi operates with a small, specialized team of 11-50 employees focused on innovation, regulatory expertise, and technical support. The company actively recruits for regulatory affairs, R&D, and administrative leadership roles. This lean organizational structure suggests a highly specialized, quality-focused operation emphasizing technical expertise over scale.",0,None detected,0,0,None detected,"Apollo Multi-Pass Org Graph, Company Leadership Web Crawler, Nutraceutical Knowledge Base",2026-09-14T05:31:41.810464+00:00
Ialtrade S.r.l.,ialtrade.com,Italy,"ingredient supplier, contract manufacturer, supplement brand",0,None detected,0,None detected,"R&D, Regulatory, QA/QC, Sales, Clinical support, Scientific expertise",Regulatory Scientists | Quality Assurance Professionals | R&D Scientists | Sales and Marketing | Molecular Biologists | Scientific Advisors,"Named Group received certification in 2024 as one of the best companies to work for in Italy, indicating strong employer branding and recruitment capability. With 600 professionals across multiple subsidiaries and operations in 60 countries, the group likely recruits across regulatory, scientific, quality, and commercial functions. Specialized hiring for molecular biology and microbiome expertise through Wellmicro division reflects technical talent acquisition focus.",0,None detected,0,0,None detected,"Apollo Multi-Pass Org Graph, Company Leadership Web Crawler, Nutraceutical Knowledge Base",2026-09-14T05:31:41.810498+00:00
Kyowa Hakko Bio Italia S.r.l.,kyowahakkobioitalia.com,Italy (Kyowa Hakko Bio Italia S.r.l.),"ingredient supplier, contract manufacturer",0,None detected,0,None detected,"Regulatory, Scientific Marketing, Business Development, R&D, Quality/Compliance, Commercial/Sales, Operations","Senior Manager, Head of Scientific Marketing and Business Development | Regulatory Scientist | Medical Writing Operations Manager | Associate Director, Site Budget Management | Pharmaceutical Business Development Advisor","KHIT is actively hiring across scientific, regulatory, commercial, and operational functions to build the next generation of scientific and commercial leaders. Recent executive appointments include Nicola Urso as President (effective October 1, 2025) and Dr. Eri Nakazaki as Senior Manager, Head of Scientific Marketing and Business Development. The company is strengthening its bench in Scientific Marketing to enhance evidence-based value propositions.",0,None detected,0,0,None detected,"Apollo Multi-Pass Org Graph, Company Leadership Web Crawler, Nutraceutical Knowledge Base",2026-09-14T05:31:41.810534+00:00
Roquette Italia S.p.A.,roquetteitaliaspa.com,"Via Serravalle 26, 15063 Cassano Spinola Alessandria, Italy",ingredient supplier,0,None detected,0,None detected,"Customer Solutions Scientist, Formulation (R&D), Process Engineering/Science, Sales/Account Management, Plant Management, Manufacturing, Quality Assurance, Testing, Human Resources, Executive Leadership",Lead Customer Solutions Scientist | Formulator | Process Engineer/Scientist | Account Executive | Plant Manager | Quality Analyst | HR Generalist,"Roquette actively recruits across technical, scientific, and operational functions including customer solutions scientists, formulators, process engineers, account executives, plant managers, and quality specialists. Job postings indicate expansion in United States operations (Keokuk, IA noted) and growth in customer-facing technical roles, suggesting investment in formulation support and customer engagement capabilities.",0,None detected,0,0,None detected,"Apollo Multi-Pass Org Graph, Company Leadership Web Crawler, Nutraceutical Knowledge Base",2026-09-14T05:31:41.810566+00:00
Cells4Life Italy S.r.l.,cells4lifeitaly.com,"Units 2-3 Oak House, Woodlands Office Park, Albert Drive, Burgess Hill, United Kingdom",Unknown,0,None detected,0,None detected,"Regulatory Affairs, Quality Assurance/Quality Control, Research and Development, Laboratory Operations, Medical Courier/Collection Services, Customer Care/Customer Service, Facilities Management",Regulatory Scientist | Quality Analyst | Quality Assurance Officer | Research Scientist | Laboratory Technician | Biomedical Scientist | Medical Courier | Facilities Technician | Customer Service Representative,"Cells4Life is expanding operations with the 2025 US market entry, suggesting increased hiring across regulatory, quality, laboratory, and customer service functions in North America. The company's emphasis on proprietary technology development and 24/7 operations indicates ongoing recruitment needs in R&D, laboratory operations, and medical courier logistics. The organization is likely recruiting for FDA compliance expertise and biomedical scientists with stem cell banking experience.",0,None detected,0,0,None detected,"Apollo Multi-Pass Org Graph, Company Leadership Web Crawler, Nutraceutical Knowledge Base",2026-09-14T05:31:41.810602+00:00
Famicord Italia S.r.l.,famicorditalia.com,"Leipzig, Germany",contract manufacturer,0,None detected,0,None detected,"Laboratory and Medical, Quality Assurance/Quality Control, Regulatory Affairs, Sales and Marketing, Customer Service, Information Technology, Human Resources, IT Support, IT Systems Engineering",Laboratory Technician | Medical Professional | Quality Analyst | Regulatory Scientist | Sales Representative | Customer Service Specialist | IT Support Specialist | IT Systems Engineer | Human Resources Specialist | Translator,"FamiCord is actively recruiting across multiple functional areas including laboratory/medical staff, IT specialists, quality control personnel, regulatory professionals, and customer-facing roles. Job postings indicate expansion in IT infrastructure and operational support, suggesting organizational growth and modernization initiatives.",0,None detected,0,0,None detected,"Apollo Multi-Pass Org Graph, Company Leadership Web Crawler, Nutraceutical Knowledge Base",2026-09-14T05:31:41.810632+00:00
Ital trade S.r.l.,italtrade.com,"Ponte San Nicolò (PD), Italy",supplement brand,0,None detected,0,None detected,"R&D Formulation, QA/QC, Regulatory Affairs, Technical Sales",Plant Operations Manager | Director of Quality & Regulatory | Formulation Scientist | Technical Sales Director,"No hiring data available in provided sources. Employee count (20-49) suggests a lean, specialized team focused on R&D, manufacturing, and direct sales.",0,None detected,0,0,None detected,"Apollo Multi-Pass Org Graph, Company Leadership Web Crawler, Nutraceutical Knowledge Base",2026-09-14T05:31:41.810679+00:00
Pfizer,pfizer.com,"The Spiral, Manhattan, New York City",supplement brand,0,None detected,0,None detected,"Brand Marketing, Patient Services, Communications & Storytelling, Health Representatives, Primary Care Strategy, Sales",Brand Marketing Director | Senior Manager Patient Services | Health Representative | Communications Lead | Strategy Manager,"Pfizer actively recruits across multiple functions including senior management, brand marketing, patient services strategy, and field sales roles. Job openings are distributed across major hubs including New York (99 postings) and broader United States markets (578 postings), indicating significant ongoing expansion and organizational growth.",0,None detected,0,0,None detected,"Apollo Multi-Pass Org Graph, Company Leadership Web Crawler, Nutraceutical Knowledge Base",2026-09-14T05:31:41.810713+00:00
Serta Simmons Bedding,sertasimmonsbedding.com,"Doraville, Georgia, USA",Unknown,0,None detected,0,None detected,"Production Management, Manufacturing/Operations, Maintenance, Logistics/Transportation, Customer Service, Quality/Product Testing",Production Supervisor | Production Manager | Maintenance Technician | CDL Class A Truck Driver (OTR and Regional) | Capping Machine Operator | Shipping Specialist | Customer Service Representative | Sewing positions,"SSB actively recruits for manufacturing, logistics, and operations roles across its 30+ facility network. Primary hiring focuses on production supervisors, maintenance technicians, CDL truck drivers (both regional and OTR), and customer service representatives. The company requires minimum qualifications including high school education or GED, with specific technical experience required for specialized roles (e.g., prior sewing experience for manufacturing positions). Recruitment activities reflect expansion and consolidation of operations.",0,None detected,0,0,None detected,"Apollo Multi-Pass Org Graph, Company Leadership Web Crawler, Nutraceutical Knowledge Base",2026-09-14T05:31:41.810752+00:00
Ferring Pharmaceuticals,ferring.com,"Parsippany, New Jersey, USA (U.S. Headquarters); Switzerland (Global Headquarters)",Unknown,0,None detected,0,None detected,"QA/QC, Operations, Sales, Medical Science, Field Operations, Contract Management, Clinical Development",QA Analyst On The Floor | Director Field Excellence and Operations | Pricing & Contract Specialist | Medical Science Liaison | Medical Science Liaison Interventional Spine,"Ferring actively recruits across multiple functions including quality assurance, field operations, medical science, and commercial roles. Job postings indicate expansion in specialty areas such as interventional spine and field excellence operations. The company maintains a significant presence on LinkedIn and actively promotes career opportunities emphasizing the mission to create life-changing medicines.",0,None detected,0,0,None detected,"Apollo Multi-Pass Org Graph, Company Leadership Web Crawler, Nutraceutical Knowledge Base",2026-09-14T05:31:41.810792+00:00
Aurobindo Pharma,aurobindo.com,"Hyderabad, Telangana, India","ingredient supplier, contract manufacturer, supplement brand",0,None detected,0,None detected,"Research & Development, Quality Assurance/Quality Control, Regulatory, Sales, Human Resources, Operations, Manufacturing, E-Commerce, Global Safety",Associate Manager - R&D | Data Manager | AS&T Manager - Large Molecules | Associate Director - E-Commerce | Human Resources Generalist | Sales Operations Analyst | Medicaid Senior Analyst | Packaging Operator | Manufacturing Technician | Global Safety Officer,"Aurobindo Pharma is actively hiring across 1,000+ positions globally, with significant recruitment in R&D, manufacturing, operations, regulatory, and quality functions. Substantial US hiring visible in New Jersey locations (Aurobindo Pharma USA Inc) and across multiple US sites including North Carolina R&D facilities. Job postings indicate growth in e-commerce, sales operations, and specialized manufacturing roles.",0,None detected,0,0,None detected,"Apollo Multi-Pass Org Graph, Company Leadership Web Crawler, Nutraceutical Knowledge Base",2026-09-14T05:31:41.810826+00:00
Target Distribution Center,targetdistributioncenter.com,"Minneapolis, Minnesota (implied from corporate.target.com)",Unknown,0,None detected,0,None detected,"Warehouse Operations, Distribution Center Management, Regional Operations, Data Analytics, Supply Chain, Food Safety and Compliance",Warehouse Associate | Warehouse Worker | Operations Manager - Regional | Sr Data Analyst | Site Director | Supply Chain Professional,"Target is actively hiring across distribution and warehouse operations with competitive pay ($19.50–$23.25/hour for warehouse roles, $22.10+ for warehouse workers). The company promotes career growth through educational programs and long-term development. 11,000+ distribution center jobs and 1,000+ warehouse jobs are available in the United States. The Thornton facility alone created 350 jobs with benefits and educational access.",0,None detected,0,0,None detected,"Apollo Multi-Pass Org Graph, Company Leadership Web Crawler, Nutraceutical Knowledge Base",2026-09-14T05:31:41.810873+00:00
Melrose Health Group,melrosehealth.com,"Mount Waverley, Victoria, Australia",supplement brand,0,None detected,0,None detected,"Manufacturing, Quality Control, Operations",Senior Manager in Manufacturing Industry | Quality Officers | Food Technologists | Nutritionists,Limited recruitment data available. LinkedIn profile indicates Melrose Group has 61+ listed employees. Hiring appears focused on manufacturing and operations roles within the Melbourne facility. No active recruitment campaigns detailed in provided data.,0,None detected,0,0,None detected,"Apollo Multi-Pass Org Graph, Company Leadership Web Crawler, Nutraceutical Knowledge Base",2026-09-14T05:31:41.810920+00:00
Blackmores Group,blackmores.com,"Warriewood, Sydney, NSW, Australia",supplement brand,0,None detected,0,None detected,"Finance, Quality (Head of Quality role), Pharmacovigilance & Product Safety, Product Quality Complaints Management, Brand Management, Planning & Operations, ERP/Oracle Systems, Communications, Administrative Support",Head of Finance | Head of Quality | Director of Pharmacovigilance & Product Safety | Product Quality Complaints Manager | Brand Manager | Planning & Operations Executive | Oracle HCM Lead | ERP Communications Senior Coordinator | Executive Assistant,"Blackmores is actively hiring across multiple functions including senior leadership (Head of Quality, Director of Pharmacovigilance), specialized regulatory and safety roles, and operational positions. Recruitment spans both Australian headquarters and international markets (Hong Kong, Taiwan mentioned). The company seeks talent in quality assurance, pharmacovigilance, product safety, ERP systems, finance, and brand management, indicating growth in compliance, manufacturing oversight, and digital systems infrastructure.",0,None detected,0,0,None detected,"Apollo Multi-Pass Org Graph, Company Leadership Web Crawler, Nutraceutical Knowledge Base",2026-09-14T05:31:41.810950+00:00
Colgate Palmolive,colgatepalmolive.com,"New York City, New York, USA",Unknown,0,None detected,0,None detected,"Research & Development, Quality, Sales & Marketing, Supply Chain & Manufacturing, Customer Service & Logistics, Finance, Human Resources, Information Technology, Legal, Analytics",Digital Intern | Customer Development Executive | Project Engineer | Commercial Management Trainee | Retail Environment Manager | Associate Retail Marketing Manager | Marketing & Media Effectiveness Analyst | Sr Talent Acquisition Partner | Social & Communications Sr. | Customer Development Manager,"Colgate-Palmolive actively recruits across multiple functions with significant hiring in North America (57+ open positions in New York alone). Key hiring areas include talent acquisition, retail marketing, customer development, and commercial management. The company emphasizes student opportunities and has formal structured hiring processes. Recruitment targets span analytics, IT, quality, R&D, supply chain, and sales functions, indicating investments in digital transformation, manufacturing optimization, and market expansion.",0,None detected,0,3,[MERGER_ACQUISITION] Colgate-Palmolive explores sale of select personal care brands: Report | [MERGER_ACQUISITION] Colgate-Palmolive explores sale of three personal care brands in $1 bn plus deal: Report | [MERGER_ACQUISITION] Colgate-Palmolive gets soapy as it weighs over $1 billion personal care brands divestment,"Apollo Multi-Pass Org Graph, Company Leadership Web Crawler, Nutraceutical Knowledge Base",2026-09-14T05:31:41.811017+00:00
Active Group of Companies,active.com,"Bordeaux, France","ingredient supplier, contract manufacturer",0,None detected,0,None detected,"Analytical, Regulatory, Formulation, Marketing",Regulatory Scientist | Formulation Scientist | Analytical Specialist,"Based on available data, Activ'Inside maintains teams in analytical, regulatory, and marketing fields. The company is actively recruiting for positions supporting formulation expertise, regulatory submissions, and marketing activities as it scales contract manufacturing and private label services.",0,None detected,0,0,None detected,"Apollo Multi-Pass Org Graph, Company Leadership Web Crawler, Nutraceutical Knowledge Base",2026-09-14T05:31:41.811052+00:00
PriceWaterhouseCoopers,pricewaterhousecoopers.com,"New York, USA",Unknown,0,None detected,0,None detected,"Tax, Audit, Advisory, Regulatory, Strategy Consulting, Analyst, AI/Data Analysis",Tax Compliance Associate | Strategy Consultant | Analyst | Junior Analyst - Investor Relations | Executive Assistant | GenAI and Agentic AI Engineer,"PwC maintains a large talent pipeline with 30,354 open jobs across multiple functions including tax, audit, advisory, and emerging technology roles. The firm actively recruits analysts, consultants, and specialized professionals in areas including AI/machine learning, regulatory expertise, and industry consulting. Entry-level career programs are available, with positions distributed across major markets including New York.",0,None detected,0,0,None detected,"Apollo Multi-Pass Org Graph, Company Leadership Web Crawler, Nutraceutical Knowledge Base",2026-09-14T05:31:41.811112+00:00
"TCI Biotech, LLC",tcibiotech.com,"American Fork, Utah",contract manufacturer,0,None detected,0,None detected,"Business Development, Regulatory, QA/QC, R&D, Sales, Operations",Senior Business Developer | Regulatory Scientist | Quality Analyst | Manufacturing Engineer,"TCI actively recruits for senior business development positions with salary ranges of $140,000-$190,000 annually plus bonus and commission. The company emphasizes mission-driven culture focused on innovative health and beauty solutions, attracting talent to on-site roles at headquarters. Hiring suggests expansion in business development and customer acquisition.",0,None detected,0,0,None detected,"Apollo Multi-Pass Org Graph, Company Leadership Web Crawler, Nutraceutical Knowledge Base",2026-09-14T05:31:41.811146+00:00
Paragon Laboratories,paragon.com,"20433 Earl St., Torrance, CA 90503, US",contract manufacturer,0,None detected,0,None detected,"Business Development, Customer Relationship Management, Quality Assurance, Regulatory Affairs",Vice President - Business Development | Customer Relationship Advocate | Quality/GMP roles (inferred),"Paragon is actively hiring, with recent job postings for Vice President - Business Development and Customer Relationship Advocate roles. The company appears to be in growth mode, with indication that hiring continues regularly. Job openings may vary, with geographic focus suggested in areas like Livonia and broader U.S. regions.",0,None detected,0,0,None detected,"Apollo Multi-Pass Org Graph, Company Leadership Web Crawler, Nutraceutical Knowledge Base",2026-09-14T05:31:41.811193+00:00
Agropur Solutions Inc.,agropur.com,"Eden Prairie, Minnesota","ingredient supplier, contract manufacturer",0,None detected,0,None detected,"Production/Manufacturing, Quality/QA/QC, Sales, Distribution, Laboratory/Technical, Operations Management",Production Manager | Laboratory Technician | Distribution Manager | Vice President Sales | Quality Analyst,"Agropur is actively recruiting across production, quality, distribution, and sales functions. Production Manager roles require Bachelor's degree in Food Science, Business, or Operations Management with minimum 7 years manufacturing experience. The company offers competitive compensation with starting wages around $30.33/hour, two pay increases within first year, shift differentials, and double-time Sunday pay (5 PM-5 AM). Positions available in locations including Jerome, Wisconsin, and various international sites.",0,None detected,0,0,None detected,"Apollo Multi-Pass Org Graph, Company Leadership Web Crawler, Nutraceutical Knowledge Base",2026-09-14T05:31:41.811263+00:00
"Medlab Nutraceuticals, Inc.",medlab.eu,"Denver, Colorado",contract manufacturer,0,None detected,0,None detected,"Sales, Operations, Management",Plant Operations Manager | Director of Quality & Regulatory | Formulation Scientist | Technical Sales Director,"Available job postings in the nutraceutical sector indicate demand for Account Managers, Product Development Managers (Sports Nutrition), Product Managers, R&D Specialists (Gummies, Capsules, Honey Gels), Natural Product Specialists, and Product Research Specialists across United States locations, particularly in Dallas and broader markets.",0,None detected,0,0,None detected,"Apollo Multi-Pass Org Graph, Company Leadership Web Crawler, Nutraceutical Knowledge Base",2026-09-14T05:31:41.811293+00:00
Gadot Biochemical Industries Ltd.,gadotbiochemicalindustries.com,Israel,ingredient supplier,0,None detected,0,None detected,"Regulatory, Quality Assurance, Quality Control, Research & Development, Sales, Product Development",Regulatory Scientist | Quality Analyst | QA/QC Specialist | R&D Chemist | Biochemist | Product Manager | Head of Product,"Gadot is actively recruiting across multiple functions including biochemists, regulatory scientists, QA/QC specialists, and product development roles. LinkedIn indicates 3,270+ followers with active job postings. The company is building capabilities in women's health ingredient development, regulatory compliance, and product innovation, suggesting expansion into adjacent categories and geographic markets.",0,None detected,0,0,None detected,"Apollo Multi-Pass Org Graph, Company Leadership Web Crawler, Nutraceutical Knowledge Base",2026-09-14T05:31:41.811350+00:00
"Brenntag Mid-South, Inc.",brenntagmidsouth.com,"Henderson, Kentucky",ingredient supplier,0,None detected,0,None detected,"Sales, Operations, Warehousing/Logistics, Driver/Transportation, Data Analysis, Production, Quality",Account Manager | Sales Manager | Sales Development Representative | Truck Driver | Warehousing Specialist | Blend Plant Operator | Production Operator | Production Team Leader | Data Analyst | Operations Manager,"Brenntag Mid-South actively recruits across logistics, operations, and sales functions including truck drivers, warehousing specialists, blend plant operators, production operators, account managers, and sales representatives. The company posts 1,000+ job openings in the United States across its operations, indicating ongoing expansion and workforce development. Sales-specific openings focus on regional sales managers and nutrition sector roles, suggesting growth in the Food & Nutrition vertical.",0,None detected,0,0,None detected,"Apollo Multi-Pass Org Graph, Company Leadership Web Crawler, Nutraceutical Knowledge Base",2026-09-14T05:31:41.811389+00:00
"Mitsubishi International Food Ingredients, Inc.",mitsubishi.com,"Columbus, OH","ingredient supplier, contract manufacturer",0,None detected,0,None detected,"Regulatory, Marketing, Distribution, Materials Procurement, Technology Transfer, Product Sourcing, Supply Chain Management, Customer Service, Cosmetic Ingredient Strategy",Cosmetic Ingredient Strategist | Customer Service Representative,"MIFI actively recruits talent across functional areas including regulatory, marketing, distribution, procurement, technology transfer, and supply chain management. The company emphasizes employee development and career growth, indicating expansion or replacement hiring activities. Recent job postings include Cosmetic Ingredient Strategist and Customer Service Representative roles, suggesting focus on specialty ingredients and customer support expansion.",0,None detected,0,0,None detected,"Apollo Multi-Pass Org Graph, Company Leadership Web Crawler, Nutraceutical Knowledge Base",2026-09-14T05:31:41.811437+00:00
Florida Bulk Sales Inc,floridabulk.com,"Brandon, Florida",ingredient supplier,0,None detected,0,None detected,"Sales, Account Management, Management",Vice President Bulk Sales | Wholesale Account Manager | Account Specialist | Outside Sales Representative,"Florida Bulk Sales is actively hiring for wholesale and account management roles in Florida, with open positions for Vice President Bulk Sales in Tampa and various account specialist and wholesale sales roles across Jacksonville and broader Florida region. Job postings indicate expansion or turnover in sales and management functions.",0,None detected,0,0,None detected,"Apollo Multi-Pass Org Graph, Company Leadership Web Crawler, Nutraceutical Knowledge Base",2026-09-14T05:31:41.811508+00:00
The Tech Group,thetech.com,Hong Kong,"ingredient supplier, contract manufacturer",0,None detected,0,None detected,"R&D Formulation, QA/QC, Regulatory Affairs, Technical Sales",Plant Operations Manager | Director of Quality & Regulatory | Formulation Scientist | Technical Sales Director,,0,None detected,0,0,None detected,"Apollo Multi-Pass Org Graph, Company Leadership Web Crawler, Nutraceutical Knowledge Base",2026-09-14T05:31:41.811540+00:00
Dow Corning,dow.com,"College Park, MD (FDA reference); Dow Inc. headquarters location not specified in data",ingredient supplier,0,None detected,0,None detected,"Process Operations, Maintenance, Site Logistics, Pilot Plant Operations, Data Science, Revenue/Finance, Strategy & Operations",Process Operator | Pilot Plant Operator | Maintenance Technician | Site Logistics Technician | Data Scientist | Revenue Accountant | Director of Strategy & Operations,"Dow Corning is actively recruiting across operational and technical functions in the United States, with significant hiring in Houston and broader US locations. Recruitment focus includes manufacturing operations, maintenance, logistics, and emerging technology roles such as data science.",0,None detected,0,0,None detected,"Apollo Multi-Pass Org Graph, Company Leadership Web Crawler, Nutraceutical Knowledge Base",2026-09-14T05:31:41.811587+00:00
Genus Lifesciences Inc.,genuslifesciences.com,"Allentown, PA",Unknown,0,None detected,0,None detected,"Formulation Development, Engineering & Facilities Management, Analytical Research & Development, Quality Control, Quality Assurance, Manufacturing, Packaging, Regulatory Affairs, Finance and Administration",Formulation Developer | Facilities Engineer | Analytical Research Scientist | Quality Control Analyst | Quality Assurance Specialist | Manufacturing Technician | Packaging Technician | Regulatory Affairs Specialist | Finance Professional | Administrator,"Genus Lifesciences actively recruits professionals across all pharmaceutical manufacturing and development functions. The company maintains a dedicated careers page and accepts applications for positions in formulation development, engineering, analytical research, quality, manufacturing, packaging, regulatory affairs, finance, and administration. Recruitment inquiries should be directed to recruiting@genuslifesciences.com. The company is an Equal Employment Opportunity employer.",0,None detected,0,0,None detected,"Apollo Multi-Pass Org Graph, Company Leadership Web Crawler, Nutraceutical Knowledge Base",2026-09-14T05:31:41.811623+00:00
Asia Shipping Deutschland Transporte GmbH,asiashippingdeutschlandtransporte.com,"Frankfurt am Main, Germany",Unknown,0,None detected,0,None detected,"Customer Service, Transportation/Logistics, Shipping & Logistics Operations, Global Shipping & Logistics Management",Customer Service Specialist | Transportation Specialist | Director Global Shipping & Logistics | Customs Brokerage Specialist,"Active hiring across multiple regions (Europe, Asia, USA) with roles spanning customer service, transportation, and logistics management. Salary range for customer service roles €40,000-€50,000. Openings include entry-level through director-level positions with both remote and on-site options. Hiring momentum indicates growth across international operations.",0,None detected,0,0,None detected,"Apollo Multi-Pass Org Graph, Company Leadership Web Crawler, Nutraceutical Knowledge Base",2026-09-14T05:31:41.811661+00:00
Jerich International,jerich.com,"Gleisdorf, Austria",Unknown,0,None detected,0,None detected,"HR/Administrative, Logistics Operations, Transport/Fleet, Warehouse Management, Customer Service",HR Officer | Driver/Transport | Warehouse Operations,"Jerich is actively hiring for logistics and operations roles across its global network. Positions include HR officers, transport/driver roles, and warehouse management functions. The company emphasizes career opportunities, growth potential, and development within an international logistics company with a strong global network.",0,None detected,0,0,None detected,"Apollo Multi-Pass Org Graph, Company Leadership Web Crawler, Nutraceutical Knowledge Base",2026-09-14T05:31:41.811705+00:00
Chanakya International Pvt,chanakya.it,"Mumbai, Maharashtra, India",contract manufacturer,0,None detected,0,None detected,"Facility Management, Factory Administration, Housekeeping Management, Maintenance, Design and Merchandising, Production Operations",Facility Manager | Factory Administrator | Production Coordinator | Designer | Merchandiser | Master Artisan | Quality Manager,"Job openings span facility management, factory administration, housekeeping, and maintenance roles, indicating active operational scaling. Available positions on platforms like Naukri.com suggest recruitment for mid-to-senior operational roles. Leadership team includes founder Vinod Shah, Director Nehal Shah (operations since 1998), and Artistic Director Karishma Swali (with 25+ years in international luxury houses and significant industry recognition). The company is actively recruiting across global locations (India and Italy).",0,None detected,0,0,None detected,"Apollo Multi-Pass Org Graph, Company Leadership Web Crawler, Nutraceutical Knowledge Base",2026-09-14T05:31:41.811750+00:00
Goldwind,goldwind.com,China,Unknown,0,None detected,0,None detected,"HSE/Safety, Operations & Maintenance (O&M), Engineering, Technical, Service management",HSE Officer | O&M Engineer | Site Technician | Head of Service | Engineer | Electrician,"Goldwind actively recruits across engineering, operations, maintenance, HSE, and technical roles globally. The company emphasizes a people-oriented philosophy with wide-ranging training programs and continuous talent development system improvements.",0,None detected,0,0,None detected,"Apollo Multi-Pass Org Graph, Company Leadership Web Crawler, Nutraceutical Knowledge Base",2026-09-14T05:31:41.811794+00:00
Lacterra,lacterra.de,Germany,ingredient supplier,0,None detected,0,None detected,"R&D Formulation, QA/QC, Regulatory Affairs, Technical Sales",Plant Operations Manager | Director of Quality & Regulatory | Formulation Scientist | Technical Sales Director,,0,None detected,0,0,None detected,"Apollo Multi-Pass Org Graph, Company Leadership Web Crawler, Nutraceutical Knowledge Base",2026-09-14T05:31:41.811823+00:00
expertum Gruppe,expertumgruppe.com,"Houten, Utrecht, Netherlands",Unknown,0,None detected,0,None detected,"SAP Account Management, SuccessFactors Consulting, SAP Security and GRC, SAP HCM, SAP EAM, Group Operations",SAP Account Manager | Senior SuccessFactors Consultant | SAP Security and GRC Consultant | SAP HCM Consultant | SAP EAM Consultant | Group Operations Coordinator,"Expertum actively recruits for SAP-related consulting roles globally, with emphasis on specialized consultants in SuccessFactors HR solutions, security/governance, and asset management. Group operations support roles indicate organizational expansion and operational scaling efforts.",0,None detected,0,0,None detected,"Apollo Multi-Pass Org Graph, Company Leadership Web Crawler, Nutraceutical Knowledge Base",2026-09-14T05:31:41.811871+00:00
JAC Recruitment,jacrecruitment.com,Japan,Unknown,0,None detected,0,None detected,"HR Administration, Sales, Engineering, Finance, Technology/IT, Accounting, Construction and Property, Business Development, Project Management, Account Management, Strategy and Consulting",Office Manager | Sales Administrator | Sales Assistant Manager | Cash Management Sales | Head of Growth | Founding Technical Lead | Founding Head of Engineering | Founding Security Operations & GRC Lead | Investment Research Assistant | Manager Strategy Consulting | Bilingual Project Manager | Business Development Executive,"JAC Recruitment USA actively recruits across multiple sectors including IT, finance, technology, and engineering. The company posts positions ranging from administrative roles ($60,000-$65,000) to senior leadership positions ($250,000+), including specialized founding team roles. Job postings indicate active expansion in digital financial infrastructure, transaction banking, and technology sectors. The company emphasizes bilingual capabilities (particularly Japanese) and multilingual talent sourcing. Recent postings show focus on growth strategy execution, engineering leadership, and security operations roles.",0,None detected,0,0,None detected,"Apollo Multi-Pass Org Graph, Company Leadership Web Crawler, Nutraceutical Knowledge Base",2026-09-14T05:31:41.811920+00:00
Moët Hennessy,mothennessy.com,"New York, NY",Unknown,0,None detected,0,None detected,"Sales, Regional Sales Management, Brand Management, Retail Operations, Forecasting, Business Management, Visual Merchandising",Market Specialist | Regional Sales Manager | Brand Manager | Forecasting Manager | Retail Operations Manager | Assistant Manager Visual | Private Ambassador Assistant,"Active hiring across North America with 948+ job openings in New York and 2,000+ LVMH positions globally. Recruitment focuses on sales, brand management, retail operations, and regional leadership roles, indicating expansion in premium retail and distribution channels.",0,None detected,0,0,None detected,"Apollo Multi-Pass Org Graph, Company Leadership Web Crawler, Nutraceutical Knowledge Base",2026-09-14T05:31:41.811967+00:00
"Vishay Precision Group, Inc. (VPG)",vishayprecision.com,"Malvern, PA",Unknown,0,None detected,0,None detected,"Process Engineer, Manufacturing Engineer, Technical Sales, Regional Technical Sales Manager, Power Electronics Technical Support, Manufacturing/Logistics (Crating Specialist)",Process Engineer | Manufacturing Engineer | Regional Technical Sales Manager | Power Electronics Technical Support Specialist | Crating Specialist,"VPG is actively hiring across manufacturing, engineering, sales, and technical support functions globally. Job postings indicate growth in process engineering, power electronics, and regional sales management roles, suggesting expansion in semiconductor testing and industrial measurement markets.",0,None detected,0,0,None detected,"Apollo Multi-Pass Org Graph, Company Leadership Web Crawler, Nutraceutical Knowledge Base",2026-09-14T05:31:41.812009+00:00
Fresenius Group,fresenius.com,"Bad Homburg vor der Höhe, Germany","ingredient supplier, contract manufacturer",0,None detected,0,None detected,"Regulatory Affairs, Quality Assurance/Quality Control, Clinical roles, Sales and Commercial, Operations, Patient Care, Content and Editorial, Commercial Excellence, Engineering",Regulatory Scientist | Quality Analyst | Clinical Administrative Assistant | Patient Care Technician | Registered Nurse (RN) | Director Commercial Excellence | Pricing/Contract/Tenders specialist | PA Electro Mechanical,"Fresenius actively recruits across multiple functions including clinical nursing, patient care, regulatory affairs, quality assurance, commercial operations, and administrative roles. The company is hiring for director-level positions in commercial excellence, suggesting expansion in pricing and contract management. Job postings indicate growth in both corporate headquarters roles and frontline clinical positions at dialysis centers and hospitals. The company recruits internationally with positions in Germany and North America.",0,None detected,0,0,None detected,"Apollo Multi-Pass Org Graph, Company Leadership Web Crawler, Nutraceutical Knowledge Base",2026-09-14T05:31:41.812051+00:00
sonnen GmbH,sonnen.com,"Wildpoldsried, Oberallgäu, Germany",Unknown,0,None detected,0,None detected,"Sales, Product Management, Regional Management, Account Executive, Field Operations/Installation, Technical Support","Sales Manager | Regional Sales Manager | Account Executive Renewable Energy | Product Manager | Installer, Residential Energy Operations | Field Operations Technician","sonnen actively recruits across sales, product management, regional operations, and field installation roles globally. Job postings indicate expansion in Italy, Austria/Switzerland, and US markets. Career site (jobs.sonnen.de) serves as primary recruitment channel. Company maintains 1,000+ active job openings worldwide, suggesting significant growth phase.",0,None detected,0,0,None detected,"Apollo Multi-Pass Org Graph, Company Leadership Web Crawler, Nutraceutical Knowledge Base",2026-09-14T05:31:41.812088+00:00
Amentum,amentum.com,"4800 Westfields Blvd, Chantilly, Virginia 20151, U.S.",Unknown,0,None detected,0,None detected,"Aircraft Mechanics, Quality Control/Inspection, Operations Management, Weapons Systems Analysis, Intelligence Planning, Technical Specialists (Cryo, Hydroblasting, Dynamometer), Engineering",Aircraft Mechanic | Aircraft Quality Control Inspector | NDI Inspector II | Weapons Systems Analyst | Intelligence Planner | Targeting Analyst | Operations Manager | Cryo Technician | Hydroblasting Technician,"Amentum actively recruits across multiple technical and operational disciplines with 1,000+ job openings worldwide. Current hiring focus includes aircraft maintenance specialists, quality control inspectors, weapons systems analysts, intelligence professionals, and specialized technicians. Recruitment spans U.S. locations (particularly Texas, Virginia, Colorado, Tennessee) and international positions (Greece). Career opportunities are available through the company's dedicated careers page.",0,None detected,0,1,[REBRANDING] AmentumHoldings -Wikipedia,"Apollo Multi-Pass Org Graph, Company Leadership Web Crawler, Nutraceutical Knowledge Base",2026-09-14T05:31:41.812127+00:00
Joyson Safety Systems Hungary,joyson.com,"Auburn Hills, Michigan, USA",Unknown,0,None detected,0,None detected,"Mechanical Engineering, Systems Engineering, Quality Assurance, Program Management, Human Resources & Data Management, Supply Chain/Procurement, Maintenance and Operations, Regulatory and Compliance",Mechanical Engineer | Sr. Application Engineer | System Performance Engineer | Specialist FMEA/DRBFM | Buyer/Commodity Manager | Sr. Program Manager | Manager HRIS & Data Management | Line Maintenance Expert | Pyrotechnic Specialist,"Joyson Safety Systems is actively recruiting across multiple functions globally. Job postings indicate hiring for engineering roles (mechanical, systems, application engineering), quality and FMEA specialists, program managers, supply chain professionals, and maintenance experts. The Hungary subsidiary shows active recruitment for operations and technical roles including maintenance and pyrotechnic specialists, suggesting ongoing manufacturing operations.",0,None detected,0,0,None detected,"Apollo Multi-Pass Org Graph, Company Leadership Web Crawler, Nutraceutical Knowledge Base",2026-09-14T05:31:41.812165+00:00
QuVa Pharma Inc.,quva.com,"Sugar Land, Texas",contract manufacturer,0,None detected,0,None detected,"Regulatory, QA/QC, Manufacturing, Distribution, Data Analytics, Software Development",Regulatory Scientist | Quality Analyst | Manufacturing Technician | Data Scientist | Product Development Specialist,"Quva is actively recruiting across multiple functions including regulatory, quality assurance/control, manufacturing, distribution, data analytics, and software development. The company emphasizes mission-driven hiring with messaging that employees 'make a difference' at Quva. Recruitment focus areas include scaling production capacity, automation and technology implementation, and expanding forward distribution capabilities nationwide.",0,None detected,0,0,None detected,"Apollo Multi-Pass Org Graph, Company Leadership Web Crawler, Nutraceutical Knowledge Base",2026-09-14T05:31:41.812199+00:00
Lupin Pharmaceuticals Inc.,lupin.com,"Naples, Florida",Unknown,0,None detected,0,None detected,"Regulatory Affairs, Quality Assurance, Quality Control, Research & Development, Manufacturing Engineering, Compliance, Human Resources, Finance, Legal, Marketing, Business Development, Pharmacovigilance, IT, Technical Services, Commercial Operations",Quality Assurance Specialist | Manufacturing Engineer II | Chemist III | Project Engineer | Program Manager | Computer System Validation Consultant | Sr. Commissioning Qualification & Validation Engineer | Senior Device Engineer | Regulatory Scientist,"Lupin actively recruits across manufacturing, engineering, quality, validation, and regulatory functions primarily in US locations (New Jersey, Florida). Job postings indicate hiring for quality assurance, manufacturing engineering, chemists, project management, and validation roles. Candidates should submit resumes to usacareers@lupin.com. Company maintains LinkedIn presence for talent engagement.",0,None detected,0,0,None detected,"Apollo Multi-Pass Org Graph, Company Leadership Web Crawler, Nutraceutical Knowledge Base",2026-09-14T05:31:41.812237+00:00
Aurolife Pharma,aurolifepharma.com,"Hyderabad, India (Parent: Aurobindo Pharma Ltd) / US Operations (Aurolife Pharma LLC)",contract manufacturer,0,None detected,0,None detected,"Research & Development, Quality Assurance, Quality Control, Regulatory Affairs, Manufacturing/Production, Finance, Sales/Marketing",Research & Development Data Manager | Quality Analyst | Production Supervisor | Chemist | Regulatory Scientist | AS&T Manager (Large Molecules) | Associate Manager,"Aurolife is actively recruiting across multiple functions including R&D, quality assurance, production, and chemistry roles. Compensation for chemistry roles ranges from $65,000-$75,000 annually with minimum 3-5 years pharmaceutical experience. Parent company Aurobindo Pharma reports 1,000+ job openings worldwide, indicating active expansion and growth.",0,None detected,0,0,None detected,"Apollo Multi-Pass Org Graph, Company Leadership Web Crawler, Nutraceutical Knowledge Base",2026-09-14T05:31:41.812277+00:00
Air Care Projects Pvt. Ltd.,aircareprojects.com,"Vadodara, Gujarat, India",Unknown,0,None detected,0,None detected,"Project Management, Engineering, Design, Quality Assurance, Installation & Commissioning, Technical Support",Associate Manager - Global Project Management | Design Engineers | HVAC Engineers | Technical Project Managers | Installation Technicians | Commissioning Specialists,The company is actively recruiting for project management roles including Associate Manager positions in Global Project Management. The organization appears to be expanding its international presence and project delivery capacity.,0,None detected,0,0,None detected,"Apollo Multi-Pass Org Graph, Company Leadership Web Crawler, Nutraceutical Knowledge Base",2026-09-14T05:31:41.812315+00:00
Relax Biotech Pvt. Ltd.,relaxbiotech.com,"Vadodara, Gujarat, India","contract manufacturer, supplement brand",0,None detected,0,None detected,"Quality Assurance, Supply Chain, IT/ERP, Distribution Management, Sales, Manufacturing Operations",Quality Assurance Officer | Supply Chain Manager | IT-ERP Manager | Distribution Management | Dealer Sales | Service Management Functional Consultant,"Company actively recruits for quality assurance, supply chain, and IT-ERP roles, indicating investment in operational infrastructure. Job postings on Naukri.com suggest need for distribution management and dealer sales personnel. Current hiring reflects growth in manufacturing monitoring and supply chain optimization.",0,None detected,0,0,None detected,"Apollo Multi-Pass Org Graph, Company Leadership Web Crawler, Nutraceutical Knowledge Base",2026-09-14T05:31:41.812356+00:00
VASU Healthcare Pvt. Ltd.,vasuhealthcare.com,"Gujarat, India",supplement brand,0,None detected,0,None detected,"Marketing/Product Management, E-Commerce, Customer Service, Packaging Management, IT, Design/Graphics, PPC/Digital Marketing",Product Manager | Assistant Product Manager | Marketing Manager | Customer Care Executive | PPC Executive | E-Commerce Executive | Packaging Manager | IT Executive | Product Executive | Graphic Designer,"VASU Healthcare actively recruits across multiple functional areas including product management, marketing, e-commerce, customer care, IT, and design. The company is building capabilities in FMCG and herbal cosmetics divisions, suggesting expansion in beauty and personal care categories.",0,None detected,0,0,None detected,"Apollo Multi-Pass Org Graph, Company Leadership Web Crawler, Nutraceutical Knowledge Base",2026-09-14T05:31:41.812393+00:00
Jalsatropicana Pvt. Ltd.,jalsatropicana.com,United States,Unknown,0,None detected,0,None detected,"R&D Formulation, QA/QC, Regulatory Affairs, Technical Sales",Plant Operations Manager | Director of Quality & Regulatory | Formulation Scientist | Technical Sales Director,No recruitment data available for Jalsatropicana Pvt. Ltd. in the provided research materials.,0,None detected,0,0,None detected,"Apollo Multi-Pass Org Graph, Company Leadership Web Crawler, Nutraceutical Knowledge Base",2026-09-14T05:31:41.812427+00:00
TATA Teleservices Ltd.,tatateleservices.com,"Mumbai, Maharashtra, India",Unknown,0,None detected,0,None detected,"Solution Engineering, Sales, Capacity Planning & Management, Project Management, Engineering",Sr Manager - Solution Engineering | Sr Manager - Sales - Americas | Sr Solution Architect - Customer Interaction | Manager - Capacity Planning & Management | Delivery Manager | Associate Project Director | Engineer,"Tata Teleservices is actively hiring across multiple functions including Sr Manager roles in Solution Engineering and Sales, Solution Architects, Capacity Planning Managers, and Delivery Managers. Job postings indicate expansion in technology infrastructure, customer engagement solutions, and sales operations. The company appears to be building capabilities in cloud services and digital transformation advisory.",0,None detected,0,0,None detected,"Apollo Multi-Pass Org Graph, Company Leadership Web Crawler, Nutraceutical Knowledge Base",2026-09-14T05:31:41.812463+00:00
Gujarat Communications & Electronics Ltd.,gujarat.com,"Gujarat, India","ingredient supplier, contract manufacturer",0,None detected,0,None detected,"Quality Control, Quality Assurance, Manufacturing Engineering, Supply Chain, Electronics Engineering, R&D",QC & System Engineer | Electronics Engineer | Factory Scheduling Engineer | Director/VP Supply Chain | Research and Development Engineer | Power Electronics Engineer,"Job postings indicate active hiring in Gujarat for electronics, communications, quality control, and manufacturing engineering roles. The company recruits for supply chain leadership and technical engineering positions, suggesting operational scale and complexity. Over 1,000 electronics jobs available in Gujarat state; 188+ electronics and communications positions in Ahmedabad specifically.",0,None detected,0,0,None detected,"Apollo Multi-Pass Org Graph, Company Leadership Web Crawler, Nutraceutical Knowledge Base",2026-09-14T05:31:41.812496+00:00
Università degli Studi di Milano,universitdeglistudidimilano.com,"Milan, Italy",Unknown,0,None detected,0,None detected,"Academic Research, Teaching, Administration",University Faculty | Research Scientists | Academic Advisors,"The university maintains active recruitment for academic positions and administrative roles in Milan. Job opportunities include tenure-track and collaborative positions across multiple departments including Economics, Medicine, Law, and Sciences faculties.",0,None detected,0,0,None detected,"Apollo Multi-Pass Org Graph, Company Leadership Web Crawler, Nutraceutical Knowledge Base",2026-09-14T05:31:41.812551+00:00
Marisca Confezioni S.n.c.,marisca.com,San Marino,supplement brand,0,None detected,0,None detected,"R&D Formulation, QA/QC, Regulatory Affairs, Technical Sales",Plant Operations Manager | Director of Quality & Regulatory | Formulation Scientist | Technical Sales Director,"The San Marino nutraceutical cluster relies on highly specialized skills from the region and neighboring areas, with talent sourced from technical schools in the Province of Rimini and degree programs at universities in San Marino, Bologna, Urbino and Ancona.",0,None detected,0,0,None detected,"Apollo Multi-Pass Org Graph, Company Leadership Web Crawler, Nutraceutical Knowledge Base",2026-09-14T05:31:41.812587+00:00
Studio Legale Tributario Gentile Management,studiolegaletributariogentilemanagement.com,"Milan, Lombardy, Italy",Unknown,0,None detected,0,None detected,"Legal Counsel, Corporate Affairs, Compliance",Junior Legal Counsel | Senior Legal Counsel | Head of Legal | Group Corporate Affairs Specialist | Litigation Counsel,"The firm actively recruits legal professionals including junior and senior legal counsels, corporate affairs specialists, and litigation counsel. Recruitment focus is on legal expertise to support corporate, tax, real estate, and compliance practice areas.",0,None detected,0,0,None detected,"Apollo Multi-Pass Org Graph, Company Leadership Web Crawler, Nutraceutical Knowledge Base",2026-09-14T05:31:41.812624+00:00
Touring Club Italiano,touringclubitaliano.com,Italy,Unknown,0,None detected,0,None detected,"R&D Formulation, QA/QC, Regulatory Affairs, Technical Sales",Plant Operations Manager | Director of Quality & Regulatory | Formulation Scientist | Technical Sales Director,,0,None detected,0,0,None detected,"Apollo Multi-Pass Org Graph, Company Leadership Web Crawler, Nutraceutical Knowledge Base",2026-09-14T05:31:41.812667+00:00
FH Packaging,fhpackaging.com,"Eastvale, California 92880, US",Unknown,0,None detected,0,None detected,"Sales, Packaging Engineering, Packaging Development, Quality/Compliance",Regional Sales Manager | Packaging Specialist | Packaging Engineer | Packaging Developer | Packaging Development & I-Center Services Manager,"FH Packaging is actively recruiting across the United States, with particular focus on sales roles (Regional Sales Managers at $105,000-$128,000), packaging specialists, engineers, and developers. Job postings indicate growth in packaging operations, engineering, and development functions. Hybrid work options are available for some packaging specialist roles.",0,None detected,0,0,None detected,"Apollo Multi-Pass Org Graph, Company Leadership Web Crawler, Nutraceutical Knowledge Base",2026-09-14T05:31:41.812703+00:00
Cartley Wholesale Solutions,cartleywholesale.com,"New Delhi, India","ingredient supplier, contract manufacturer",0,None detected,0,None detected,"Quality Control/Quality Assurance, R&D and Product Development, Manufacturing/Operations, Sales and Account Management, Wholesale Operations",Quality Analyst | QA/QC Specialist | R&D Scientist | Account Executive | Wholesale Representative | Territory Manager | Operations Manager,"Company is actively recruiting across wholesale operations, sales, account management, and quality functions. Job postings indicate need for territory development representatives, account specialists, and wholesale operations personnel. Growth in export markets and contract manufacturing volume likely driving headcount expansion.",0,None detected,0,0,None detected,"Apollo Multi-Pass Org Graph, Company Leadership Web Crawler, Nutraceutical Knowledge Base",2026-09-14T05:31:41.812738+00:00
Astrazeneca,astrazeneca.com,"Cambridge Biomedical Campus, Cambridge, UK",Unknown,0,None detected,0,None detected,"Regulatory, Quality Assurance/Quality Control, Research & Development, Sales and Medical Representatives, Laboratory Operations, Strategy, Patient Access, Translational Research","Pharmaceutical Sales Specialist | Medical Representative | Associate Laboratory Operations | Scientist, Translational Research | Quality Control/Quality Microbiology Analyst | Associate Quality Control | Patient Access Specialist | Executive Director, Strategy | Senior Vice President roles","AstraZeneca actively recruits across multiple functions with 609+ job openings in the United States alone, distributed across therapeutic areas (Oncology, Cardiovascular/Respiratory Medicine, Haematology) and functional areas (R&D, Quality, Sales, Operations). Roles range from specialist positions to senior leadership, indicating expansion in US manufacturing and R&D capabilities aligned with the $50bn investment commitment through 2030.",0,None detected,0,0,None detected,"Apollo Multi-Pass Org Graph, Company Leadership Web Crawler, Nutraceutical Knowledge Base",2026-09-14T05:31:41.812774+00:00
envitec.com.ua,enviteccomua.com,"Elkridge, MD (based on Vici Health Sciences address)",contract manufacturer,0,None detected,0,None detected,"Process Engineering, Product Engineering, Quality Assurance, Regulatory Affairs, Operations/Ready to Operate, Energy Engineering, Technical Service",Process Engineer Manager | Head of Engineering | Product Engineering Manager | Head of Ready to Operate CCUS | Energy Engineer | Formulation Scientist | Chemist | Quality Analyst | Regulatory Scientist,"Company is actively recruiting across engineering, operations, and technical functions. Job postings indicate growth in process engineering management, product engineering, and ready-to-operate plant management. Geographic hiring focus spans United States and international locations, suggesting expansion initiatives.",0,None detected,0,0,None detected,"Apollo Multi-Pass Org Graph, Company Leadership Web Crawler, Nutraceutical Knowledge Base",2026-09-14T05:31:41.812803+00:00
Teledyne Technologies Incorporated,teledyne.com,"Thousand Oaks, California, U.S.",Unknown,0,None detected,0,None detected,"Environmental, Health and Safety, Category Management, IC Design Engineering, Wire Bonding/Manufacturing, Business Development, Military Sales, Mechanical Engineering","Environmental, Health and Safety Manager | Senior Category Manager | IC Design Engineer | Wire Bonding Technician | Vice President, US Business Development | Vice President, Military Sales | Director, Military","Teledyne actively recruits across multiple technical and business functions including engineering (IC design, mechanical), manufacturing (wire bonding technicians), sales (military and business development), and operations (EHS, category management). Job postings indicate salary ranges starting at $40,000+ for various positions. The company is an Equal Opportunity/Affirmative Action Employer.",0,None detected,0,0,None detected,"Apollo Multi-Pass Org Graph, Company Leadership Web Crawler, Nutraceutical Knowledge Base",2026-09-14T05:31:41.812848+00:00
BASF,basf.com,"Ludwigshafen, Germany (Global); Florham Park, New Jersey (North America)","ingredient supplier, contract manufacturer",0,None detected,0,None detected,"Regulatory, QA/QC, R&D, Sales, Project Engineering, Supply Chain/Supply Planning, Laboratory/Technical roles, Tax, Account Management",Laboratory Technician | Project Engineer | Quality Analyst | Global Supply Planner | Sales Account Manager | Technology & Market Assessment Manager | Account Manager - Pharma Solutions | Transport Management,"BASF actively recruits across technical, regulatory, quality, sales, and supply chain functions. Job postings indicate hiring for roles such as Laboratory Technician, Project Engineer, Global Supply Planner, Sales Account Manager, Technology & Market Assessment Manager, and Account Manager - Pharma Solutions. The company emphasizes development opportunities and professional growth in their recruitment messaging.",0,None detected,0,0,None detected,"Apollo Multi-Pass Org Graph, Company Leadership Web Crawler, Nutraceutical Knowledge Base",2026-09-14T05:31:41.812889+00:00
Sunbloom Proteins,sunbloomproteins.com,"Munich, Germany",ingredient supplier,0,None detected,0,None detected,"Technical Sales, Technical Support, Innovation, Product Development",Technical Sales and Innovation Lead | Technical Support Lead,"Limited publicly available hiring information. Evidence of recruitment for technical sales and innovation leadership roles. Parent company Avril likely provides HR infrastructure, suggesting career advancement opportunities within larger agribusiness group.",0,None detected,0,0,None detected,"Apollo Multi-Pass Org Graph, Company Leadership Web Crawler, Nutraceutical Knowledge Base",2026-09-14T05:31:41.812926+00:00
Wings Biotech,wingsbiotech.com,"Delhi, India (Mangolpuri, 110041)","contract manufacturer, supplement brand",0,None detected,0,None detected,"Administrative, Quality/QA, Operations, Support staff management",Admin Executive,"Wings Biotech recruits for administrative and operational roles, including Admin Executive positions at manufacturing facilities (Baddi unit). Hiring appears focused on facility management, compliance, and support functions rather than specialized R&D or regulatory roles.",0,None detected,0,0,None detected,"Apollo Multi-Pass Org Graph, Company Leadership Web Crawler, Nutraceutical Knowledge Base",2026-09-14T05:31:41.812964+00:00
Bunge,bunge.com,"Chesterfield, MO 63017, United States",ingredient supplier,0,None detected,0,None detected,"Data Science, Analytics, Business Intelligence, Trading, Quality/Supply Chain, Management",Data Scientist Geospatial Analytics | Senior Business Intelligence Analyst | Associate Trader | Quality Supply Chain Specialist,"Bunge maintains active recruiting with 315 open positions across the organization. Job openings span data science, geospatial analytics, business intelligence, trading, quality assurance, and supply chain roles, indicating investment in digital transformation, data analytics capabilities, and operational excellence across global operations.",0,None detected,0,0,None detected,"Apollo Multi-Pass Org Graph, Company Leadership Web Crawler, Nutraceutical Knowledge Base",2026-09-14T05:31:41.813003+00:00
Neomedica Biotechnology,neomedicabiotechnology.com,"Niš, Serbia","contract manufacturer, supplement brand",0,None detected,0,None detected,"Quality Assurance/Quality Control, Research & Development, Regulatory Affairs, Manufacturing/Production, Scientific Research",QC Associate Scientist | Research Scientist | Regulatory Scientist | Quality Analyst | Biochemist | Research Science Associate,"Neomedica is actively recruiting for scientific, quality, regulatory, and manufacturing roles. Job postings indicate hiring in biotechnology, analytical chemistry, and operational support functions. The company is building technical expertise in biotech manufacturing and quality systems.",0,None detected,0,0,None detected,"Apollo Multi-Pass Org Graph, Company Leadership Web Crawler, Nutraceutical Knowledge Base",2026-09-14T05:31:41.813036+00:00
Lucys Restaurant Group,lucysrestaurantgroup.com,"Auburn, Alabama",Unknown,0,None detected,0,None detected,"Hospitality/Service, Beverage Direction, Floor Management, Training, HR",Beverage Director - Service Manager | Service & Training Manager | Host/Hostess | Server | HR Assistant Manager,"Lucy's Restaurant Group is actively hiring for hospitality and management positions including Beverage Directors, Service Managers, Training Managers, and front-of-house staff. Compensation ranges from $5.00/hour plus tips for entry-level positions to $55,000-$85,000 annually for beverage director roles. The company emphasizes team culture and hospitality values in recruitment messaging.",0,None detected,0,0,None detected,"Apollo Multi-Pass Org Graph, Company Leadership Web Crawler, Nutraceutical Knowledge Base",2026-09-14T05:31:41.813073+00:00
Boutique Recruiting,boutiquerecruiting.com,United States,Unknown,0,None detected,0,None detected,"Regulatory, Quality/Compliance, R&D, Product Innovation, Sales, eCommerce, Marketing, Operations, Executive Leadership",Chief Executive Officer | Chief Operating Officer | General Manager | VP Sales | VP eCommerce | VP Marketing/Growth | Head of Regulatory | Head of Quality | Head of Innovation/R&D | Amazon Marketplace Specialist | Regional Leaders,"Boutique Recruiting maintains a strong network within the dietary supplement and nutraceutical industries with specialized expertise in executive-level placements. The firm has placed talent at Fortune 500, PE-backed, and startup companies. They actively source both passive candidates currently employed in the industry and active job seekers. The firm's average job tenure for recruiters indicates experienced personnel with deep industry relationships and continuity.",0,None detected,0,0,None detected,"Apollo Multi-Pass Org Graph, Company Leadership Web Crawler, Nutraceutical Knowledge Base",2026-09-14T05:31:41.813109+00:00
FastStrat,faststrat.com,"Georgia, USA",contract manufacturer,0,None detected,0,None detected,"R&D, Quality Assurance/Quality Control, Manufacturing, Regulatory Affairs, Sales, Customer Service, Strategic Operations, Procurement",Quality Assurance Specialist | Manufacturing Technician | Regulatory Scientist | R&D Formulation Specialist | Sales Development Representative | Customer Service Representative | Strategic Business Development Analyst | Procurement Specialist,"Job openings indicate hiring across multiple functional areas including quality, manufacturing, regulatory, and commercial operations. Catalyst is recruiting for roles spanning from entry-level customer service to senior strategic positions, suggesting both operational scaling and business development initiatives. The emphasis on GTM strategy and marketplace engagement roles indicates expansion into new sales channels.",0,None detected,0,0,None detected,"Apollo Multi-Pass Org Graph, Company Leadership Web Crawler, Nutraceutical Knowledge Base",2026-09-14T05:31:41.813147+00:00
HUBCYCLE,hubcycle.com,France,ingredient supplier,0,None detected,0,None detected,"Sales, Regional Field Sales, Ingredients Sales Management, Supply Chain/Procurement (Junior Buyer roles), Marketing, Operations",Ingredients Sales Manager | Regional Field Sales Executive | Junior Buyer | Global Brand Media Manager | Sales Lead,"Hubcycle is actively hiring across commercial and operational functions, with 100+ job postings globally. Key roles include Ingredients Sales Manager positions in the US market (compensation $150,000-$180,000), Regional Field Sales Executives, Junior Buyers, and Global Brand Media Manager roles. Positions require knowledge of industrial processes, food engineering, manufacturing best practices, and B2B sales acumen. Recruitment spans worldwide locations including Indonesia, indicating geographic expansion.",0,None detected,0,0,None detected,"Apollo Multi-Pass Org Graph, Company Leadership Web Crawler, Nutraceutical Knowledge Base",2026-09-14T05:31:41.813180+00:00
"Layn USA, Inc.",layn.com,"Irvine, CA 92602, USA",ingredient supplier,0,None detected,0,None detected,"Business Development, Sales",Business Development Manager (Food Ingredient/Antioxidant focus),"Layn USA actively recruits for business development roles focused on food ingredient growth, particularly in antioxidant categories. Currently no active postings on major recruitment platforms, suggesting selective or direct recruitment approach.",0,None detected,0,0,None detected,"Apollo Multi-Pass Org Graph, Company Leadership Web Crawler, Nutraceutical Knowledge Base",2026-09-14T05:31:41.813216+00:00
Veritas Recruitment,veritasrecruitment.com,United States,Unknown,0,None detected,0,None detected,"Regulatory Affairs, Quality Assurance & Quality Control, Research & Development, Sales & Marketing, Operations, Compliance, Supply Chain, Finance & Accounting",Regulatory Scientist | Quality Analyst | Head of QA & Regulatory Affairs | Marketing Manager | Chief Compliance Officer | Technical specialists | Executive leadership,"Veritas Recruitment operates with a 96% placement rate (per Irving Knight Group partnership data). The firm actively recruits for roles requiring expertise in: active nutraceutical ingredients, amino acids, botanicals, branded ingredients, contract manufacturing, dietary supplements, enzymes, functional foods, probiotics, proteins, softgels, sports nutrition, and vitamins. Positions span scientific (formulation, analytical), regulatory (compliance, documentation), operational (quality, supply chain), and commercial (sales, marketing) functions. The global nutraceutical ingredients market valued at USD 150-200 billion provides significant pipeline opportunity.",0,None detected,0,0,None detected,"Apollo Multi-Pass Org Graph, Company Leadership Web Crawler, Nutraceutical Knowledge Base",2026-09-14T05:31:41.813252+00:00
No Guilt Fitness Pvt Ltd ( Fitelo),noguiltfitness.com,"Mohali, India",Unknown,0,None detected,0,None detected,"Nutrition Research, Content Strategy, Dietetics, Product Development",Dietitian | Nutrition Researcher | Content Strategist | Nutrition and Dietetics Specialist,"Fitelo is actively hiring for Dietitian positions focused on Nutrition Research & Content Strategy, targeting candidates with MSc/PhD qualifications. The company recruits in Mohali (headquarters) with qualifications including BSc/MSc in nutrition and dietetics, seeking candidates with 6 months to 3 years experience or strong communication skills for entry-level positions. This indicates growth in the nutrition content and research function.",0,None detected,0,0,None detected,"Apollo Multi-Pass Org Graph, Company Leadership Web Crawler, Nutraceutical Knowledge Base",2026-09-14T05:31:41.813288+00:00
Zeta Service I Head Hunting,zeta.com,Multiple locations identified - Dallas TX and Washington DC mentioned,Unknown,0,None detected,0,None detected,"HR Leadership, Talent Acquisition, Recruitment, Payroll Administration, HR Consultancy, People Operations, Organizational Development",HR Executive | Talent Acquisition Specialist | Recruitment Consultant | Payroll Administrator | HR Consultant | People Partner | Organizational Development Specialist,"Zeta Service actively recruits for HR leadership positions, people partner roles, and talent acquisition functions. The company seeks candidates with HR expertise, recruitment methodology knowledge, and organizational development capabilities. Hiring emphasis on building internal teams to support 1,600+ client base and maintain service quality standards.",0,None detected,0,0,None detected,"Apollo Multi-Pass Org Graph, Company Leadership Web Crawler, Nutraceutical Knowledge Base",2026-09-14T05:31:41.813329+00:00
Westin Hotels & Resorts,westinhotelsresorts.com,"Bethesda, Maryland, United States",Unknown,0,None detected,0,None detected,"Hotel Management, Front Office Operations, Rooms Operations, Sales & Event Coordination, Culinary & Food Service, Spa & Wellness Services, Housekeeping, Guest Services",Hotel Manager | General Manager | Rooms Operations Manager | Front Office Manager | Convention Services Manager | Event Coordinator | Restaurant Bartender | Room Service Server | Barista,"Westin actively recruits across hospitality operations functions including hotel management, front office operations, rooms management, sales coordination, and food service roles. Job postings indicate pay ranges of $71,000–$91,000 annually for coordinator-level positions with bonus eligibility. Hiring is distributed across global locations with significant concentration in major markets (Silver Spring, Toronto, Maui, etc.). Recruitment focuses on operational and customer-facing roles with limited evidence of specialized technical or scientific hiring.",0,None detected,0,1,[PRODUCT_LAUNCH] Westin Hotels & Resorts unveils campaign for its signature 'Heavenly Bed' in India,"Apollo Multi-Pass Org Graph, Company Leadership Web Crawler, Nutraceutical Knowledge Base",2026-09-14T05:31:41.813366+00:00
Marriott International,marriott.com,"Bethesda, Maryland, USA",Unknown,0,None detected,0,None detected,"Hotel Operations, Guest Services, Sales and Marketing, Human Resources, Finance, Development and Acquisitions, Sustainability, Corporate Strategy",Front Desk Associate | Hotel Manager | Regional Director | Sales Executive | Corporate Strategic Planner | Sustainability Manager,"Marriott actively recruits across hospitality operations, guest services, and corporate functions. The company emphasizes career development and long-term employment opportunities for associates. Recruitment messaging focuses on belonging, opportunity access, and the ability to shape the company's future through diverse roles.",0,None detected,0,0,None detected,"Apollo Multi-Pass Org Graph, Company Leadership Web Crawler, Nutraceutical Knowledge Base",2026-09-14T05:31:41.813403+00:00
"fairlife, LLC",fairlife.com,United States,Unknown,0,None detected,0,None detected,"R&D Formulation, QA/QC, Regulatory Affairs, Technical Sales",Plant Operations Manager | Director of Quality & Regulatory | Formulation Scientist | Technical Sales Director,,0,None detected,0,0,None detected,"Apollo Multi-Pass Org Graph, Company Leadership Web Crawler, Nutraceutical Knowledge Base",2026-09-14T05:31:41.813439+00:00
Elite Recruit LLC,eliterecruit.com,United States,Unknown,0,None detected,0,None detected,"R&D Formulation, QA/QC, Regulatory Affairs, Technical Sales",Plant Operations Manager | Director of Quality & Regulatory | Formulation Scientist | Technical Sales Director,,0,None detected,0,0,None detected,"Apollo Multi-Pass Org Graph, Company Leadership Web Crawler, Nutraceutical Knowledge Base",2026-09-14T05:31:41.813476+00:00
KOJI INVESTMENT JSC,kojiinvestmentjsc.com,United States,Unknown,0,None detected,0,None detected,"R&D Formulation, QA/QC, Regulatory Affairs, Technical Sales",Plant Operations Manager | Director of Quality & Regulatory | Formulation Scientist | Technical Sales Director,,0,None detected,0,0,None detected,"Apollo Multi-Pass Org Graph, Company Leadership Web Crawler, Nutraceutical Knowledge Base",2026-09-14T05:31:41.813505+00:00
"Systems Application & Technologies, Inc",systemsapplication.com,United States,Unknown,0,None detected,0,None detected,"R&D Formulation, QA/QC, Regulatory Affairs, Technical Sales",Plant Operations Manager | Director of Quality & Regulatory | Formulation Scientist | Technical Sales Director,,0,None detected,0,0,None detected,"Apollo Multi-Pass Org Graph, Company Leadership Web Crawler, Nutraceutical Knowledge Base",2026-09-14T05:31:41.813544+00:00
PEOPLE TECHNOLOGY AND PROCESSES LLC,peopletechnologyandprocesses.com,United States,Unknown,0,None detected,0,None detected,"R&D Formulation, QA/QC, Regulatory Affairs, Technical Sales",Plant Operations Manager | Director of Quality & Regulatory | Formulation Scientist | Technical Sales Director,,0,None detected,0,0,None detected,"Apollo Multi-Pass Org Graph, Company Leadership Web Crawler, Nutraceutical Knowledge Base",2026-09-14T05:31:41.813580+00:00
Re:Build Manufacturing,rebuildmanufacturing.com,United States,Unknown,0,None detected,0,None detected,"R&D Formulation, QA/QC, Regulatory Affairs, Technical Sales",Plant Operations Manager | Director of Quality & Regulatory | Formulation Scientist | Technical Sales Director,,0,None detected,0,0,None detected,"Apollo Multi-Pass Org Graph, Company Leadership Web Crawler, Nutraceutical Knowledge Base",2026-09-14T05:31:41.813614+00:00
"Walton Communities, LLC",walton.com,United States,Unknown,0,None detected,0,None detected,"R&D Formulation, QA/QC, Regulatory Affairs, Technical Sales",Plant Operations Manager | Director of Quality & Regulatory | Formulation Scientist | Technical Sales Director,,0,None detected,0,0,None detected,"Apollo Multi-Pass Org Graph, Company Leadership Web Crawler, Nutraceutical Knowledge Base",2026-09-14T05:31:41.813647+00:00
The Hanover Company,thehanover.com,United States,Unknown,0,None detected,0,None detected,"R&D Formulation, QA/QC, Regulatory Affairs, Technical Sales",Plant Operations Manager | Director of Quality & Regulatory | Formulation Scientist | Technical Sales Director,,0,None detected,0,0,None detected,"Apollo Multi-Pass Org Graph, Company Leadership Web Crawler, Nutraceutical Knowledge Base",2026-09-14T05:31:41.813685+00:00
Blykalla,blykalla.com,United States,Unknown,0,None detected,0,None detected,"R&D Formulation, QA/QC, Regulatory Affairs, Technical Sales",Plant Operations Manager | Director of Quality & Regulatory | Formulation Scientist | Technical Sales Director,,0,None detected,0,0,None detected,"Apollo Multi-Pass Org Graph, Company Leadership Web Crawler, Nutraceutical Knowledge Base",2026-09-14T05:31:41.813715+00:00
"People, Technology & Processes",peopletechnologyprocesses.com,United States,Unknown,0,None detected,0,None detected,"R&D Formulation, QA/QC, Regulatory Affairs, Technical Sales",Plant Operations Manager | Director of Quality & Regulatory | Formulation Scientist | Technical Sales Director,,0,None detected,0,0,None detected,"Apollo Multi-Pass Org Graph, Company Leadership Web Crawler, Nutraceutical Knowledge Base",2026-09-14T05:31:41.813753+00:00
La Bellasera - InterMountain Management,labellaseraintermountainmanagement.com,United States,Unknown,0,None detected,0,None detected,"R&D Formulation, QA/QC, Regulatory Affairs, Technical Sales",Plant Operations Manager | Director of Quality & Regulatory | Formulation Scientist | Technical Sales Director,,0,None detected,0,0,None detected,"Apollo Multi-Pass Org Graph, Company Leadership Web Crawler, Nutraceutical Knowledge Base",2026-09-14T05:31:41.813792+00:00
US Department of Veterans Affairs,usdepartment.com,United States,Unknown,0,None detected,0,None detected,"R&D Formulation, QA/QC, Regulatory Affairs, Technical Sales",Plant Operations Manager | Director of Quality & Regulatory | Formulation Scientist | Technical Sales Director,,0,None detected,0,0,None detected,"Apollo Multi-Pass Org Graph, Company Leadership Web Crawler, Nutraceutical Knowledge Base",2026-09-14T05:31:41.813828+00:00
Newbury Franklin Industrials,newburyfranklinindustrials.com,United States,Unknown,0,None detected,0,None detected,"R&D Formulation, QA/QC, Regulatory Affairs, Technical Sales",Plant Operations Manager | Director of Quality & Regulatory | Formulation Scientist | Technical Sales Director,,0,None detected,0,0,None detected,"Apollo Multi-Pass Org Graph, Company Leadership Web Crawler, Nutraceutical Knowledge Base",2026-09-14T05:31:41.813864+00:00
The Judge Group,thejudge.com,United States,Unknown,0,None detected,0,None detected,"R&D Formulation, QA/QC, Regulatory Affairs, Technical Sales",Plant Operations Manager | Director of Quality & Regulatory | Formulation Scientist | Technical Sales Director,,0,None detected,0,0,None detected,"Apollo Multi-Pass Org Graph, Company Leadership Web Crawler, Nutraceutical Knowledge Base",2026-09-14T05:31:41.813906+00:00
Farmer Focus,farmerfocus.com,United States,Unknown,0,None detected,0,None detected,"R&D Formulation, QA/QC, Regulatory Affairs, Technical Sales",Plant Operations Manager | Director of Quality & Regulatory | Formulation Scientist | Technical Sales Director,,0,None detected,0,0,None detected,"Apollo Multi-Pass Org Graph, Company Leadership Web Crawler, Nutraceutical Knowledge Base",2026-09-14T05:31:41.813942+00:00
BioSpace,biospace.com,United States,Unknown,0,None detected,0,None detected,"R&D Formulation, QA/QC, Regulatory Affairs, Technical Sales",Plant Operations Manager | Director of Quality & Regulatory | Formulation Scientist | Technical Sales Director,,0,None detected,0,0,None detected,"Apollo Multi-Pass Org Graph, Company Leadership Web Crawler, Nutraceutical Knowledge Base",2026-09-14T05:31:41.813974+00:00
Amgen,amgen.com,United States,Unknown,0,None detected,0,None detected,"R&D Formulation, QA/QC, Regulatory Affairs, Technical Sales",Plant Operations Manager | Director of Quality & Regulatory | Formulation Scientist | Technical Sales Director,,0,None detected,0,0,None detected,"Apollo Multi-Pass Org Graph, Company Leadership Web Crawler, Nutraceutical Knowledge Base",2026-09-14T05:31:41.814004+00:00
Pactiv Evergreen Inc.,pactivevergreen.com,United States,Unknown,0,None detected,0,None detected,"R&D Formulation, QA/QC, Regulatory Affairs, Technical Sales",Plant Operations Manager | Director of Quality & Regulatory | Formulation Scientist | Technical Sales Director,,0,None detected,0,0,None detected,"Apollo Multi-Pass Org Graph, Company Leadership Web Crawler, Nutraceutical Knowledge Base",2026-09-14T05:31:41.814038+00:00
Precision Aerospace Holdings,precisionaerospace.com,United States,Unknown,0,None detected,0,None detected,"R&D Formulation, QA/QC, Regulatory Affairs, Technical Sales",Plant Operations Manager | Director of Quality & Regulatory | Formulation Scientist | Technical Sales Director,,0,None detected,0,0,None detected,"Apollo Multi-Pass Org Graph, Company Leadership Web Crawler, Nutraceutical Knowledge Base",2026-09-14T05:31:41.814074+00:00
Novolex,novolex.com,United States,Unknown,0,None detected,0,None detected,"R&D Formulation, QA/QC, Regulatory Affairs, Technical Sales",Plant Operations Manager | Director of Quality & Regulatory | Formulation Scientist | Technical Sales Director,,0,None detected,0,0,None detected,"Apollo Multi-Pass Org Graph, Company Leadership Web Crawler, Nutraceutical Knowledge Base",2026-09-14T05:31:41.814107+00:00
Penn Life Sciences,pennlifesciences.com,United States,Unknown,0,None detected,0,None detected,"R&D Formulation, QA/QC, Regulatory Affairs, Technical Sales",Plant Operations Manager | Director of Quality & Regulatory | Formulation Scientist | Technical Sales Director,,0,None detected,0,0,None detected,"Apollo Multi-Pass Org Graph, Company Leadership Web Crawler, Nutraceutical Knowledge Base",2026-09-14T05:31:41.814145+00:00
Precinmac,precinmac.com,United States,Unknown,0,None detected,0,None detected,"R&D Formulation, QA/QC, Regulatory Affairs, Technical Sales",Plant Operations Manager | Director of Quality & Regulatory | Formulation Scientist | Technical Sales Director,,0,None detected,0,0,None detected,"Apollo Multi-Pass Org Graph, Company Leadership Web Crawler, Nutraceutical Knowledge Base",2026-09-14T05:31:41.814179+00:00
"Valley Milk, LLC",valleymilk.com,United States,Unknown,0,None detected,0,None detected,"R&D Formulation, QA/QC, Regulatory Affairs, Technical Sales",Plant Operations Manager | Director of Quality & Regulatory | Formulation Scientist | Technical Sales Director,,0,None detected,0,0,None detected,"Apollo Multi-Pass Org Graph, Company Leadership Web Crawler, Nutraceutical Knowledge Base",2026-09-14T05:31:41.814214+00:00
Stevenson Staffing LLC,stevensonstaffingllc.com,United States,Unknown,0,None detected,0,None detected,"R&D Formulation, QA/QC, Regulatory Affairs, Technical Sales",Plant Operations Manager | Director of Quality & Regulatory | Formulation Scientist | Technical Sales Director,,0,None detected,0,0,None detected,"Apollo Multi-Pass Org Graph, Company Leadership Web Crawler, Nutraceutical Knowledge Base",2026-09-14T05:31:41.814249+00:00
Carib Brewery USA,caribbrewery.com,United States,Unknown,0,None detected,0,None detected,"R&D Formulation, QA/QC, Regulatory Affairs, Technical Sales",Plant Operations Manager | Director of Quality & Regulatory | Formulation Scientist | Technical Sales Director,,0,None detected,0,0,None detected,"Apollo Multi-Pass Org Graph, Company Leadership Web Crawler, Nutraceutical Knowledge Base",2026-09-14T05:31:41.814285+00:00
VALLEY MILK LLC,valleymilk.com,United States,Unknown,0,None detected,0,None detected,"R&D Formulation, QA/QC, Regulatory Affairs, Technical Sales",Plant Operations Manager | Director of Quality & Regulatory | Formulation Scientist | Technical Sales Director,,0,None detected,0,0,None detected,"Apollo Multi-Pass Org Graph, Company Leadership Web Crawler, Nutraceutical Knowledge Base",2026-09-14T05:31:41.814319+00:00
Sixpoint Brewery,sixpointbrewery.com,United States,Unknown,0,None detected,0,None detected,"R&D Formulation, QA/QC, Regulatory Affairs, Technical Sales",Plant Operations Manager | Director of Quality & Regulatory | Formulation Scientist | Technical Sales Director,,0,None detected,0,0,None detected,"Apollo Multi-Pass Org Graph, Company Leadership Web Crawler, Nutraceutical Knowledge Base",2026-09-14T05:31:41.814352+00:00
Thrive Freeze Dry,thrivefreezedry.com,United States,Unknown,0,None detected,0,None detected,"R&D Formulation, QA/QC, Regulatory Affairs, Technical Sales",Plant Operations Manager | Director of Quality & Regulatory | Formulation Scientist | Technical Sales Director,,0,None detected,0,0,None detected,"Apollo Multi-Pass Org Graph, Company Leadership Web Crawler, Nutraceutical Knowledge Base",2026-09-14T05:31:41.814390+00:00
Forge Biologics,forgebiologics.com,United States,Unknown,0,None detected,0,None detected,"R&D Formulation, QA/QC, Regulatory Affairs, Technical Sales",Plant Operations Manager | Director of Quality & Regulatory | Formulation Scientist | Technical Sales Director,,0,None detected,0,0,None detected,"Apollo Multi-Pass Org Graph, Company Leadership Web Crawler, Nutraceutical Knowledge Base",2026-09-14T05:31:41.814440+00:00
Hamakua Macadamia Nut Co,hamakuamacadamianut.com,United States,Unknown,0,None detected,0,None detected,"R&D Formulation, QA/QC, Regulatory Affairs, Technical Sales",Plant Operations Manager | Director of Quality & Regulatory | Formulation Scientist | Technical Sales Director,,0,None detected,0,0,None detected,"Apollo Multi-Pass Org Graph, Company Leadership Web Crawler, Nutraceutical Knowledge Base",2026-09-14T05:31:41.814478+00:00
MEI Industrial Solutions,meiindustrialsolutions.com,United States,Unknown,0,None detected,0,None detected,"R&D Formulation, QA/QC, Regulatory Affairs, Technical Sales",Plant Operations Manager | Director of Quality & Regulatory | Formulation Scientist | Technical Sales Director,,0,None detected,0,0,None detected,"Apollo Multi-Pass Org Graph, Company Leadership Web Crawler, Nutraceutical Knowledge Base",2026-09-14T05:31:41.814514+00:00
"Burch Equipment, LLC.",burchequipment.com,United States,Unknown,0,None detected,0,None detected,"R&D Formulation, QA/QC, Regulatory Affairs, Technical Sales",Plant Operations Manager | Director of Quality & Regulatory | Formulation Scientist | Technical Sales Director,,0,None detected,0,0,None detected,"Apollo Multi-Pass Org Graph, Company Leadership Web Crawler, Nutraceutical Knowledge Base",2026-09-14T05:31:41.814546+00:00
Evotec,evotec.com,United States,Unknown,0,None detected,0,None detected,"R&D Formulation, QA/QC, Regulatory Affairs, Technical Sales",Plant Operations Manager | Director of Quality & Regulatory | Formulation Scientist | Technical Sales Director,,0,None detected,0,0,None detected,"Apollo Multi-Pass Org Graph, Company Leadership Web Crawler, Nutraceutical Knowledge Base",2026-09-14T05:31:41.814579+00:00
Novo Health Services,novohealth.com,United States,Unknown,0,None detected,0,None detected,"R&D Formulation, QA/QC, Regulatory Affairs, Technical Sales",Plant Operations Manager | Director of Quality & Regulatory | Formulation Scientist | Technical Sales Director,,0,None detected,0,0,None detected,"Apollo Multi-Pass Org Graph, Company Leadership Web Crawler, Nutraceutical Knowledge Base",2026-09-14T05:31:41.814616+00:00
Dainty Foods,daintyfoods.com,United States,Unknown,0,None detected,0,None detected,"R&D Formulation, QA/QC, Regulatory Affairs, Technical Sales",Plant Operations Manager | Director of Quality & Regulatory | Formulation Scientist | Technical Sales Director,,0,None detected,0,0,None detected,"Apollo Multi-Pass Org Graph, Company Leadership Web Crawler, Nutraceutical Knowledge Base",2026-09-14T05:31:41.814650+00:00
LJA-LaSalle Investment Management,ljalasalleinvestmentmanagement.com,United States,Unknown,0,None detected,0,None detected,"R&D Formulation, QA/QC, Regulatory Affairs, Technical Sales",Plant Operations Manager | Director of Quality & Regulatory | Formulation Scientist | Technical Sales Director,,0,None detected,0,0,None detected,"Apollo Multi-Pass Org Graph, Company Leadership Web Crawler, Nutraceutical Knowledge Base",2026-09-14T05:31:41.814685+00:00
Jost Chemical Company,jostchemical.com,United States,Unknown,0,None detected,0,None detected,"R&D Formulation, QA/QC, Regulatory Affairs, Technical Sales",Plant Operations Manager | Director of Quality & Regulatory | Formulation Scientist | Technical Sales Director,,0,None detected,0,0,None detected,"Apollo Multi-Pass Org Graph, Company Leadership Web Crawler, Nutraceutical Knowledge Base",2026-09-14T05:31:41.814717+00:00
Gartner,gartner.com,United States,Unknown,0,None detected,0,None detected,"R&D Formulation, QA/QC, Regulatory Affairs, Technical Sales",Plant Operations Manager | Director of Quality & Regulatory | Formulation Scientist | Technical Sales Director,,0,None detected,0,0,None detected,"Apollo Multi-Pass Org Graph, Company Leadership Web Crawler, Nutraceutical Knowledge Base",2026-09-14T05:31:41.814753+00:00
RealWear,realwear.com,United States,Unknown,0,None detected,0,None detected,"R&D Formulation, QA/QC, Regulatory Affairs, Technical Sales",Plant Operations Manager | Director of Quality & Regulatory | Formulation Scientist | Technical Sales Director,,0,None detected,0,0,None detected,"Apollo Multi-Pass Org Graph, Company Leadership Web Crawler, Nutraceutical Knowledge Base",2026-09-14T05:31:41.814792+00:00
UPS,ups.com,United States,Unknown,0,None detected,0,None detected,"R&D Formulation, QA/QC, Regulatory Affairs, Technical Sales",Plant Operations Manager | Director of Quality & Regulatory | Formulation Scientist | Technical Sales Director,,0,None detected,0,0,None detected,"Apollo Multi-Pass Org Graph, Company Leadership Web Crawler, Nutraceutical Knowledge Base",2026-09-14T05:31:41.814824+00:00
Sempra Infrastructure,semprainfrastructure.com,United States,Unknown,0,None detected,0,None detected,"R&D Formulation, QA/QC, Regulatory Affairs, Technical Sales",Plant Operations Manager | Director of Quality & Regulatory | Formulation Scientist | Technical Sales Director,,0,None detected,0,0,None detected,"Apollo Multi-Pass Org Graph, Company Leadership Web Crawler, Nutraceutical Knowledge Base",2026-09-14T05:31:41.814862+00:00
Sail Lore,saillore.com,United States,Unknown,0,None detected,0,None detected,"R&D Formulation, QA/QC, Regulatory Affairs, Technical Sales",Plant Operations Manager | Director of Quality & Regulatory | Formulation Scientist | Technical Sales Director,,0,None detected,0,0,None detected,"Apollo Multi-Pass Org Graph, Company Leadership Web Crawler, Nutraceutical Knowledge Base",2026-09-14T05:31:41.814898+00:00
Fullsight,fullsight.com,United States,Unknown,0,None detected,0,None detected,"R&D Formulation, QA/QC, Regulatory Affairs, Technical Sales",Plant Operations Manager | Director of Quality & Regulatory | Formulation Scientist | Technical Sales Director,,0,None detected,0,0,None detected,"Apollo Multi-Pass Org Graph, Company Leadership Web Crawler, Nutraceutical Knowledge Base",2026-09-14T05:31:41.814932+00:00
Spectrum Reach,spectrumreach.com,United States,Unknown,0,None detected,0,None detected,"R&D Formulation, QA/QC, Regulatory Affairs, Technical Sales",Plant Operations Manager | Director of Quality & Regulatory | Formulation Scientist | Technical Sales Director,,0,None detected,0,0,None detected,"Apollo Multi-Pass Org Graph, Company Leadership Web Crawler, Nutraceutical Knowledge Base",2026-09-14T05:31:41.814971+00:00
ChatGPT Jobs,chatgptjobs.com,United States,Unknown,0,None detected,0,None detected,"R&D Formulation, QA/QC, Regulatory Affairs, Technical Sales",Plant Operations Manager | Director of Quality & Regulatory | Formulation Scientist | Technical Sales Director,,0,None detected,0,0,None detected,"Apollo Multi-Pass Org Graph, Company Leadership Web Crawler, Nutraceutical Knowledge Base",2026-09-14T05:31:41.815000+00:00
Jack & Jill,jackjill.com,United States,Unknown,0,None detected,0,None detected,"R&D Formulation, QA/QC, Regulatory Affairs, Technical Sales",Plant Operations Manager | Director of Quality & Regulatory | Formulation Scientist | Technical Sales Director,,0,None detected,0,0,None detected,"Apollo Multi-Pass Org Graph, Company Leadership Web Crawler, Nutraceutical Knowledge Base",2026-09-14T05:31:41.815040+00:00
MaxGrip,maxgrip.com,United States,Unknown,0,None detected,0,None detected,"R&D Formulation, QA/QC, Regulatory Affairs, Technical Sales",Plant Operations Manager | Director of Quality & Regulatory | Formulation Scientist | Technical Sales Director,,0,None detected,0,0,None detected,"Apollo Multi-Pass Org Graph, Company Leadership Web Crawler, Nutraceutical Knowledge Base",2026-09-14T05:31:41.815073+00:00
action.,action.com,United States,Unknown,0,None detected,0,None detected,"R&D Formulation, QA/QC, Regulatory Affairs, Technical Sales",Plant Operations Manager | Director of Quality & Regulatory | Formulation Scientist | Technical Sales Director,,0,None detected,0,1,"[MERGER_ACQUISITION] Jaguar LAA, Inc. Announces Acquisition of Assets Related to the Laminar Program","Apollo Multi-Pass Org Graph, Company Leadership Web Crawler, Nutraceutical Knowledge Base",2026-09-14T05:31:41.815100+00:00
Kyriba,kyriba.com,United States,Unknown,0,None detected,0,None detected,"R&D Formulation, QA/QC, Regulatory Affairs, Technical Sales",Plant Operations Manager | Director of Quality & Regulatory | Formulation Scientist | Technical Sales Director,,0,None detected,0,0,None detected,"Apollo Multi-Pass Org Graph, Company Leadership Web Crawler, Nutraceutical Knowledge Base",2026-09-14T05:31:41.815134+00:00
Arrive,arrive.com,United States,Unknown,0,None detected,0,None detected,"R&D Formulation, QA/QC, Regulatory Affairs, Technical Sales",Plant Operations Manager | Director of Quality & Regulatory | Formulation Scientist | Technical Sales Director,,0,None detected,0,0,None detected,"Apollo Multi-Pass Org Graph, Company Leadership Web Crawler, Nutraceutical Knowledge Base",2026-09-14T05:31:41.815171+00:00
Netrio,netrio.com,United States,Unknown,0,None detected,0,None detected,"R&D Formulation, QA/QC, Regulatory Affairs, Technical Sales",Plant Operations Manager | Director of Quality & Regulatory | Formulation Scientist | Technical Sales Director,,0,None detected,0,0,None detected,"Apollo Multi-Pass Org Graph, Company Leadership Web Crawler, Nutraceutical Knowledge Base",2026-09-14T05:31:41.815205+00:00
Peak Sports MGMT,peaksportsmgmt.com,United States,Unknown,0,None detected,0,None detected,"R&D Formulation, QA/QC, Regulatory Affairs, Technical Sales",Plant Operations Manager | Director of Quality & Regulatory | Formulation Scientist | Technical Sales Director,,0,None detected,0,0,None detected,"Apollo Multi-Pass Org Graph, Company Leadership Web Crawler, Nutraceutical Knowledge Base",2026-09-14T05:31:41.815238+00:00
Zachary Piper Solutions,zacharypiper.com,United States,Unknown,0,None detected,0,None detected,"R&D Formulation, QA/QC, Regulatory Affairs, Technical Sales",Plant Operations Manager | Director of Quality & Regulatory | Formulation Scientist | Technical Sales Director,,0,None detected,0,0,None detected,"Apollo Multi-Pass Org Graph, Company Leadership Web Crawler, Nutraceutical Knowledge Base",2026-09-14T05:31:41.815278+00:00
Hire Feed,hirefeed.com,United States,Unknown,0,None detected,0,None detected,"Engineering, Administrative, Sales, Talent Acquisition",Talent Acquisition Specialist | Mid-Senior level professionals across multiple functions,"Hire Feed appears to be a talent aggregation platform focused on connecting remote workers and gig economy participants with job opportunities. The platform targets professionals seeking contract, gig, and AI training roles across global markets.",0,None detected,0,0,None detected,"Apollo Multi-Pass Org Graph, Company Leadership Web Crawler, Nutraceutical Knowledge Base",2026-09-14T05:31:41.815326+00:00
MoroccoNext International Trade & Business Solutions Ltd,morocconext.com,"Casablanca, Morocco",Unknown,0,None detected,0,None detected,"International Trade Specialist, Regulatory Compliance, Accounting, Tax Services, IT Project Management, Digital Transformation, Business Consulting",CPA (Certified Public Accountant) | International Trade Specialist | Regulatory Compliance Specialist | Tax Consultant | IT Project Manager | Digital Solutions Consultant | Business Advisor,"The company recruits for roles spanning accounting, tax services, international trade, regulatory compliance, IT project management, and digital transformation. Hiring is ongoing across Morocco and U.S. locations. Key talent needs align with cross-border operations requiring bilingual proficiency, regulatory expertise, and technical digital skills. Job postings indicate active expansion in Morocco (750+ jobs in Morocco) and U.S.-Morocco bridge roles (750+ jobs in United States).",0,None detected,0,0,None detected,"Apollo Multi-Pass Org Graph, Company Leadership Web Crawler, Nutraceutical Knowledge Base",2026-09-14T05:31:41.815363+00:00
Xylem,xylem.com,"Lindon, Utah (Pharmatech Labs); Park City, Utah (Nutraceutical International Corporation); Winston-Salem, North Carolina (Nature's Value - expanded 2021)",Unknown,0,None detected,0,None detected,"Technical Sales Engineer/Specialist, Service Supervisor, Territory Manager, Outside Sales Representative, Quality (Sr. Director, Quality), Supply Chain (Supply Planner)",Technical Sales Engineer | Technical Sales Specialist | Service Supervisor | Territory Manager - Biological Process | Outside Sales Representative | VP and General Manager | Sr. Director Quality | Regional Director | Supply Planner,"Xylem actively recruits across technical sales, service, territory management, and operations functions globally. The company has a distributed hiring model with offices and opportunities worldwide, suggesting significant geographic expansion and need for localized sales and service teams across multiple regions and markets.",0,None detected,0,0,None detected,"Apollo Multi-Pass Org Graph, Company Leadership Web Crawler, Nutraceutical Knowledge Base",2026-09-14T05:31:41.815409+00:00
The Agency Cayman,the.com,Cayman Islands,Unknown,0,None detected,0,None detected,"Regulatory, QA/QC, R&D, Sales, Operations, HR, Project Management, Digital Marketing, Data Center Operations",Regulatory Scientist | Quality Analyst | Project Systems Specialist | Property Maintenance & Operations Coordinator | Recruiter | Digital Marketing Executive | Data Center Technician | Baker,"The Agency Cayman provides permanent, executive, and temporary recruitment services with fractional HR, immigration, and payroll support. With 297-318 active job listings in the Cayman Islands market, the firm operates across diverse sectors. Based on market context, competitors like Irving Knight Group specialize in nutraceutical sector recruitment with 96% placement rates, indicating The Agency Cayman's positioning within a competitive talent acquisition landscape.",0,None detected,0,0,None detected,"Apollo Multi-Pass Org Graph, Company Leadership Web Crawler, Nutraceutical Knowledge Base",2026-09-14T05:31:41.815440+00:00
Miltenyi Biotec,miltenyibiotec.com,"Bergisch Gladbach, Rhineland, Germany",contract manufacturer,0,None detected,0,None detected,"Quality Control/Quality Assurance, Research & Development, Manufacturing, Sales/Field Application, Marketing, Regulatory Affairs",QC Analyst | Flow Cytometry Specialist | Director of Marketing - Clinical/Regulated Products | Field Application Scientist - Flow Cytometry | Manufacturing Specialist | Scientist - Hematopoiesis (iPSCs) | Senior Research Scientist,"Miltenyi Biotec is actively recruiting across multiple functions, with 1,000+ job openings advertised in Gaithersburg and San Jose locations. Job postings include roles in quality assurance, flow cytometry specialization, marketing for clinical products, field application, manufacturing, and R&D, particularly focused on stem cell and cellular therapy development. The company's expansion in Maryland and hiring of 130 new full-time employees indicates aggressive growth strategy in North America.",0,None detected,0,1,"[PRODUCT_LAUNCH] Miltenyi Biotec launches India operations, to open Centre in Hyderabad","Apollo Multi-Pass Org Graph, Company Leadership Web Crawler, Nutraceutical Knowledge Base",2026-09-14T05:31:41.815482+00:00
Caterpillar Inc.,caterpillar.com,"Irving, TX 75039, United States",Unknown,0,None detected,0,None detected,"Learning & Development, Talent Acquisition, IT/Full Stack Development, Manufacturing, Supply Chain/Procurement, Legal/Counsel, Strategy, Account Management, Public Affairs, Condition Monitoring",Senior Corporate Counsel | Senior Strategy Consultant | Talent Acquisition Manager | Full Stack Developer (Java & Angular) | Entry Level IT Analyst | Learning & Development roles | Indirect Buyer | Condition Monitoring Performance Manager | Account Manager - Retail Electric Power Solutions | Public Affairs Manager,"Caterpillar actively recruits across multiple functions including talent acquisition, IT/software development, supply chain, legal, strategy, and manufacturing roles. Job openings are advertised in major locations including Peoria, Irving, and other global sites. The company targets entry-level IT talent, senior strategic roles, and specialized technical positions. Recent hiring indicates expansion in workforce development, digital capabilities, and supply chain optimization.",0,None detected,0,0,None detected,"Apollo Multi-Pass Org Graph, Company Leadership Web Crawler, Nutraceutical Knowledge Base",2026-09-14T05:31:41.815517+00:00
Ventura Foods,venturafoods.com,"Irvine, California","ingredient supplier, contract manufacturer",0,None detected,0,None detected,"Food Safety, Compliance, Operations, Learning & Development, Supply Chain/Production Planning, Maintenance & Engineering, Commercialization/Project Management, Sales",Food Safety Compliance & Culture Manager | Director of Operations Learning & Development | Supply Chain Manager - Production Planning | Senior Commercialization Project Manager | PLC Technician | Maintenance & Engineering roles,"Ventura Foods is actively recruiting across operations, supply chain, food safety, and maintenance functions. Job postings indicate expansion in production planning and commercialization roles, suggesting growth in manufacturing capacity and product development. Salary range for U.S. positions starts at $40,000+. The company seeks candidates with compliance, regulatory, and operational expertise, reflecting its focus on quality and food safety.",0,None detected,0,0,None detected,"Apollo Multi-Pass Org Graph, Company Leadership Web Crawler, Nutraceutical Knowledge Base",2026-09-14T05:31:41.815553+00:00
Roncadin Inc.,roncadin.com,"Meduno, Province of Pordenone, Italy",Unknown,0,None detected,0,None detected,"Operations, Finance, Sales, Marketing, General Management, Logistics, Quality, Manufacturing, Human Resources, Administration, Information Systems",President and Secretary (US subsidiary) | Director of Sales and Business Development | CEO (US operations) | Area Managers (sales supervision),"Roncadin actively recruits for senior US operations leadership, seeking executives with 7+ years frozen food sales management experience and 4+ years developing strategies in emerging markets. Recent posting for President/Secretary of Roncadin USA Inc. (October 2023) targeted candidates with retail distribution expertise and export management background. The company seeks talent capable of driving US market expansion, managing supplier/distributor relationships, and communicating cross-culturally with Italian parent company. Current hiring spans multiple functions including sales, operations, quality, R&D, and project management across both Italian headquarters and US operations.",0,None detected,0,0,None detected,"Apollo Multi-Pass Org Graph, Company Leadership Web Crawler, Nutraceutical Knowledge Base",2026-09-14T05:31:41.815592+00:00
Mobizy,mobizy.com,"Elkridge, MD",contract manufacturer,0,None detected,0,None detected,"Regulatory, QA/QC, R&D, Formulation Sciences",Formulation Scientist | Chemist | Quality Assurance Specialist | Regulatory Affairs Specialist | Analytical Testing Specialist,"Vici actively recruits for scientific and quality positions, indicating ongoing expansion of R&D and QA/QC capabilities. The emphasis on pharmaceutical-grade expertise suggests hiring for advanced scientific roles rather than entry-level manufacturing positions.",0,None detected,0,0,None detected,"Apollo Multi-Pass Org Graph, Company Leadership Web Crawler, Nutraceutical Knowledge Base",2026-09-14T05:31:41.815627+00:00
Springs Window Fashions,springswindowfashions.com,"Middleton, Wisconsin 53562",Unknown,0,None detected,0,None detected,"Sales, Business Development, Account Management, Accounting, Business Applications",Senior Accounting Analyst | Business Development Manager | Manager Inside Sales | Business Application Specialist | Key Account Manager | Account Development Representative | District Sales Manager,"Springs Window Fashions is actively recruiting across multiple functions including sales, business development, account management, and accounting roles across various geographic regions and business units. Open positions include District Sales Managers, Key Account Managers, Business Development Managers for specific divisions like Soft Design Solutions and Horizons, and Inside Sales roles. The company is experiencing growth that requires expanded staffing across its 20 North American locations.",0,None detected,0,0,None detected,"Apollo Multi-Pass Org Graph, Company Leadership Web Crawler, Nutraceutical Knowledge Base",2026-09-14T05:31:41.815665+00:00
Strativ Group,strativgroup.com,"Leeds, England",Unknown,0,None detected,0,None detected,"Quality Assurance, Testing, Manufacturing, Aerospace Quality, Battery Engineering, Cyber Security, Data Centers & Advanced Manufacturing, Sales, Chief Business Officer, Chief of Staff",Aerospace Quality roles | Battery Engineering roles | Cyber Security roles | Data Centre roles | Advanced Manufacturing roles | Sales roles | Executive leadership roles,"Strativ actively recruits across 80+ global job openings in specialized sectors including aerospace, cyber, advanced manufacturing, future mobility, and emerging technology. The company targets high-caliber talent with 0+ years average experience per consultant and has achieved significant headcount growth over 3 years. Job postings span technical (Battery Engineering, Cyber, Data Centres), commercial (Head of Sales, Enterprise Account Director), and leadership (Chief of Staff, CBOs) functions.",0,None detected,0,0,None detected,"Apollo Multi-Pass Org Graph, Company Leadership Web Crawler, Nutraceutical Knowledge Base",2026-09-14T05:31:41.815703+00:00
PennEnergy Resources LLC.,pennenergyresources.com,"Cranberry Township, PA 16066",Unknown,0,None detected,0,None detected,"Landman, Engineering Project Manager, Asset Manager, Human Resources, Energy Analyst",Landman | Engineering Project Manager | Asset Manager | Human Resources Manager,"PennEnergy Resources actively recruits for land management, engineering, asset management, and human resources positions. Job postings indicate hiring across distributed energy and oil and gas sectors in the United States.",0,None detected,0,0,None detected,"Apollo Multi-Pass Org Graph, Company Leadership Web Crawler, Nutraceutical Knowledge Base",2026-09-14T05:31:41.815740+00:00
Tekever,tekever.com,"Lisbon, Portugal",contract manufacturer,0,None detected,0,None detected,"Data Science, Machine Learning/AI, Procurement, R&D, Research",Data Scientist | Machine Learning Engineer | AI Specialist | Procurement Manager | Research Scientist,"Tekever actively recruits across technical and operational functions, including data science, machine learning, and AI roles, indicating expansion into advanced analytics and automation. The company also seeks procurement professionals, suggesting global supply chain complexity management.",0,None detected,0,0,None detected,"Apollo Multi-Pass Org Graph, Company Leadership Web Crawler, Nutraceutical Knowledge Base",2026-09-14T05:31:41.815776+00:00
CoreWeave,coreweave.com,"New York, NY",Unknown,0,None detected,0,None detected,"Legal Operations, Strategic Finance, Product Management, Business Systems Administration, Supplier Management, Corporate Development","Chief of Staff to the CFO | Executive Assistant | Analyst, Strategic Finance & Corporate FP&A | Director of Legal Operations | Senior Product Manager | Director, Global Supplier Management | Senior Business Systems Administrator","CoreWeave is actively expanding its workforce across multiple functions including executive support, finance, legal operations, product management, and supplier management. Job listings indicate growth in strategic finance, corporate development, and operational roles supporting a 1000+ person organization. The company appears to be building out enterprise infrastructure and governance functions typical of a recently-public technology company.",0,None detected,0,0,None detected,"Apollo Multi-Pass Org Graph, Company Leadership Web Crawler, Nutraceutical Knowledge Base",2026-09-14T05:31:41.815811+00:00
AAK,aak.com,"Malmö, Sweden","ingredient supplier, contract manufacturer",0,None detected,0,None detected,"Sales, Account Management, Project Engineering, EHS/Environmental Health & Safety, Operations/Warehouse, Customer Service, Trading/Supply Chain, Manufacturing/Operations",National Sales Director | Senior Account Manager - Bakery | Category Manager | Project Engineer | EHS Manager | Warehouse Coordinator | Customer Service Representative | Trader | Loadout Operator | Maintenance MRO Specialist,"AAK actively recruits across sales, operations, engineering, and supply chain functions. Job openings span National Sales Directors, Account Managers (especially bakery-focused), Category Managers, Project Engineers, EHS specialists, and warehouse/logistics coordinators. The company seeks talent capable of supporting its global expansion and customer co-development model, with particular emphasis on bakery and plant-based food sector specialists. Regional hiring suggests geographic expansion, particularly in the US market following the Dalby, Sweden facility investment.",0,None detected,0,0,None detected,"Apollo Multi-Pass Org Graph, Company Leadership Web Crawler, Nutraceutical Knowledge Base",2026-09-14T05:31:41.815850+00:00
Merck,merck.com,"Rahway, New Jersey, U.S.",ingredient supplier,0,None detected,0,None detected,"Regulatory Affairs, Market Access, Medical Affairs, Engineering, Research & Development, Quality Assurance, Sales, Technical Product Management, Process Development, Vaccines & Advanced Biotechnologies",Director Global Oncology Market Access | Director Technical Product Management | US Director Medical Affairs | Senior Specialist Engineering | Principal Scientist | Associate Director | Distinguished Scientist Vaccines & Advanced Biotechnologies Process | Associate Specialist Pilot,"Merck maintains active recruitment across multiple functions including oncology market access, medical affairs (rheumatology/dermatology), engineering, process development, and vaccines. Job postings indicate growth in technical and scientific roles, with positions spanning Philadelphia region and nationwide U.S. locations.",0,None detected,0,0,None detected,"Apollo Multi-Pass Org Graph, Company Leadership Web Crawler, Nutraceutical Knowledge Base",2026-09-14T05:31:41.815960+00:00
Flavor Dynamics,flavordynamics.com,"South Plainfield, NJ 07080, United States",ingredient supplier,0,None detected,0,None detected,"Sales, Product Development, Regional Sales Operations, Social Content","Director of Regional Sales Operations | Sr Director, Product Development | Area Sales Manager | Regional Sales Manager | Sales Account Manager | Social Content Specialist","Flavor Dynamics is actively recruiting across sales, product development, and operations functions, particularly in the Greater Chicago Area. Job postings indicate salary ranges of $103,000–$150,000 for mid-to-senior roles. The company is expanding regional sales operations and product development capacity, suggesting growth in market demand and geographic footprint expansion.",0,None detected,0,0,None detected,"Apollo Multi-Pass Org Graph, Company Leadership Web Crawler, Nutraceutical Knowledge Base",2026-09-14T05:31:41.816065+00:00
American Botanicals & Aloha Medicinals,americanbotanicalsalohamedicinals.com,"Secaucus, New Jersey","ingredient supplier, contract manufacturer",0,None detected,0,None detected,"Sales (National Account Manager), Customer Service, Quality/Supply Chain",Customer Service Specialist | National Account Manager,"Limited hiring signals detected. Job postings mention National Account Manager and Customer Service Specialist roles, indicating sales and account management expansion. No evidence of significant R&D or regulatory staffing needs.",0,None detected,0,0,None detected,"Apollo Multi-Pass Org Graph, Company Leadership Web Crawler, Nutraceutical Knowledge Base",2026-09-14T05:31:41.816134+00:00
Brookside Flavors & Ingredients,brooksideflavors.com,"Addison, Illinois","ingredient supplier, contract manufacturer",0,None detected,0,None detected,"Quality Assurance/QC, R&D, Sales, Procurement, Operations, Technical/Beverage Technologist",Quality Assurance Inspector | Flavor Compounder | Beverage Technologist | Buyer | Batcher | Edibles Specialist | Sourcing Manager | Pricing Analyst,"Active hiring across multiple functions including quality assurance, flavor compounding, procurement, and technical roles. Beverage Technologist positions posted with base pay range of $120,000-$125,000 annually. Company is recruiting for roles supporting manufacturing operations, quality control, and customer-facing technical support.",0,None detected,0,0,None detected,"Apollo Multi-Pass Org Graph, Company Leadership Web Crawler, Nutraceutical Knowledge Base",2026-09-14T05:31:41.816180+00:00
Caldic USA,caldic.com,North America (USA operations); Parent company Caldic BV based in Netherlands,"ingredient supplier, contract manufacturer",0,None detected,0,None detected,"Regulatory, QA/QC, R&D, Sales, Customer Development, Production/Manufacturing, Project Management, Supply Chain",Regulatory Scientist | Quality Analyst | Production Analyzer Specialist | Customer Development Manager | Principal Development Manager | Application Scientist,"Caldic USA is actively hiring across multiple functions including production/manufacturing roles (Production Analyzer Specialist in Niagara Falls, NY), management positions (Customer Development Manager in Chicago, Principal Development Manager), and specialized technical roles. The company employs 1000+ workers in North America and actively recruits through LinkedIn and job boards. Hiring activity suggests expansion in manufacturing capacity and customer-facing functions.",0,None detected,0,0,None detected,"Apollo Multi-Pass Org Graph, Company Leadership Web Crawler, Nutraceutical Knowledge Base",2026-09-14T05:31:41.816223+00:00
Batory Foods,batoryfoods.com,"Rosemont, Illinois, United States",ingredient supplier,0,None detected,0,None detected,"Sales, Marketing, Logistics, Operations, Production/Warehouse",Production Facility Operator | Commercial Account Manager | Specialist | Engineer | Account Manager | Health and Safety Manager | Business Development Manager | R&D Specialist,"Batory Foods actively recruits for logistics, sales, marketing, operations, and warehouse/production roles. Current openings include Production Facility Operator positions in Chicago, IL requiring high school diploma/GED and warehouse experience with lifting capabilities. The company also seeks Commercial Account Managers, Specialists, Engineers, Account Managers, and Health and Safety Managers.",0,None detected,0,0,None detected,"Apollo Multi-Pass Org Graph, Company Leadership Web Crawler, Nutraceutical Knowledge Base",2026-09-14T05:31:41.816258+00:00
Kerry Americas,kerry.com,Global (Kerry Group parent company),"ingredient supplier, contract manufacturer",0,None detected,0,None detected,"R&D, Process Science, Quality/QC, Production/Operations, Sales/Account Management, Business Development, Regulatory, Continuous Improvement",Process Scientist / Fermentation | RD&A Scientist / Beverages | RD&A Senior Scientist | Senior Business Development Manager | Account Manager | National Account Manager | Production Operator | Production Technician | Quality Analyst | Customs Specialist,"Kerry Americas is actively hiring across multiple functions including R&D scientists, process technicians, production operators, account managers, and business development roles. The company has 1000+ job openings listed in the United States, indicating significant expansion or high turnover. Positions span manufacturing sites, sales, and technical functions, suggesting growth in North American supplement operations.",0,None detected,0,0,None detected,"Apollo Multi-Pass Org Graph, Company Leadership Web Crawler, Nutraceutical Knowledge Base",2026-09-14T05:31:41.816297+00:00
Caffe D'Amore,caffedamore.com,"Monrovia, California",Unknown,0,None detected,0,None detected,"Food Service Operations, Dish Room Management, Café Operations, Cash Handling/Point of Sale",Dish Room Supervisor | Cashier | Café Assistant | Opening/Closing Staff,"Current hiring activity focuses on front-of-house and back-of-house café operations with emphasis on entry-level positions (cashiers, dish room staff, café assistants). Wage range indicated at $17-$19.50/hr for cashier positions. This suggests company is expanding or maintaining café locations, particularly in West Ware and greater Pittsburgh area.",0,None detected,0,0,None detected,"Apollo Multi-Pass Org Graph, Company Leadership Web Crawler, Nutraceutical Knowledge Base",2026-09-14T05:31:41.816334+00:00
Mars,mars.com,"McLean, Virginia, US",Unknown,0,None detected,0,None detected,"Pet Nutrition, Digital & Transformation, Technical Management, Sales, Field Sales, Trade Marketing, Customer Service, Production, Sanitation/Quality, Brand Management",Pet Nutrition Category Manager | Digital & Transformation Analyst | Technical Manager | Field Sales Representative | Trade Marketing Specialist | Print Production Officer | Sanitation Technician | Territory Sales Account Specialist | Customer Service Representative,"Mars actively recruits across multiple functions including pet nutrition management, digital transformation, technical roles, sales, marketing, production, and sanitation. Hiring activity is visible in North America (US regions including NC, SC, VA, WV) and Europe (Finland, Italy). Recruitment spans management, internship, and specialized technical positions.",0,None detected,0,0,None detected,"Apollo Multi-Pass Org Graph, Company Leadership Web Crawler, Nutraceutical Knowledge Base",2026-09-14T05:31:41.816374+00:00
StreSERT Integrated Limited,stresertintegrated.com,"Alausa, Ikeja, Lagos, Nigeria",Unknown,0,None detected,0,None detected,"HR, Recruitment, Training, Treasury, Business Development, Procurement, Portfolio Management, Executive/Administrative Support",Human Resource Officer | Consultant | Survey Consultant | Deputy Team Leader | Engineer (Proposal) | Executive Assistant | Portfolio Manager | Procurement Manager | Training Manager,"StreSERT is actively recruiting across multiple functions including HR officers, consultants, survey consultants, team leaders, engineers, executive assistants, portfolio managers, procurement managers, and training managers. The firm seeks experienced diploma and degree-level professionals. Postings indicate growth in consulting capacity and organizational development services.",0,None detected,0,0,None detected,"Apollo Multi-Pass Org Graph, Company Leadership Web Crawler, Nutraceutical Knowledge Base",2026-09-14T05:31:41.816412+00:00
Dole Packaged Food,dolepackagedfood.com,"Westlake Village, CA",Unknown,0,None detected,0,None detected,"R&D, Supply Chain, Manufacturing, Human Resources, Marketing, Sales, Procurement, Public Relations, Engineering","Associate R&D Manager | Senior Engineer – UI | Production Supervisor | HR Business Partner | Senior Category Manager | Senior Manager, Procurement | Vice President, Supply Chain and Manufacturing | Vice President of Marketing | Vice President, Retail & Foodservice Sales","Dole Packaged Foods actively recruits across multiple functions including R&D, supply chain, manufacturing operations, procurement, human resources, marketing, and sales. Recent executive appointments (Todd Stillwell as VP Supply Chain and Manufacturing, Mike Secor as VP Marketing, Stacy Smoot as VP Retail & Foodservice Sales) indicate focus on operational excellence and market expansion. Job postings in Westlake Village headquarters and worldwide locations suggest both local and global hiring efforts.",0,None detected,0,0,None detected,"Apollo Multi-Pass Org Graph, Company Leadership Web Crawler, Nutraceutical Knowledge Base",2026-09-14T05:31:41.816447+00:00
"Plantae Life Co., Ltd.",plantaelife.com,"214 Soi Sunthornsiri Huai Khwang, Bangkok 10310, Thailand",supplement brand,0,None detected,0,None detected,"Career, Productivity, Finance, Soft Skills & Emotional Intelligence, Project Management, Education, Technology",Finance roles | Project Management roles | Technology roles | HR/Soft Skills roles,"Plantae is actively recruiting across multiple functions including finance, project management, technology, and soft skills/HR roles. Recruitment channels include direct email (careers@plantae.co), JobsDB, and LinkedIn. The company emphasizes cultural fit through messaging like 'Life at Plantae' and 'Grow With Us.' Rapid growth (284x in 9 months) and market expansion likely drive recruitment needs.",0,None detected,0,0,None detected,"Apollo Multi-Pass Org Graph, Company Leadership Web Crawler, Nutraceutical Knowledge Base",2026-09-14T05:31:41.816486+00:00
NSF International,nsf.com,"Ann Arbor, Michigan",Unknown,0,None detected,0,None detected,"Regulatory Compliance, Product Compliance, Quality Assurance/Quality Control, Regulatory Affairs, Laboratory Technicians, Auditors, Accounts Management","Regulatory Compliance Specialist | Product Compliance Specialist | Regulations & Compliance Engineer | Manager, Product Compliance | Laboratory Technician | Accounts Receivable Representative | Accounts Payable Representative","NSF is actively hiring across compliance, regulatory, and quality functions with 1,000+ open positions globally. Specific hiring in Ann Arbor headquarters includes laboratory technicians, accounts management, compliance specialists, and regulatory engineers, suggesting organizational expansion in quality assurance and regulatory operations.",0,None detected,0,0,None detected,"Apollo Multi-Pass Org Graph, Company Leadership Web Crawler, Nutraceutical Knowledge Base",2026-09-14T05:31:41.816532+00:00
E.ON,eon.com,Germany,ingredient supplier,0,None detected,0,None detected,"R&D, Quality/Manufacturing, Regulatory Affairs, Sales, Technical Support",Research Scientist | Product Development Specialist | Regulatory Affairs Specialist | Quality Assurance Engineer | Technical Sales Manager,"Evonik actively recruits across R&D, quality, regulatory, and technical sales functions. Job postings indicate hiring for apprentices, young talent, and experienced professionals. The company emphasizes scientific expertise, particularly in microbiology, nutraceutical formulation, and regulatory compliance. Todd DeRoo serves as COO with 20+ years of experience in dietary supplement and OTC manufacturing, signaling the company's focus on manufacturing-grade talent acquisition.",0,None detected,0,1,[PRODUCT_LAUNCH] Supplement Shorts: Cognitive health top reason for creatine supplementation,"Apollo Multi-Pass Org Graph, Company Leadership Web Crawler, Nutraceutical Knowledge Base",2026-09-14T05:31:41.816571+00:00
Nestle (Thai) Ltd.,nestlethai.com,Thailand,supplement brand,0,None detected,0,None detected,"Supply Chain, Process Operations, Field Category Management, Customer Solutions, Medical Delegation",Customer Solutions Analyst - Supply Chain | Medical Delegate | Process Operator | Manager Field Category,"Nestlé (Thai) Ltd. actively recruits across multiple functions including supply chain, operations, field management, and customer solutions roles. Job postings indicate 1000+ supply chain positions available in Thailand market, with roles in supply planning, materials planning, and order management. The company seeks supply chain and operations talent to support its distribution and manufacturing operations.",0,None detected,0,0,None detected,"Apollo Multi-Pass Org Graph, Company Leadership Web Crawler, Nutraceutical Knowledge Base",2026-09-14T05:31:41.816609+00:00
5129 Tate & Lyle Global Shared Services Sp.z o.o.,5129tatelyle.com,"London, England",ingredient supplier,0,None detected,0,None detected,"Data and AI, Maintenance, Instrumentation, Engineering, Operations, Quality/Lab, Process Engineering, Product Development, Sensory Science, Analytics, EHS","IT Senior Manager - Data and AI | Maintenance Tech | Instrumentation Technician | E/I Engineer | Process Operator | Senior Manager, Global Insights and Analytics | Insights & Analytics Manager | Product Development Manager | Senior Sensory Manager | Senior Process Engineer | Operations Manager | Lab Tech II | Process Technician","Active hiring across multiple functions in the United States and globally. Open positions indicate growth in data/AI capabilities, process optimization, sensory science, analytics, and product development. Career information available through formal channels; positions span technical, operational, and management levels.",0,None detected,0,0,None detected,"Apollo Multi-Pass Org Graph, Company Leadership Web Crawler, Nutraceutical Knowledge Base",2026-09-14T05:31:41.816651+00:00
Continental Recruiting & HR Solutions,continentalrecruitinghr.com,"Ocean View, DE 19970",Unknown,0,None detected,0,None detected,"Nutritionists, Veterinarians, Product Development Specialists, Technical Support, Farm Managers, Production Managers, Sales, Management, Leadership",Nutritionist | Veterinarian | Product Development Specialist | Technical Support Specialist | Farm Manager | Production Manager | Sales Executive | Management/Leadership positions,"Continental Search maintains a curated database of 36,479 candidate profiles with verified expertise in animal sciences. The firm publishes annual salary surveys (2025 Poultry Production, 2024 Feed Mill Industry, 2025 AHN Technical Professional, 2025 Pork Production) providing market intelligence. Strong testimonials from industry leaders highlight personalized matching, professionalism, and deep understanding of role-specific requirements.",0,None detected,0,0,None detected,"Apollo Multi-Pass Org Graph, Company Leadership Web Crawler, Nutraceutical Knowledge Base",2026-09-14T05:31:41.816689+00:00
Novonesis,novonesis.com,"Bagsværd, Denmark","ingredient supplier, contract manufacturer",0,None detected,0,None detected,"Quality Operations, Customer Support, Sales/National Account Management, Production/Fermentation, Legal, Master Data Management, Project Management, R&D",Head of Quality Operation Americas | Junior Customer Support | National Account Manager | Production Operator - Fermentation | Senior Master Data Specialist | Senior Project Specialist | Legal Intern,"Novonesis is actively hiring across multiple functions including quality operations, sales, production, and specialized technical roles. Recent job postings indicate expansion in North America with focus on quality leadership and account management. The company targets experienced professionals in fermentation, quality assurance, and business development.",0,None detected,0,0,None detected,"Apollo Multi-Pass Org Graph, Company Leadership Web Crawler, Nutraceutical Knowledge Base",2026-09-14T05:31:41.816724+00:00
Hormel Foods Family of Companies,hormelfoodsfamily.com,"Austin, Minnesota, U.S.",Unknown,0,None detected,0,None detected,"Foodservice roles (Corporate Chef, Foodservice Account Executive), Sales and Revenue Growth, Customer Executive, Marketing, Finance, Industrial Engineering",Foodservice Corporate Chef | Senior Customer Executive | Foodservice Account Executive | Senior Revenue Growth Manager | Marketing professionals | Finance professionals | Industrial Engineers,"Hormel actively recruits across foodservice, sales, customer management, and corporate functions. The company emphasizes talent development and offers educational reimbursement (up to $5,250), career progression opportunities, and competitive benefits. Notable hiring initiatives include SPAMbassador brand ambassador roles. The company highlights passionate team culture and global opportunities across 19,000+ employees.",0,None detected,0,0,None detected,"Apollo Multi-Pass Org Graph, Company Leadership Web Crawler, Nutraceutical Knowledge Base",2026-09-14T05:31:41.816763+00:00
"B.BRAUN AVITUM PHILIPPINES, INC",bbraunavitumphilippines.com,Germany (B. Braun Group); USA operations (B. Braun Medical Inc.),contract manufacturer,0,None detected,0,None detected,"Sales, Product Management, Quality/Inspection, Regulatory, Warehouse/Operations, Administrative, Data Management",Area Sales Manager | Product Manager | Inspector | Pharmacy Systems Sales Specialist | Strategic Account Representative | Product Owner (Process Mining) | Administrative Assistant | Warehouse Worker | Data Management Specialist,"B. Braun actively recruits across multiple functions including medical sales, product management, quality assurance, regulatory, and operations. The company emphasizes career opportunities in healthcare technology and positions roles as meaningful contributions to improving patient outcomes. Job postings indicate geographic diversity with opportunities in Thailand (Bangkok), United States, and other global locations.",0,None detected,0,0,None detected,"Apollo Multi-Pass Org Graph, Company Leadership Web Crawler, Nutraceutical Knowledge Base",2026-09-14T05:31:41.816801+00:00
Motion Recruitment,motionrecruitment.com,"Atlanta, Georgia",Unknown,0,None detected,0,None detected,"IT professionals, Technology talent, Enterprise IT roles",IT Consultants | IT Staffing Specialists | Talent Acquisition Managers | Business Development Representatives,"Motion Recruitment actively recruits IT professionals for placement with client companies. The firm posts 1000+ active job listings and continuously adds new IT staffing opportunities. The company emphasizes career development and unusual opportunities within the tech staffing industry, targeting both contract and permanent IT talent across all major North American tech markets.",0,None detected,0,0,None detected,"Apollo Multi-Pass Org Graph, Company Leadership Web Crawler, Nutraceutical Knowledge Base",2026-09-14T05:31:41.816838+00:00
PORRIMA (M) SDN BHD,porrimasdnbhd.com,"Shah Alam, Selangor, Malaysia","ingredient supplier, contract manufacturer",0,None detected,0,None detected,"Product Management, R&D, Administration, Sales, Manufacturing",Senior Product Manager | Product Manager - Food Ingredients Division | Personal Assistant | Manufacturing roles,"Company actively recruits for product management roles in food ingredients division and senior positions, indicating growth in functional food ingredient specialization. Administrative and operational roles suggest business expansion initiatives.",0,None detected,0,0,None detected,"Apollo Multi-Pass Org Graph, Company Leadership Web Crawler, Nutraceutical Knowledge Base",2026-09-14T05:31:41.816874+00:00
Jobgether,jobgether.com,United States,Unknown,0,None detected,0,None detected,"Software Development, Sales & Account Management, Product Management, Data & Analytics, Finance, IT & Engineering, Project & Program Management, Customer Support, DevOps & Infrastructure",Software Engineer | Back-End Developer | Front-End Developer | Sales Executive | Account Manager | Product Manager | Data Analyst | Financial Controller | Project Manager | Customer Support Specialist,"Jobgether attracts job seekers across 200,000+ remote positions with particular strength in tech (Software Development: 17,838 roles, B2B Sales: 10,968, CRM & Marketing: 10,917) and professional services sectors. The platform offers entry-level through expert positions (>10 years experience), with salary ranges from €0-400K. Premium users receive priority placement and accelerated matching, suggesting a tiered conversion strategy. The platform actively recruits for dietary supplement and nutraceutical companies seeking CEOs, GMs, COOs, VP-level commercial executives, regulatory leaders, and quality/compliance specialists with cGMP expertise.",0,None detected,0,0,None detected,"Apollo Multi-Pass Org Graph, Company Leadership Web Crawler, Nutraceutical Knowledge Base",2026-09-14T05:31:41.816926+00:00
Parker Aerospace,parkeraerospace.com,"Mayfield Heights, Ohio, United States",contract manufacturer,0,None detected,0,None detected,"Product Development, Engineering, Sales, Territory Management, Key Account Management, Quality and Reliability",Product Development Manager | Engineering Manager | Area Sales Manager | Territory Manager | Key Account Manager | Ground Test Engineering,"Parker Hannifin is actively recruiting across multiple functions with 1,000+ aerospace job openings in the United States. Key hiring areas include Product Development Managers, Engineering Managers, Sales Managers, and Territory Managers, particularly in aerospace and defense regions. The company seeks 'inspired communicators, resourceful problem solvers, inquisitive thinkers and dedicated professionals' indicating focus on innovation and adaptability in rapidly evolving aerospace and industrial markets.",0,None detected,0,0,None detected,"Apollo Multi-Pass Org Graph, Company Leadership Web Crawler, Nutraceutical Knowledge Base",2026-09-14T05:31:41.816965+00:00
Bristol Myers Squibb,bristolmyerssquibb.com,"Princeton, New Jersey, USA",Unknown,0,None detected,0,None detected,"Regulatory, QA/QC, R&D, Sales, Customer Insights, CMC (Chemistry, Manufacturing, Controls), Cell Therapy Operations, Pharmaceutical Development, Procurement, UX Research",Assistant QC Scientist | Regulatory Scientist | Associate Director GRS CMC Cell Therapy | Director Customer Insights & Engagement | Pharmaceutical Development Technician | Quality Analyst | Senior Therapeutic Area Specialist | UX Researcher,"Bristol Myers Squibb actively recruits across multiple functional areas including quality control, regulatory affairs, pharmaceutical development, and customer engagement. The company has significant hiring activity in regions like New Brunswick, New Jersey, and across EMEA. Job postings indicate focus on cell therapy manufacturing expertise, regulatory CMC capabilities, and therapeutic area-specific knowledge, suggesting expansion in advanced manufacturing and emerging treatment modalities.",0,None detected,0,0,None detected,"Apollo Multi-Pass Org Graph, Company Leadership Web Crawler, Nutraceutical Knowledge Base",2026-09-14T05:31:41.817006+00:00
Clariant International Ltd.,clariant.com,"Pratteln, Basel-Country","ingredient supplier, contract manufacturer",0,None detected,0,None detected,"Formulation Chemistry, Laboratory Engineering, Quality Assurance/Quality Control, Regulatory Affairs, Supply Chain Management, IT/SAP Systems, Legal, Sales, Research & Development",Formulation Chemist | Lab Engineer | Senior Lab Engineer | Analyst | Chemist | Legal Counsel | IT Business Consultant - SAP MM | Supply Chain Specialist,"Clariant actively recruits across multiple functions including formulation chemistry, laboratory engineering, supply chain management (with SAP expertise), and regulatory affairs. Job postings indicate openings globally with significant presence in India and North America. The company emphasizes high-performance culture and encourages boundary-pushing innovation in specialty chemicals.",0,None detected,0,0,None detected,"Apollo Multi-Pass Org Graph, Company Leadership Web Crawler, Nutraceutical Knowledge Base",2026-09-14T05:31:41.817043+00:00
Mondelēz International,mondelz.com,"Chicago, Illinois, U.S.",Unknown,0,None detected,0,None detected,"Line Leader, Manufacturing, Category Demand Planning, Distribution, Customer Service, Supply Chain Strategy, Quality Assurance, Client Services, Consumer Science","Line Leader, Manufacturing Core | Assistant Manager, Category Demand Planning | Distribution Supervisor | Customer Service Representative | Package Machine Attendant | Senior Director, Client Services | Demand Planning Manager | Supply Chain Strategy & Transformation | Consumer Scientist","Mondelēz actively recruits across multiple functions including manufacturing operations, supply chain, demand planning, customer service, and client services. Positions are available globally with significant hiring in the United States, particularly in manufacturing, distribution, and supply chain roles.",0,None detected,0,0,None detected,"Apollo Multi-Pass Org Graph, Company Leadership Web Crawler, Nutraceutical Knowledge Base",2026-09-14T05:31:41.817101+00:00
Symrise,symrise.com,"Holzminden, Germany","ingredient supplier, contract manufacturer",0,None detected,0,None detected,"Regulatory, QA/QC, R&D, Sales, Operations, Environmental Compliance, Supply Chain, Marketing, Sensory Evaluation, Process Engineering",Sensory Evaluator | Sensory Manager | Environmental Manager (Compliance) | Regulatory roles | Supply Chain Director | Operations Director | Sales Manager | Group Leader | Process Engineer | Marketing roles,"Symrise actively recruits across multiple functions including sensory evaluation, supply chain management, operations, compliance, sales, and engineering. Job postings indicate hiring in the United States (1,000+ positions) and worldwide (115+ positions). Roles span group leadership, project engineering, marketing, and process industrialization, reflecting the company's need for talent across R&D, manufacturing, supply chain, and regulatory domains.",0,None detected,0,0,None detected,"Apollo Multi-Pass Org Graph, Company Leadership Web Crawler, Nutraceutical Knowledge Base",2026-09-14T05:31:41.817139+00:00
QuidelOrtho Corporation,quidelortho.com,"San Diego, California, USA (9975 Summers Ridge Road, San Diego, CA 92121)",Unknown,0,None detected,0,None detected,"Regulatory, QA/QC, Sales, Supply Chain & Procurement, Operations, Field Service, Account Management, Trade Compliance, Project Management",Account Manager | Trade Compliance Analyst | Regional Service Manager | Senior Financial Analyst | Project Manager - Operations Strategy | Sales positions with mentorship | Lab technician support roles,"QuidelOrtho actively recruits across multiple functions globally, with emphasis on sales, customer-facing roles, supply chain, operations, and technical positions. The company offers sales mentorship programs with hands-on experience and formal training for entry-level roles. Positions span technical support, account management, trade compliance, and operations strategy roles across 130+ countries.",0,None detected,0,0,None detected,"Apollo Multi-Pass Org Graph, Company Leadership Web Crawler, Nutraceutical Knowledge Base",2026-09-14T05:31:41.817179+00:00
Roche (Philippines) Inc.,roche.com,"Basel, Switzerland",Unknown,0,None detected,0,None detected,"Regulatory Affairs, Sales, Quality Assurance/Quality Control, Security, Planning and Demand Analysis, Pathology",Regulatory Compliance Officer | Hazard Communication Specialist | Regulatory Affairs Manager | Sales Account Manager - Patient Care | Pathologist | Security Engineer - Vulnerability & Exposure Management | Planned Activity Specialist | Demand Planning Analyst | Healthcare Systems Partner,"Roche is actively recruiting across multiple functions including regulatory, quality, sales, and specialized technical roles. The company is seeking a Healthcare Systems Partner for the Philippines market to serve as a local representative. Job postings indicate hiring needs in regulatory compliance, patient care sales, security engineering, demand planning, and pathology specialties. The organization emphasizes finding 'visionary' talent aligned with its healthcare mission.",0,None detected,0,0,None detected,"Apollo Multi-Pass Org Graph, Company Leadership Web Crawler, Nutraceutical Knowledge Base",2026-09-14T05:31:41.817213+00:00
Tecnimede Group,tecnimede.com,"Lisbon, Portugal (N.º 2 Rua da Tapada Grande Abrunheira, 2710-089)","contract manufacturer, supplement brand",0,None detected,0,None detected,"Regulatory Affairs, Clinical Trial Management, Accounting/Finance, Technical Specialists, Quality Assurance/Control, R&D, Technical Service, Project Management",Regulatory Affairs Manager | Clinical Trial Project Manager | Junior Accountant | Junior Treasurer | Technical Specialist | Technical Account Manager | Technical Service Specialist,"Tecnimede is actively hiring across multiple functions globally, with recent openings for Clinical Trial Project Managers, Regulatory Affairs Managers, and accounting roles at Atlas Pharm (Morocco). The company appears to be expanding R&D capabilities and clinical operations given emphasis on clinical research hiring. International recruitment spans Portugal, Morocco, and other markets, suggesting geographic expansion. Job postings emphasize passion for patient outcomes and chronic disease solutions, indicating values-driven recruitment aligned with company mission.",0,None detected,0,0,None detected,"Apollo Multi-Pass Org Graph, Company Leadership Web Crawler, Nutraceutical Knowledge Base",2026-09-14T05:31:41.817250+00:00
Boston Scientific,bostonscientific.com,"300 Boston Scientific Way, Marlborough, MA 01752-1234",Unknown,0,None detected,0,None detected,"Quality Systems, Manufacturing Engineering, HR and Employee Engagement, Software Engineering, Clinical Specialists, Project Management","Senior Director Quality Systems | Manufacturing Engineer III | Principal Software Engineer - Manufacturing Systems | Quality Engineer I | Project Manager I | Manager, Employee Engagement and HR Content Strategy | Clinical Specialist II","Boston Scientific is actively hiring across quality systems, manufacturing engineering, software engineering, and clinical specialist roles. The company emphasizes manufacturing systems innovation and quality assurance, indicating investment in operational excellence and digital transformation within manufacturing functions.",0,None detected,0,0,None detected,"Apollo Multi-Pass Org Graph, Company Leadership Web Crawler, Nutraceutical Knowledge Base",2026-09-14T05:31:41.817286+00:00
Merz Aesthetics Austria GmbH,merzaestheticsaustria.com,"Raleigh, NC 27615, United States (6501 Six Forks Road)",Unknown,0,None detected,0,None detected,"Quality & Regulatory Affairs, Operations/Operational Excellence, Packaging/Manufacturing Operations, Incoming Quality Inspection, Marketing, Digital & Commercial Excellence, Human Resources, R&D, Sales","Quality & Regulatory Affairs Specialist | Packaging Operator | Incoming Goods Inspection Technician | Sr Director, Operational Excellence | Marketing professionals | Commercial Excellence roles","Merz Aesthetics is actively recruiting across multiple functions including quality/regulatory affairs, manufacturing operations, quality inspection, and commercial excellence. The company offers career opportunities at national and regional levels in marketing and digital roles. Recruitment is conducted through standard HR channels (Employee.Experience@merz.com) and online job portals, indicating growth or expansion initiatives.",0,None detected,0,0,None detected,"Apollo Multi-Pass Org Graph, Company Leadership Web Crawler, Nutraceutical Knowledge Base",2026-09-14T05:31:41.817324+00:00
MSD Polska,msdpolska.com,"Rahway, NJ, USA",Unknown,0,None detected,0,None detected,"Regulatory, Safety/Pharmacovigilance, Sales/Customer Management, Oncology, Vaccines, Digital Scientific Engagement",Safety Data Lead | Customer Manager Oncology | Vaccine Customer Specialist | Digital Scientific Engagement Local Lead | Regulatory Scientist | Associate Director Facilities,"MSD Polska is actively recruiting across multiple functions including customer-facing roles in oncology and vaccines, digital scientific engagement positions, and safety/regulatory roles. The company emphasizes career growth opportunities under the 'Invent for Life' recruitment message, indicating focus on innovation-driven talent acquisition.",0,None detected,0,0,None detected,"Apollo Multi-Pass Org Graph, Company Leadership Web Crawler, Nutraceutical Knowledge Base",2026-09-14T05:31:41.817357+00:00
Vet's Plus,vetsplus.com,United States,contract manufacturer,0,None detected,0,None detected,"Regulatory, Quality Assurance/Quality Control, Research & Development, Product Development, Manufacturing",Regulatory Scientist | Quality Analyst | Product Development Specialist | Formulation Scientist | Manufacturing Engineer,"Vets Plus is actively recruiting for roles in regulatory compliance, quality assurance, and product development functions. Recent leadership appointment of Phillip Bramel as Chief Executive Officer (March 2026) suggests strategic expansion and organizational growth initiatives.",0,None detected,0,0,None detected,"Apollo Multi-Pass Org Graph, Company Leadership Web Crawler, Nutraceutical Knowledge Base",2026-09-14T05:31:41.817388+00:00
L3Harris Technologies,l3harris.com,"1025 W. NASA Boulevard, Melbourne, FL 32919",Unknown,0,None detected,0,None detected,"Engineering (Mechanical, Design), Information Systems Security, Supply Chain Management, Operations Management, Production Planning, Sales, Technical Support, Training","Information Systems Security Manager (ISSM) | Sr. Specialist, Mechanical Engineering (Design) | Sr. Associate, Production Planner | Lead, Supply Chain Management | Lead, Operations Management | Director, Operations Management | Tax Associate","L3Harris actively recruits across multiple functional areas including engineering, operations, supply chain, and security disciplines. Job postings indicate hiring in U.S. locations with Melbourne, FL headquarters location active. Company emphasizes career growth with personalized matching tools ('find your career' programs). Recruitment messaging focuses on meaningful work in national security and innovation culture with varied perspectives.",0,None detected,0,0,None detected,"Apollo Multi-Pass Org Graph, Company Leadership Web Crawler, Nutraceutical Knowledge Base",2026-09-14T05:31:41.817425+00:00
Neuraxpharm,neuraxpharm.com,Spain (with German operations),"contract manufacturer, supplement brand",0,None detected,0,None detected,"Medical Sales, Quality Assurance/Quality Control, Pharmaceutical Production, Supply Chain Management, HR, Regional Access Management, Medical Affairs",Medical Sales Representative | Biological QA Specialist | Quality Person (QP) | Pharmaceutical Production Operator | Corporate Head of Supply Chain Management | HR Intern | Regional Access Manager (RAM) | Medical Affairs Lead,"Neuraxpharm is actively recruiting across multiple functions including medical sales, quality and production roles, supply chain management, and medical affairs. Job postings indicate expansion across worldwide locations with focus on pharmaceutical production, regulatory quality, and commercial capabilities. Hiring suggests growth trajectory and operational scaling beyond core European markets.",0,None detected,0,0,None detected,"Apollo Multi-Pass Org Graph, Company Leadership Web Crawler, Nutraceutical Knowledge Base",2026-09-14T05:31:41.817457+00:00
Ace Hardware Corporation,acehardware.com,"Oak Brook, Illinois, United States",Unknown,0,None detected,0,None detected,"Regional Controller, Sales, Human Resources, Procurement, Accounts Payable, Loss Prevention, HVAC Maintenance, Plumbing",Regional Controller | Senior Manager MarTech Procurement | Accounts Payable Specialist | Senior Sales Director | Assistant Merchant | Senior Human Resources Business Partner | Loss Prevention | HVAC Maintenance Technician | Residential Plumber,"Ace Hardware is actively recruiting for corporate positions in Oak Brook and regional roles in Chicago, including finance, procurement, HR, and sales functions. The company also recruits for local retail store operations including service technicians and trades workers such as plumbers and HVAC specialists.",0,None detected,0,0,None detected,"Apollo Multi-Pass Org Graph, Company Leadership Web Crawler, Nutraceutical Knowledge Base",2026-09-14T05:31:41.817490+00:00
ENGLEWOOD LAB,englewoodlab.com,"Totowa, New Jersey",contract manufacturer,0,None detected,0,None detected,"R&D, Quality Assurance/Quality Control, Production, Human Resources, Finance, Labeling/Operations",R&D Chemist (Junior Level) | R&D Senior Chemist - Skincare/Color | Production - Labeling Associate | HR Generalist (HR Business Partner) | Finance - Business Analyst,"Englewood LAB is actively hiring across multiple functions including junior and senior R&D chemists specializing in cosmetics and skincare formulation, production and labeling associates, HR business partners, and finance analysts. Job postings indicate expansion in technical R&D roles and operational support positions across their Totowa facility and broader United States operations.",0,None detected,0,0,None detected,"Apollo Multi-Pass Org Graph, Company Leadership Web Crawler, Nutraceutical Knowledge Base",2026-09-14T05:31:41.817528+00:00
Precision Castparts,precisioncastparts.com,"Lake Oswego, Oregon, USA",contract manufacturer,0,None detected,0,None detected,"Manufacturing Engineer, Quality, EH&S/Safety, Supplier Development, Machining/Operations, Production, Parts Management",Heading Operator | Machinist | EH&S Supervisor | Radiologic Evaluator | Quality Technician | Quality Supervisor | Manufacturing Engineer | Supplier Development Engineer | Tool Engineer | Quality Source Inspector | Production Grinder | Cut Off Operator | Parts Expeditor | Salvage Analyst,"Precision Castparts actively recruits for manufacturing, quality, engineering, and operations roles across multiple facilities. Job postings indicate hiring for manufacturing engineers, quality technicians, supervisors, and specialized machining roles. The company maintains a formal careers website and processes applications through specific job listings. Positions span locations including Los Angeles, Redmond, and multiple other U.S. states.",0,None detected,0,0,None detected,"Apollo Multi-Pass Org Graph, Company Leadership Web Crawler, Nutraceutical Knowledge Base",2026-09-14T05:31:41.817562+00:00
Shionogi Inc.,shionogi.com,"Florham Park, New Jersey, USA",Unknown,0,None detected,0,None detected,"QA/QC, Sales, Regulatory, Medical Affairs, Account Management","QA Product Manager | Neurology Account Specialist | Key Account Manager (KAM) - Hospitals; Anti-infectives | Director, Global | Medical Information Specialist","Shionogi is actively recruiting across multiple functions including quality assurance, sales (neurology and anti-infectives), account management, and leadership roles. The company seeks 'bold, curious' talent excited about making an impact. Job postings reflect focus areas in neurology, anti-infectives, and hospital/key account management, indicating strategic emphasis on these therapeutic and commercial channels. The company emphasizes culture and values alignment in recruitment messaging.",0,None detected,0,0,None detected,"Apollo Multi-Pass Org Graph, Company Leadership Web Crawler, Nutraceutical Knowledge Base",2026-09-14T05:31:41.817593+00:00
Array Technologies,array.com,"Albuquerque, New Mexico, USA",Unknown,0,None detected,0,None detected,"Manufacturing Engineering, Technical Sales, Commercial Contracts, Talent & Recruiting, Service & Technical Support, Materials Management",Director of Manufacturing Engineering | Materials Manager | Commercial Contracts Attorney | Technical Sales Representative | Service Technician I - Utility Scale Solar | Global Talent Specialist,"ARRAY is actively hiring across multiple function levels including entry-level through director positions. Open positions span manufacturing engineering, technical sales, legal/contracts, materials management, and field service roles. The company seeks candidates with engineering backgrounds, technical sales experience (minimum 5 years preferred), and expertise in utility-scale solar operations.",0,None detected,0,2,"[MERGER_ACQUISITION] ARRAY Technologies has acquired Affordable Wire Management | [MERGER_ACQUISITION] Array Technologies: Q2 2026 Review, Bullish For 2027","Apollo Multi-Pass Org Graph, Company Leadership Web Crawler, Nutraceutical Knowledge Base",2026-09-14T05:31:41.817636+00:00
Bosch USA,bosch.com,"Farmington Hills, MI 48331, USA",Unknown,0,None detected,0,None detected,"Sales, Marketing, Project Management, Finance, Human Resources, UX Design, Administrative, Engineering, Operations",Inside Sales Account Manager | Director of National Direct Sales | Project Management Intern | Financial Analyst | Associate Marketing Specialist | Communication and Marketing roles | UX Internship | Executive Administrative Assistant | Senior roles (various functions),"Bosch USA maintains active recruitment across multiple functional areas including sales, marketing, finance, HR, engineering, and operations. Job postings span from entry-level internships to senior director positions. The company offers career development programs emphasizing global mobility, functional area diversity, and leadership development. Recruitment targets individuals with technical expertise, business acumen, and interest in innovation-driven organizations.",0,None detected,0,0,None detected,"Apollo Multi-Pass Org Graph, Company Leadership Web Crawler, Nutraceutical Knowledge Base",2026-09-14T05:31:41.817674+00:00
Bosch Group,bosch.de,"Gerlingen, Baden-Württemberg, Germany",Unknown,0,None detected,0,None detected,"Sales, Process Engineering, Human Resources, Training and Technology, Digital Solutions, Legal, Prototyping, AI and Automation, Supply Chain/Logistics, Manufacturing, Business Unit Management",Talent Sourcer | Process Engineer - New Product Introduction | Human Resources Generalist | Senior Sales Manager - Semiconductors | Training Technology Digital Solutions Intern | Technical Lead - AI Cockpit | Automation Experience Designer | Senior Paralegal,"Bosch actively recruits across multiple functional areas globally through its Bosch Careers portal. North American recruitment focuses on technical roles (process engineering, AI/automation), commercial positions (sales), and support functions (HR, legal). Job postings in Sunnyvale and other tech hubs suggest emphasis on semiconductor, digital solutions, and AI capabilities. The company values candidates with manufacturing, logistics, and global experience, as evidenced by leadership backgrounds.",0,None detected,0,0,None detected,"Apollo Multi-Pass Org Graph, Company Leadership Web Crawler, Nutraceutical Knowledge Base",2026-09-14T05:31:41.817713+00:00
Haleon,haleon.com,"Weybridge, England",supplement brand,0,None detected,0,None detected,"Regulatory, Quality Assurance/Quality Control, Production, Process Compliance, Sales, Research & Development, Payroll and Financial Planning","Consumer Safety Science Scientist | Sr Officer, Production & Process Compliance | Expert Sales Executive - VMS | Sr Manager NRM/RGM Systems and Capabilities | Portfolio & Performance Lead - R&D | APAC Payroll Specialist | Financial Controlling and Planning roles","Haleon is actively recruiting across multiple functions and regions, with particular emphasis on production, process compliance, regulatory science, quality assurance, and sales roles. Job postings indicate significant hiring in India and across APAC regions. The company seeks specialists in R&D, regulatory affairs, and manufacturing operations, reflecting expansion and operational growth initiatives.",0,None detected,0,0,None detected,"Apollo Multi-Pass Org Graph, Company Leadership Web Crawler, Nutraceutical Knowledge Base",2026-09-14T05:31:41.817749+00:00
Strategy& Israel,strategyisrael.com,"Tel-Aviv, Israel",Unknown,0,None detected,0,None detected,"Strategy Consulting, Business Strategy, Operations Strategy, Customer Strategy, Organizational Strategy, Product and Service Innovation, Technology Strategy, Sales, People & Culture",Strategy Consultant | Manager | Director of Strategy | Business Lead | Revenue Strategy & Operations Manager,"Strategy& Israel actively recruits talented professionals for their Tel-Aviv office. The firm emphasizes opportunities to work on challenging strategic problems and professional growth within a global consulting environment. Job postings indicate hiring across multiple management and consultant levels, with positions including Strategy Consultants, Managers, and Directors globally.",0,None detected,0,0,None detected,"Apollo Multi-Pass Org Graph, Company Leadership Web Crawler, Nutraceutical Knowledge Base",2026-09-14T05:31:41.817786+00:00
Mercafamily LLC,mercafamily.com,"Wellington, FL 33414",ingredient supplier,0,None detected,0,None detected,"R&D Formulation, QA/QC, Regulatory Affairs, Technical Sales",Plant Operations Manager | Director of Quality & Regulatory | Formulation Scientist | Technical Sales Director,Limited hiring information available. Job market data suggests Florida-based supplement and related industries show active recruitment in various functions.,0,None detected,0,0,None detected,"Apollo Multi-Pass Org Graph, Company Leadership Web Crawler, Nutraceutical Knowledge Base",2026-09-14T05:31:41.817820+00:00
BDO USA Experienced Career Site,bdo.com,United States,Unknown,0,None detected,0,None detected,"Assurance, Tax, Advisory, Compliance & Monitoring, Valuation, Transaction Advisory, Alternative Investments, Outsourced Finance, Software Engineering, Private Client Services",Assurance Manager | Assurance Senior | Tax Manager | Tax Managing Director | Advisory Manager | Managing Director Advisory | Senior Associate - Fixed Asset Valuation | Transaction Advisory Senior Manager | Compliance & Monitoring Senior | Software Engineer | Bid Manager | Outsourced Finance Senior,"BDO is actively recruiting across multiple career levels including internships, entry-level positions, and experienced professionals. The firm is hiring for senior positions in assurance, tax, and advisory practices with openings listed in multiple cities (e.g., Denver). Job openings include roles such as Software Engineer I, Tax Manager, Assurance Manager, Managing Director positions, and specialized roles in areas like fixed asset valuation, transaction advisory, and compliance. BDO emphasizes career development, mentorship, and opportunities for advancement as core recruitment messaging.",0,None detected,0,0,None detected,"Apollo Multi-Pass Org Graph, Company Leadership Web Crawler, Nutraceutical Knowledge Base",2026-09-14T05:31:41.817854+00:00
Country Life,countrylife.com,"Hauppauge, New York, U.S.",supplement brand,0,None detected,0,None detected,"FP&A/Finance, Digital Marketing, Business Development/Partnerships",Senior FP&A Manager | Controller | Senior Manager of Digital Marketing,"Available job postings indicate active hiring in senior finance and marketing roles (Sr. FP&A Manager, Controller, Senior Manager of Digital Marketing) and business development/partnership functions, suggesting growth initiatives and potential strategic expansion or digital transformation efforts.",0,None detected,0,0,None detected,"Apollo Multi-Pass Org Graph, Company Leadership Web Crawler, Nutraceutical Knowledge Base",2026-09-14T05:31:41.817890+00:00
Arraytechinc,arraytechinc.com,"Albuquerque, NM, USA",Unknown,0,None detected,0,None detected,"Technical Sales, Engineering, Project Management, Talent & Development, Business",Technical Sales Representative | Project Manager | Global Talent & Development Partner | Engineer,"Array Technologies is actively hiring for technical sales roles (requiring 5+ years experience, salary range $135,000-$175,000), project management positions ($115,000+ range), and talent development functions. The company seeks candidates with engineering, business, and technical backgrounds, indicating expansion in sales, project delivery, and organizational development.",0,None detected,0,0,None detected,"Apollo Multi-Pass Org Graph, Company Leadership Web Crawler, Nutraceutical Knowledge Base",2026-09-14T05:31:41.817928+00:00
Spectrum Vascular,spectrumvascular.com,"White Plains, New York",Unknown,0,None detected,0,None detected,"Finance, Procurement, Supply Chain Management, Quality/Regulatory, Production Planning, Clinical Specialist, Reimbursement Management, Account Management",A/R Cash Application Analyst | Strategic Sourcing Director | Reimbursement Manager | Clinical Specialist | Associate Director | Production Planning Manager | Supply Chain Manager,"Active hiring across multiple functional areas including finance, procurement, supply chain, and clinical roles. Positions advertise 15+ years experience requirements in medical device/pharmaceutical sectors, indicating growth and expansion phase. Locations include Warren, NJ and Allentown, PA suggesting multi-site operations beyond headquarters.",0,None detected,0,0,None detected,"Apollo Multi-Pass Org Graph, Company Leadership Web Crawler, Nutraceutical Knowledge Base",2026-09-14T05:31:41.817962+00:00
Mackinnon Bruce International,mackinnonbruce.com,"Leeds, UK",Unknown,0,None detected,0,None detected,"Sales, Executive Leadership (C-suite), Manufacturing Engineering, Quality Control/Assurance, Medical Science Liaison, Design Engineering, Logistics, Key Account Management, Inside Sales",Vice President of Sales | Head of Sales | Regional Sales Manager | Inside Sales Coordinator | Manufacturing Engineer | Control Engineer | Design Engineer | Medical Science Liaison | Logistics Manager | Key Account Manager,"Mackinnon Bruce International actively recruits for senior and mid-level positions across nutraceuticals, APIs, pharmaceuticals, and related industries. They attract candidates through market intelligence offerings, job portal listings, and direct talent outreach. Notable hiring activity in North America (26+ US-based positions advertised), with roles spanning sales leadership, engineering, quality, and regulatory domains. The firm emphasizes placement of high-caliber, specialist talent and provides candidates with tailored career opportunities.",0,None detected,0,0,None detected,"Apollo Multi-Pass Org Graph, Company Leadership Web Crawler, Nutraceutical Knowledge Base",2026-09-14T05:31:41.818002+00:00
GAF,gaf.com,United States,Unknown,0,None detected,0,None detected,"R&D Formulation, QA/QC, Regulatory Affairs, Technical Sales",Plant Operations Manager | Director of Quality & Regulatory | Formulation Scientist | Technical Sales Director,"Data provided references GAF as North America's largest roofing manufacturer specializing in roofing and waterproofing products with proprietary granule application techniques. Job postings indicate hiring for Project Engineer III, Retail Sales Representative I, Mechanical Technician II, Automation & Controls Engineer IV, Production Operator, Logistics roles, and internship/co-op programs. Multiple job openings noted in Baltimore and Alexandria areas.",0,None detected,0,0,None detected,"Apollo Multi-Pass Org Graph, Company Leadership Web Crawler, Nutraceutical Knowledge Base",2026-09-14T05:31:41.818034+00:00
Alaska Premier Auctions and Appraisals LLC,alaskapremierauctionsandappraisals.com,"325 W. Potter Drive, Anchorage, AK 99518",Unknown,0,None detected,0,None detected,"Administrative Assistance, Auctioneers, Appraisers, Editors, Catalogers, Marketing/Marketers",Licensed Auctioneer | Certified Personal Property Appraiser | Cataloger | Digital Marketing Specialist | Administrative Assistant | Event Staff,"Alaska Premier Auctions is actively hiring, seeking to expand its team of 40+ full-time employees. The company advertises fast-paced auction work, supportive teammates, and real growth opportunities. Open positions include administrative assistance and management roles in Anchorage.",0,None detected,0,0,None detected,"Apollo Multi-Pass Org Graph, Company Leadership Web Crawler, Nutraceutical Knowledge Base",2026-09-14T05:31:41.818074+00:00
Pacific International Executive Search,pacific.com,"Wimbledon, London, United Kingdom",Unknown,0,None detected,0,None detected,"Division President, Supply Chain Director, Director of Operations, Vice President of Digital Transformation, Global Sales Director, Executive Search Associate, Global Human Resources Manager, Global Head of Business Unit, Plant Manager, Director of Marketing",Division President | Supply Chain Director | Director of Operations | VP Digital Transformation | Global Sales Director | Executive Search Associate | Global HR Manager | Business Unit Head | Plant Manager | Marketing Director,"Pacific International actively recruits for executive and strategic roles across industrial manufacturing, engineering, supply chain, operations, digital transformation, and business development. The firm is itself seeking talent for Executive Search Associate positions and leadership roles, suggesting expansion of their recruitment operations and capacity. Job postings indicate global demand for their search services and management-level positions within their own organization.",0,None detected,0,0,None detected,"Apollo Multi-Pass Org Graph, Company Leadership Web Crawler, Nutraceutical Knowledge Base",2026-09-14T05:31:41.818115+00:00
EMCO Enterprises LLC,emcoenterprises.com,"Near Prague, Czech Republic",Unknown,0,None detected,0,None detected,"Production, Supply Chain/Purchasing, Sales, General Manufacturing",General Production Associate | Buyer | Outside Sales Representative | Mill-Turn Machinist,"Emco is actively hiring for production, supply chain, and sales roles across its operations. Job postings indicate expansion in manufacturing capacity and market reach, with roles in general production (entry-level, shift-based), procurement/supply chain, and commercial leadership. U.S. subsidiary recruitment suggests growth in North American market penetration.",0,None detected,0,0,None detected,"Apollo Multi-Pass Org Graph, Company Leadership Web Crawler, Nutraceutical Knowledge Base",2026-09-14T05:31:41.818156+00:00
Pinch A Penny,pinchapenny.com,"Clearwater, Florida",Unknown,0,None detected,0,None detected,"Retail Sales, Pool Cleaning/Service, Customer Service, Franchise Management, Pool Maintenance Technicians",Retail Sales Associate | Pool Cleaning Technician | Customer Service Representative | Certified Pool Operator,"Actively hiring for Retail Sales Associates (customer-facing roles emphasizing brand representation), Pool Cleaning Technicians (base pay $15-20/hr with advancement opportunities), and customer service positions. Emphasis on customer service orientation, competitive compensation, and advancement opportunities. Benefits include help/transport services for field roles.",0,None detected,0,0,None detected,"Apollo Multi-Pass Org Graph, Company Leadership Web Crawler, Nutraceutical Knowledge Base",2026-09-14T05:31:41.818195+00:00
Alaska Premier Auctions & Appraisals,alaskapremierauctionsappraisals.com,"Anchorage, Alaska",Unknown,0,None detected,0,None detected,"Facility Maintenance, Administrative Support, DMV & Sales Support, Inventory Management, Auctioneering, Appraising, Cataloging, Editing, Marketing",Licensed Auctioneer | Certified Appraiser | Facility Maintenance Manager | Administrative Coordinator | DMV & Sales Support Coordinator | Inventory Specialist | Marketing Specialist | Editor/Cataloger,"Company is actively hiring across multiple functions including facility maintenance, administrative support, inventory management, and operational roles. Emphasis placed on 'fast-paced auction work, supportive teammates, and real growth opportunities.' Currently recruiting for 40+ full-time positions in Alaska, indicating expansion or high turnover.",0,None detected,0,0,None detected,"Apollo Multi-Pass Org Graph, Company Leadership Web Crawler, Nutraceutical Knowledge Base",2026-09-14T05:31:41.818239+00:00
REAL ALLOY,realalloy.com,"Cleveland, Ohio (also referenced as Beachwood, Ohio)",Unknown,0,None detected,0,None detected,"Quality Management, Production Operations, Furnace Operations, Material Testing, Foundry Operations, General Labor",Quality Manager | Production Utility Operator | General Labor | Furnace Operations Technician | Material Testing Technician | Foundry Technician,"REAL ALLOY is actively hiring across its facilities with direct hire opportunities offering competitive starting wages ($23.58/hr noted), scheduled wage increases, skills training plans, and bonuses. Hiring focuses on production and operational roles including utility operators, furnace operators, and material testing technicians. Quality management positions indicate emphasis on maintaining certifications and QMS standards.",0,None detected,0,0,None detected,"Apollo Multi-Pass Org Graph, Company Leadership Web Crawler, Nutraceutical Knowledge Base",2026-09-14T05:31:41.818280+00:00
ZipLine,zipline.com,South San Francisco,Unknown,0,None detected,0,None detected,"Software Engineering, Hardware Engineering, Autonomy/Controls Engineering, Flight Operations, Business Operations, Data Analytics, Executive/C-Suite, Ground Support/Field Operations",Chief Hardware Officer | Head of Autonomy | Controls Engineer | Senior Software Engineer | Flight Test Operator | RPIC (Remote Pilot in Command) Shift Lead | Ground Support Operator | Field Operator | Operations Specialist | DevOps Engineer | Business Data Analyst | Chief of Staff | Executive Assistant,"Zipline is actively recruiting across engineering, operations, and business functions with job openings in South San Francisco headquarters and distributed US field locations. Hiring emphasizes autonomy engineering, software development, flight operations, and data analytics. The company shows expansion into executive leadership roles and data operations functions, suggesting scaling of corporate infrastructure.",0,None detected,0,0,None detected,"Apollo Multi-Pass Org Graph, Company Leadership Web Crawler, Nutraceutical Knowledge Base",2026-09-14T05:31:41.818351+00:00
United Vein & Vascular Centers,unitedveinvascularcenters.com,"Tampa, Florida",Unknown,0,None detected,0,None detected,"Vascular or General Surgery, Physician Liaison, Clinical nursing (LPN Lead Preceptor), Patient-facing healthcare roles",Vascular Surgeon | General Surgeon | Physician Liaison | LPN Lead Preceptor | Clinical staff,"UVVC is actively recruiting across multiple functions including surgeons (up to $50K sign-on bonus advertised), physician liaisons, and clinical nursing staff. The company offers competitive compensation packages, health/vision/dental benefits, 401K plan match, life insurance, and PTO—indicating aggressive national expansion hiring.",0,None detected,0,0,None detected,"Apollo Multi-Pass Org Graph, Company Leadership Web Crawler, Nutraceutical Knowledge Base",2026-09-14T05:31:41.818394+00:00
Tone Products Inc.,toneproducts.com,"2129 N 15th Ave, Melrose Park, Illinois, 60160, United States","ingredient supplier, contract manufacturer",0,None detected,0,None detected,"Manufacturing, Maintenance, Management, Product Management",Maintenance Technician | Product Manager,"Open positions indicate active hiring in manufacturing and maintenance functions, suggesting operational scale-up or expansion. Job postings reflect demand for technical and management roles within food and beverage manufacturing operations.",0,None detected,0,0,None detected,"Apollo Multi-Pass Org Graph, Company Leadership Web Crawler, Nutraceutical Knowledge Base",2026-09-14T05:31:41.818429+00:00
MESA COUNTRY CLUB,mesacountryclub.com,"Mesa, Arizona",Unknown,0,None detected,0,None detected,"Golf Operations, Hospitality Management, Food & Beverage, Grounds & Maintenance, Member Services, Sports Instruction",PGA Professional | Golf Course Superintendent | Head Chef | Director of Clubhouse Operations | General Manager | Controller | Teaching Professional,"Organization staffed with specialized golf operations professionals including LPGA Class A teaching professionals, PGA tour professionals, golf course superintendents, and hospitality management. Typical country club roles include executive chefs, general managers, controllers, and member services staff.",0,None detected,0,0,None detected,"Apollo Multi-Pass Org Graph, Company Leadership Web Crawler, Nutraceutical Knowledge Base",2026-09-14T05:31:41.818466+00:00
Oracle,oracle.com,"Redwood City, California",Unknown,0,None detected,0,None detected,"Cloud Solution Engineering, Sales, Data Management, Infrastructure Architecture, Platform Engineering",Cloud Solution Engineer | Senior Sales Manager | Compute Control Plane Architect | Principal Platform Software Engineer | Data Center Technician,"Oracle actively recruits cloud solution engineers, sales managers, infrastructure architects, and platform engineers across multiple locations including Los Angeles. The company seeks technical talent for cloud infrastructure, identity orchestration, manufacturing solutions, and enterprise software implementation. Over 1,000 job openings available across various employment types (full-time, part-time, contract).",0,None detected,0,0,None detected,"Apollo Multi-Pass Org Graph, Company Leadership Web Crawler, Nutraceutical Knowledge Base",2026-09-14T05:31:41.818506+00:00
SKF,skf.com,"Blue Bell, PA, USA",Unknown,0,None detected,0,None detected,"Product Engineering, Application Engineering, Business Management, Sales, Industry Specialization",Product Engineer | Application Engineer | Application Engineering Specialist | Product Manager | Strategic Business Manager | Industry Specialist,"SKF maintains active global recruitment across multiple functions including engineering, product management, and business strategy roles. Job postings indicate hiring in both North American headquarters and international locations (Asia, Europe, Australia). The company recruits for specialized roles including application engineers, product engineers, and industry specialists.",0,None detected,0,0,None detected,"Apollo Multi-Pass Org Graph, Company Leadership Web Crawler, Nutraceutical Knowledge Base",2026-09-14T05:31:41.818547+00:00
Washington Elementary School District #6,washingtonelementaryschooldistrict6.com,"Glendale, Arizona / Phoenix, Arizona",Unknown,0,None detected,0,None detected,"Teachers (elementary and middle school), Support Staff, Administrative positions, Nutrition Services (Cooks, Servers, Clerks, Delivery Drivers), Student Teachers & Internships",Teacher - 6th Grade | Elementary School Teachers | Middle School Teachers | Nutrition Services Cook | Food Service Server | Food Service Clerk | Delivery Driver | Administrative Staff | Human Resources Staff,"WESD actively recruits for the 2026-2027 school year with openings for certified teachers at elementary and middle school levels, support staff across multiple functions, and nutrition services positions. Hiring is ongoing with applications available through their HR portal. The district emphasizes competitive certified salary schedules and comprehensive benefits packages to attract talent.",0,None detected,0,0,None detected,"Apollo Multi-Pass Org Graph, Company Leadership Web Crawler, Nutraceutical Knowledge Base",2026-09-14T05:31:41.818596+00:00
Morgan Properties,morganproperties.com,"King of Prussia, PA",Unknown,0,None detected,0,None detected,"Property Management, Maintenance, Human Resources, Community Management, Asset Management, Service Operations",Property Manager III | Maintenance Service Technician | Service Manager | Assistant Community Manager | Regional Service Manager | Regional Human Resources Business Partner | Asset Manager,"Morgan Properties actively recruits across property management, maintenance, and service functions. Job postings indicate competitive compensation ($20-$23.50/hour for entry-level positions), employee benefits including 20% apartment rental discounts and quarterly essentials payments, and emphasis on career development and growth opportunities within a growing national platform.",0,None detected,0,1,[PRODUCT_LAUNCH] Morgan Properties’ New Tech Chief Has Bold Vision for Artificial Intelligence,"Apollo Multi-Pass Org Graph, Company Leadership Web Crawler, Nutraceutical Knowledge Base",2026-09-14T05:31:41.818633+00:00
BENTELER Group,benteler.com,"Salzburg, Austria",contract manufacturer,0,None detected,0,None detected,"Quality/QA, Production Supervision, Sales and Business Development, Engineering and Product Development, Metallurgical Lab, Procurement/Commodity Buying, Human Resources, Recruitment",Quality Technician | Production Supervisor | Sales Manager | Product Development Engineer | Mechanical Technician | Metallurgical Lab Technician | Commodity Buyer | Recruiter,"BENTELER maintains an active global talent acquisition program with open positions in commodity procurement, quality/technical roles, production supervision, sales management, and engineering disciplines. The company advertises approximately 140 positions globally and 44 in the United States across manufacturing, engineering, and business functions, indicating ongoing expansion particularly in new markets like Morocco and growth in autonomous vehicle technology.",0,None detected,0,0,None detected,"Apollo Multi-Pass Org Graph, Company Leadership Web Crawler, Nutraceutical Knowledge Base",2026-09-14T05:31:41.818669+00:00
DERSTINES INC,derstines.com,"Sellersville, PA",Unknown,0,None detected,0,None detected,"IT/Infrastructure, Supply Chain/Logistics, Transportation, Sales/Territory Management, Finance/CFO, Executive Management",IT Manager | Infrastructure Manager | Territory Manager | Executive Vice President/CFO,"Derstine's is actively recruiting for IT, logistics, supply chain, sales, and executive positions. Job openings are posted on their careers portal, indicating growth or replacement hiring in infrastructure, transportation, and territory management roles.",0,None detected,0,0,None detected,"Apollo Multi-Pass Org Graph, Company Leadership Web Crawler, Nutraceutical Knowledge Base",2026-09-14T05:31:41.818704+00:00
Republic Services,republic.com,"Phoenix, Arizona",Unknown,0,None detected,0,None detected,"Field Operations, Driver, Recycling Center Maintenance, Sorter, Supervisor, Utility Locator, Corporate Staff",Sorter | Field Worker I | Operations Supervisor Hauling | Utility Locator | Transfer Station Laborer | Relief Driver | Surface Water Maintenance Service Worker,"Republic Services actively recruits across North America with 1,000+ open positions in locations like Phoenix and Seattle. The company emphasizes career growth, sustainability values, and equal opportunity employment. Job openings span operational, field, and corporate functions.",0,None detected,0,0,None detected,"Apollo Multi-Pass Org Graph, Company Leadership Web Crawler, Nutraceutical Knowledge Base",2026-09-14T05:31:41.818742+00:00
Allentown Parking Authority,allentownparkingauthority.com,"603 W. Linden Street, Allentown, PA 18101",Unknown,0,None detected,0,None detected,"Parking Enforcement, Customer Service, Administrative Operations, Budget/Finance, Facilities Management, Event Staffing",Parking Enforcement Officer | Customer Service Representative | Administrative Officer | Budget Analyst | Director of Facilities | Part-time Events Staff,"The Allentown Parking Authority is actively recruiting across multiple functions including Parking Enforcement Officers, Part-time Events Staff, Customer Service Representatives, Administrative Officers, Budget Analysts, and Facilities Directors. Job postings emphasize customer service orientation, attention to detail in enforcement, and community engagement for events staffing roles.",0,None detected,0,0,None detected,"Apollo Multi-Pass Org Graph, Company Leadership Web Crawler, Nutraceutical Knowledge Base",2026-09-14T05:31:41.818779+00:00
"Thomas Built Buses, Inc.",thomasbuiltbuses.com,"1408 Courtesy Road, High Point, NC 27260",Unknown,0,None detected,0,None detected,"Product Design Engineering, Mechanical Engineering, Product Management (Point of Sale), Solution Architecture, HMI Component Functions, Sales, Customer Service, Safety Technologies",Mechanical Product Design Engineer II | Product Owner - Point of Sale | Solution Architect | Function Owner HMI Component,"Thomas Built Buses is actively hiring across multiple functions in the United States and Canada. Open positions include Mechanical Product Design Engineer II, Product Owner - Point of Sale for Canada/Mexico and DocuSign, Solution Architect, and HMI Component Function Owner roles. The company maintains a careers page with ongoing position openings across various departments including engineering, product management, and customer support.",0,None detected,0,0,None detected,"Apollo Multi-Pass Org Graph, Company Leadership Web Crawler, Nutraceutical Knowledge Base",2026-09-14T05:31:41.818818+00:00
Daimler Truck North America,daimlertrucknorthamerica.com,"Portland, Oregon",Unknown,0,None detected,0,None detected,"Engineering (Mechanical, Software, Embedded), Manufacturing/Assembly, Operations/Distribution, Product Design, Information Technology, Finance/Accounting, User Experience (UX)",Chief Information Officer | Embedded Software Engineer | Manufacturing Assembly Process Engineer | Mechanical Product Design Engineer | Senior UX Designer | Truck Assembler | Operations Supervisor | Warehouse Employee | Accounting Manager,"Daimler Truck North America is actively recruiting across multiple functions including embedded software engineers, mechanical product design engineers, manufacturing assembly process engineers, and operations supervisors. Job postings indicate expansion or sustained activity in Portland, Oregon and Mount Holly/Charlotte, North Carolina locations. Hiring spans technical engineering roles, manufacturing operations, and corporate functions.",0,None detected,0,0,None detected,"Apollo Multi-Pass Org Graph, Company Leadership Web Crawler, Nutraceutical Knowledge Base",2026-09-14T05:31:41.818856+00:00
Jobot,jobot.com,"Dallas, TX",supplement brand,0,None detected,0,None detected,"Product Development, Marketing, R&D, Operations, Quality/Compliance",Director of Product Development | Director of Marketing | Product Development Team Members | Regulatory/Compliance Specialists,"Jobot is actively recruiting for senior product development and marketing leadership roles in Dallas, with salary ranges of $130,000-$160,000. The company seeks experienced professionals with 10+ years in supplement or sports nutrition product development, strong formulation science backgrounds, and entrepreneurial mindsets. Recruitment messaging emphasizes growth opportunity, rapid scaling, competitive compensation, employee wellness perks, and leadership development.",0,None detected,0,0,None detected,"Apollo Multi-Pass Org Graph, Company Leadership Web Crawler, Nutraceutical Knowledge Base",2026-09-14T05:31:41.818890+00:00
Leslie's,leslies.com,United States,Unknown,0,None detected,0,None detected,"General Management, Customer Service, Sales, Operations, Data Analytics, eCommerce, Employee Relations",General Manager in Training | Pool Spa Specialist | Assistant Manager | Shift Lead | Sales Associate | Customer Care Representative | Employee Relations Consultant | Analyst - Marketplaces (eCommerce) | Enterprise Data Analyst,"Leslie's actively recruits across multiple functions including store management (General Manager in Training, Assistant Manager, Shift Lead positions), customer-facing roles (Pool Spa Specialist, Sales Associate), and corporate functions (eCommerce Analyst, Enterprise Data Analyst, Employee Relations Consultant). Seasonal hiring occurs with positions posted in multiple locations (Phoenix, Pryor). Hourly compensation for seasonal roles ranges approximately $15.92-$17.36.",0,None detected,0,0,None detected,"Apollo Multi-Pass Org Graph, Company Leadership Web Crawler, Nutraceutical Knowledge Base",2026-09-14T05:31:41.818928+00:00
VisionsHR,visionshr.com,USA,contract manufacturer,0,None detected,0,None detected,"Quality Assurance/Quality Control, Manufacturing/Production, Research and Development, Sales and Business Development, Human Resources",Quality Analyst | Manufacturing Technician | R&D Scientist | Business Development Manager | HR Specialist,"Vitaquest is actively recruiting across multiple functions including quality, manufacturing, R&D, and business development roles. The company is scaling operations to support growth in custom formula development and production. Labor market signals indicate demand for skilled manufacturing, quality, and commercial talent to support expansion across 40+ countries.",0,None detected,0,0,None detected,"Apollo Multi-Pass Org Graph, Company Leadership Web Crawler, Nutraceutical Knowledge Base",2026-09-14T05:31:41.818954+00:00
Donna Cornell Enterprises,donna.com,"Cornwall on Hudson, New York",Unknown,0,None detected,0,None detected,"Office Manager, Tax Accountant, Executive Management, Engineering, Human Resources, Career Development, Business Consulting",Senior Vice President | Engineering Manager | Tax Accountant | Office Manager,"Active recruitment across 12 open positions (as of data snapshot) primarily in New York (11 positions) and New Jersey (1 position). Job postings span full-time roles with salary ranges from $120,000-$160,000+ annually. Recent expansion into cGMP and manufacturing talent suggests strategic pivot toward pharmaceutical and personal care sectors.",0,None detected,0,0,None detected,"Apollo Multi-Pass Org Graph, Company Leadership Web Crawler, Nutraceutical Knowledge Base",2026-09-14T05:31:41.818992+00:00
Beyond Meat,beyondmeat.com,"El Segundo, California",Unknown,0,None detected,0,None detected,"Process Engineer, Production Operator, Plant Technologist, Manager, Maintenance & Engineering, Sourcing Manager, E-Commerce Director, Senior Director, Financial Reporting, Shopper Marketing Manager, Partnerships Manager",Process Engineer | Production Operator | Plant Technologist | Maintenance & Engineering Manager | Sourcing Manager | E-Commerce Director | Financial Reporting Director | Marketing Manager | Partnerships Manager,"Beyond Meat is actively hiring across manufacturing, supply chain, e-commerce, marketing, and finance functions. Current open roles indicate focus on operational scaling (Production Operators, Plant Technologists, Maintenance), supply chain optimization (Sourcing Manager, Process Engineer), and digital commerce (E-Commerce Director). Geographic concentration of jobs in El Segundo, California and broader California region suggests headquarters-driven expansion. Hiring patterns reflect both manufacturing scaling and retail/digital growth.",0,None detected,0,0,None detected,"Apollo Multi-Pass Org Graph, Company Leadership Web Crawler, Nutraceutical Knowledge Base",2026-09-14T05:31:41.819030+00:00
GSK,gsk.com,"79 New Oxford Street, London, United Kingdom WC1A 1DG",supplement brand,0,None detected,0,None detected,"Regulatory, QA/QC, Sales, Medical Affairs, Product Management, Legal/Patent, Administrative",Strategic Oncology Account Director | Assistant General Counsel (Patent Litigation) | Associate Product Manager (Hepatology) | Pharmaceutical Sales Representative | Global Category Leader | Administrative Assistant | US Wellness Medical Affairs Lead,"GSK actively recruits across multiple functions including regulatory, sales, medical affairs, product management, and legal roles. The company offers internship positions annually for students pursuing medical, pharmacy, dietetics, or related life sciences studies. Significant hiring activity occurs at primary locations in Philadelphia, Durham, and London, with roles ranging from entry-level to senior strategic positions.",0,None detected,0,0,None detected,"Apollo Multi-Pass Org Graph, Company Leadership Web Crawler, Nutraceutical Knowledge Base",2026-09-14T05:31:41.819066+00:00
Refresco,refresco.com,"Rotterdam, Netherlands",contract manufacturer,0,None detected,0,None detected,"Sales, Operations, Category Management, Account Management, Revenue Management, Franchise Operations, Merchandising",Machine Operator | Merchandiser | Category Manager - Commercialization | Sales Trainee | Account Manager | Senior Manager - Franchise Operations | Revenue Management Analyst | Category Leadership Analyst,"Refresco is actively recruiting across multiple functions with 1,000+ job openings globally. Primary hiring focus is on sales, operations, category management, and commercial roles. The company offers competitive salaries and comprehensive benefits including medical/dental/vision insurance and life insurance. Job opportunities are concentrated in North America (Tampa and other locations) and other global regions.",0,None detected,0,0,None detected,"Apollo Multi-Pass Org Graph, Company Leadership Web Crawler, Nutraceutical Knowledge Base",2026-09-14T05:31:41.819098+00:00
Universal Pure,universalpure.com,"Lincoln, Nebraska",contract manufacturer,0,None detected,0,None detected,"Food Safety & Quality, Quality Assurance, Production, Management, Maintenance, Accounting, Operations",Associate Director Food Safety & Quality | Senior Accountant | Quality Assurance Specialist | Production Manager | Maintenance Manager | Food Safety Scientist,"Universal Pure is actively recruiting for mid to senior-level positions including Food Safety & Quality leadership (Associate Director level) across regional locations, production and quality assurance roles, maintenance management, and accounting functions. Job postings indicate expansion across multiple facility locations and growth in quality/food safety operations.",0,None detected,0,0,None detected,"Apollo Multi-Pass Org Graph, Company Leadership Web Crawler, Nutraceutical Knowledge Base",2026-09-14T05:31:41.819132+00:00
Baldwin Richardson Foods,baldwinrichardsonfoods.com,"Macedon, NY","ingredient supplier, contract manufacturer",0,None detected,0,None detected,"Food Innovation Scientist, Product Development, Operational Sales, Market Sales, Territory Coverage, Market Development, Beverage Lead Operator, Plant Operations",Food Innovation Scientist | Operational Sales Leader | Market Sales Leader | Territory Coverage Associate | Market Development Lead | Beverage Lead Operator I,"BRF is actively hiring across operational, sales, and R&D functions. Job postings indicate 1000+ open positions in the United States. Roles include Food Innovation Scientists (requiring 4+ years experience in product development), operational sales leaders, market development positions, and plant operations roles (Beverage Lead Operator I starting at $23.90-$26.34/hour). Hiring suggests expansion of aseptic beverage operations and market growth initiatives.",0,None detected,0,0,None detected,"Apollo Multi-Pass Org Graph, Company Leadership Web Crawler, Nutraceutical Knowledge Base",2026-09-14T05:31:41.819170+00:00
Dairy Farmers of America,dairyfarmers.com,"Kansas City, KS","ingredient supplier, contract manufacturer",0,None detected,0,None detected,"Manufacturing, Accounting, Communications, Marketing, Economics, On-farm field operations, Warehouse/Logistics, Dairy Farm Management, Research",Dairy Farm Manager | Dairy Barn Worker | Warehouse Associate | Part-Time Dairy Farm Research Assistant | Dairy Farmer Per Diem Sub | Accountant | Marketing Professional | Communications Specialist | Economist,"DFA actively recruits across manufacturing, operations, and administrative functions with geographic distribution across seven regional offices. Hiring includes farm management roles, warehouse/logistics positions, and research positions in agricultural labs. The organization seeks candidates for roles spanning supply chain, quality, and farm operations reflecting its integrated cooperative model.",0,None detected,0,0,None detected,"Apollo Multi-Pass Org Graph, Company Leadership Web Crawler, Nutraceutical Knowledge Base",2026-09-14T05:31:41.819210+00:00
Freshpet,freshpet.com,"Secaucus, New Jersey",Unknown,0,None detected,0,None detected,"Production Operations, Quality Assurance/Quality Control, Sales (Category Development & Planning), Workplace Experience/Human Resources, Veterinary Nutrition (implied)",Production Operator - Night Shift | Senior Director - Category Development and Planning | Director - Quality Assurance | Workplace Experience Associate | Veterinary Nutritionist,"Freshpet is actively recruiting for production operations (night shift roles), category development/sales leadership, quality assurance management, and workplace operations. Job postings suggest capacity expansion or seasonal staffing needs in manufacturing and supply chain planning functions. Senior-level hiring in category development indicates potential product line expansion or market penetration strategy.",0,None detected,0,0,None detected,"Apollo Multi-Pass Org Graph, Company Leadership Web Crawler, Nutraceutical Knowledge Base",2026-09-14T05:31:41.819245+00:00
bakerly,bakerly.com,"Miami, FL",Unknown,0,None detected,0,None detected,"Baker/Production, Quality Assurance, R&D, Operations, Sales, Management",Baker | Quality Inspector | Production Operator | Material Handler | Process Manager,"Bakerly actively recruits across multiple functions including production bakers, quality personnel, and operational roles. Job postings emphasize precision, documentation accuracy, food safety compliance (GMP/SQF/OSHA), and experience in food processing environments. The company values organizational skills, attention to detail, and ability to maintain quality standards in fast-paced manufacturing.",0,None detected,0,0,None detected,"Apollo Multi-Pass Org Graph, Company Leadership Web Crawler, Nutraceutical Knowledge Base",2026-09-14T05:31:41.819279+00:00
Knoll,knoll.com,United States,Unknown,0,None detected,0,None detected,"Interior Design, Project Coordination, Human Resources, Financial Analysis, Sales/Account Management",Interior Designer (Workplace) | Project Coordinator (Job Captain) | HR Specialist | Senior Financial Analyst | Strategic Account Executive,"Job postings indicate Knoll is actively hiring for interior design, project coordination, human resources, and financial roles across US locations including Los Angeles metropolitan area. MillerKnoll subsidiary also recruiting globally for similar functions.",0,None detected,0,0,None detected,"Apollo Multi-Pass Org Graph, Company Leadership Web Crawler, Nutraceutical Knowledge Base",2026-09-14T05:31:41.819312+00:00
Allied Reliability,alliedreliability.com,"Houston, TX, USA",Unknown,0,None detected,0,None detected,"Recruiting/Staffing, Operations, Sales, Customer Service, Environment, Health and Safety, CNC Machining, Industrial Maintenance, Equipment Maintenance Supervision, Packaging/Production Technician","Corporate Recruiter | Contract Recruiter | Contract Recruiting Coordinator | CNC Machinist | Senior Industrial Maintenance Technician | Multi-craft Technician | Maintenance Supervisor 3rd Shift | Packaging Technician | Environment, Health and Safety Manager","Allied Reliability actively recruits across 67+ positions in the United States spanning multiple career paths including operations, sales, customer service, engineering, maintenance, and administrative roles. The company seeks both corporate positions and field technician roles. Hiring focuses on industrial maintenance expertise, technical certifications, and skilled trades. As a staffing and recruiting company itself, Allied Reliability leverages internal expertise to identify and place talent.",0,None detected,0,0,None detected,"Apollo Multi-Pass Org Graph, Company Leadership Web Crawler, Nutraceutical Knowledge Base",2026-09-14T05:31:41.819350+00:00
Iltrade S.r.l.,iltrade.com,"Park City, Utah 84060",supplement brand,0,None detected,0,None detected,"R&D Formulation, QA/QC, Regulatory Affairs, Technical Sales",Plant Operations Manager | Director of Quality & Regulatory | Formulation Scientist | Technical Sales Director,No specific hiring or recruitment data available in provided sources.,0,None detected,0,0,None detected,"Apollo Multi-Pass Org Graph, Company Leadership Web Crawler, Nutraceutical Knowledge Base",2026-09-14T05:31:41.819382+00:00
Amneal Pharmaceuticals,amneal.com,"Bridgewater, New Jersey 08807, USA",Unknown,0,None detected,0,None detected,"Regulatory Affairs, Quality Control/QA, Quality Assurance, Microbiology, Manufacturing/Operations, Facilities Engineering, Drug Product Development, R&D, Core Foundations","Regulatory Scientist | Executive, Regulatory Affairs | Quality Analyst | Executive, Quality Control Microbiology | Industrial Engineer | Drug Product Development Associate Director | Senior Facilities Engineer","Amneal is actively hiring across 1,000+ open positions in the United States with focus on operations/manufacturing, scientific, and core foundation roles. The company has 871 promotions in 2024 and positions itself as a BioSpace 2026 Best Places to Work Winner. Leadership emphasizes culture of growth, curiosity, and purpose alignment.",0,None detected,0,2,"[MERGER_ACQUISITION] Amneal acquires Kashiv BioSciences, creating global biosimilars leader | [MERGER_ACQUISITION] Amneal Pharmaceuticals files prospectus for sale of up to 28.9 million shares","Apollo Multi-Pass Org Graph, Company Leadership Web Crawler, Nutraceutical Knowledge Base",2026-09-14T05:31:41.819422+00:00
KVK tech pharma,kvktech.com,"Newtown, PA",contract manufacturer,0,None detected,0,None detected,"Quality Assurance/QC, Packaging, Analytical Chemistry, Customer Service, Facilities & Engineering, Accounting, Technical Services, Process Validation","QA Inspector | Packaging Supervisor | Assistant Manager, Packaging | Analytical Chemist I | Analytical Chemist II | Technical Services Manager | AR&D Manager | Accounts Payable Specialist","KVK is actively hiring across manufacturing, quality, analytics, and operations roles. Job postings indicate focus on packaging supervisors, QA inspectors, analytical chemists, and technical services managers. The company appears to be scaling operations given expansion into sterile injectables and recent facility acquisitions, suggesting ongoing recruitment for manufacturing and technical support roles.",0,None detected,0,0,None detected,"Apollo Multi-Pass Org Graph, Company Leadership Web Crawler, Nutraceutical Knowledge Base",2026-09-14T05:31:41.819459+00:00
LUPIN Somerset,lupinsomerset.com,"Naples, Florida, USA (Americas operations); Mumbai, India (Global)",ingredient supplier,0,None detected,0,None detected,"Regulatory Affairs, Quality Control/Quality Assurance, R&D, Production Operations, Packaging Operations, Human Resources, Commercial/Sales, Finance, Legal, Business Development, Marketing, IT, Technical Operations, Pharmacovigilance, REMS Management",Regulatory Scientist | Quality Analyst/QA Specialist | Chemist III | Production Operator | Packaging Operator | Packaging Line Leader | Material Handler | Project Engineer | Program Manager - Technical Operations | Human Resources Specialist | Customer Service Representative | Pharmacovigilance Specialist,"Lupin Somerset actively recruits for production, packaging, quality, engineering, and technical operations roles. As of 2017, the facility had 380 employees with plans to add 50+ jobs over 12-18 months. Hiring spans both manufacturing floor positions (Packaging Operators, Production Operators, Material Handlers) and technical/professional roles (Chemists, Project Engineers, Program Managers, HR Specialists). The company emphasizes 'highly skilled and specialized' talent acquisition across its U.S. operations.",0,None detected,0,0,None detected,"Apollo Multi-Pass Org Graph, Company Leadership Web Crawler, Nutraceutical Knowledge Base",2026-09-14T05:31:41.819490+00:00
Novel Labs,novel.com,United States,Unknown,0,None detected,0,None detected,"R&D, Engineering, Operations, Quality/Manufacturing",Senior Mechanical Engineer - R&D | Instrumentation Engineer | Operations and Customer Service Lead | Technical Lead | Director of Innovation | Vice President R&D and Formulation | Chief Innovation Officer,"Job postings indicate active hiring in R&D, engineering, operations, and innovation leadership roles. Recruitment spans senior technical positions (Senior Mechanical Engineer, Instrumentation Engineer) through executive innovation roles (VP R&D, Chief Innovation Officer), suggesting growth in product development and operational infrastructure.",0,None detected,0,0,None detected,"Apollo Multi-Pass Org Graph, Company Leadership Web Crawler, Nutraceutical Knowledge Base",2026-09-14T05:31:41.819531+00:00
Somafina Nutraceutical Builders,somafina.com,"Layton, Utah","ingredient supplier, contract manufacturer",0,None detected,0,None detected,"Quality Assurance, Quality Control, Operations/Manufacturing, Blending/Production, Packaging, Sales, Marketing",Quality Assurance Technician | Quality Assurance Supervisor | Quality Control Technician | Blending Manager | Swing Shift Packaging Supervisor | Formulators | Flavor chemists | Factory engineers | Marketing Analyst | Membership Specialist,"Current job openings indicate active hiring across manufacturing and operations functions, particularly for quality assurance roles (QA Technician, QA Supervisor on swing shift), production management (Blending Manager), and packaging supervision. Wage ranges for QA Supervisor positions are $22-$25/hour. The company is expanding its operational capacity, suggesting business growth and increased production demand.",0,None detected,0,0,None detected,"Apollo Multi-Pass Org Graph, Company Leadership Web Crawler, Nutraceutical Knowledge Base",2026-09-14T05:31:41.819569+00:00
Ion Nutritional Labs,ion.com,"Largo, Florida, USA",contract manufacturer,0,None detected,0,None detected,"Regulatory, Quality Assurance/Quality Control, R&D, Manufacturing, Procurement, Human Resources, Planning and Transformation",Regulatory Scientist | Quality Analyst | R&D Formulation Scientist | Manufacturing Technician | Procurement Manager | Procurement Analyst | Human Resources Supervisor | Human Resources Generalist | Director of Transformation | Chief Growth Officer | Director of Planning,"Active hiring across multiple functional areas including regulatory, quality, R&D, procurement, and leadership roles. Presence in Largo, Florida and Missoula, Montana suggests distributed hiring strategy. Career opportunities visible on company website and LinkedIn, indicating sustained growth and expansion plans.",0,None detected,0,0,None detected,"Apollo Multi-Pass Org Graph, Company Leadership Web Crawler, Nutraceutical Knowledge Base",2026-09-14T05:31:41.819607+00:00
Halo Pharmaceutical,halo.com,"Whippany, New Jersey, USA",contract manufacturer,0,None detected,0,None detected,"Manufacturing/Production, Regulatory, Quality Assurance/Quality Control, Analytical Development, Controlled Substance Compliance, Product Development",Manager Oral Solid Dosage (Manufacturing & Packaging) | Controlled Substance Compliance Specialist | Production Chef (Production Solide) | Production roles (general),"Halo is actively hiring across manufacturing, regulatory, quality, and production functions, with open positions for roles including Manager Oral Solid Dosage (Manufacturing & Packaging), Controlled Substance Compliance Specialist, and production personnel at both Whippany and Canadian facilities. The company's growth initiatives, particularly the 2026 sterile manufacturing expansion and Accelerated Tech Transfer Program, suggest expansion of R&D, engineering, regulatory, and quality teams.",0,None detected,0,0,None detected,"Apollo Multi-Pass Org Graph, Company Leadership Web Crawler, Nutraceutical Knowledge Base",2026-09-14T05:31:41.819642+00:00
Abbott Laboratories,abbott.com,"Abbott Park, Illinois",supplement brand,0,None detected,0,None detected,"Manufacturing Engineer, Clinical Sales, Territory Manager, Customer Service, Software Support, Quality/Compliance, Facilities/Operations","Manufacturing Engineer | Clinical Sales Specialist | Territory Manager | Senior Auditor, Global Compliance | Facilities Contractor Coordinator | Operator | Product Consultant","Active hiring across multiple regions (Chicago, Dallas-Fort Worth, Casa Grande, Arizona) with focus on manufacturing, clinical sales, territory management, compliance, and operations roles. Job postings indicate expansion in electrophysiology/clinical product areas and manufacturing infrastructure.",0,None detected,0,1,[MERGER_ACQUISITION] Abbott Laboratories,"Apollo Multi-Pass Org Graph, Company Leadership Web Crawler, Nutraceutical Knowledge Base",2026-09-14T05:31:41.819680+00:00
Millennial Pharma LLC,millennial.com,"Piscataway, New Jersey",contract manufacturer,0,None detected,0,None detected,"Quality Assurance, Quality Control, Manufacturing, Regulatory, Research & Development, Supply Chain Management",Director of Quality Assurance | Quality Control Scientist | Quality Analyst | Regulatory Scientist | Manufacturing Technician | Food Safety Manager,"Millennial Pharma is actively recruiting for quality assurance, quality control, and regulatory roles, indicating expansion or staffing needs in compliance-critical areas. Job postings target experienced professionals in dietary supplement manufacturing, GMP compliance, and FDA regulations. The company appears to be building out its QA/QC infrastructure despite being a recently founded entity.",0,None detected,0,0,None detected,"Apollo Multi-Pass Org Graph, Company Leadership Web Crawler, Nutraceutical Knowledge Base",2026-09-14T05:31:41.819718+00:00
Brawn Laboratories Pvt Ltd,brawn.com,"Gurugram, Haryana",contract manufacturer,0,None detected,0,None detected,"Research & Development, Human Resources, Operations/ERP, Sales/Business Development, Finance/Accounts, Digital Marketing/SEO",Research Associate | Accounts Executive | Senior Human Resource Manager | SAP Operator | ERP Coordinator | Senior SEO Specialist | DRA Executive,"Brawn Laboratories is actively recruiting across multiple functions including research associates, operations, finance, HR, and digital marketing roles. The company appears to be scaling operations with focus on ERP systems, compliance roles, and scientific research positions, suggesting expansion of manufacturing and distribution capabilities.",0,None detected,0,0,None detected,"Apollo Multi-Pass Org Graph, Company Leadership Web Crawler, Nutraceutical Knowledge Base",2026-09-14T05:31:41.819754+00:00
Prince of Songkla University,prince.com,United States,Unknown,0,None detected,0,None detected,"R&D Formulation, QA/QC, Regulatory Affairs, Technical Sales",Plant Operations Manager | Director of Quality & Regulatory | Formulation Scientist | Technical Sales Director,,0,None detected,0,0,None detected,"Apollo Multi-Pass Org Graph, Company Leadership Web Crawler, Nutraceutical Knowledge Base",2026-09-14T05:31:41.819785+00:00
"College of Pharmacy, Qassim University",college.com,"Qassim, Saudi Arabia",Unknown,0,None detected,0,None detected,"Assistant Professor - Drug Discovery from Natural Sources, Clinical Pharmacy (Pharmacology & Pharmacotherapy) faculty, Research positions, Academic/Administrative roles",Assistant Professor | Clinical Pharmacy Specialist | Pharmacognosy Researcher | Faculty - Drug Discovery,"College of Pharmacy, Qassim University actively recruits faculty for clinical pharmacy, pharmacology, pharmacotherapy, and natural product drug discovery positions. The institution maintains a careers portal listing open positions across academic and administrative functions. Current workforce of 91 employees suggests ongoing expansion in research and educational capacity.",0,None detected,0,0,None detected,"Apollo Multi-Pass Org Graph, Company Leadership Web Crawler, Nutraceutical Knowledge Base",2026-09-14T05:31:41.819831+00:00
Sebai Institute,sebaiinstitute.com,"Franklin, TN",Unknown,0,None detected,0,None detected,"Research Scientists, Quality Assurance, Regulatory Affairs",Research Scientist | Quality Analyst | Regulatory Specialist | Teaching Assistant | Purchasing Manager,"The institute appears to recruit research scientists, quality assurance personnel, and administrative staff including purchasing managers and teaching assistants. Job postings suggest involvement in educational partnerships and training programs related to cGMP compliance and nutraceutical research.",0,None detected,0,0,None detected,"Apollo Multi-Pass Org Graph, Company Leadership Web Crawler, Nutraceutical Knowledge Base",2026-09-14T05:31:41.819868+00:00
SAN Nutrition,san.com,United States,supplement brand,0,None detected,0,None detected,"R&D Formulation, QA/QC, Regulatory Affairs, Technical Sales",Plant Operations Manager | Director of Quality & Regulatory | Formulation Scientist | Technical Sales Director,,0,None detected,0,0,None detected,"Apollo Multi-Pass Org Graph, Company Leadership Web Crawler, Nutraceutical Knowledge Base",2026-09-14T05:31:41.819906+00:00
GAT Sport,gatsport.com,"Monroe, CT",supplement brand,0,None detected,0,None detected,"Sales and Business Development, Global Sales, Customer Success, Executive/Leadership",Vice President of Global Sales | International Sales Representative | Customer Success Manager | Sales Manager,"GAT Sport is actively hiring for global expansion, particularly in sales and business development functions. Recent postings indicate recruitment for Vice President of Global Sales and International Sales Representatives, suggesting aggressive market expansion strategy. Additional hiring in customer success and management roles indicates scaling operations, with activity in Fort Lauderdale, FL and Coral Springs, Florida regions.",0,None detected,0,0,None detected,"Apollo Multi-Pass Org Graph, Company Leadership Web Crawler, Nutraceutical Knowledge Base",2026-09-14T05:31:41.819939+00:00
"Nutrex Research, Inc",nutrexresearch.com,"Oviedo, Florida, United States",supplement brand,0,None detected,0,None detected,"Sales, Operations, Product Development, Regulatory",Sales Director | Sales Manager | VP of Operations | Product Research Specialist | Natural Product Specialist,"Nutrex Research actively recruits for sales leadership positions (Sales Director, Sales Manager) and operations roles (VP of Operations). The company also seeks product research and development specialists, suggesting ongoing product innovation initiatives. Job postings indicate growth in commercial and operational functions within the dietary supplements sector.",0,None detected,0,0,None detected,"Apollo Multi-Pass Org Graph, Company Leadership Web Crawler, Nutraceutical Knowledge Base",2026-09-14T05:31:41.819981+00:00
Woodbridge INOAC Technical Products,woodbridgeinoactechnicalproducts.com,"Mississauga, Ontario, Canada & Troy, Michigan, USA",contract manufacturer,0,None detected,0,None detected,"Engineering, Design, Plant Management, Operations, Line Operations",Plant Manager | Manager | Line Operator | Engineering roles | Design roles,"WITP is actively recruiting across manufacturing and engineering functions. The company seeks candidates with knowledge and passion to drive innovation in foam manufacturing. Hiring includes line operators, plant managers, engineering, and design roles. The company emphasizes continuous improvement and innovation, targeting talented candidates who can push boundaries in foam technology development.",0,None detected,0,0,None detected,"Apollo Multi-Pass Org Graph, Company Leadership Web Crawler, Nutraceutical Knowledge Base",2026-09-14T05:31:41.820019+00:00
Avet Pharmaceuticals,avet.com,"East Brunswick, NJ",Unknown,0,None detected,0,None detected,"Manufacturing, QA/QC, Regulatory, Sales, Business Development, Customer Service",Production Helper | Manufacturing Supervisor | Chief Technical Officer | Chief Commercial Officer,"Avet actively recruits manufacturing personnel including entry-level Production Helpers ($19.05/hr) and supervisory roles (Manufacturing Supervisor - 2nd shift: $75,000-$85,000/year). The company emphasizes that employee success and well-being are linked to organizational success, offering competitive benefits and total rewards packages including compensation, health and wellness, and paid time off.",0,None detected,0,0,None detected,"Apollo Multi-Pass Org Graph, Company Leadership Web Crawler, Nutraceutical Knowledge Base",2026-09-14T05:31:41.820052+00:00
Damascus Bakery,damascusbakery.com,"Brooklyn, New York",contract manufacturer,0,None detected,0,None detected,"Accounting/Finance, Bakery Operations, Foodservice Sales, Quality Assurance, Administrative",Director of Finance | Accounting Clerk | Bookkeeper | Assistant Store Manager | Bakery Wrapper | Shift Leader,"Damascus Bakery actively recruits for finance, accounting, bakery operations, and administrative roles across their New York and New Jersey facilities. Job postings indicate openings in Newark, NJ and Boca Raton, FL. The company maintains competitive benefits including vision and dental insurance, and positions itself as an employer of choice with 'Best Places to Work' recognition in New Jersey.",0,None detected,0,0,None detected,"Apollo Multi-Pass Org Graph, Company Leadership Web Crawler, Nutraceutical Knowledge Base",2026-09-14T05:31:41.820088+00:00
VIP Industry,vipindustry.com,"Tulsa, Oklahoma",contract manufacturer,0,None detected,0,None detected,"Production/Manufacturing, Logistics/Supply Chain, Quality Control/Quality Assurance, Customer Service, Sales, Warehouse/Distribution",Plant Manager | Quality Control Technician | Logistics Coordinator | Food Service Sales Representative | Warehouse Manager | Production Supervisor,"VIP recruits across manufacturing, distribution, quality assurance, and sales functions typical of food processing operations. Job categories include production, logistics, quality control, and food service sales positions.",0,None detected,0,0,None detected,"Apollo Multi-Pass Org Graph, Company Leadership Web Crawler, Nutraceutical Knowledge Base",2026-09-14T05:31:41.820124+00:00
Comus International,comus.com,"Clifton, NJ 07012, United States",contract manufacturer,0,None detected,0,None detected,"R&D Formulation, QA/QC, Regulatory Affairs, Technical Sales",Plant Operations Manager | Director of Quality & Regulatory | Formulation Scientist | Technical Sales Director,,0,None detected,0,0,None detected,"Apollo Multi-Pass Org Graph, Company Leadership Web Crawler, Nutraceutical Knowledge Base",2026-09-14T05:31:41.820177+00:00
Livingston Donuts Inc,livingstondonuts.com,United States,Unknown,0,None detected,0,None detected,"R&D Formulation, QA/QC, Regulatory Affairs, Technical Sales",Plant Operations Manager | Director of Quality & Regulatory | Formulation Scientist | Technical Sales Director,"Job postings indicate Dunkin' Donuts presence in Livingston with various customer-facing roles, but no targeted research scientist or technical recruitment data for 'Livingston Donuts Inc' specifically.",0,None detected,0,0,None detected,"Apollo Multi-Pass Org Graph, Company Leadership Web Crawler, Nutraceutical Knowledge Base",2026-09-14T05:31:41.820211+00:00
Amul Dairy,amuldairy.com,India,Unknown,0,None detected,0,None detected,"Production/QA, Chemistry, Microbiology, Engineering (Instrumentation/Mechanical), Operations (Machine Operator), Finance, Software Development, Sales Management",Shift Officer - Production/QA | Chemist | Microbiologist | Engineer - Instrumentation | Engineer - Mechanical | Machine Operator | Finance Controller | Software Developer | Sales Manager | Manager - Production | Executive roles,"Amul is actively hiring across production, quality assurance, chemistry, microbiology, engineering, and operational roles, indicating expansion and capacity building. The company also recruits in finance, software development, and management functions, suggesting digital transformation and organizational scaling efforts.",0,None detected,0,0,None detected,"Apollo Multi-Pass Org Graph, Company Leadership Web Crawler, Nutraceutical Knowledge Base",2026-09-14T05:31:41.820246+00:00
Kaneka North America,kanekanorthamerica.com,"Pasadena, TX (Kaneka North America LLC); New York, NY (Kaneka Medical America LLC)","ingredient supplier, contract manufacturer",0,None detected,0,None detected,"Process Safety Engineering, Process Analytics, Chemistry/Analytical Chemistry, Clinical Specialist, Quality Assurance/Quality Control, Manufacturing/Operations, Regulatory, Business Intelligence/Data Analytics, Medical Science Liaison",Sr Process Safety Engineer | Process Safety Engineer | Process Analytics Engineer | Chemist | Analytical Chemist | Clinical Specialist | Standards Lead | Medical Science Liaison,"Kaneka North America is actively recruiting for technical and scientific roles, particularly in process safety, analytics, chemistry, and clinical specialties. Job postings indicate growth in manufacturing capabilities and process optimization. Hiring patterns suggest expansion in continuous manufacturing operations and quality systems development. Roles span multiple locations (NY, TX, CA) indicating geographic diversification.",0,None detected,0,0,None detected,"Apollo Multi-Pass Org Graph, Company Leadership Web Crawler, Nutraceutical Knowledge Base",2026-09-14T05:31:41.820287+00:00
Particle Dynamics,particledynamics.com,"Statesville, NC",contract manufacturer,0,None detected,0,None detected,Manufacturing/Production,Manufacturing Team Lead,"Evidence of active recruitment in manufacturing roles, indicating expansion or turnover in production operations.",0,None detected,0,0,None detected,"Apollo Multi-Pass Org Graph, Company Leadership Web Crawler, Nutraceutical Knowledge Base",2026-09-14T05:31:41.820323+00:00
Natural Immunogenics,naturalimmunogenics.com,"7504 Pennsylvania Ave., Pompano Beach, Florida",supplement brand,0,None detected,0,None detected,"Product development, Quality assurance, Creative/marketing, Sales, Fermentation/manufacturing, Formulation, Innovation management",Creative Director | Senior Director of Innovation | Fermentation Technician | Director of Formulation | Natural Product Specialist,"Company actively recruits for innovation, formulation, fermentation, quality, and creative/storytelling roles. Positions suggest expansion into fermentation-based products, formulation diversification, and brand development beyond core silver hydrosol offerings.",0,None detected,0,0,None detected,"Apollo Multi-Pass Org Graph, Company Leadership Web Crawler, Nutraceutical Knowledge Base",2026-09-14T05:31:41.820359+00:00
Sensient Technology,sensienttechnology.com,"Milwaukee, WI","ingredient supplier, contract manufacturer",0,None detected,0,None detected,"Regulatory, Quality Control/Assurance, Research and Development, Sales & Marketing, Manufacturing, Customer Service, Automation Engineering",Regulatory Specialist | Quality Analyst | Research & Development Scientist | Sales Account Manager | Manufacturing Engineer | Automation Engineer | Customer Service Manager,"Sensient actively recruits across multiple functions with particular emphasis on R&D (19 openings), Manufacturing (23 openings), and Sales & Marketing (15 openings). Quality Control/Assurance roles (10 openings) indicate focus on regulatory compliance and product integrity. Geographic hiring includes Philippines and Illinois (Hoffman Estates), suggesting global expansion and regional manufacturing presence.",0,None detected,0,0,None detected,"Apollo Multi-Pass Org Graph, Company Leadership Web Crawler, Nutraceutical Knowledge Base",2026-09-14T05:31:41.820395+00:00
Nutraceutical Corp./Biogenesis,nutraceutical.com,"Park City, Utah",supplement brand,0,None detected,0,None detected,"Manufacturing Management, Product Development, Procurement, Quality Assurance/Quality Control, Regulatory Affairs, Sales, Marketing",Manufacturing Manager | Senior Product Development Manager | Director of Procurement | Applications Specialist | Senior Copywriter | Director of Transformation,"Active hiring across manufacturing, quality, product development, procurement, and commercial functions. Job postings indicate expansion in regulatory, QA/QC, and product management roles. Geographic hiring focus includes United States locations with particular concentration in New Jersey area (South Brunswick). Salary and benefits competitive within nutraceutical sector.",0,None detected,0,0,None detected,"Apollo Multi-Pass Org Graph, Company Leadership Web Crawler, Nutraceutical Knowledge Base",2026-09-14T05:31:41.820426+00:00
Nutritional Frontiers/Food Science Corp.,nutritionalfrontiersfoodscience.com,"Pittsburgh, PA",supplement brand,0,None detected,0,None detected,"Product Development, Quality Assurance, Research & Development, Food Science",Food Scientist | R&D Scientist | Product Development Technologist | Quality Technician,"Job market data indicates significant hiring in food science and nutraceutical sectors across the United States (6000+ positions nationally), with concentrated opportunities in major markets like Chicago (667 positions) and Fort Collins (86 positions). Typical roles include Food Scientist, Food Innovation Scientist, Food Technologist, Product & Process Development specialists, and R&D positions—suggesting Nutritional Frontiers likely competes for talent in these functional areas.",0,None detected,0,0,None detected,"Apollo Multi-Pass Org Graph, Company Leadership Web Crawler, Nutraceutical Knowledge Base",2026-09-14T05:31:41.820461+00:00
"Metagenics, Inc.",metagenics.com,"San Clemente, California",supplement brand,0,None detected,0,None detected,"Regulatory Affairs, Sales, New Business Development, People & Culture, Marketing, Account Management","Specialist, Regulatory Affairs | Senior Director, New Business | Key Account Manager | Coordinator, People & Culture | Director, Marketing | Senior Director","Metagenics is actively recruiting across multiple functions including regulatory affairs, sales, account management, and business development. Roles include Specialist Regulatory Affairs, Senior Director positions, Key Account Managers (regional focus including Southern California and Washington), and People & Culture coordinators, indicating expansion and operational growth.",0,None detected,0,0,None detected,"Apollo Multi-Pass Org Graph, Company Leadership Web Crawler, Nutraceutical Knowledge Base",2026-09-14T05:31:41.820496+00:00
Sterling Computers,sterling.com,"North Sioux City, SD",Unknown,0,None detected,0,None detected,"IT Support, Professional Services, Sales, Solution Engineering",IT Support Specialist | IT Helpdesk Specialist | IT Support Technician | SAP Developer | Customer Service Representative,"Sterling maintains active recruitment efforts across IT and professional services functions. Job openings are posted for IT support specialists, helpdesk positions, technical roles, and specialized positions such as SAP developers. The company emphasizes benefits and work-life balance in recruitment messaging.",0,None detected,0,0,None detected,"Apollo Multi-Pass Org Graph, Company Leadership Web Crawler, Nutraceutical Knowledge Base",2026-09-14T05:31:41.820536+00:00
Premier Bankcard,premierbankcard.com,"Sioux Falls, South Dakota",Unknown,0,None detected,0,None detected,"Customer Service, Sales, Lending/Mortgage, Administrative, Banking Operations",Customer Service Representative | Customer Care Associate | Mortgage Loan Originator Assistant | Teller | ATM Funding Associate,"Premier is actively recruiting across multiple functions including customer service representatives (full-time and part-time at $17.25-19.15/hour starting with performance incentives), customer care associates, mortgage loan originators, tellers, and ATM funding associates. Positions are available on both onsite and remote bases, indicating flexible work arrangements to support talent acquisition.",0,None detected,0,0,None detected,"Apollo Multi-Pass Org Graph, Company Leadership Web Crawler, Nutraceutical Knowledge Base",2026-09-14T05:31:41.820576+00:00
Nikoni Pharma LLC,nikoni.com,"Chesterfield, Missouri, United States","contract manufacturer, supplement brand",0,None detected,0,None detected,"Quality Control, Quality Assurance, Manufacturing Operations, Contract Development, Business Development",Quality Control Microbiologist | QC Specialist | Director of Development | Contract Manufacturing Manager,"Evidence suggests Nikoni Pharma is actively recruiting across quality control, regulatory, and development functions based on industry job market data. The company likely seeks manufacturing scientists, quality specialists, and business development professionals to support contract manufacturing growth and product line expansion.",0,None detected,0,0,None detected,"Apollo Multi-Pass Org Graph, Company Leadership Web Crawler, Nutraceutical Knowledge Base",2026-09-14T05:31:41.820615+00:00
Designs for Health Inc,designsforhealth.com,"Palm Coast, FL",supplement brand,0,None detected,0,None detected,"Financial Analysis (FP&A), Manufacturing, Sales (Inside and Field), Business Development, Design (UX/UI, Product Design), Functional Medicine Consultation",Senior Financial Analyst - FP&A | Financial Analyst - Manufacturing | Functional Medicine Consultant - Inside & Field | Inside Sales Representative | Business Development Representative | Senior UX/UI Designer | Product Designer | Product Design Apprentice,"Designs for Health is actively recruiting across financial (FP&A, manufacturing finance), sales (inside and field), product design (UX/UI and product designers), and business development roles. The presence of design and UX/UI positions suggests digital platform expansion for their Virtual Dispensary and practitioner tools. Functional Medicine Consultant roles indicate practitioner relationship expansion. Geographic hiring includes Hudson Valley, NY suggesting East Coast growth initiatives beyond their Florida headquarters.",0,None detected,0,0,None detected,"Apollo Multi-Pass Org Graph, Company Leadership Web Crawler, Nutraceutical Knowledge Base",2026-09-14T05:31:41.820653+00:00
Pacific Pharmaceuticals USA Inc,pacific.com,"11380 7th St, Rancho Cucamonga, California 91730, United States","contract manufacturer, supplement brand",0,None detected,0,None detected,"Quality Assurance/Quality Control, Manufacturing/Production, Regulatory Affairs, Sales, Project Management",Pharmacist | Medical Science Liaison | Project Manager | Compounding Technician | Research Advisor | Quality Analyst,"Active hiring across pharmaceutical and manufacturing functions including pharmacists, medical science liaisons, project managers, and technical roles. Salary ranges indicate mid-level positions with $19.75-$23.75/hr for technician roles and higher compensation for specialized roles. Actively recruiting for quality, regulatory, and technical manufacturing positions.",0,None detected,0,0,None detected,"Apollo Multi-Pass Org Graph, Company Leadership Web Crawler, Nutraceutical Knowledge Base",2026-09-14T05:31:41.820687+00:00
Aurex Laboratories LLC,aurex.com,"East Windsor, New Jersey, United States",contract manufacturer,0,None detected,0,None detected,"Operations, Medical Affairs, Communications, Environmental Sustainability, Government Relations, Partnerships","Vice President, Medical Affairs & Communications | Director of Operations | Head of Partnerships | Head of Government Relations | Head of Environmental Sustainability | General Manager | Quality Control Associate","Company is actively recruiting across operational, quality control, medical affairs, and strategic functions. Positions span director-level through associate roles, indicating growth or capacity expansion needs.",0,None detected,0,0,None detected,"Apollo Multi-Pass Org Graph, Company Leadership Web Crawler, Nutraceutical Knowledge Base",2026-09-14T05:31:41.820719+00:00
Sancilio & Company Inc.,sancilio.com,"Stuart, Florida","contract manufacturer, supplement brand",0,None detected,0,None detected,"Sales, Quality Assurance, Regulatory Affairs, Business Development",Sales Development Representative | Area Sales Manager | Quality/Regulatory Personnel,Company appears to be in growth phase with active hiring for sales and business development roles. Seeking experienced professionals in pharmaceutical sales and area management. Limited public recruitment data available; recruitment appears focused on field sales and operational management positions.,0,None detected,0,0,None detected,"Apollo Multi-Pass Org Graph, Company Leadership Web Crawler, Nutraceutical Knowledge Base",2026-09-14T05:31:41.820752+00:00
Mitsubishi Food Ingredients,mitsubishifood.com,"Columbus, OH",ingredient supplier,0,None detected,0,None detected,"Food Safety, R&D, Quality Assurance/Quality Control, Sales, Account Management, Business Development, Regulatory","Food Safety R&D Analyst | Vice-President, Business Development | Account Manager | Quality Control Specialist | PCQI-certified food safety personnel | Bookkeeper","MIFI is actively hiring across multiple functions including Food Safety, R&D, Account Management, Business Development, and Bookkeeping. Job postings indicate growth in areas such as R&D Analyst roles, Account Managers, and leadership positions (VP Business Development). The company seeks professionals with food safety certifications (PCQI, FSVP, HACCP, cGMP) and industry-specific expertise.",0,None detected,0,0,None detected,"Apollo Multi-Pass Org Graph, Company Leadership Web Crawler, Nutraceutical Knowledge Base",2026-09-14T05:31:41.820789+00:00
Enzyme Innovation,enzymeinnovation.com,"Chino, CA 91710, USA","ingredient supplier, contract manufacturer, supplement brand",0,None detected,0,None detected,"R&D, Regulatory, Quality Assurance/Quality Control, Research Scientists, Application Scientists, Technical Sales, Enzyme Development, Protein Expression and Purification","Senior Researcher | Sr Research Associate/Scientist | Scientist II, Protein Expression and Purification | Application Scientist (Dairy Enzymes) | Regulatory Scientist | Quality Analyst | Technical Sales Representative","Company actively recruits for R&D, enzyme development, protein expression, regulatory, and application science roles. Job postings indicate need for senior researchers, enzyme engineers, and application scientists with 3+ years of relevant enzyme experience. Technical expertise and fermentation knowledge are prioritized.",0,None detected,0,0,None detected,"Apollo Multi-Pass Org Graph, Company Leadership Web Crawler, Nutraceutical Knowledge Base",2026-09-14T05:31:41.820823+00:00
Prodotti Stella USA,prodottistella.com,"Altavilla Vicentina (VI), Italy","ingredient supplier, contract manufacturer, supplement brand",0,None detected,0,None detected,"R&D, Quality Assurance/Quality Control, Regulatory Affairs, Production, Packaging, Logistics, Sales, Product Management, Maintenance",Formulation Scientist | Quality Analyst | Regulatory Specialist | Production Manager | Packaging Specialist | Logistics Coordinator | Product Manager | R&D Technician,"Stella Nutrition is actively hiring across production, QA/QC, R&D, logistics, and management functions. Job postings indicate demand for maintenance staff, production assemblers, packaging specialists, and product managers. The company is expanding its capabilities and market reach, particularly in European and Asian markets, suggesting growth in contract manufacturing demand.",0,None detected,0,0,None detected,"Apollo Multi-Pass Org Graph, Company Leadership Web Crawler, Nutraceutical Knowledge Base",2026-09-14T05:31:41.820853+00:00
"Vetroelite, Inc.",vetroelite.com,"Ormelle, Treviso, Italy",contract manufacturer,0,None detected,0,None detected,"R&D Formulation, QA/QC, Regulatory Affairs, Technical Sales",Plant Operations Manager | Director of Quality & Regulatory | Formulation Scientist | Technical Sales Director,Vetroelite actively recruits for career development in an international environment driven by innovation and vision. Specific job functions and hiring details were not detailed in available data.,0,None detected,0,0,None detected,"Apollo Multi-Pass Org Graph, Company Leadership Web Crawler, Nutraceutical Knowledge Base",2026-09-14T05:31:41.820888+00:00
"All American Dairy Products, Inc.",allamericandairyproducts.com,"Morgantown, Pennsylvania","ingredient supplier, contract manufacturer",0,None detected,0,None detected,"Sales, Business Development, Management, Manufacturing, Food Science","Associate Director, Nutrition Ingredient Sales | Food Scientist | Senior Formulation Scientist | North American Dairy Business Development Manager","Active recruitment for mid-to-senior level positions in dairy business development (US remote), food science, and formulation science roles indicates expansion in sales, R&D, and technical capabilities.",0,None detected,0,0,None detected,"Apollo Multi-Pass Org Graph, Company Leadership Web Crawler, Nutraceutical Knowledge Base",2026-09-14T05:31:41.820920+00:00
PreGel America,pregelamerica.com,"Concord, NC 28027, USA","ingredient supplier, contract manufacturer",0,None detected,0,None detected,"Sales, Accounting/Finance, Regional Management",Sales Manager – Mid Atlantic Regional | Regional Sales Account Manager | Senior Accountant,"PreGel America is actively recruiting for sales and regional management positions, including Sales Manager roles for geographic territories (e.g., Mid Atlantic Regional). The company also hires accounting and finance personnel at mid-level positions. Compensation data suggests Senior Accountant roles in the $70,000-$80,000 annual range.",0,None detected,0,0,None detected,"Apollo Multi-Pass Org Graph, Company Leadership Web Crawler, Nutraceutical Knowledge Base",2026-09-14T05:31:41.820957+00:00
Sinotrans Middle East FZE,sinotransmiddleeastfze.com,"Mina Jebel Ali, Dubai, United Arab Emirates",Unknown,0,None detected,0,None detected,"Customer Service, Logistics Executive, Operations Executive, Sourcing Specialist, Buyer, Talent Acquisition",Customer Service Representative | Logistics Executive | Operations Executive | Sourcing Specialist | Corporate Buyer | Talent Acquisition Specialist,"Active hiring for customer service, logistics, and operations roles. Customer Service Representative positions offer AED 3,000-4,000 salary range. Company described as good for career development with supportive colleagues and paid overtime including meals. Actively recruiting across multiple logistics and sourcing functions.",0,None detected,0,0,None detected,"Apollo Multi-Pass Org Graph, Company Leadership Web Crawler, Nutraceutical Knowledge Base",2026-09-14T05:31:41.820995+00:00
Pure Chem Middle East LLC,purechemmiddleeast.com,Thailand,"ingredient supplier, contract manufacturer",0,None detected,0,None detected,"UPW Engineer, Purchase Specialist, Sales, Consultation",UPW Engineer | Purchase Specialist,"The company appears to be hiring for technical engineering roles (UPW Engineer) and procurement functions (Purchase Specialist), suggesting internal expansion of manufacturing capabilities and supply chain operations. Limited public recruitment data available.",0,None detected,0,0,None detected,"Apollo Multi-Pass Org Graph, Company Leadership Web Crawler, Nutraceutical Knowledge Base",2026-09-14T05:31:41.821027+00:00
Ensure Support Services India Pvt. Ltd,ensuresupport.com,India,contract manufacturer,0,None detected,0,None detected,"Quality Assurance, Manufacturing Operations, Regulatory Affairs, Customer Relations",QA/QC Specialist | Manufacturing Engineer | Regulatory Compliance Officer | Customer Relations Representative,"The company actively recruits for quality assurance, manufacturing operations, and customer-facing roles. Job postings indicate expansion in capacity planning and technical support functions, suggesting growth in contract manufacturing volume and client support services.",0,None detected,0,0,None detected,"Apollo Multi-Pass Org Graph, Company Leadership Web Crawler, Nutraceutical Knowledge Base",2026-09-14T05:31:41.821062+00:00
Phileo by Lesaffre,phileobylesaffre.com,"Milwaukee, WI 53214, USA (with European operations in Marcq-en-Barœul)","ingredient supplier, contract manufacturer, supplement brand",0,None detected,0,None detected,"Regulatory Affairs, Market Access, Quality Assurance, Quality Control, R&D, Product Management, Key Account Management, Sales, Brand Management, Human Resources",Regulatory Assistant | Global Regulatory Affairs/Market Access Team Leader | Quality Officer | Product Manager | Key Account Manager | Brand Manager | Industrial/Manufacturing Manager,"Phileo by Lesaffre is actively recruiting across regulatory affairs, quality assurance, product management, and key account management roles. Hiring is global with notable activity in Singapore (regulatory internships), France (Marcq-en-Barœul headquarters), and North America. The company is building specialized expertise in regulatory compliance, market access, and quality systems—indicating expansion and potential new market entries or product development initiatives.",0,None detected,0,0,None detected,"Apollo Multi-Pass Org Graph, Company Leadership Web Crawler, Nutraceutical Knowledge Base",2026-09-14T05:31:41.821099+00:00
International Quality Ingredients,internationalquality.com,United States,ingredient supplier,0,None detected,0,None detected,"Finance, Financial Controller",Financial Controller,"IQI is actively recruiting financial leadership, including a Financial Controller position, suggesting growth or organizational development in the company's international operations. The hiring focus on finance indicates potential expansion or operational scaling.",0,None detected,0,0,None detected,"Apollo Multi-Pass Org Graph, Company Leadership Web Crawler, Nutraceutical Knowledge Base",2026-09-14T05:31:41.821135+00:00
Aseracare Hospice,aseracarehospice.com,"Waterford, PA",Unknown,0,None detected,0,None detected,"Sales, Clinical/RN, CNA/Hospice Aides, Talent Acquisition, Case Management",Sales Liaison-Hospice | RN Case Manager | Hospice Sales Representative | CNA Hospice Aide | Talent Acquisition Specialist,"Active hiring for hospice sales and clinical roles with salary ranges of $70,000-$95,000 annually for sales positions. Positions include sign-on bonuses ($5K for Sales Liaisons). Recruiting for nursing, care aide, case management, and talent acquisition functions across multiple states.",0,None detected,0,0,None detected,"Apollo Multi-Pass Org Graph, Company Leadership Web Crawler, Nutraceutical Knowledge Base",2026-09-14T05:31:41.821173+00:00
Aviva Natural Supplements,avivanaturalsupplements.com,"New Brunswick, NJ",contract manufacturer,0,None detected,0,None detected,"Business Development, Sales, Manufacturing Management, Regional Management, Operations","Director, Business Development | Regional Manager | Manufacturing Manager | Chief Operating Officer | Sales Representative","Aviva is actively recruiting for business development and sales roles focused on the nutraceutical and dietary supplements industry, including remote positions. The company is also seeking operations and management talent, indicating growth or expansion initiatives.",0,None detected,0,0,None detected,"Apollo Multi-Pass Org Graph, Company Leadership Web Crawler, Nutraceutical Knowledge Base",2026-09-14T05:31:41.821209+00:00
Bold Profile,boldprofile.com,United States,"ingredient supplier, contract manufacturer",0,None detected,0,None detected,"Regulatory, QA/QC, Research, Business Development, Engineering",Plant Operations Manager | Director of Quality & Regulatory | Formulation Scientist | Technical Sales Director,"Bold Profile actively recruits for multiple functions including regulatory, quality assurance, research, and business development roles. The company targets candidates through LinkedIn, including those with 'actively hiring' indicators, and seeks professionals across engineering, business development, finance, and administrative functions.",0,None detected,0,0,None detected,"Apollo Multi-Pass Org Graph, Company Leadership Web Crawler, Nutraceutical Knowledge Base",2026-09-14T05:31:41.821238+00:00
Hikma Pharmaceutical,hikma.com,"Berkeley Heights, NJ, USA",Unknown,0,None detected,0,None detected,"Regulatory Affairs, Quality Assurance/Quality Control, Microbiology, R&D, Project Management, Technical Services, Sales, Business Development","Regulatory Affairs Associate | Trainee, Regulatory Affairs | Microbiologist II | Analyst, Microbiology | Analyst, QC | Project Manager, Technical Services","Hikma actively recruits across regulatory, quality, microbiology, and technical services functions. Job postings indicate 164+ open positions globally. The company emphasizes mission-driven hiring aligned with their goal to make high-quality medicines accessible. Career messaging focuses on joining a mission to put better health within reach and making a real difference globally.",0,None detected,0,0,None detected,"Apollo Multi-Pass Org Graph, Company Leadership Web Crawler, Nutraceutical Knowledge Base",2026-09-14T05:31:41.821281+00:00
Coherent Inc.,coherent.com,"Saxonburg, Pennsylvania, United States",Unknown,0,None detected,0,None detected,"Executive/Strategy, Operations, Quality/Maintenance, Manufacturing, Administrative",Chief Strategy Officer | VP of Strategy and Markets Development | Executive Administrative Assistant | Employee Experience Specialist | Coating Utility Operator | Implant Maintenance Technician | Precision Manufacturing roles,"Coherent is actively recruiting across multiple functions including executive strategy roles (VP of Strategy and Markets Development), administrative support, quality and maintenance technicians, and manufacturing operators. Job postings show presence in San Jose, CA and Santa Clara, CA in North America, and Singapore in Asia-Pacific. Compensation for technical roles ranges from $22.65–$37.09 hourly.",0,None detected,0,0,None detected,"Apollo Multi-Pass Org Graph, Company Leadership Web Crawler, Nutraceutical Knowledge Base",2026-09-14T05:31:41.821316+00:00
Philadelphia Energy Solutions,philadelphiaenergy.com,"Philadelphia, PA",Unknown,0,None detected,0,None detected,"Safety and Process Engineering, Environmental Remediation, Operations, Regulatory Compliance",Process Safety Engineer | Environmental Remediation Specialist | Refinery Operations Manager | Regulatory Affairs Specialist,"PES has faced significant workforce challenges related to facility closures. The company committed to extended pay for workers affected by the closure of its South Philadelphia refinery operations, indicating ongoing workforce transition activities.",0,None detected,0,0,None detected,"Apollo Multi-Pass Org Graph, Company Leadership Web Crawler, Nutraceutical Knowledge Base",2026-09-14T05:31:41.821351+00:00
Quagen Pharmaceuticals,quagen.com,"11 Patton Drive, West Caldwell, NJ 07006",contract manufacturer,0,None detected,0,None detected,"Regulatory, Quality Assurance, Manufacturing, Sales",Regulatory Affairs | Quality Control/Assurance | Pharmaceutical Manufacturing | Pharmaceutical Sales Representative,"Company is actively recruiting across pharmaceutical functions including regulatory scientists, quality analysts, manufacturing specialists, and pharmaceutical representatives. Senior leadership includes Ashish Shah, R.Ph. (President/CEO, 25+ years experience) and Dr. Veer Raju Pilla, Ph.D., MBA, R.Ph. (VP Regulatory Affairs, 34+ years experience).",0,None detected,0,0,None detected,"Apollo Multi-Pass Org Graph, Company Leadership Web Crawler, Nutraceutical Knowledge Base",2026-09-14T05:31:41.821387+00:00
Ingenus Pharmaceuticals,ingenus.com,"Orlando, Florida",Unknown,0,None detected,0,None detected,"Sales & Marketing, Account Services, Human Resources",Account Services Representatives | Sales and Marketing Professionals,Company is actively recruiting for Sales & Marketing and Account Services positions. Recruitment directed through rcobo@ingenus.com for sales roles and HR@Ingenus.com for general inquiries. No specific open positions detailed at time of data collection.,0,None detected,0,0,None detected,"Apollo Multi-Pass Org Graph, Company Leadership Web Crawler, Nutraceutical Knowledge Base",2026-09-14T05:31:41.821426+00:00
Mirror Pharmaceuticals,mirror.com,"Fairfield, New Jersey, United States","ingredient supplier, contract manufacturer",0,None detected,0,None detected,"Quality Control/Quality Assurance, Regulatory Affairs, Manufacturing/Operations, Research & Development",QC Analyst | Regulatory Scientist | Manufacturing Technician | R&D Formulation Scientist,"Active hiring in pharmaceutical and quality-related functions in New Jersey market; seeking skilled personnel in QA/QC, regulatory affairs, and manufacturing operations to support expanding contract manufacturing and ingredient development operations.",0,None detected,0,0,None detected,"Apollo Multi-Pass Org Graph, Company Leadership Web Crawler, Nutraceutical Knowledge Base",2026-09-14T05:31:41.821463+00:00
Sun Pharmaceutical Industries,sun.com,"Mumbai, Maharashtra, India","ingredient supplier, supplement brand",0,None detected,0,None detected,"Chemist, Clinical Research Associate, Procurement, Quality/QA/QC, Data Review, Supply Chain, Compliance, Medical Science, Sales/Account Management, Supply Chain/Procurement","Chemist I | Chemist II | Clinical Research Associate | Data Reviewer I | IPQA Associate I | Compliance Associate I | Senior Director (various functions) | Account Manager - Cutaneous Oncology | Buyer, Procurement | Supply Chain Analyst | Executive - Procurement | Coordinator, Quality","Sun Pharma actively recruits across multiple functions globally with 1,000+ jobs posted in the United States and 517 worldwide openings. Key hiring areas include chemistry, quality assurance, clinical research, compliance, procurement, and supply chain management. U.S. recruitment is concentrated in Princeton, New Jersey headquarters region and manufacturing/distribution locations nationwide.",0,None detected,0,0,None detected,"Apollo Multi-Pass Org Graph, Company Leadership Web Crawler, Nutraceutical Knowledge Base",2026-09-14T05:31:41.821500+00:00
CorePharma LLC,corepharma.com,"Middlesex, NJ",contract manufacturer,0,None detected,0,None detected,"QA/QC, R&D, Regulatory Affairs, Analytical",QC Chemist | Analytical R&D Chemist | Formulation Scientist | Regulatory Affairs Associate | Analytical Data Reviewer | Senior Consultant,"CorePharma is actively recruiting for QA/QC, R&D, Regulatory, and Analytical functions, indicating expansion or staffing needs in quality assurance, formulation development, and regulatory compliance roles. Hiring focus on Regulatory Affairs Associate and analytical chemist positions suggests either regulatory submission pipeline or quality system enhancement initiatives.",0,None detected,0,0,None detected,"Apollo Multi-Pass Org Graph, Company Leadership Web Crawler, Nutraceutical Knowledge Base",2026-09-14T05:31:41.821538+00:00
North American Nutra,northamerican.com,"Naples, Florida, 34104, United States",supplement brand,0,None detected,0,None detected,"R&D Formulation, QA/QC, Regulatory Affairs, Technical Sales",Plant Operations Manager | Director of Quality & Regulatory | Formulation Scientist | Technical Sales Director,"Limited hiring data available. The raw data references general nutraceutical industry job categories (Category Manager, Manufacturing Manager, Product Manager, Procurement Manager, Regulatory Scientist, Quality Analyst) but does not specifically identify North American Nutra's current recruitment needs.",0,None detected,0,0,None detected,"Apollo Multi-Pass Org Graph, Company Leadership Web Crawler, Nutraceutical Knowledge Base",2026-09-14T05:31:41.821574+00:00
Generex Laboratories,generex.com,"Naples, FL 34109","ingredient supplier, contract manufacturer",0,None detected,0,None detected,"Regulatory, QA/QC, R&D, Sales",Lead Agentic AI Engineer | Sales Manager,"Generex is actively recruiting for specialized technical roles including Lead Agentic AI Engineer positions, suggesting expansion into automation and advanced manufacturing technologies. The presence of Sales Manager roles indicates ongoing business development activities.",0,None detected,0,0,None detected,"Apollo Multi-Pass Org Graph, Company Leadership Web Crawler, Nutraceutical Knowledge Base",2026-09-14T05:31:41.821607+00:00
Vitarich Laboratories,vitarich.com,"Florida, USA","ingredient supplier, contract manufacturer",0,None detected,0,None detected,"Quality Assurance, QC Analyst, Sales, Manufacturing, Production",QC Analyst | Quality Assurance professional | Sales Manager | Manufacturing Engineer | Production staff,"Vitarich actively recruits for quality assurance, production, and sales functions, indicating ongoing expansion of manufacturing capacity and market development. Job postings reference QC Analyst, Sales Manager, and production roles.",0,None detected,0,0,None detected,"Apollo Multi-Pass Org Graph, Company Leadership Web Crawler, Nutraceutical Knowledge Base",2026-09-14T05:31:41.821643+00:00
SIS INTERNATIONAL,sis.com,New York City,Unknown,0,None detected,0,None detected,"Account Director, Global Account Manager, Solutions Sales Manager, Remote positions",Account Director | Global Account Manager | Solutions Sales Manager,"Company is actively hiring for remote and global positions including Account Director roles in Japan, Global Account Managers for India, and Solutions Sales Managers for Insurance & Insurtech segments.",0,None detected,0,0,None detected,"Apollo Multi-Pass Org Graph, Company Leadership Web Crawler, Nutraceutical Knowledge Base",2026-09-14T05:31:41.821677+00:00
"PHARMA FOODS CO., LTD",pharmafoods.com,"Kyoto, Japan","ingredient supplier, supplement brand",0,None detected,0,None detected,"R&D, Regulatory, Quality Assurance/Quality Control",Research Scientist | Regulatory Specialist | Quality Analyst,Company actively recruits for R&D and regulatory positions supporting ingredient development and pharmaceutical collaboration programs. Emphasis on scientific talent for evidence-based product development. Growth in Asian markets and global food & beverage expansion suggests hiring for commercialization and business development roles.,0,None detected,0,0,None detected,"Apollo Multi-Pass Org Graph, Company Leadership Web Crawler, Nutraceutical Knowledge Base",2026-09-14T05:31:41.821715+00:00
"NUMBER THREE, INC.",numberthree.com,"Lehi, UT 84043",supplement brand,0,None detected,0,None detected,"R&D Formulation, QA/QC, Regulatory Affairs, Technical Sales",Plant Operations Manager | Director of Quality & Regulatory | Formulation Scientist | Technical Sales Director,"Available data does not provide specific recruitment intelligence regarding hiring practices, open positions, or talent acquisition strategy for NUMBER THREE, INC.",0,None detected,0,0,None detected,"Apollo Multi-Pass Org Graph, Company Leadership Web Crawler, Nutraceutical Knowledge Base",2026-09-14T05:31:41.821749+00:00
JICE,jice.com,United States,Unknown,0,None detected,0,None detected,"R&D Formulation, QA/QC, Regulatory Affairs, Technical Sales",Plant Operations Manager | Director of Quality & Regulatory | Formulation Scientist | Technical Sales Director,"No company-specific recruitment data available. Data references general nutraceutical market, Nice Ltd (unrelated technology company), Suja Juice, and Tropicana—none of which appear to be JICE.",0,None detected,0,0,None detected,"Apollo Multi-Pass Org Graph, Company Leadership Web Crawler, Nutraceutical Knowledge Base",2026-09-14T05:31:41.821781+00:00
Leading Pharma,leadingpharma.com,United States,"ingredient supplier, contract manufacturer",0,None detected,0,None detected,"Regulatory, QA/QC, Drug Product Development, Biopharmaceutics, Formulation & Process, Technical Operations, Medical Affairs","Research Advisor, Drug Product | Associate Director, Biopharmaceutics | Associate Director, Formulation & Process | Quality Control Analyst | Senior Director, Technical Operations | Medical Affairs Specialist","Leading Pharma is actively recruiting across multiple pharmaceutical functions including quality control, regulatory affairs, biopharmaceutics, formulation, and technical operations. Job postings indicate expansion in drug product development, process development, and quality management areas. Entry-level and senior positions being filled suggests organizational growth or capacity building in core manufacturing and R&D functions.",0,None detected,0,0,None detected,"Apollo Multi-Pass Org Graph, Company Leadership Web Crawler, Nutraceutical Knowledge Base",2026-09-14T05:31:41.821815+00:00
"U.S.P.L Nutonalriti, LLC.",usplnutonalriti.com,"North Brunswick, NJ","ingredient supplier, contract manufacturer, supplement brand",0,None detected,0,None detected,"R&D, Quality Control, Manufacturing Operations, Microbiology, Facilities Management, Quality Assurance, Packaging Operations, Logistics","Senior Manager, R&D | Technician, R&D Formulation | Lead, Quality Control Chemist | Senior, Microbiologist | Associate, QA Operation Support | Operator, Blending/Granulation | Line Lead, Packaging | Mechanic, Maintenance Packaging | Coordinator, Facilities Security | Driver","USPL maintains active recruitment across R&D, quality, manufacturing, and operations functions. Current openings indicate focus on strengthening formulation capabilities (Senior Manager R&D, $100K-130K), quality assurance infrastructure (Lead QC Chemist, Senior Microbiologist), and production operations (Line Leads, Operators, Technicians). Salary ranges suggest mid-market compensation: blending operators ($40K-55K), R&D technicians ($48K-72K), senior microbiologists ($80K-100K). Recruitment pace suggests expansion or turnover management.",0,None detected,0,0,None detected,"Apollo Multi-Pass Org Graph, Company Leadership Web Crawler, Nutraceutical Knowledge Base",2026-09-14T05:31:41.821851+00:00
Sefari Chemicals,sefarichemicals.com,"Park City, Utah",supplement brand,0,None detected,0,None detected,"Regulatory, QA/QC, R&D, Sales, Business Development, Purchasing",Chief Commercial & Product Officer | Head of Sales | R&D Manager / Lead Formulation Chemist | Director of Purchasing | Buyer/Planner | Regional Sales | Business Development Manager,"Job market data indicates hiring across specialty chemicals and nutritional ingredients sectors for roles including formulation chemistry (wet chemistry experience required), sales leadership, R&D management, and commercial operations. Compensation ranges for lead formulation chemist positions noted at $125-165k with emphasis on chemistry expertise.",0,None detected,0,0,None detected,"Apollo Multi-Pass Org Graph, Company Leadership Web Crawler, Nutraceutical Knowledge Base",2026-09-14T05:31:41.821882+00:00
MediNatura Inc.,medinatura.com,"Philadelphia, Pennsylvania",supplement brand,0,None detected,0,None detected,"Regulatory, Quality Assurance/Quality Control, Manufacturing/Operations, Sales and Customer Service",VP Regulatory & Innovation | Lab Technician | Quality Analyst | Customer Service Representative,"Company employs small, dedicated team with long tenure (VP Regulatory has 35 years; another executive 13 years). Operates as 'intellectual democracy' where employee ideas drive strategy. Seeking to fill roles in regulatory, operations, quality, and customer-facing functions. Organization appears flat with direct CEO accessibility.",0,None detected,0,0,None detected,"Apollo Multi-Pass Org Graph, Company Leadership Web Crawler, Nutraceutical Knowledge Base",2026-09-14T05:31:41.821917+00:00
King Pharmaceuticals,king.com,"Bristol, Tennessee",Unknown,0,None detected,0,None detected,"Regulatory, Clinical Research, Clinical Development Operations, Pharmacovigilance, Biopharmaceutics, R&D, Manufacturing, Quality Assurance, Sales","Vice President, Pharmacovigilance | Vice President, Clinical Research | Vice President, Clinical Development Operations | Associate Director, Biopharmaceutics | Research Advisor, Drug | Staff Pharmacist | Thought Leader Liaison","King Pharmaceuticals recruited across regulatory, clinical research, pharmacovigilance, and biopharmaceutics functions. Job postings indicate active hiring in pharmaceutical operations, clinical development, and scientific roles. The company maintained a sales force of over 1,000 individuals and recruited thought leaders for franchise development in therapeutic areas like neuroscience and immunology.",0,None detected,0,0,None detected,"Apollo Multi-Pass Org Graph, Company Leadership Web Crawler, Nutraceutical Knowledge Base",2026-09-14T05:31:41.821961+00:00
Diagnostic Testing Group,diagnostictesting.com,United States,Unknown,0,None detected,0,None detected,"Regulatory, QA/QC, Research & Development, Laboratory Analysis, Method Development, Consultation/Technical Services",Regulatory Scientist | Quality Assurance Specialist | Quality Assurance Engineer | Quality Assurance Supervisor | Test Specialist | Laboratory Analyst | Informatics Analyst | Epic Beaker Analyst | Point of Care Testing Specialist,"The company is actively recruiting across quality assurance, testing, regulatory, and analytical functions in the Los Angeles market and likely across other major metropolitan areas. Job postings indicate openings for QA supervisors, engineers, quality managers, test specialists, point of care testing roles, and medical/laboratory technical positions. The hiring activity suggests expansion or maintenance of testing capacity and compliance infrastructure.",0,None detected,0,0,None detected,"Apollo Multi-Pass Org Graph, Company Leadership Web Crawler, Nutraceutical Knowledge Base",2026-09-14T05:31:41.822001+00:00
Freemen Nutra Group,freemen.com,"Edison, New Jersey, USA","ingredient supplier, contract manufacturer",0,None detected,0,None detected,"Sales, Business Development, Management, Regional leadership, Quality assurance",Sales Manager | Sales Director | Regional Head | Quality team members,"Freemen Nutra is actively hiring across geographies (recent postings for Jakarta, Indonesia and West Coast USA roles). Positions include Sales Manager, Sales Director - West Coast (base pay $150K-$180K), and Regional Head roles, indicating expansion in Asia-Pacific markets and North American sales infrastructure. Job functions center on Business Development, Sales, and Management at mid-senior levels, suggesting growth in commercial operations and market penetration.",0,None detected,0,0,None detected,"Apollo Multi-Pass Org Graph, Company Leadership Web Crawler, Nutraceutical Knowledge Base",2026-09-14T05:31:41.822039+00:00
Döhler Group,dhler.com,"Darmstadt, Hessen, Germany","ingredient supplier, contract manufacturer",0,None detected,0,None detected,"Research & Development, Quality Assurance/Quality Control, Regulatory, Marketing & Communication, IT/Digital, Supply Chain, Sales, Maintenance, Accounting, Procurement, Product Management, Talent Acquisition, Food Technology, Engineering","Developer R&D - Natural Colours, Coatings & Glazes | Manager CX and Digital Platforms | Teamlead Digital Supply Chain Planning | Talent Acquisition Specialist | Control Specialist | Food Technologist | Engineering Manager | Product Manager | Nutrition Educator | Maintenance Technician | Accountant | Lead Buyer - Packaging, Technics, and Services | International Talent Sourcing Manager","Active hiring across 1,000+ positions globally with focus on R&D, digital transformation, supply chain, and quality roles. The company is expanding development and manufacturing capabilities particularly in North America through strategic partnerships, suggesting increased recruitment needs in formulation, production, and innovation-focused functions.",0,None detected,0,0,None detected,"Apollo Multi-Pass Org Graph, Company Leadership Web Crawler, Nutraceutical Knowledge Base",2026-09-14T05:31:41.822084+00:00
IPSOS,ipsos.com,"Washington, DC",Unknown,0,None detected,0,None detected,"Research, Analytics, Data Science, Insights, Sales, Management",Senior Research Executive | Senior Research Analyst | Consumer Insights Specialist | Research Professional | VP - Ipsos Online Communities | Management Trainee,"Ipsos actively recruits across multiple levels including senior research executives, research analysts, consumer insights specialists, and management trainee roles. Job openings are posted globally (1,000+ positions worldwide noted), with significant hiring in North America (177 positions in Canada, 36 VP-level positions in United States) and emerging markets like India (Mumbai-based positions). The company seeks research professionals, analysts, and scientists with expertise in consumer behavior, data analysis, and market insights.",0,None detected,0,0,None detected,"Apollo Multi-Pass Org Graph, Company Leadership Web Crawler, Nutraceutical Knowledge Base",2026-09-14T05:31:41.822117+00:00
Döhler GmbH,dhler.com,"Darmstadt, Hessen, Germany",ingredient supplier,0,None detected,0,None detected,"R&D, Quality/QA/QC, Regulatory, Sales, Marketing & Communication, Digital/IT, Supply Chain, Engineering, Product Management, Food Technology, Maintenance/Operations, Accounting/Finance, Procurement","Developer R&D - Natural Colours, Coatings & Glazes | Manager CX and Digital Platforms | Teamlead Digital Supply Chain Planning | Control Specialist | Food Technologist | Engineering Manager | Product Manager | Nutrition Educator | Talent Acquisition Specialist | Maintenance Technician | Lead Buyer - Packaging, Technics, and Services","Döhler is actively recruiting across multiple functions including R&D (natural colours, coatings, glazes with digital/AI focus), supply chain management, marketing and communication, quality/control, food technology, and operations. Job postings span locations including Darmstadt, Germany and positions in the United States, indicating global expansion efforts. The company is particularly focused on hiring technical and scientific talent in R&D, product development, and digital innovation areas.",0,None detected,0,0,None detected,"Apollo Multi-Pass Org Graph, Company Leadership Web Crawler, Nutraceutical Knowledge Base",2026-09-14T05:31:41.822155+00:00
Brainnest,brainnest.com,Scotland,supplement brand,0,None detected,0,None detected,"Research & Development, Quality Assurance, Manufacturing, Regulatory Affairs, Supply Chain, Sales & Marketing, Customer Service",Formulation Scientist | Quality Assurance Manager | Regulatory Compliance Officer | Manufacturing Technician | Product Manager | Supply Chain Analyst,"No specific hiring announcements or job postings identified in available data. Company may be recruiting for European expansion support (Germany, France operations). Likely hiring needs in quality assurance, regulatory compliance, and supply chain management to support growth and maintain cGMP/HACCP standards.",0,None detected,0,0,None detected,"Apollo Multi-Pass Org Graph, Company Leadership Web Crawler, Nutraceutical Knowledge Base",2026-09-14T05:31:41.822191+00:00
Vikasini Traders,vikasinitraders.com,"Dallas, Texas",supplement brand,0,None detected,0,None detected,"R&D Formulation, QA/QC, Regulatory Affairs, Technical Sales",Plant Operations Manager | Director of Quality & Regulatory | Formulation Scientist | Technical Sales Director,No specific hiring or recruitment data available in provided materials.,0,None detected,0,0,None detected,"Apollo Multi-Pass Org Graph, Company Leadership Web Crawler, Nutraceutical Knowledge Base",2026-09-14T05:31:41.822223+00:00
Probi AB,probi.com,"Lund, Sweden","ingredient supplier, contract manufacturer, supplement brand",0,None detected,0,None detected,"R&D, Science, Application Science, Regulatory, Sales, Account Management",Associate Scientist | Application Scientist | EMEA Account Manager | Regulatory Scientist (implied),"Probi actively recruits for mid-senior level scientist positions (Associate Scientist, Application Scientist roles) focused on probiotic application development for consumer health and functional foods. The company also seeks account management talent for EMEA region expansion. Hiring indicates growth in R&D capabilities and regional sales expansion, particularly in Europe and emerging markets.",0,None detected,0,0,None detected,"Apollo Multi-Pass Org Graph, Company Leadership Web Crawler, Nutraceutical Knowledge Base",2026-09-14T05:31:41.822258+00:00
Clasado Biosciences,clasadobiosciences.com,"Reading, Berkshire, UK","ingredient supplier, contract manufacturer",0,None detected,0,None detected,"Quality Control, Research, Marketing, Operations, Regulatory",Quality Control Scientist | Research Assistant | Director-level positions,"Clasado is actively recruiting across scientific, marketing, and operations functions, indicating organizational growth and expansion. Job postings include Quality Control Scientists, Research Assistants, and senior management positions, suggesting investment in R&D, quality assurance, and commercial capabilities to support market growth.",0,None detected,0,0,None detected,"Apollo Multi-Pass Org Graph, Company Leadership Web Crawler, Nutraceutical Knowledge Base",2026-09-14T05:31:41.822289+00:00
OptiBiotix Health Plc,optibiotixhealthplc.com,United Kingdom,"ingredient supplier, supplement brand",0,None detected,0,None detected,"Scientist, Analyst, Commercial Strategy, Corporate Strategy, Operations",Scientist | Analyst | Senior Director Commercial Strategy | Vice President Corporate Strategy | Strategic Operations Manager,"Job market data indicates hiring activity in scientific roles (Scientist positions with 4,117 open jobs nationally) and analytical functions (Analyst positions with 63,799 open jobs nationally), suggesting ongoing R&D and operational expansion.",0,None detected,0,0,None detected,"Apollo Multi-Pass Org Graph, Company Leadership Web Crawler, Nutraceutical Knowledge Base",2026-09-14T05:31:41.822322+00:00
Arseus Dental,arseusdental.com,"Waalwijk, Noord Brabant, Netherlands",Unknown,0,None detected,0,None detected,"Project Management, Information Technology, Information Security, Engineering, Learning and Development",Head of Project Management | Director of Information Technology | Head of Information Security | Director of Engineering | Head of Learning and Development,"Arseus Dental is actively hiring for leadership and technical positions including project management, IT, information security, engineering, and organizational development roles. The company appears to be building infrastructure around its omnichannel platform strategy.",0,None detected,0,0,None detected,"Apollo Multi-Pass Org Graph, Company Leadership Web Crawler, Nutraceutical Knowledge Base",2026-09-14T05:31:41.822360+00:00
Alcoa Russia,alcoarussia.com,"Pittsburgh, PA 15212-5858, USA (201 Isabella Street Suite 500)",Unknown,0,None detected,0,None detected,"Engineering (Chemical, Process), Global Planning, Marketing Communications, HR Business Partners, Manufacturing/Technical roles",Junior Chemical Engineer | Senior Process Engineer | Global Planning Manager | Marketing Communications Lead | HR Business Partner,"Alcoa actively recruits across engineering disciplines (chemical, process), operations management, global planning, marketing communications, and HR functions. The company seeks HR Business Partners with 5+ years of progressive experience in manufacturing or technical/industrial environments.",0,None detected,0,1,[MERGER_ACQUISITION] AlcoaCorporation - Investor Relations,"Apollo Multi-Pass Org Graph, Company Leadership Web Crawler, Nutraceutical Knowledge Base",2026-09-14T05:31:41.822396+00:00
Mercury Properties,mercuryproperties.com,United States,Unknown,0,None detected,0,None detected,"R&D Formulation, QA/QC, Regulatory Affairs, Technical Sales",Plant Operations Manager | Director of Quality & Regulatory | Formulation Scientist | Technical Sales Director,Raw data contains job listings for Mercury Insurance (property/claims) and general manufacturing positions; no recruitment data specific to a supplement or nutraceutical company named 'Mercury Properties' identified.,0,None detected,0,0,None detected,"Apollo Multi-Pass Org Graph, Company Leadership Web Crawler, Nutraceutical Knowledge Base",2026-09-14T05:31:41.822433+00:00
Caldic (CAIF),caldic.com,"West Columbia, SC","ingredient supplier, contract manufacturer",0,None detected,0,None detected,"Regulatory, QA/QC, R&D, Sales, Operations, Customer Development",Regulatory Specialist | Operations Supervisor | Customer Development Manager | Quality Analyst,"Caldic North America actively recruits across multiple functions including regulatory specialists, quality assurance, operations supervisors, and customer development managers. Job postings indicate growth in the nutrition and dietary supplement sectors across North America and worldwide locations, with emphasis on regulatory compliance and customer-facing roles.",0,None detected,0,0,None detected,"Apollo Multi-Pass Org Graph, Company Leadership Web Crawler, Nutraceutical Knowledge Base",2026-09-14T05:31:41.822470+00:00
World Travel,worldtravel.com,United States,contract manufacturer,0,None detected,0,None detected,"Regulatory, QA/QC, R&D",Plant Operations Manager | Director of Quality & Regulatory | Formulation Scientist | Technical Sales Director,"Based on available data, Vitaquest appears to be recruiting for regulatory, quality assurance/quality control, and R&D functions to support contract manufacturing operations and new product development at scale.",0,None detected,0,0,None detected,"Apollo Multi-Pass Org Graph, Company Leadership Web Crawler, Nutraceutical Knowledge Base",2026-09-14T05:31:41.822503+00:00
CAIF USA,caif.com,"West Columbia, SC","ingredient supplier, contract manufacturer",0,None detected,0,None detected,"R&D Formulation, QA/QC, Regulatory Affairs, Technical Sales",Plant Operations Manager | Director of Quality & Regulatory | Formulation Scientist | Technical Sales Director,"No specific recruitment or hiring information is available in the provided data. However, CAIF's emphasis on R&D capabilities and innovation-driven approach suggests potential hiring in R&D, product development, quality assurance, and regulatory affairs functions.",0,None detected,0,0,None detected,"Apollo Multi-Pass Org Graph, Company Leadership Web Crawler, Nutraceutical Knowledge Base",2026-09-14T05:31:41.822552+00:00
Excelsior Alchemy Inc.,excelsioralchemy.com,"Tempe, Arizona",contract manufacturer,0,None detected,0,None detected,"R&D Formulation, QA/QC, Regulatory Affairs, Technical Sales",Plant Operations Manager | Director of Quality & Regulatory | Formulation Scientist | Technical Sales Director,"Job search results indicate Excelsior Alchemy does not currently have active job postings on major career boards. However, general supplement industry positions exist in regulatory, QA/QC, sales, and operations functions.",0,None detected,0,0,None detected,"Apollo Multi-Pass Org Graph, Company Leadership Web Crawler, Nutraceutical Knowledge Base",2026-09-14T05:31:41.822590+00:00
Caseus Group,caseus.com,"Los Angeles, CA","ingredient supplier, contract manufacturer",0,None detected,0,None detected,"R&D Formulation, QA/QC, Regulatory Affairs, Technical Sales",Plant Operations Manager | Director of Quality & Regulatory | Formulation Scientist | Technical Sales Director,"Limited recruitment intelligence available. Search results reference generic job postings (marketing, insurance, warehouse positions) at unrelated companies, suggesting Caseus Group may have limited active recruitment visibility or the data captured does not reflect their current hiring activities.",0,None detected,0,0,None detected,"Apollo Multi-Pass Org Graph, Company Leadership Web Crawler, Nutraceutical Knowledge Base",2026-09-14T05:31:41.822622+00:00
Phytochem International,phytochem.com,"1001 S. Grove Ave, Ontario, CA 91761, United States","ingredient supplier, contract manufacturer",0,None detected,0,None detected,"Quality Assurance/Quality Control, Regulatory Affairs, Sales and Business Development, Analytical Chemistry, Supply Chain/Sourcing",Senior Analytical Chemist | Quality Analyst | Regulatory Scientist | Sales Manager | Sourcing Specialist | International Operations Manager,"Company shows hiring activity in analytical chemistry, senior scientific, and international operations roles. Key executives include Frank Li (CEO) and Jason Tautfest (Sales Manager). Recruitment patterns suggest growth in quality assurance, regulatory compliance, and international sourcing functions to support expanded operations and supply chain complexity.",0,None detected,0,0,None detected,"Apollo Multi-Pass Org Graph, Company Leadership Web Crawler, Nutraceutical Knowledge Base",2026-09-14T05:31:41.822656+00:00
LONZA,lonza.com,Switzerland,"ingredient supplier, contract manufacturer, supplement brand",0,None detected,0,None detected,"Quality Control, Quality Assurance, Biotechnology, Cell Therapy, Analytical Chemistry, Manufacturing Engineering, Plant Engineering, Supply Chain, Project Management, Regulatory, Material Excellence",Biotechnologist III | Quality Control Analyst I | Quality Control Analyst II | Senior Director Global PMO | Senior Director Head of Transformation Operations | Engineer Packaging | Director Supply Chain | Associate Director Material Excellence | Plant Engineer,"Lonza is actively recruiting across multiple functions including quality control, biotechnology, analytical chemistry, manufacturing engineering, supply chain, and project management roles. Job postings indicate geographic concentration in the United States (Portsmouth, 236+ open positions) and across multiple manufacturing and operational facilities. Hiring suggests expansion in particle engineering capabilities and drug production capacity.",0,None detected,0,0,None detected,"Apollo Multi-Pass Org Graph, Company Leadership Web Crawler, Nutraceutical Knowledge Base",2026-09-14T05:31:41.822695+00:00
INGREDION INC,ingredion.com,Suburbs of Chicago,ingredient supplier,0,None detected,0,None detected,"Strategic Technologies, Quality Management, Plant Operations, Sales, Process Engineering, Accounts, Safety, Project Engineering, Regulatory",Strategic Technologies Specialist | Specialist SQM | Plant Operations Coordinator | Process Engineer | Associate Accounts Payable | Safety Industrial Specialist | Senior Project Engineer | Sales Representative | Regulatory Scientist,"Ingredion is actively recruiting across multiple functions including strategic technologies, quality/SQM, plant operations, process engineering, sales, safety, and project engineering. The company emphasizes building careers within a global, purpose-driven team focused on creating innovative, sustainable ingredient solutions.",0,None detected,0,0,None detected,"Apollo Multi-Pass Org Graph, Company Leadership Web Crawler, Nutraceutical Knowledge Base",2026-09-14T05:31:41.822739+00:00
Innovative Natural Solutions LLC,innovativenatural.com,"Purdy, Missouri 65734, United States","ingredient supplier, contract manufacturer",0,None detected,0,None detected,"Sales, Supply Chain, Product Coordination, Marketing & Customer Experience, Repair and Maintenance",Product Coordinator | Marketing & Customer Experience Manager | Supply Chain Manager | Sales Representative (Strategic Sales/Technical Consultation),"Company is actively recruiting for strategic sales roles with base compensation in the $175,000-$210,000 annually range, indicating focus on high-value account management and technical consultation capabilities. Role descriptions suggest emphasis on combining technical product knowledge with customer relationship management for B2B supplement brand partnerships.",0,None detected,0,0,None detected,"Apollo Multi-Pass Org Graph, Company Leadership Web Crawler, Nutraceutical Knowledge Base",2026-09-14T05:31:41.822770+00:00
Specnova,specnova.com,"Tysons Corner, VA",ingredient supplier,0,None detected,0,None detected,"Research, Sales, Quality/Regulatory, Science Specialist roles",Research Analyst | Sales Director | Science Specialist | Regulatory compliance roles,"Specnova is actively hiring across research, sales, and scientific specialist functions, indicating business expansion. The company seeks talent with expertise in clinical research, ingredient sourcing, regulatory compliance, and scientific analysis to support ingredient innovation and market development.",0,None detected,0,0,None detected,"Apollo Multi-Pass Org Graph, Company Leadership Web Crawler, Nutraceutical Knowledge Base",2026-09-14T05:31:41.822799+00:00
Solabia Nutrition,solabia.com,United States,ingredient supplier,0,None detected,0,None detected,"Regulatory, Quality & Regulatory Management, QA/QC, R&D, Sales, Clinical Research",Quality & Regulatory Manager | Clinical Science roles | Research & Development Scientists | Regulatory Affairs Specialists,"Solabia Nutrition actively recruits for Quality & Regulatory roles (evidenced by named Quality & Regulatory Manager), indicating expansion of regulatory and compliance functions. The company's focus on clinical validation and FDA approvals suggests ongoing investment in R&D, clinical research, and regulatory affairs teams to support new ingredient development and market approvals.",0,None detected,0,0,None detected,"Apollo Multi-Pass Org Graph, Company Leadership Web Crawler, Nutraceutical Knowledge Base",2026-09-14T05:31:41.822845+00:00
"IFF, Health Wright Products",iffhealthwrightproducts.com,"Clackamas, Oregon, USA",contract manufacturer,0,None detected,0,None detected,"Quality Assurance/Quality Control, Analytical Laboratory, Operations/Process Management, Regulatory, Manufacturing",Analytical Laboratory Supervisor | Assistant Quality Coordinator | Inorganic Laboratory Technician | Chief Process Officer | Quality Analyst,"HWP actively recruits across quality assurance, analytical laboratory, operations, and process management functions. Recent LinkedIn activity indicates hiring for Analytical Laboratory Supervisor, Quality Coordinators, Laboratory Technicians, and senior operations roles (Chief Process Officer level). Recruitment messaging emphasizes pharmaceutical-grade manufacturing standards, complex formulation capabilities, and integration with IFF's broader health and biosciences platform.",0,None detected,0,0,None detected,"Apollo Multi-Pass Org Graph, Company Leadership Web Crawler, Nutraceutical Knowledge Base",2026-09-14T05:31:41.822883+00:00
Victoria's Secret,victorias.com,"Columbus, Ohio",Unknown,0,None detected,0,None detected,"Textile Technology, Raw Materials Management, Quality Control, Supply Chain, Design, Production Planning, Digital/E-commerce, Retail Sales","Textile Technologist | Technologist, Raw Materials | Assistant Textile Technologist | Production Planner, Lingerie & Apparel | Supply Chain Analyst | Designer, Angel Essentials | Senior Designer, Sleep | Digital Producer | Inventory Deployment Analyst","Victoria's Secret & Co. is actively recruiting in Columbus, Ohio and New York across multiple functions including supply chain, product design, textile technology, production planning, and retail operations. The company shows particular focus on hiring technical talent in raw materials management and textile innovation, indicating investment in supply chain quality assurance.",0,None detected,0,0,None detected,"Apollo Multi-Pass Org Graph, Company Leadership Web Crawler, Nutraceutical Knowledge Base",2026-09-14T05:31:41.822920+00:00
Charming Charlie,charmingcharlie.com,"Houston, Texas",Unknown,0,None detected,0,None detected,"Retail Associates, General Managers, Assistant Managers, Apparel Manager, Director, Marketing Manager, Design Director",Retail Associate | General Manager | Assistant Manager | Apparel Manager | Marketing Manager | Design Director,"Charming Charlie is actively hiring across the U.S. for store-level positions including retail associates, general managers, and assistant managers. The company also recruits for corporate roles in apparel management, marketing, and design functions. Recruitment is conducted through their website with applicants directed to email for inquiries.",0,None detected,0,0,None detected,"Apollo Multi-Pass Org Graph, Company Leadership Web Crawler, Nutraceutical Knowledge Base",2026-09-14T05:31:41.822960+00:00
Shanghai Freemen Americas LLC,shanghaifreemen.com,"200 Metroplex Drive, Suite 402, Edison, NJ 08817, USA",ingredient supplier,0,None detected,0,None detected,"Sales, Technical Sales, Sales Manager - Food & Beverage Additives, Sales Manager - Food Ingredients",Technical Sales Representative | Sales Manager - Food & Beverage Additives | Sales Manager - Food Ingredients | Sales Manager,"Company is actively hiring across sales functions including Technical Sales, Sales Manager roles for Food & Beverage Additives and Food Ingredients, and general Sales Manager positions. Recruitment appears focused on business development and customer-facing roles to support global expansion and market penetration.",0,None detected,0,0,None detected,"Apollo Multi-Pass Org Graph, Company Leadership Web Crawler, Nutraceutical Knowledge Base",2026-09-14T05:31:41.822996+00:00
Bisco Industries,biscoindustries.com,"Anaheim, California",Unknown,0,None detected,0,None detected,"Sales, Supply Chain/Procurement, Warehouse/Logistics, Human Resources",Sales Representative | Supply Chain Buyer | Warehouse Associate | HR Personnel,"Bisco actively recruits for entry-level sales representatives, supply chain buyers, warehouse associates, and HR positions. Job postings indicate salary ranges of $50,000-$55,000+ for sales roles. Company seeks motivated individuals for sales facilities focused on electrical and electronics manufacturing sectors.",0,None detected,0,0,None detected,"Apollo Multi-Pass Org Graph, Company Leadership Web Crawler, Nutraceutical Knowledge Base",2026-09-14T05:31:41.823032+00:00
Captek Softgel International,capteksoftgel.com,"Cerritos, California","ingredient supplier, contract manufacturer",0,None detected,0,None detected,"Quality Assurance/QC, Production, Research & Development, Sales, Regulatory Affairs, Human Resources, Administrative, Operations",QA Manager | Research Scientist II | Quality Analyst | Production Supervisor | Softgel Machine Operator | Packaging Operator | Administrative Assistant/Office Manager | Regulatory Scientist,"CAPTEK actively recruits across multiple functional areas including quality assurance management, research scientists, production supervisors, machine operators, and administrative roles. The company maintains a careers portal (careers@capteksoftgel.com) and posts positions on job boards. Recent hiring focus includes QA management, operational staff, and technical positions supporting expanded manufacturing capabilities.",0,None detected,0,0,None detected,"Apollo Multi-Pass Org Graph, Company Leadership Web Crawler, Nutraceutical Knowledge Base",2026-09-14T05:31:41.823073+00:00
"Merical, Inc.",merical.com,"Anaheim, California",contract manufacturer,0,None detected,0,None detected,"Quality Assurance, Quality Control, Production/Packaging, R&D, Operations",Quality Assurance Manager | Quality Control Analyst | Production Packager | Powder Department Staff | Blister Department Staff,"MeriCal actively recruits across production, quality assurance, and quality control functions. Entry-level packager roles (Day and Swing shifts) are available at $16.00-$17.00/hr in Packaging, Powder, and Blister departments. The company emphasizes its workplace as 'welcoming, inspiring' and supportive of personal and professional goals, suggesting a focus on culture and retention in a competitive manufacturing labor market.",0,None detected,0,0,None detected,"Apollo Multi-Pass Org Graph, Company Leadership Web Crawler, Nutraceutical Knowledge Base",2026-09-14T05:31:41.823108+00:00
"Sage V Foods, LLC",sagevfoods.com,"Boulder, CO","ingredient supplier, contract manufacturer",0,None detected,0,None detected,"Production, Operations, Human Resources, Maintenance",Production Supervisor | Production Specialist | Forklift Operator | Boiler Technician | Industrial Equipment Maintenance Technician | Senior Human Resources Generalist,"Sage V Foods actively recruits for production and operations roles, indicating ongoing manufacturing activity and potential capacity expansion. Job postings span multiple states including Arkansas, suggesting multi-location operations or regional expansion efforts.",0,None detected,0,0,None detected,"Apollo Multi-Pass Org Graph, Company Leadership Web Crawler, Nutraceutical Knowledge Base",2026-09-14T05:31:41.823146+00:00
Simco Foods,simcofoods.com,"Los Angeles, California",ingredient supplier,0,None detected,0,None detected,"Office Administration, Operations, Talent Acquisition",Office Assistant,Limited recruitment data available. LinkedIn profile indicates presence of office administration and operations roles. Job postings reference office assistant positions and operational roles.,0,None detected,0,0,None detected,"Apollo Multi-Pass Org Graph, Company Leadership Web Crawler, Nutraceutical Knowledge Base",2026-09-14T05:31:41.823182+00:00
AGH Paulson Reporting,aghpaulsonreporting.com,United States,Unknown,0,None detected,0,None detected,"R&D Formulation, QA/QC, Regulatory Affairs, Technical Sales",Plant Operations Manager | Director of Quality & Regulatory | Formulation Scientist | Technical Sales Director,"No relevant recruitment data found for AGH Paulson Reporting in the provided search results. Limited job postings reference AGH (Allegheny Health Network) in healthcare dispatcher roles, unrelated to dietary supplement reporting.",0,None detected,0,0,None detected,"Apollo Multi-Pass Org Graph, Company Leadership Web Crawler, Nutraceutical Knowledge Base",2026-09-14T05:31:41.823216+00:00
Unishippers,unishippers.com,"Dallas, Texas",Unknown,0,None detected,0,None detected,"Sales, Operations, Account Management, Freight Forwarding, Import/Export Specialists, Hub Operations",Entry-Level Account Executive | Freight Forwarder | Import Specialist | Hub Specialist | Operations Coordinator | Sales Representative,"Unishippers actively recruits for sales, operations, and logistics roles across the United States. Job postings indicate entry-level account executive positions with base salary plus commission structures (targeting $100K+ OTE), full-cycle sales roles for remote positions, and operational roles such as Hub Specialists and Operations Coordinators for ocean imports/exports. The company appears to recruit student-athletes and entry-level candidates, suggesting a talent pipeline focus on sales and operations training.",0,None detected,0,0,None detected,"Apollo Multi-Pass Org Graph, Company Leadership Web Crawler, Nutraceutical Knowledge Base",2026-09-14T05:31:41.823254+00:00
FSNS,fsns.com,"San Antonio, Texas",Unknown,0,None detected,0,None detected,"Quality Assurance/Quality Control, Laboratory Analysis, Food Safety, Regulatory, Logistics, Lab Management",Lab Analyst | Micro Lab Technician | Lab Director | Consumer Safety Inspector | Nutrition Program Coordinator | Bilingual Food Safety & Quality Specialist | Logistics Supervisor,"FSNS actively recruits for laboratory technical roles (Lab Analyst, Micro Lab Tech), supervisory positions (Lab Director, Logistics Supervisor), and specialized food safety and quality personnel. Bilingual capabilities are valued in Dallas region. Positions reflect operational scale across 30+ facilities and growing demand for compliance and analytical testing services.",0,None detected,0,0,None detected,"Apollo Multi-Pass Org Graph, Company Leadership Web Crawler, Nutraceutical Knowledge Base",2026-09-14T05:31:41.823291+00:00
Sensient Technologies,sensient.com,"St. Louis, MO, USA","ingredient supplier, contract manufacturer",0,None detected,0,None detected,"Research and Development, Sales & Marketing, Manufacturing, Quality Control, Accounting, Technical Sales, Product Management, Operations",Innovation Scientist | Technical Sales Manager | QC Technician | Quality Control Supervisor | Product Manager | Sales Account Manager | Marketing Specialist | Buyer | Forklift Operator | Production roles,"Sensient is actively hiring across multiple functions including Research and Development (16 open roles), Sales & Marketing (17 roles), Manufacturing (18 roles), and Quality Control/Accounting (3 roles). Job postings indicate hiring in technical sales, innovation science, quality control supervision, product management, and operations. Geographic hiring includes locations such as Turlock, California, France, and various beverage industry-focused positions, suggesting expansion in key regional markets and industry verticals.",0,None detected,0,0,None detected,"Apollo Multi-Pass Org Graph, Company Leadership Web Crawler, Nutraceutical Knowledge Base",2026-09-14T05:31:41.823326+00:00
Nutralliance,nutralliance.com,"Yorba Linda, California","ingredient supplier, contract manufacturer",0,None detected,0,None detected,"Director of Contract Manufacturing, Chief Operating Officer, General Manager International, Sales, Office Management",Director of Contract Manufacturing | Chief Operating Officer | General Manager International,"Job posting data indicates Nutralliance periodically recruits for senior operational and manufacturing management roles (Director of Contract Manufacturing, Chief Operating Officer, General Manager International), suggesting growth in manufacturing capacity or geographic expansion. The company does not maintain constant active job listings on CareersInFood.com.",0,None detected,0,0,None detected,"Apollo Multi-Pass Org Graph, Company Leadership Web Crawler, Nutraceutical Knowledge Base",2026-09-14T05:31:41.823358+00:00
HORN (IMCD US),hornimcdus.com,"La Mirada, California","ingredient supplier, contract manufacturer",0,None detected,0,None detected,"Demand Planning, Purchasing, Technical Application, Product Management, Pricing & Commercial Governance, Sales","Demand Planning & Purchasing Coordinator | Technical Application Specialist, Food & Nutrition North America | Product Manager | Pricing & Commercial Governance roles","IMCD Group actively recruiting across multiple functions including demand planning, technical specialists, product management, and commercial roles. Job postings indicate expansion and staffing needs in food and nutrition sectors.",0,None detected,0,1,[PRODUCT_LAUNCH] Instrument:Horn-YouTube,"Apollo Multi-Pass Org Graph, Company Leadership Web Crawler, Nutraceutical Knowledge Base",2026-09-14T05:31:41.823396+00:00
"American International Chemical, Inc.",american.com,"Westborough, MA 01581",ingredient supplier,0,None detected,0,None detected,"Sales, Marketing, Business Management",Product Manager | Account Manager | Business Manager,"Job postings indicate hiring activity in business management, product management, and account management roles across geographic regions including New York, Los Angeles, and Sunnyvale. This suggests organizational growth and market expansion efforts, though limited recruitment data suggests a smaller or specialized workforce.",0,None detected,0,0,None detected,"Apollo Multi-Pass Org Graph, Company Leadership Web Crawler, Nutraceutical Knowledge Base",2026-09-14T05:31:41.823435+00:00
Jungbunzlauer Inc.,jungbunzlauer.com,"Basel, Switzerland (Aeschengraben 27, 4051 Basel)",ingredient supplier,0,None detected,0,None detected,"Corporate Development, R&D, Finance and IT, Human Resources and Communications",Plant Operations Manager | Director of Quality & Regulatory | Formulation Scientist | Technical Sales Director,"Company actively recruiting across 17 global locations with 19+ open positions as of available data. Hiring across corporate development, R&D, finance and IT, and human resources functions, indicating expansion in technical capabilities and organizational infrastructure.",0,None detected,0,0,None detected,"Apollo Multi-Pass Org Graph, Company Leadership Web Crawler, Nutraceutical Knowledge Base",2026-09-14T05:31:41.823495+00:00
Mitsubishi Int'l Food Ingredients,mitsubishiintlfood.com,"Columbus, OH","ingredient supplier, contract manufacturer",0,None detected,0,None detected,"Regulatory, QA/QC, Food Specialist, Bookkeeper, Sales",Food Specialist | Quality Assurance professionals with PCQI/FSVP/HACCP/cGMP certifications | Regulatory Scientist | Customer Service Representative | Bookkeeper,"MIFI actively recruits for Food Specialist, QA/QC, Regulatory, and administrative roles (Bookkeeper). The company emphasizes hiring qualified individuals holding certifications in PCQI, FSVP, HACCP, and cGMP, indicating focus on regulatory and quality compliance expertise. The organization values customer-facing roles with decision-making authority and technical knowledge of ingredient sourcing and formulation.",0,None detected,0,0,None detected,"Apollo Multi-Pass Org Graph, Company Leadership Web Crawler, Nutraceutical Knowledge Base",2026-09-14T05:31:41.823534+00:00
Poly-Foam International,polyfoam.com,"Northbridge, Massachusetts",contract manufacturer,0,None detected,0,None detected,"R&D/Process Development, Engineering, Technical Service, Manufacturing/Operations, Chemistry",Senior Synthesis Chemist | Lead Process Engineer (FIP) | Application Engineer - Polyurethane Viscoelastic | Technical Service Representative - Coatings | Foam Coatings Applicator,"Active hiring for technical roles including senior chemists, process engineers, application engineers, and technical service representatives. Seeking candidates with polyurethane chemistry expertise and manufacturing process development experience. International business expansion noted as strategic priority.",0,None detected,0,0,None detected,"Apollo Multi-Pass Org Graph, Company Leadership Web Crawler, Nutraceutical Knowledge Base",2026-09-14T05:31:41.823566+00:00
