Company,Size,Industry Segment,Verified Headcount,Company Domain,LinkedIn Company URL,Total Changes (Past 3 Months),Arrivals Count,Departures Count,Role Change Rate %,Turnover / Growth Trajectory,Recent Arrivals (Joined / Promoted - Exact Names & Roles),Recent Departures (Left / Alumni - Exact Names & Roles),Key Active Functional Leads (Verified Contacts),Primary Impacted Functions,Executive & Leadership Movements,Key BD Talking Point & Outreach Angle
4POTENTIA,Medium,Contract Manufacturer & CDMO,145,4potentia.com,https://www.linkedin.com/company/4potentia,2,1,1,1.4%,ACTIVE WORKFORCE ROTATION,Nicole Li***y (Sales Director),Retained Core (Regulatory & QA/QC),Nicole Li***y (Sales Director) | Jade Be***r (Chief Executive Officer) | John Mai (Chief Executive Officer) | Bolun Li (Staff Accountant) | Coco Lee (Manager),"Regulatory (2), QA/QC (1), R&D (1)",Nicole Li***y (Sales Director) | Jade Be***r (Chief Executive Officer) | John Mai (Chief Executive Officer),Active workforce rotation at 4POTENTIA across Regulatory & QA/QC; engage verified leadership on Branded Ingredients and contract formulation capacity.
A&A Pharmachem Inc.,Large,Contract Manufacturer & CDMO,6304,aapharmachem.com,https://www.linkedin.com/company/a-a,3,1,2,0.0%,ACTIVE WORKFORCE ROTATION,Marc Roy (Chief Executive Officer),Retained Core (Regulatory & QA/QC),Marc Roy (Chief Executive Officer) | Michael Ta***t (Executive Vice President-Sales and Marketing) | Amber Mc***n (Regional Sales Director - Canada/USA) | Supriyo Sen (Sourcing Manager) | Derek Mc***d (Director of Procurement - Canada/USA),"Regulatory (3), QA/QC (2), R&D (1)",Marc Roy (Chief Executive Officer) | Michael Ta***t (Executive Vice President-Sales and Marketing) | Amber Mc***n (Regional Sales Director - Canada/USA),Active workforce rotation at A&A Pharmachem Inc. across Regulatory & QA/QC; engage verified leadership on Nutrition Ingredients and contract formulation capacity.
A&Y Nutrition,Small,Contract Manufacturer & CDMO,7,aynutrition.com,https://www.linkedin.com/company/a-y,1,1,0,5.0%,TARGETED STRATEGIC HIRING,Soudamini Ro***t (Global Procurement Manager),Retained Core (Regulatory & QA/QC),Soudamini Ro***t (Global Procurement Manager) | Dominique Lo***k (Chief Executive Officer) | Lana Za***a (Account Manager) | Klaudia De***a (Key Account Manager) | Kevin De***a (Key Account Manager),"Regulatory (1), QA/QC (1), R&D (1)",Soudamini Ro***t (Global Procurement Manager) | Dominique Lo***k (Chief Executive Officer) | Lana Za***a (Account Manager),Active workforce rotation at A&Y Nutrition across Regulatory & QA/QC; engage verified leadership on Nutrition Ingredients and contract formulation capacity.
A2 Trading GmbH,Medium,Contract Manufacturer & CDMO,145,a2-trading.com,https://www.linkedin.com/company/a2-trading,3,2,1,2.1%,ACTIVE WORKFORCE ROTATION,Active Hiring: Sales Representative | Marketing Specialist,Retained Core (Sales & Marketing),Thore Sc***m (Fachwirt - Güterverkehr und Logistik) | Martin Po***r (A2 Trading GmbH),"Sales (3), Marketing (2), R&D (1)",Active Department Leadership: Sales Representative,Active workforce rotation at A2 Trading GmbH across Sales & Marketing; engage verified leadership on high-purity ingredients and contract formulation capacity.
AB Enzymes GmbH,Large,Food Ingredients Supplier,600,abenzymes.com,https://www.linkedin.com/company/ab-enzymes,3,1,2,0.5%,ACTIVE WORKFORCE ROTATION,Vinothkumar Th***m (Key Account Manager - Africa and Gulf Region),Retained Core (R&D & Sales),"Vinothkumar Th***m (Key Account Manager - Africa and Gulf Region) | Kristof Ba***e (CFO) | Hans Va***h (Global Director R&D, Portfolio Management and M&A) | Steffen Am***n (Global Quality & Sustainability Director) | Luigi Be***a (Global Key Account Director - (Baking Industry))","R&D (3), Sales (2), Technical Sales (1)","Vinothkumar Th***m (Key Account Manager - Africa and Gulf Region) | Hans Va***h (Global Director R&D, Portfolio Management and M&A) | Steffen Am***n (Global Quality & Sustainability Director)",Active workforce rotation at AB Enzymes GmbH across R&D & Sales; engage verified leadership on Food Ingredients and contract formulation capacity.
ACT Heath& Nutrition,Medium,Contract Manufacturer & CDMO,145,act.de,https://www.linkedin.com/company/act-heath,2,1,1,1.4%,ACTIVE WORKFORCE ROTATION,Ted Bi***r (Sr. Account Manager at Atlantic Chemicals Trading GmbH),Retained Core (Regulatory & QA/QC),Ted Bi***r (Sr. Account Manager at Atlantic Chemicals Trading GmbH) | Andreas St***n (Head of Feed & Pet Food ACT Atlantic Chemicals Trading GmbH) | Matthew Ra***e (UK Sales Manager) | Luca De***u (Senior Sales Manager) | Lino Pi***o (Senior Consultant),"Regulatory (2), QA/QC (1), R&D (1)",Ted Bi***r (Sr. Account Manager at Atlantic Chemicals Trading GmbH) | Andreas St***n (Head of Feed & Pet Food ACT Atlantic Chemicals Trading GmbH) | Matthew Ra***e (UK Sales Manager),Active workforce rotation at ACT Heath& Nutrition across Regulatory & QA/QC; engage verified leadership on Food Ingredients and contract formulation capacity.
ACTIV'INSIDE,Medium,Contract Manufacturer & CDMO,145,activinside.com,https://www.linkedin.com/company/activ-inside,2,1,1,1.4%,ACTIVE WORKFORCE ROTATION,Benjamin Co***d (Human Resources Director),Retained Core (Sales & Marketing),"Benjamin Co***d (Human Resources Director) | Karine La***t (Sales Director Europe) | Benoit Le***e (CEO - Business & Marketing VP) | Olivier Gr***t (Head of Finance, Head of Digital) | Marlene Du***e (VP, Business Development Americas)","Sales (2), Marketing (1), Regulatory (1)",Benjamin Co***d (Human Resources Director) | Karine La***t (Sales Director Europe) | Benoit Le***e (CEO - Business & Marketing VP),Active workforce rotation at ACTIV'INSIDE across Sales & Marketing; engage verified leadership on Branded Ingredients and contract formulation capacity.
ADM,Large,Contract Manufacturer & CDMO,44043,adm.com,https://www.linkedin.com/company/adm,3,1,2,0.0%,ACTIVE WORKFORCE ROTATION,Pierre-Luc Ma***i (Risk Manager),Retained Core (Human Nutrition & Animal Nutrition),"Pierre-Luc Ma***i (Risk Manager) | Fahad Ch***y (Sr. Director, Digital Transformation & Agile CoE) | Barbara Ma***s (Latam Talent Acquisition Specialist) | Ehab Mi***l (Senior Financial Controller) | Augusto Ro***s (Talent Acquisition Manager Latam)","Human Nutrition (3), Animal Nutrition (2), Industrial Biosolutions (1)","Pierre-Luc Ma***i (Risk Manager) | Fahad Ch***y (Sr. Director, Digital Transformation & Agile CoE) | Augusto Ro***s (Talent Acquisition Manager Latam)","Active workforce rotation at ADM across Human Nutrition & Animal Nutrition; engage verified leadership on Botanical,tea -extracts and contract formulation capacity."
ADM Deerland Probiotics & Enzymes,Medium,Contract Manufacturer & CDMO,320,deerland.com,https://www.linkedin.com/company/adm-deerland-probiotics-enzymes,2,1,1,0.6%,ACTIVE WORKFORCE ROTATION,Tod Bu***s (VP CD&D Global Market Segment Lead DS&P),Retained Core (Regulatory & QA/QC),Caroline Mc***e (Fermentation Technician) | Pamela Fr***n (NA Deerland Controller) | Christopher Mo***e (Production Supervisor) | Tod Bu***s (VP CD&D Global Market Segment Lead DS&P) | Ryan Go***y (Coordinator),"Regulatory (2), QA/QC (1), R&D (1)",Tod Bu***s (VP CD&D Global Market Segment Lead DS&P),Active workforce rotation at ADM Deerland Probiotics & Enzymes across Regulatory & QA/QC; engage verified leadership on Nutrition Ingredients and contract formulation capacity.
ADM Wild Europe GmbH + Co. Kg,Medium,Contract Manufacturer & CDMO,145,adm.com,https://www.linkedin.com/company/adm-wild-europe,2,1,1,1.4%,ACTIVE WORKFORCE ROTATION,Pierre-Luc Ma***i (Risk Manager),Retained Core (R&D & Sales),"Pierre-Luc Ma***i (Risk Manager) | Fahad Ch***y (Sr. Director, Digital Transformation & Agile CoE) | Barbara Ma***s (Latam Talent Acquisition Specialist) | Ehab Mi***l (Senior Financial Controller) | Augusto Ro***s (Talent Acquisition Manager Latam)","R&D (2), Sales (1), Production (1)","Pierre-Luc Ma***i (Risk Manager) | Fahad Ch***y (Sr. Director, Digital Transformation & Agile CoE) | Augusto Ro***s (Talent Acquisition Manager Latam)",Active workforce rotation at ADM Wild Europe GmbH + Co. Kg across R&D & Sales; engage verified leadership on Natural Ingredients-Food and contract formulation capacity.
AHB,Large,Contract Manufacturer & CDMO,1001,ahb-global.com,https://www.linkedin.com/company/ahb,3,1,2,0.3%,ACTIVE WORKFORCE ROTATION,Mohammed Ali (Director of Assets),Retained Core (Regulatory & R&D),"Mohammed Ali (Director of Assets) | Ace Ltd (Buying & Selling of Hotels) | Yiqing Dai (Quality and Analytical Tech Director) | Zeynep Ku***u (Lawyer) | Robbie Be***d (Business Development Manager, Plant Nutrition)","Regulatory (3), R&D (2), QA/QC (1)","Mohammed Ali (Director of Assets) | Yiqing Dai (Quality and Analytical Tech Director) | Robbie Be***d (Business Development Manager, Plant Nutrition)",Active workforce rotation at AHB across Regulatory & R&D; engage verified leadership on Nutrition Ingredients and contract formulation capacity.
AIDP,Medium,Contract Manufacturer & CDMO,145,aidp.com,https://www.linkedin.com/company/aidp,2,1,1,1.4%,ACTIVE WORKFORCE ROTATION,Traci Ka***i (Business Director),Retained Core (Regulatory & QA/QC),"Traci Ka***i (Business Director) | Rafea Na***a (Scientific Advisor) | Angel Ap***e (Director Food/Pet Food Ingredients) | Mark Th***n (President) | Brandon Ba***s (Vice President, Sales at AIDP Inc.)","Regulatory (2), QA/QC (1), R&D (1)",Traci Ka***i (Business Director) | Angel Ap***e (Director Food/Pet Food Ingredients) | Mark Th***n (President),Active workforce rotation at AIDP across Regulatory & QA/QC; engage verified leadership on Branded Ingredients and contract formulation capacity.
"AIDP, Inc",Medium,Contract Manufacturer & CDMO,145,aidp.com,https://www.linkedin.com/company/aidp,2,1,1,1.4%,ACTIVE WORKFORCE ROTATION,Traci Ka***i (Business Director),Retained Core (Regulatory & QA/QC),"Traci Ka***i (Business Director) | Rafea Na***a (Scientific Advisor) | Angel Ap***e (Director Food/Pet Food Ingredients) | Mark Th***n (President) | Brandon Ba***s (Vice President, Sales at AIDP Inc.)","Regulatory (2), QA/QC (1), R&D (1)",Traci Ka***i (Business Director) | Angel Ap***e (Director Food/Pet Food Ingredients) | Mark Th***n (President),"Active workforce rotation at AIDP, Inc across Regulatory & QA/QC; engage verified leadership on high-purity ingredients and contract formulation capacity."
AVT,Medium,Contract Manufacturer & CDMO,145,avtnatural.com,https://www.linkedin.com/company/avt,2,1,1,1.4%,ACTIVE WORKFORCE ROTATION,Arun Ra***n (Vice President),Retained Core (R&D & QA/QC),Shivanand Ku***r (Junior Executive) | Arun Ra***n (Vice President) | Deepak Ba***n (Manager) | Diego Na***o (Techno Commercial Manager) | Manu Ma***i (Assistant Manager Quality Systems),"R&D (2), QA/QC (1), Regulatory (1)",Arun Ra***n (Vice President) | Deepak Ba***n (Manager) | Diego Na***o (Techno Commercial Manager),Active workforce rotation at AVT across R&D & QA/QC; engage verified leadership on Tea Extracts/Natural Ingredients and contract formulation capacity.
Abel Nutraceuticals S.r.l.,Medium,Contract Manufacturer & CDMO,145,abelnutraceuticals.com,https://www.linkedin.com/company/abel,2,1,1,1.4%,ACTIVE WORKFORCE ROTATION,Fabrizio Da***i (Production Manager),Retained Core (R&D & Regulatory),Gianluca Gu***i (Sales Account) | Fabrizio Da***i (Production Manager) | Fabio Pa***i (Amministratore Delegato - CEO) | Ginevra Gi***o (Responsabile di Laboratorio) | Piera Io***o (Head of Regulatory Affairs),"R&D (2), Regulatory (1), QA/QC (1)",Fabrizio Da***i (Production Manager) | Fabio Pa***i (Amministratore Delegato - CEO) | Piera Io***o (Head of Regulatory Affairs),Active workforce rotation at Abel Nutraceuticals S.r.l. across R&D & Regulatory; engage verified leadership on Plant based Extracts and contract formulation capacity.
Above Food Ingredients Inc.,Medium,Contract Manufacturer & CDMO,145,abovefood.com,https://www.linkedin.com/company/above-food,2,1,1,1.4%,ACTIVE WORKFORCE ROTATION,Jason Zh***o (Chief Financial Officer),Retained Core (Regulatory & QA/QC),"Kim Ku***r (Coo/u.s. Operations) | Jason Zh***o (Chief Financial Officer) | Lionel Ka***z (Co-Founder, CEO & Executive Chairman) | Dana Fo***s (Executive Chief of Staff) | Huidi Wa***g (Corporate Financial Controller)","Regulatory (2), QA/QC (1), R&D (1)","Jason Zh***o (Chief Financial Officer) | Lionel Ka***z (Co-Founder, CEO & Executive Chairman) | Dana Fo***s (Executive Chief of Staff)",Active workforce rotation at Above Food Ingredients Inc. across Regulatory & QA/QC; engage verified leadership on General Ingredients and contract formulation capacity.
Abyss Ingredients,Small,Contract Manufacturer & CDMO,21,abyss-ingredients.com,https://www.linkedin.com/company/abyss,1,1,0,4.8%,TARGETED STRATEGIC HIRING,Claire Gr***d (Chief Operating Officer),Retained Core (R&D & Regulatory),Alexis Me***e (CEO) | Claire Gr***d (Chief Operating Officer) | Chloe Ga***a (Responsable Communication) | Enzo Ch***e (Sales Representative) | Mathilde Ch***r (R&D Project Manager/PhD),"R&D (1), Regulatory (1), QA/QC (1)",Alexis Me***e (CEO) | Claire Gr***d (Chief Operating Officer) | Mathilde Ch***r (R&D Project Manager/PhD),Active workforce rotation at Abyss Ingredients across R&D & Regulatory; engage verified leadership on Marine Ingredients and contract formulation capacity.
Akay Bioactives,Medium,Contract Manufacturer & CDMO,145,akaybioactives.com,https://www.linkedin.com/company/akay-bioactives,2,1,1,1.4%,ACTIVE WORKFORCE ROTATION,Samantha Mc***w (Senior Sales Manager),Retained Core (Regulatory & QA/QC),"Samantha Mc***w (Senior Sales Manager) | Celine Au***t (Global Product Manager) | Katharine Ms***n (Sales Manager, West Coast) | Jader R (Senior Graphic Designer) | Soumia T (Senior Manager)","Regulatory (2), QA/QC (1), R&D (1)","Samantha Mc***w (Senior Sales Manager) | Celine Au***t (Global Product Manager) | Katharine Ms***n (Sales Manager, West Coast)","Active workforce rotation at Akay Bioactives across Regulatory & QA/QC; engage verified leadership on Branded Ingredients,Botanical Extracts and contract formulation capacity."
Akay Natural Ingredients Private Limited,Small,Contract Manufacturer & CDMO,40,akaynatural.com,https://www.linkedin.com/company/akay-natural,1,1,0,2.5%,TARGETED STRATEGIC HIRING,Sam Jo***e (General Manager),Retained Core (R&D & Sales),Sam Jo***e (General Manager) | Anish Ba***y (Assistant Manager) | Geo Th***s (Sales and Marketing at Akay Natural Ingredients) | Abin Dev (Manager) | Vishnu V (Senior Officer),"R&D (1), Sales (1), QA/QC (1)",Sam Jo***e (General Manager) | Anish Ba***y (Assistant Manager) | Abin Dev (Manager),Active workforce rotation at Akay Natural Ingredients Private Limited across R&D & Sales; engage verified leadership on high-purity ingredients and contract formulation capacity.
Aker BioMarine ASA,Medium,Contract Manufacturer & CDMO,145,akerbiomarine.com,https://www.linkedin.com/company/aker-biomarine-asa,2,1,1,1.4%,ACTIVE WORKFORCE ROTATION,Krista Th***d (Office Manager and Executive Assistant),Retained Core (R&D & Sales),"Matts Jo***n (CEO) | Krista Th***d (Office Manager and Executive Assistant) | Gian Gu***i (Sales Director Human Nutrition – Latin America) | Sigmund No***l (CEO and Co-founder, Qpaws) | Ross No***s (General Manager Asia Pacific)","R&D (2), Sales (1), Regulatory (1)",Matts Jo***n (CEO) | Krista Th***d (Office Manager and Executive Assistant) | Gian Gu***i (Sales Director Human Nutrition – Latin America),Active workforce rotation at Aker BioMarine ASA across R&D & Sales; engage verified leadership on Branded Ingredients and contract formulation capacity.
AlaskOmega,Medium,Contract Manufacturer & CDMO,145,alaskomega.com,https://www.linkedin.com/company/alaskomega,2,1,1,1.4%,ACTIVE WORKFORCE ROTATION,Brogan Co***t (Regional Sales Manager),Retained Core (Sales & R&D),Brogan Co***t (Regional Sales Manager),"Sales (2), R&D (1), Regulatory (1)",Brogan Co***t (Regional Sales Manager),Active workforce rotation at AlaskOmega across Sales & R&D; engage verified leadership on Marine  Ingredients and contract formulation capacity.
"Alfasigma USA, Inc",Medium,Contract Manufacturer & CDMO,145,alfasigmausa.com,https://www.linkedin.com/company/alfasigma,2,1,1,1.4%,ACTIVE WORKFORCE ROTATION,"Maureen Or***b (Director, Strategic Accounts)",Retained Core (Regulatory & R&D),"Maureen Or***b (Director, Strategic Accounts) | Richard Jo***n (Senior Vice President Head of Human Resources) | Matthew Co***o (Executive Director, Drug Pricing, Contracting & Access Marketing) | William Wa***e (Chief Information Officer) | Michael Pe***t (Senior Director Distribution and Patient Services)","Regulatory (2), R&D (1), Sales (1)","Maureen Or***b (Director, Strategic Accounts) | Richard Jo***n (Senior Vice President Head of Human Resources) | Matthew Co***o (Executive Director, Drug Pricing, Contracting & Access Marketing)","Active workforce rotation at Alfasigma USA, Inc across Regulatory & R&D; engage verified leadership on Ingredients and contract formulation capacity."
Algarithm Ingredients - Micro Algae Ingredients,Medium,Contract Manufacturer & CDMO,145,algarithm.ca,https://www.linkedin.com/company/algarithm,2,1,1,1.4%,ACTIVE WORKFORCE ROTATION,Mia Wa***g (Innovation Manager),Retained Core (R&D & QA/QC),Mia Wa***g (Innovation Manager) | Julia Cr***s (Research Scientist) | Kurt Ma***z (Operations Manager) | Mehul Mo***a (Global Supply Chain) | Shawn Mi***r (Customer Service Representative),"R&D (2), QA/QC (1), Regulatory (1)",Mia Wa***g (Innovation Manager) | Kurt Ma***z (Operations Manager),Active workforce rotation at Algarithm Ingredients - Micro Algae Ingredients across R&D & QA/QC; engage verified leadership on Marine Ingredients and contract formulation capacity.
Alinda Ingredients GmbH,Medium,Contract Manufacturer & CDMO,145,alindagroup.co,https://www.linkedin.com/company/alinda,2,1,1,1.4%,ACTIVE WORKFORCE ROTATION,Stavros Fa***s (General Manager),Retained Core (R&D & QA/QC),Stavros Fa***s (General Manager) | Stelios Pl***s (Group Commercial Director Dairy) | George Ky***s (General Manager) | Anton An***v (Commercial Sales Manager) | Flora Ma***i (Sales Executive),"R&D (2), QA/QC (1), Sales (1)",Stavros Fa***s (General Manager) | Stelios Pl***s (Group Commercial Director Dairy) | George Ky***s (General Manager),Active workforce rotation at Alinda Ingredients GmbH across R&D & QA/QC; engage verified leadership on All Ingredients and contract formulation capacity.
Aliveda,Medium,Contract Manufacturer & CDMO,145,aliveda.com,https://www.linkedin.com/company/aliveda,2,1,1,1.4%,ACTIVE WORKFORCE ROTATION,Alessio Sb***a (Chief Marketing Officer),Retained Core (R&D & Regulatory),"Alessio Sb***a (Chief Marketing Officer) | Vincenza Ga***o (Digital Marketing e Comunicazione) | Maico Po***a (Production Manager) | Gianpiero Ga***u (Manager, Innovation & Technology) | Krishna Ro***i (QC & R&D)","R&D (2), Regulatory (1), QA/QC (1)","Alessio Sb***a (Chief Marketing Officer) | Maico Po***a (Production Manager) | Gianpiero Ga***u (Manager, Innovation & Technology)",Active workforce rotation at Aliveda across R&D & Regulatory; engage verified leadership on high-purity ingredients and contract formulation capacity.
Alland & Robert,Medium,"Karaya Gum,Acacia Gum Supplier",145,allandetrobert.com,https://www.linkedin.com/company/alland-robert,2,1,1,1.4%,ACTIVE WORKFORCE ROTATION,Anne-Sophie Al***d (Human Resources Director),Retained Core (Regulatory & QA/QC),Charles Al***d (CEO) | Anne-Sophie Al***d (Human Resources Director) | Helen Ra***s (CEO Assistant & Sales Administration) | Alexandre Fa***t (Technical Manager) | Olivier Sc***a (Directeur de Sites de Production),"Regulatory (2), QA/QC (1), R&D (1)",Charles Al***d (CEO) | Anne-Sophie Al***d (Human Resources Director) | Helen Ra***s (CEO Assistant & Sales Administration),"Active workforce rotation at Alland & Robert across Regulatory & QA/QC; engage verified leadership on Karaya Gum,Acacia Gum and contract formulation capacity."
"Aloe Queen, Inc.",Medium,Botanical & Herbal Extract Supplier,145,aloequeen.com,https://www.linkedin.com/company/aloe-queen,2,1,1,1.4%,ACTIVE WORKFORCE ROTATION,Luis Es***a (Food Safety & Quality Control Manager),Retained Core (R&D & QA/QC),Luis Es***a (Food Safety & Quality Control Manager) | Brent Mc***n (Account Manager) | Jose Da***a (Maintenance) | Diego Iv***n (Support Worker) | Ramiro Al***o (Research and Development Manager),"R&D (2), QA/QC (1), Manufacturing (1)",Luis Es***a (Food Safety & Quality Control Manager) | Brent Mc***n (Account Manager) | Ramiro Al***o (Research and Development Manager),"Active workforce rotation at Aloe Queen, Inc. across R&D & QA/QC; engage verified leadership on Aloevera Extracts and contract formulation capacity."
Aloecorp Inc,Medium,Botanical & Herbal Extract Supplier,145,aloecorp.com,https://www.linkedin.com/company/aloecorp,2,1,1,1.4%,ACTIVE WORKFORCE ROTATION,Thomas Sc***r (Vice President of Sales and Marketing at Aloecorp Inc.),Retained Core (Sales & R&D),Thomas Sc***r (Vice President of Sales and Marketing at Aloecorp Inc.) | William Le***n (Western Sales Manager) | Kyeong Yo***n (President&CEO) | Sam Ka***l (Southeast Sales Manager) | Norma Ga***a (Sr. Customer Service Manager),"Sales (2), R&D (1), QA/QC (1)",Thomas Sc***r (Vice President of Sales and Marketing at Aloecorp Inc.) | William Le***n (Western Sales Manager) | Kyeong Yo***n (President&CEO),Active workforce rotation at Aloecorp Inc across Sales & R&D; engage verified leadership on Aloevera Extracts and contract formulation capacity.
AlumierMD,Medium,Contract Manufacturer & CDMO,145,alumiermd.com,https://www.linkedin.com/company/alumiermd,2,1,1,1.4%,ACTIVE WORKFORCE ROTATION,Daniel Ho***s (Chief Executive Officer),Retained Core (Sales & Marketing),Daniel Ho***s (Chief Executive Officer) | Julie Ho***e (Account Manager South England) | Don Ma***e (Global Director of Partnerships) | Rebecca Me***t (Global Head of Digital Growth & Performance) | Rachel Si***a (Business Development Manager-GA),"Sales (2), Marketing (1), Supply Chain Management (1)",Daniel Ho***s (Chief Executive Officer) | Julie Ho***e (Account Manager South England) | Don Ma***e (Global Director of Partnerships),Active workforce rotation at AlumierMD across Sales & Marketing; engage verified leadership on Skincare products and contract formulation capacity.
Alvinesa Natural Ingredients,Medium,Contract Manufacturer & CDMO,131,alvinesa.com,https://www.linkedin.com/company/alvinesa-natural,2,1,1,1.5%,ACTIVE WORKFORCE ROTATION,Olivier Lavaud (CEO) [https://news.google.com/rss/articles/CBMisAFBVV95cUxOanFPS3Fja2t3aENLRUJHX1lWMVRqOFpiTkpiNmtVMlZ2SlZLUEpmRWpGdTFzWlNCN2h4UjFxWjhJbWtDMGFaZHZwZUtnUFFaOXBQRFRsZWh1NlFJUGlfWGhabDVkMm1MU2hmUmZSYXdVRnZkalRIUjA0dWY4T1RHVWlxLWQ0cVA4bGJTWXNkR3VfaHRnYVpYZVdCYlAwaEpUZmdyczAzRDFDanRDMnZLTg?oc=5],Retained Core (Regulatory & QA/QC),Ruben Li***s (Human Resources Business Partner) | Juan Gl***a (Chief Sales Officer (CSO)) | Pelayo Cu***s (Commercial Director H&N) | Blanca Mo***a (Técnico de Recursos Humanos Generalista) | Joan So***e (Gerente Comercial Cades Penedès),"Regulatory (2), QA/QC (1), R&D (1)",Juan Gl***a (Chief Sales Officer (CSO)) | Pelayo Cu***s (Commercial Director H&N) | Ramina Ra***i (Sales Manager Asia & MEA),Active workforce rotation at Alvinesa Natural Ingredients across Regulatory & QA/QC; engage verified leadership on Botanical Ingredients and contract formulation capacity.
American Botanicals  LLC,Medium,Contract Manufacturer & CDMO,145,americanbotanicals.com,https://www.linkedin.com/company/american-botanicals,2,1,1,1.4%,ACTIVE WORKFORCE ROTATION,Derrick Ba***r (Quality Assurance Manager),Retained Core (Regulatory & QA/QC),Eric Ve***s (Controller) | Derrick Ba***r (Quality Assurance Manager) | Rick Jo***e (West Coast Sales Manager/Food) | Donald St***k (President) | Emily St***t (Plant Manager),"Regulatory (2), QA/QC (1), R&D (1)",Derrick Ba***r (Quality Assurance Manager) | Rick Jo***e (West Coast Sales Manager/Food) | Donald St***k (President),Active workforce rotation at American Botanicals  LLC across Regulatory & QA/QC; engage verified leadership on Botanical Ingredients and contract formulation capacity.
American River Nutrition,Medium,Contract Manufacturer & CDMO,145,americanrivernutrition.com,https://www.linkedin.com/company/american-river,2,1,1,1.4%,ACTIVE WORKFORCE ROTATION,John Fo***y (Technical Services Manager),Retained Core (R&D & Manufacturing),Barrie Tan (Founder) | John Fo***y (Technical Services Manager) | Anne Tr***s (Product Director) | Sarah Th***n (Quality Assurance Manager) | Jeffrey Ki***g (Director of Quality),"R&D (2), Manufacturing (1), QA/QC (1)",Barrie Tan (Founder) | John Fo***y (Technical Services Manager) | Anne Tr***s (Product Director),Active workforce rotation at American River Nutrition across R&D & Manufacturing; engage verified leadership on Branded Ingredientts and contract formulation capacity.
Anagenix,Medium,Contract Manufacturer & CDMO,145,anagenix.com,https://www.linkedin.com/company/anagenix,2,1,1,1.4%,ACTIVE WORKFORCE ROTATION,Cristian Ga***o (Director de Desarrollo Empresarial y Ventas),Retained Core (Regulatory & QA/QC),Cristian Ga***o (Director de Desarrollo Empresarial y Ventas) | Yongrui Pan (Supply Chain and Logistic Expert) | Vishakha Ma***n (New Product Development Specialist) | Phil We***b (Chief Operating Officer) | Scott Ha***k (Director),"Regulatory (2), QA/QC (1), R&D (1)",Cristian Ga***o (Director de Desarrollo Empresarial y Ventas) | Phil We***b (Chief Operating Officer) | Scott Ha***k (Director),Active workforce rotation at Anagenix across Regulatory & QA/QC; engage verified leadership on Branded Ingredientts and contract formulation capacity.
Anagenix Ltd,Medium,Contract Manufacturer & CDMO,145,anagenix.com,https://www.linkedin.com/company/anagenix,2,1,1,1.4%,ACTIVE WORKFORCE ROTATION,Cristian Ga***o (Director de Desarrollo Empresarial y Ventas),Retained Core (R&D & Regulatory),Cristian Ga***o (Director de Desarrollo Empresarial y Ventas) | Yongrui Pan (Supply Chain and Logistic Expert) | Vishakha Ma***n (New Product Development Specialist) | Phil We***b (Chief Operating Officer) | Scott Ha***k (Director),"R&D (2), Regulatory (1), QA/QC (1)",Cristian Ga***o (Director de Desarrollo Empresarial y Ventas) | Phil We***b (Chief Operating Officer) | Scott Ha***k (Director),Active workforce rotation at Anagenix Ltd across R&D & Regulatory; engage verified leadership on high-purity ingredients and contract formulation capacity.
Anderson Advanced Ingredients,Medium,Contract Manufacturer & CDMO,145,advancedingredients.com,https://www.linkedin.com/company/anderson-advanced,2,1,1,1.4%,ACTIVE WORKFORCE ROTATION,John Ja***l (Vice President Marketing),Retained Core (R&D & Regulatory),Russ An***n (President) | Christine Be***r (Sales) | John Ja***l (Vice President Marketing) | Travis An***n (Sales Professional) | Jeremy Wi***y (Sales Director for Anderson Advanced Ingredients),"R&D (2), Regulatory (1), QA/QC (1)",Russ An***n (President) | John Ja***l (Vice President Marketing) | Jeremy Wi***y (Sales Director for Anderson Advanced Ingredients),Active workforce rotation at Anderson Advanced Ingredients across R&D & Regulatory; engage verified leadership on Branded Ingrdients and contract formulation capacity.
Aplantis Natural Ingredients,Medium,Contract Manufacturer & CDMO,145,aplantis-ingredients.de,https://www.linkedin.com/company/aplantis-natural,2,1,1,1.4%,ACTIVE WORKFORCE ROTATION,Robert Gi***k (General Manager),Retained Core (Marketing & Sales),Robert Gi***k (General Manager) | Normann Fi***r (Head of Corporate Development) | Benedikt Mu***l (Sales & Operations Manager) | Luka Fa***s (Business Development Manager) | Venessa Sc***r (Sales and Business Development Manager),"Marketing (2), Sales (1), Regulatory (1)",Robert Gi***k (General Manager) | Normann Fi***r (Head of Corporate Development) | Benedikt Mu***l (Sales & Operations Manager),"Active workforce rotation at Aplantis Natural Ingredients across Marketing & Sales; engage verified leadership on All ingredients-Botanical,Natural and contract formulation capacity."
Applied Food Sciences,Medium,Contract Manufacturer & CDMO,145,appliedfoods.com,https://www.linkedin.com/company/applied-food-sciences,2,1,1,1.4%,ACTIVE WORKFORCE ROTATION,Ozan Ka***n (Senior R&D Technical Sales Lead),Retained Core (R&D & Quality Assurance),Ozan Ka***n (Senior R&D Technical Sales Lead) | Brian Za***p (Director of Marketing) | Joe Ha***n (Regional Account Executive) | John Ka***n (Ingredients That Inspire Confidence and Innovation.) | Brian Ha***l (Helping Beverage & Supplement Brands Elevate & Differentiate With Science-Backed Ingredient Innovation),"R&D (2), Quality Assurance (1), Regulatory Affairs (1)",Brian Za***p (Director of Marketing) | Chris Fi***s (Chief Science Officer),"Active workforce rotation at Applied Food Sciences across R&D & Quality Assurance; engage verified leadership on Branded Ingrdients,Botanical Extracts and contract formulation capacity."
Arizona Custom Blends,Medium,Contract Manufacturer & CDMO,145,acbmfg.com,https://www.linkedin.com/company/arizona-custom-blends,2,1,1,1.4%,ACTIVE WORKFORCE ROTATION,Kelsey D'***o (Director of Quality),Retained Core (Procurement & Quality Assurance),Kelsey D'***o (Director of Quality) | Bruce Co***r (Director of Procurement) | Milon Pi***s (Director of Organizational Excellence and Development) | Kurt We***b (Founder of CandyCeuticals™) | Travis Mo***s (Director of Sales),"Procurement (2), Quality Assurance (1), Research & Development (1)",Kelsey D'***o (Director of Quality) | Bruce Co***r (Director of Procurement) | Milon Pi***s (Director of Organizational Excellence and Development),Active workforce rotation at Arizona Custom Blends across Procurement & Quality Assurance; engage verified leadership on Custom Blends and contract formulation capacity.
Arkem Chemicals,Medium,Contract Manufacturer & CDMO,145,arkem.com,https://www.linkedin.com/company/arkem-chemicals,2,1,1,1.4%,ACTIVE WORKFORCE ROTATION,Damla Koc (Human Resources Group Manager),Retained Core (Chemical Engineer & Regulatory),Damla Koc (Human Resources Group Manager) | Dennis Ra***e (Commercial Director NWE) | Elcim Ay***r (Sales Manager) | Emre Ko***u (Regional Sales Manager) | Tezel Ko***r (Vice Chairman of the Executive Board),"Chemical Engineer (2), Regulatory (1), QA/QC (1)",Damla Koc (Human Resources Group Manager) | Dennis Ra***e (Commercial Director NWE) | Elcim Ay***r (Sales Manager),"Active workforce rotation at Arkem Chemicals across Chemical Engineer & Regulatory; engage verified leadership on All ingredients-Chemical,Pharma,Food and contract formulation capacity."
Aromsa AS,Medium,Contract Manufacturer & CDMO,145,aromsa.com.tr,https://www.linkedin.com/company/aromsa-as,2,1,1,1.4%,ACTIVE WORKFORCE ROTATION,"Canan Ka***a (Head of Strategic Marketing, Corporate Communications & Sustainability)",Retained Core (R&D & Regulatory),"Canan Ka***a (Head of Strategic Marketing, Corporate Communications & Sustainability) | Melis Ya***a (Board Member) | Goeknur Ag***u (Technical Support Manager) | Leyla Ut***r (Export Area Sales Manager) | Hakan Do***z (Savoury R&D Chief)","R&D (2), Regulatory (1), QA/QC (1)","Canan Ka***a (Head of Strategic Marketing, Corporate Communications & Sustainability) | Goeknur Ag***u (Technical Support Manager) | Leyla Ut***r (Export Area Sales Manager)",Active workforce rotation at Aromsa AS across R&D & Regulatory; engage verified leadership on Food Ingredients and contract formulation capacity.
Artemis International - Berryceuticals,Medium,Contract Manufacturer & CDMO,145,artemis.com,https://www.linkedin.com/company/artemis,2,1,1,1.4%,ACTIVE WORKFORCE ROTATION,Cindy Ie***s (VP Finance & Controller),Retained Core (Regulatory Affairs & Quality Assurance/Control),Cindy Ie***s (VP Finance & Controller),"Regulatory Affairs (2), Quality Assurance/Control (1), Research & Development (1)",Cindy Ie***s (VP Finance & Controller),"Active workforce rotation at Artemis International - Berryceuticals across Regulatory Affairs & Quality Assurance/Control; engage verified leadership on Branded ingredients,Botanical extracts and contract formulation capacity."
Ashland,Large,Contract Manufacturer & CDMO,8600,ashland.com,https://www.linkedin.com/company/ashland,3,1,2,0.0%,ACTIVE WORKFORCE ROTATION,"Jillian Co***r (Senior Manager, Talent Acquisition)",Retained Core (R&D & QA/QC),"Taina Az***o (Human Resources Specialist na Ashland) | Jillian Co***r (Senior Manager, Talent Acquisition) | Ana La***o (Global Quality and Regulatory Affairs Leader Life Sciences) | Emma Gr***y (Account Manager, Biofunctionals) | Ling Li (Senior Global R&D Director)","R&D (3), QA/QC (2), Regulatory (1)","Jillian Co***r (Senior Manager, Talent Acquisition) | Emma Gr***y (Account Manager, Biofunctionals) | Ling Li (Senior Global R&D Director)","Active workforce rotation at Ashland across R&D & QA/QC; engage verified leadership on Speciality ingredients,Chemical and contract formulation capacity."
AstaReal Inc,Large,Contract Manufacturer & CDMO,501,astarealusa.com,https://www.linkedin.com/company/astareal,3,1,2,0.6%,ACTIVE WORKFORCE ROTATION,Payton Sh***d (Sales Manager),Retained Core (R&D & Product Development),Cecilia Sa***i (Microalgae Cultivation Specialist) | Payton Sh***d (Sales Manager) | Ihana Se***o (Microalgae Cultivation Engineer) | Sherry Go***z (QC Laboratory Technician/Sustainability Project Manager) | Peter Wo***e (Chief Executive Officer),"R&D (3), Product Development (2), Marketing (1)",Payton Sh***d (Sales Manager) | Sherry Go***z (QC Laboratory Technician/Sustainability Project Manager) | Peter Wo***e (Chief Executive Officer),Active workforce rotation at AstaReal Inc across R&D & Product Development; engage verified leadership on Natural Ingredients and contract formulation capacity.
Atlas Ingredients GmbH,Medium,Contract Manufacturer & CDMO,145,atlas-ingredients.de,https://www.linkedin.com/company/atlas,2,1,1,1.4%,ACTIVE WORKFORCE ROTATION,Mohammad Ka***h (Chief Executive Officer),Retained Core (R&D & QA/QC),Mohammad Ka***h (Chief Executive Officer),"R&D (2), QA/QC (1), Sales (1)",Mohammad Ka***h (Chief Executive Officer),Active workforce rotation at Atlas Ingredients GmbH across R&D & QA/QC; engage verified leadership on Natural Extracts and contract formulation capacity.
Aunutra Industries Inc.,Medium,Contract Manufacturer & CDMO,145,aunutra.com,https://www.linkedin.com/company/aunutra-industries,2,1,1,1.4%,ACTIVE WORKFORCE ROTATION,Stacia Ma***e (Director of Sales),Retained Core (Regulatory & R&D),Kava Liu (President) | Ken Gu***t (Sales Executive) | Stacia Ma***e (Director of Sales) | Stephanie Ma***o (Administrative Assistant),"Regulatory (2), R&D (1), QA/QC (1)",Kava Liu (President) | Stacia Ma***e (Director of Sales),Active workforce rotation at Aunutra Industries Inc. across Regulatory & R&D; engage verified leadership on Branded Ingredients and contract formulation capacity.
Ayana Bio,Small,Contract Manufacturer & CDMO,51,ayanabio.com,https://www.linkedin.com/company/ayana-bio,1,1,0,2.0%,TARGETED STRATEGIC HIRING,Alex Sh***y (Director of Strategic Partnerships),Retained Core (R&D & Regulatory),"Alex Sh***y (Director of Strategic Partnerships) | Frank Ja***h (Chief Executive Officer) | Weslee Gl***n (VP of Innovation) | Troy Rh***s (SVP, Commercial & Operations) | Sydney Mi***r (Research Associate)","R&D (1), Regulatory (1), QA/QC (1)",Alex Sh***y (Director of Strategic Partnerships) | Frank Ja***h (Chief Executive Officer) | Weslee Gl***n (VP of Innovation),Active workforce rotation at Ayana Bio across R&D & Regulatory; engage verified leadership on Natural Extracts and contract formulation capacity.
B Natural srl,Small,Finished Dietary Supplement Brand,1,bnatural.it,https://www.linkedin.com/company/b-natural,1,1,0,5.0%,TARGETED STRATEGIC HIRING,Active Hiring: Regulatory Scientist | Research & Development Scientist,Retained Core (Regulatory & R&D),Rosa Ma***a (Customer Service Specialist) | Barbara Ir***i (Senior Commercial Executive) | Hector Li***z (Call Center),"Regulatory (1), R&D (1), Sales (1)",Active Department Leadership: Regulatory Scientist,Active workforce rotation at B Natural srl across Regulatory & R&D; engage verified leadership on Natural Ingredients and contract formulation capacity.
BENEO,Large,Contract Manufacturer & CDMO,1000,beneo.com,https://www.linkedin.com/company/beneo,3,1,2,0.3%,ACTIVE WORKFORCE ROTATION,Laurent Sa***e (Head of Procurement Beneo Belgium),Retained Core (Regulatory & QA/QC),Laurent Sa***e (Head of Procurement Beneo Belgium) | Guilherme Sa***s (Area Sales Manager Northern Europe) | Matteo Pre (Plant Manager) | Renata Ca***r (Manager Nutrition Communication Latin America) | Charlotte Ke***n (Manager Digital MarCom Projects and Social Media),"Regulatory (3), QA/QC (2), R&D (1)",Laurent Sa***e (Head of Procurement Beneo Belgium) | Guilherme Sa***s (Area Sales Manager Northern Europe) | Matteo Pre (Plant Manager),Active workforce rotation at BENEO across Regulatory & QA/QC; engage verified leadership on All Ingredients and contract formulation capacity.
BENEO GmbH,Large,Contract Manufacturer & CDMO,1000,beneo.com,https://www.linkedin.com/company/beneo,3,1,2,0.3%,ACTIVE WORKFORCE ROTATION,Laurent Sa***e (Head of Procurement Beneo Belgium),Retained Core (Regulatory & QA/QC),Laurent Sa***e (Head of Procurement Beneo Belgium) | Guilherme Sa***s (Area Sales Manager Northern Europe) | Matteo Pre (Plant Manager) | Renata Ca***r (Manager Nutrition Communication Latin America) | Charlotte Ke***n (Manager Digital MarCom Projects and Social Media),"Regulatory (3), QA/QC (2), R&D (1)",Laurent Sa***e (Head of Procurement Beneo Belgium) | Guilherme Sa***s (Area Sales Manager Northern Europe) | Matteo Pre (Plant Manager),Active workforce rotation at BENEO GmbH across Regulatory & QA/QC; engage verified leadership on high-purity ingredients and contract formulation capacity.
BETA CAE Systems,Medium,Contract Manufacturer & CDMO,486,betacaesystems.com,https://www.linkedin.com/company/beta-cae-systems,2,1,1,0.4%,ACTIVE WORKFORCE ROTATION,Chrissa Ko***u (Senior Human Resources Manager),Retained Core (R&D & Engineering Analysis),Chrissa Ko***u (Senior Human Resources Manager) | Christina To***u (Human Resources Generalist) | Divya Sh***e (Inside Sales Specialist) | Stelios So***u (Senior Human Resources Manager) | Stathis Ch***s (Director Software Engineering),"R&D (2), Engineering Analysis (1), Software Development (1)",Chrissa Ko***u (Senior Human Resources Manager) | Stelios So***u (Senior Human Resources Manager) | Stathis Ch***s (Director Software Engineering),Active workforce rotation at BETA CAE Systems across R&D & Engineering Analysis; engage verified leadership on high-purity ingredients and contract formulation capacity.
BGG,Medium,Contract Manufacturer & CDMO,145,bggworld.com,https://www.linkedin.com/company/bgg,2,1,1,1.4%,ACTIVE WORKFORCE ROTATION,Rachel Liu (APAC Marketing Manager),Retained Core (Regulatory & QA/QC),Rachel Liu (APAC Marketing Manager) | Juergen Ne***s (Chairman of the Board BGG Europe LTD.) | Diego Lo***z (Global Key Account and Business Development Manager) | Bob Ca***i (General Management & Marketing Consultant to BGG World & Algae Health Sciences) | Meredith Do***y (Senior Sales Manager),"Regulatory (2), QA/QC (1), R&D (1)",Rachel Liu (APAC Marketing Manager) | Diego Lo***z (Global Key Account and Business Development Manager) | Meredith Do***y (Senior Sales Manager),"Active workforce rotation at BGG across Regulatory & QA/QC; engage verified leadership on Branded ingredients,Botanical extracts and contract formulation capacity."
BIOLANDES,Medium,Contract Manufacturer & CDMO,145,biolandes.com,https://www.linkedin.com/company/biolandes,2,1,1,1.4%,ACTIVE WORKFORCE ROTATION,Isabelle Le***r (Head of Marketing and Communication Biolandes Group),Retained Core (R&D & QA/QC),Isabelle Le***r (Head of Marketing and Communication Biolandes Group) | Pierre Ta***t (Head of Sales APAC) | Casquero Fl***t (Responsable des Ressources Humaines Groupe) | Elodie Bo***e (Sales Account Manager - West Coast) | Marianne Cl***e (Sales Account Manager),"R&D (2), QA/QC (1), Regulatory (1)",Isabelle Le***r (Head of Marketing and Communication Biolandes Group) | Pierre Ta***t (Head of Sales APAC) | Elodie Bo***e (Sales Account Manager - West Coast),Active workforce rotation at BIOLANDES across R&D & QA/QC; engage verified leadership on Natural Extracts and contract formulation capacity.
BIONAP Srl,Medium,Contract Manufacturer & CDMO,145,bionap.com,https://www.linkedin.com/company/bionap,2,1,1,1.4%,ACTIVE WORKFORCE ROTATION,Andrea Bo***a (Managing Director),Retained Core (Regulatory & QA/QC),Andrea Bo***a (Managing Director) | Violetta In***a (Business Development and Marketing Manager) | Mattia Ca***a (Sales Manager Nutraceutical EMEA) | Tyler Ris (Vice President of Sales North America) | Vincenzo Za***a (Head of Research and Development),"Regulatory (2), QA/QC (1), R&D (1)",Andrea Bo***a (Managing Director) | Violetta In***a (Business Development and Marketing Manager) | Mattia Ca***a (Sales Manager Nutraceutical EMEA),Active workforce rotation at BIONAP Srl across Regulatory & QA/QC; engage verified leadership on Natural Ingredients and contract formulation capacity.
BIOWEG,Medium,Contract Manufacturer & CDMO,145,bioweg.com,https://www.linkedin.com/company/bioweg,2,1,1,1.4%,ACTIVE WORKFORCE ROTATION,Sreyashri Ma***y (Technical Project Manager),Retained Core (R&D & Bioprocess),Prateek Ma***r (Founder & CEO) | Srinivas Ka***i (Founder & COO) | Sreyashri Ma***y (Technical Project Manager) | Biswatosh Pa***i (Lead Scientist - Fermentation) | Salvatore Ch***a (Lead Scientist),"R&D (2), Bioprocess (1), Formulation (1)",Prateek Ma***r (Founder & CEO) | Srinivas Ka***i (Founder & COO) | Sreyashri Ma***y (Technical Project Manager),"Active workforce rotation at BIOWEG across R&D & Bioprocess; engage verified leadership on Bio based ingredients,Fermentation and contract formulation capacity."
BM Ingredients Europe GmbH,Small,Contract Manufacturer & CDMO,11,bmieurope.de,https://www.linkedin.com/company/bm,1,1,0,5.0%,TARGETED STRATEGIC HIRING,Ania Ma***n (Chief Executive Officer),Retained Core (Sales & R&D),Ania Ma***n (Chief Executive Officer) | Gianluca Gr***o (Sales Executive) | Ricardo An***e (Sales Executive) | Melina Kn***h (Sales Executive) | Andres Ma***i (Sale Executive at BM Ingredients Europe),"Sales (1), R&D (1), QA/QC (1)",Ania Ma***n (Chief Executive Officer) | Kerstin Sc***r (Operations Manager),"Active workforce rotation at BM Ingredients Europe GmbH across Sales & R&D; engage verified leadership on Natural Ingredients,Botanical Extracts and contract formulation capacity."
BRAIN Biotech AG,Medium,Contract Manufacturer & CDMO,281,brain-biotech-group.com,https://www.linkedin.com/company/brain-biotech,2,1,1,0.7%,ACTIVE WORKFORCE ROTATION,Gina Du***y (Technical Business Development Manager),Retained Core (R&D & Bioprocess Engineering),Gina Du***y (Technical Business Development Manager) | Martin La***r (Managing Director & Executive Vice President of the Brain BioScience Segment) | Katja Ri***l (Programme Manager System Products Nutrition) | Robbert Ho***a (Head of Group Finance) | Simon Go***d (Director Unit Head Enzyme Technology),"R&D (2), Bioprocess Engineering (1), Enzyme Technology (1)",Gina Du***y (Technical Business Development Manager) | Martin La***r (Managing Director & Executive Vice President of the Brain BioScience Segment) | Katja Ri***l (Programme Manager System Products Nutrition),Active workforce rotation at BRAIN Biotech AG across R&D & Bioprocess Engineering; engage verified leadership on All ingredients and contract formulation capacity.
BTSA,Medium,Contract Manufacturer & CDMO,145,btsa.com,https://www.linkedin.com/company/btsa,2,1,1,1.4%,ACTIVE WORKFORCE ROTATION,"Simo Ha***i (Global Animal Nutrition Manager | North Africa Food, Nutrition & Personal Care)",Retained Core (R&D & Quality Control),"Simo Ha***i (Global Animal Nutrition Manager | North Africa Food, Nutrition & Personal Care) | Alberto De***o (Sales Area Manager) | Jaclyn Fl***n (Director of Sales, North America) | Erik Wi***r (Sales Manager, West Coast) | Melissa Mc***y (Sales Manager, Southeast)","R&D (2), Quality Control (1), Sales (1)","Simo Ha***i (Global Animal Nutrition Manager | North Africa Food, Nutrition & Personal Care) | Alberto De***o (Sales Area Manager) | Jaclyn Fl***n (Director of Sales, North America)",Active workforce rotation at BTSA across R&D & Quality Control; engage verified leadership on Branded ingredients and contract formulation capacity.
Barnes Roots & Herbs LLC,Medium,Contract Manufacturer & CDMO,145,barnesrootsandherbs.com,https://www.linkedin.com/company/barnes-roots-herbs,3,2,1,2.1%,ACTIVE WORKFORCE ROTATION,Active Hiring: Regulatory Affairs Specialist | Quality Control Analyst,Retained Core (Regulatory & QA/QC),Craig Ba***s (Owner),"Regulatory (3), QA/QC (2), R&D (1)",Active Department Leadership: Regulatory Affairs Specialist,Active workforce rotation at Barnes Roots & Herbs LLC across Regulatory & QA/QC; engage verified leadership on Botanical extracts and contract formulation capacity.
Barrington Nutritionals,Medium,Contract Manufacturer & CDMO,145,barrington.com,https://www.linkedin.com/company/barrington,2,1,1,1.4%,ACTIVE WORKFORCE ROTATION,Matthew Br***e (Independent Institutional Treasury Risk Management Advisory - Head of Business Development),Retained Core (Regulatory & QA/QC),Andrew Fr***g (Investment Consultant) | Louise Bu***y (Safety Compliance Officer) | Matthew Br***e (Independent Institutional Treasury Risk Management Advisory - Head of Business Development) | Tony Zi***k (Company Director) | Carlo Di***s (Store Manager),"Regulatory (2), QA/QC (1), R&D (1)",Matthew Br***e (Independent Institutional Treasury Risk Management Advisory - Head of Business Development) | Tony Zi***k (Company Director) | Carlo Di***s (Store Manager),Active workforce rotation at Barrington Nutritionals across Regulatory & QA/QC; engage verified leadership on Nutrition Ingredients and contract formulation capacity.
"Bell Flavors & Fragrances, Inc.",Medium,Contract Manufacturer & CDMO,145,bellff.com,https://www.linkedin.com/company/bell-flavors-fragrances,2,1,1,1.4%,ACTIVE WORKFORCE ROTATION,Joan Ha***y (SVP R&D & Commercial GM),Retained Core (Regulatory & QA/QC),Lindsay Pa***s (Senior Marketing Communication & Social Media Specialist) | Denis Vu***c (Flavorist Trainee) | Joan Ha***y (SVP R&D & Commercial GM) | Keowoon Cho (Information Technology Business Analyst) | Justin Le***l (Systems Engineer | Technology Maven),"Regulatory (2), QA/QC (1), R&D (1)",Joan Ha***y (SVP R&D & Commercial GM),"Active workforce rotation at Bell Flavors & Fragrances, Inc. across Regulatory & QA/QC; engage verified leadership on Food Ingredients,Botanical extrracts and contract formulation capacity."
Berg+Schmidt - Care Ingredients,Small,"Cosmetic Ingredients, Supplier",45,solutions.berg-schmidt.com,https://www.linkedin.com/company/berg-schmidt-care,1,1,0,2.2%,TARGETED STRATEGIC HIRING,Dirk We***l (Managing Director),Retained Core (Regulatory & Sales),Dirk We***l (Managing Director) | Anne St***r (Marketing Manager) | Hiba Na***r (Quality Management) | Julia Me***e (Sales Manager Care Ingredients) | Sabilla Di***l (Senior Product Developer),"Regulatory (1), Sales (1), R&D (1)",Dirk We***l (Managing Director) | Anne St***r (Marketing Manager) | Julia Me***e (Sales Manager Care Ingredients),"Active workforce rotation at Berg+Schmidt - Care Ingredients across Regulatory & Sales; engage verified leadership on Cosmetic Ingredients, and contract formulation capacity."
Balchem- Bergstrom Nutrition,Large,Contract Manufacturer & CDMO,1400,bergstromnutrition.com,https://www.linkedin.com/company/balchem-bergstrom,3,1,2,0.2%,ACTIVE WORKFORCE ROTATION,Grant Be***m (VP Sales),Retained Core (R&D & Sales),Grant Be***m (VP Sales) | Matt Je***e (Maintenance Manager) | Lori Wi***e (HR Coordinator & Document Control) | Ed Be***m (Small Business Owner) | Denise Pa***r (Accounts Payable & Accounts Receivable),"R&D (3), Sales (2), Regulatory (1)",Grant Be***m (VP Sales) | Matt Je***e (Maintenance Manager),Active workforce rotation at Balchem- Bergstrom Nutrition across R&D & Sales; engage verified leadership on Branded Ingredients and contract formulation capacity.
Best Ground International,Medium,Contract Manufacturer & CDMO,145,bestground.com,https://www.linkedin.com/company/best-ground,2,1,1,1.4%,ACTIVE WORKFORCE ROTATION,Alex Mi***n (North America Prebiotic Sales Manager),Retained Core (Regulatory & QA/QC),Alex Mi***n (North America Prebiotic Sales Manager) | Andrea Fe***z (North America Sales Manager) | Jorge So***o (Director de Finanzas) | Karina Cr***o (Rr Coordinator. hh.) | Karla Du***n (Asia Pacific Sales Manager),"Regulatory (2), QA/QC (1), R&D (1)",Alex Mi***n (North America Prebiotic Sales Manager) | Andrea Fe***z (North America Sales Manager) | Jorge So***o (Director de Finanzas),Active workforce rotation at Best Ground International across Regulatory & QA/QC; engage verified leadership on Natural&Organic Ingredients and contract formulation capacity.
"Bestherb, Inc",Medium,Contract Manufacturer & CDMO,145,bestherb.us,https://www.linkedin.com/company/bestherb,2,1,1,1.4%,ACTIVE WORKFORCE ROTATION,Antonio Ma***z (Account Manager),Retained Core (R&D & QA/QC),Erica Na***a (Sales Representative) | Sergio Ro***s (Marketing & Sales Specialist) | Jack Gao (Sales) | Antonio Ma***z (Account Manager) | Rose Vi***s (District Sales Manager),"R&D (2), QA/QC (1), Regulatory (1)",Antonio Ma***z (Account Manager) | Rose Vi***s (District Sales Manager),"Active workforce rotation at Bestherb, Inc across R&D & QA/QC; engage verified leadership on Botanical extracts and contract formulation capacity."
Bindewald & Gutting Mulhengruppe-GmbH,Large,Contract Manufacturer & CDMO,750,bigu-muehlengruppe.de,https://www.linkedin.com/company/bindewald-gutting-mulhengruppe-gmbh,3,1,2,0.4%,ACTIVE WORKFORCE ROTATION,Maximilian Ko***k (Manager Employer Branding & Social Media),Retained Core (Quality Assurance & Research & Development),Martin Bi***d (Owner) | Maximilian Ko***k (Manager Employer Branding & Social Media) | Philipp Ma***z (Energy Manager) | Andre Po***r (Project Manager) | Ramin Ch***v (International Business Development Manager – Industrial Ingredients),"Quality Assurance (3), Research & Development (2), Sales (1)",Maximilian Ko***k (Manager Employer Branding & Social Media) | Philipp Ma***z (Energy Manager) | Andre Po***r (Project Manager),Active workforce rotation at Bindewald & Gutting Mulhengruppe-GmbH across Quality Assurance & Research & Development; engage verified leadership on Food ingrdients and contract formulation capacity.
Bio Med Ingredients Pvt. Ltd.,Medium,Contract Manufacturer & CDMO,145,biomedingredients.com,https://www.linkedin.com/company/bio-med,2,1,1,1.4%,ACTIVE WORKFORCE ROTATION,Savitha Pi***i (Director),Retained Core (R&D & Sales),Savitha Pi***i (Director) | Nutesh Na***k (Head of Procurement) | Jerry Ja***n (Assistant Manager) | Saisha Pa***l (Assistant Purchasing Manager) | Srikrishna None (Vice President),"R&D (2), Sales (1), Regulatory (1)",Savitha Pi***i (Director) | Nutesh Na***k (Head of Procurement) | Jerry Ja***n (Assistant Manager),"Active workforce rotation at Bio Med Ingredients Pvt. Ltd. across R&D & Sales; engage verified leadership on Natural extracts,Branded Ingredients and contract formulation capacity."
Bio-gen Extracts,Large,Contract Manufacturer & CDMO,500,bio-gen.in,https://www.linkedin.com/company/bio-gen-extracts,3,1,2,0.6%,ACTIVE WORKFORCE ROTATION,George Ku***e (Vice President- Marketing),Retained Core (Regulatory & QA/QC),George Ku***e (Vice President- Marketing) | Haridas Mo***a (VP Commercial) | Jai Ch***a (Owner) | Puneet Ar***a (President- International Business) | Krishnarao Ju***a (Sr.Manager-Quality Assurance),"Regulatory (3), QA/QC (2), R&D (1)",George Ku***e (Vice President- Marketing) | Haridas Mo***a (VP Commercial) | Puneet Ar***a (President- International Business),Active workforce rotation at Bio-gen Extracts across Regulatory & QA/QC; engage verified leadership on Botanical extracts-Branded ingredients and contract formulation capacity.
Bioactive Services ( Bioactive Resources and Safe Sterilization USA ),Medium,Contract Manufacturer & CDMO,145,bioactive-resources.com,https://www.linkedin.com/company/bioactive,2,1,1,1.4%,ACTIVE WORKFORCE ROTATION,Divya De***i (VP. Sales),Retained Core (QA/QC & R&D),Chintan Va***a (Sourcing Consultant) | Divya De***i (VP. Sales) | Asha Ch***y (In- Process Quality Assurance) | Miloni Me***a (Financial Analyst) | Arnesh Ba***r (Operations Engineer),"QA/QC (2), R&D (1), Sales (1)",Divya De***i (VP. Sales) | Diego Ra***z (Plant Production Manager),"Active workforce rotation at Bioactive Services ( Bioactive Resources and Safe Sterilization USA ) across QA/QC & R&D; engage verified leadership on Branded ingredients,Botanical extracts and contract formulation capacity."
"Bioenergy Life Science, Inc. (BLS)",Medium,Contract Manufacturer & CDMO,145,bioenergylifescience.com,https://www.linkedin.com/company/bioenergy-life-science,2,1,1,1.4%,ACTIVE WORKFORCE ROTATION,Sydney Staedt (Marketing Manager) [https://news.google.com/rss/articles/CBMimgFBVV95cUxNdmQ2N1M3UjdWY2t4WTBXbTVzQXcxeFBSbW5hNGxaWTZ3aFVmQ1l3Rmh0SjlZTVQ1RG9SNUFkLWtsOFZHdVIxclN2NDJlY1c4WklEV3J1WDJXV0lpc3JOTzYxdGFZR2lBalRZS29JRlU0RXowMnJuS1hJeGEzOTZnaWRham5kSUNPMGxPcW1VaHJ3a0tHX0d4OUl3?oc=5],Retained Core (Sales & R&D),"Martin Vo***j (Sr. Director of Sales) | Michael Cr***e (General Manager, Science and Innovation) | Sydney St***t (Marketing Manager) | Michelle Wa***d (Director of Business Administration) | Tom Vo***k (President)","Sales (2), R&D (1), Regulatory (1)","Martin Vo***j (Sr. Director of Sales) | Michael Cr***e (General Manager, Science and Innovation) | Sydney St***t (Marketing Manager)","Active workforce rotation at Bioenergy Life Science, Inc. (BLS) across Sales & R&D; engage verified leadership on Branded Ingredients and contract formulation capacity."
Biohm Technologies,Medium,Contract Manufacturer & CDMO,145,biohmtechnologies.com,https://www.linkedin.com/company/biohm,2,1,1,1.4%,ACTIVE WORKFORCE ROTATION,Sam Schatz (President) [https://news.google.com/rss/articles/CBMiyAFBVV95cUxNRzhDWENYSU9BUzlYbzJHbTR2YmQ5MWtDV1pWUWRsNmxkZ3NzZVdERzFOWk15WGhsWXVzUlJyMFpRcS1TSkxOVDIxeGJhaWJwb2VKS0U0UlFSNzZHdWgwSDR2Q1cxdWJ0OXBkdHFucURwRDdmU0hsMHpiRVpqREI0c0lncC0yRE1EbjE3YTYydUlpd1VUUzE0eDNuVm9LcVhETEY0Y0I1MWMzRlB6R0ZXSTl1bV9BN3J1N2otY0ItYnBTcmpQbkozdw?oc=5],Retained Core (R&D & Regulatory),Diane Al***r (Vice President of Sales) | Shradha Kh***r (Principal Bioinformatician) | Melanie Ko***s (Director of Ecommerce & Marketing) | Stephanie Ma***c (Senior Director of Product Operations) | Matthew Ov***r (Guiding Innovative Companies to Successful Outcomes),"R&D (2), Regulatory (1), QA/QC (1)",Diane Al***r (Vice President of Sales) | Melanie Ko***s (Director of Ecommerce & Marketing) | Stephanie Ma***c (Senior Director of Product Operations),Active workforce rotation at Biohm Technologies across R&D & Regulatory; engage verified leadership on Microbiome ingredients and contract formulation capacity.
Biotech Europe,Large,Contract Manufacturer & CDMO,1500,biotecheurope.com,https://www.linkedin.com/company/biotech-europe,3,1,2,0.2%,ACTIVE WORKFORCE ROTATION,Terry He (Asia Manager),Retained Core (R&D & QA/QC),"Terry He (Asia Manager) | James Hu***g (Slaes Manager) | Tony Wu (RealMind Biotech Co.,Ltd- Director, Overseas Sales Dept.) | Agnes Si***n (Administration & Finance Manager) | Minh Th***i (Internship Trainee)","R&D (3), QA/QC (2), Regulatory (1)","Terry He (Asia Manager) | James Hu***g (Slaes Manager) | Tony Wu (RealMind Biotech Co.,Ltd- Director, Overseas Sales Dept.)",Active workforce rotation at Biotech Europe across R&D & QA/QC; engage verified leadership on high-purity ingredients and contract formulation capacity.
Black Forest Ingredients & Solutions,Medium,Contract Manufacturer & CDMO,145,bfias.eu,https://www.linkedin.com/company/black-forest,3,2,1,2.1%,ACTIVE WORKFORCE ROTATION,Active Hiring: Regulatory Scientist | Quality Analyst,Retained Core (Regulatory & QA/QC),Julia Sa***i (Product Development) | Freda Po***u (Product Development & Quality Management | FSSC 22000) | Anne Sc***n (Qualitätsmanagement und Qualitätssicherung) | Michaela Bu***h (Procurator) | Roman D (Produktionsmitarbeiter:in),"Regulatory (3), QA/QC (2), R&D (1)",Active Department Leadership: Regulatory Scientist,"Active workforce rotation at Black Forest Ingredients & Solutions across Regulatory & QA/QC; engage verified leadership on Food Ingredients, and contract formulation capacity."
Blue California Ingredients,Medium,Contract Manufacturer & CDMO,145,bluecal-ingredients.com,https://www.linkedin.com/company/blue-california,2,1,1,1.4%,ACTIVE WORKFORCE ROTATION,"Hadi Om***i (Vice President, Technical & Regulatory Affairs)",Retained Core (R&D & Regulatory),"Cuie Yan (Ph.D.) | Ana Lim (Procurement | Marketing) | Hadi Om***i (Vice President, Technical & Regulatory Affairs) | Sooyoung Kim (Quality & Regulatory Affairs Specialist) | Lynn Re***r (Strategic Operations & People Leader | SPHR | Business Transformation Partner)","R&D (2), Regulatory (1), QA/QC (1)","Hadi Om***i (Vice President, Technical & Regulatory Affairs) | Debora Si***r (Head of People Operations)",Active workforce rotation at Blue California Ingredients across R&D & Regulatory; engage verified leadership on All ingredients and contract formulation capacity.
Boettger Food Ingredients GmbH,Medium,Contract Manufacturer & CDMO,145,boettger1904.com,https://www.linkedin.com/company/boettger-food,2,1,1,1.4%,ACTIVE WORKFORCE ROTATION,Yusuf Yu***k (Sales Manager),Retained Core (R&D & QA/QC),"Hans Hu***y (Senior Trader Dried Fruits & Nuts) | Carsten Ho***n (Senior Trader - Nuts, Dried Fruits & Sugars) | Sebastian Sc***t (Senior Trader) | Yusuf Yu***k (Sales Manager) | Wiebke Wo***e (Vertriebsinnendienst International / Logistik)","R&D (2), QA/QC (1), Sales (1)",Yusuf Yu***k (Sales Manager) | Stefan Fe***t (CEO),"Active workforce rotation at Boettger Food Ingredients GmbH across R&D & QA/QC; engage verified leadership on Food Ingredients, and contract formulation capacity."
Bonerge Lifescience,Medium,Contract Manufacturer & CDMO,145,bonerge.com,https://www.linkedin.com/company/bonerge-lifescience,3,2,1,2.1%,ACTIVE WORKFORCE ROTATION,Active Hiring: Research Scientist | Regulatory Affairs Specialist,Retained Core (R&D & Regulatory),Allen Ge (Product Officer of Longevity Ingredients) | Cecilia Ya***g (Marketing Specialist),"R&D (3), Regulatory (2), QA/QC (1)",Active Department Leadership: Research Scientist,"Active workforce rotation at Bonerge Lifescience across R&D & Regulatory; engage verified leadership on Branded ingredients,Botanical extracts and contract formulation capacity."
Botanic Healthcare GmbH,Medium,Contract Manufacturer & CDMO,145,botanichealthcaregmbh.eu,https://www.linkedin.com/company/botanic-healthcare,2,1,1,1.4%,ACTIVE WORKFORCE ROTATION,Mansi W (Business Support Manager),Retained Core (R&D & Manufacturing),Mansi W (Business Support Manager),"R&D (2), Manufacturing (1), Sales (1)",Mansi W (Business Support Manager),"Active workforce rotation at Botanic Healthcare GmbH across R&D & Manufacturing; engage verified leadership on Branded ingredients,Botanical extracts and contract formulation capacity."
Botanical Ingredients Ltd.,Medium,Nutraceutical Ingredient Supplier,145,botanical.com,https://www.linkedin.com/company/botanical,2,1,1,1.4%,ACTIVE WORKFORCE ROTATION,Leticia Iz***l (Director),Retained Core (R&D & Regulatory),Ryan Be***d (Owner) | Leticia Iz***l (Director) | Kratom Ex***e (Owner) | Gabriela Ma***o (Administrator) | Gary Wa***r (3D Environment Artist),"R&D (2), Regulatory (1), QA/QC (1)",Leticia Iz***l (Director),Active workforce rotation at Botanical Ingredients Ltd. across R&D & Regulatory; engage verified leadership on high-purity ingredients and contract formulation capacity.
"Botaniex, Inc.",Medium,Contract Manufacturer & CDMO,145,botaniex.com,https://www.linkedin.com/company/botaniex,2,1,1,1.4%,ACTIVE WORKFORCE ROTATION,Jane Hu***g (International Sales Manager),Retained Core (R&D & Manufacturing),Jane Hu***g (International Sales Manager) | Olivia Liu (Sales Director) | Wei Guo (Sales),"R&D (2), Manufacturing (1), Quality Assurance (1)",Jane Hu***g (International Sales Manager) | Olivia Liu (Sales Director),"Active workforce rotation at Botaniex, Inc. across R&D & Manufacturing; engage verified leadership on Natural ingredients,Botanical extracts and contract formulation capacity."
Brenntag Holding GmbH,Large,Contract Manufacturer & CDMO,17300,brenntag.com,https://www.linkedin.com/company/brenntag,3,1,2,0.0%,ACTIVE WORKFORCE ROTATION,Hassan Ab***a (Logistics Manager),Retained Core (Regulatory & QA/QC),Hassan Ab***a (Logistics Manager) | Markus So***r (CIO - Member Executive Committee) | Wagner No***s (Gerente EHSQ) | Alberto Fl***s (Planeación Financiera) | Ixchel He***z (Talent Acquisiton Manager Latam),"Regulatory (3), QA/QC (2), R&D (1)","Hassan Ab***a (Logistics Manager) | Ixchel He***z (Talent Acquisiton Manager Latam) | Iman Sa***i (Senior Accounts Manager - Mining,Pulp and Paper)",Active workforce rotation at Brenntag Holding GmbH across Regulatory & QA/QC; engage verified leadership on All ingredients and contract formulation capacity.
Budenheim,Medium,Contract Manufacturer & CDMO,145,budenheim.com,https://www.linkedin.com/company/budenheim,2,1,1,1.4%,ACTIVE WORKFORCE ROTATION,Noelia Ma***a (Executive Vice President Material Science Division),Retained Core (R&D & Production),Noelia Ma***a (Executive Vice President Material Science Division) | Barkha Ch***a (Manager Sales and Business Development) | Kim Sc***r (Working Student - Marketing Life Science) | Josep Sa***s (Head of Logistics & Supply Chain) | Paula Ib***a (Purchasing Manager),"R&D (2), Production (1), Quality Control (1)",Noelia Ma***a (Executive Vice President Material Science Division) | Barkha Ch***a (Manager Sales and Business Development) | Josep Sa***s (Head of Logistics & Supply Chain),Active workforce rotation at Budenheim across R&D & Production; engage verified leadership on Branded Ingredients and contract formulation capacity.
Bulk & Organic LLC,Medium,Contract Manufacturer & CDMO,145,bulkandorganic.com,https://www.linkedin.com/company/bulk,3,2,1,2.1%,ACTIVE WORKFORCE ROTATION,Active Hiring: Regulatory Scientist | Quality Analyst,Retained Core (Regulatory & QA/QC),Sachin Ta***a (Founder | Business Partner),"Regulatory (3), QA/QC (2), R&D (1)",Sachin Ta***a (Founder | Business Partner),Active workforce rotation at Bulk & Organic LLC across Regulatory & QA/QC; engage verified leadership on Herbal extracts and contract formulation capacity.
Bosch Boden Spies (BBS),Medium,Contract Manufacturer & CDMO,145,boeschbodenspies.com,https://www.linkedin.com/company/bosch-boden-spies,2,1,1,1.4%,ACTIVE WORKFORCE ROTATION,Mirko Ry***n (Sales Director Southern & Eastern Europe),Retained Core (Sales & R&D),Mirko Ry***n (Sales Director Southern & Eastern Europe) | Miriam Ga***r (Managing Director) | Theresa He***e (Senior Managerin Business Development & Marketing) | Melina Ba***t (Key-Account-Manager) | Kay Sc***r (Lead R&D and Processing),"Sales (2), R&D (1), QA/QC (1)",Mirko Ry***n (Sales Director Southern & Eastern Europe) | Miriam Ga***r (Managing Director) | Theresa He***e (Senior Managerin Business Development & Marketing),"Active workforce rotation at Bosch Boden Spies (BBS) across Sales & R&D; engage verified leadership on Botanical extracts,Food ingredients and contract formulation capacity."
C&P Group Ingredients,Medium,Contract Manufacturer & CDMO,145,cpgroupingredients.com,https://www.linkedin.com/company/c-p,2,1,1,1.4%,ACTIVE WORKFORCE ROTATION,Debjit Gh***h (Quality Assurance Quality Control Manager),Retained Core (Regulatory & QA/QC),Debjit Gh***h (Quality Assurance Quality Control Manager) | CP Us (Sales and Marketing Specialist) | Gabriela Re***s (Jefe de Logística de Almacén) | Alejandra Go***z (Administrative Head),"Regulatory (2), QA/QC (1), R&D (1)",Debjit Gh***h (Quality Assurance Quality Control Manager) | Alejandra Go***z (Administrative Head),Active workforce rotation at C&P Group Ingredients across Regulatory & QA/QC; engage verified leadership on Food Ingredients and contract formulation capacity.
"CHENGUANG BIOTECH GROUP CO.,LTD.",Medium,Contract Manufacturer & CDMO,145,cn-cg.com,https://www.linkedin.com/company/chenguang-biotech,2,1,1,1.4%,ACTIVE WORKFORCE ROTATION,Natural An***a (Sales Manager),Retained Core (R&D & Quality Assurance),Natural An***a (Sales Manager) | Chelsea Hu***g (Trading Manager) | Ethan Zh***g (Global Sales) | Michael Jar (Sales Executive) | Cici Lee (International Sales),"R&D (2), Quality Assurance (1), Regulatory Affairs (1)",Natural An***a (Sales Manager) | Chelsea Hu***g (Trading Manager) | Allen Ch***n (Sales Manager),"Active workforce rotation at CHENGUANG BIOTECH GROUP CO.,LTD. across R&D & Quality Assurance; engage verified leadership on All ingredients-Botanical extracts and contract formulation capacity."
COMET,Medium,Contract Manufacturer & CDMO,145,comet-bio.com,https://www.linkedin.com/company/comet,2,1,1,1.4%,ACTIVE WORKFORCE ROTATION,Hannah Ac***n (Vice President of Marketing & Nutrition Affairs),Retained Core (Regulatory & QA/QC),"Hannah Ac***n (Vice President of Marketing & Nutrition Affairs) | Loula Me***l (Chief Executive Officer) | Doug Gr***y (Vice President Engineering) | Dennis D'***o (Vice President - Technology Implementation and Operations) | Darian Bu***k (Senior Manager Product, Quality and Regulatory Affairs)","Regulatory (2), QA/QC (1), R&D (1)",Hannah Ac***n (Vice President of Marketing & Nutrition Affairs) | Loula Me***l (Chief Executive Officer) | Doug Gr***y (Vice President Engineering),Active workforce rotation at COMET across Regulatory & QA/QC; engage verified leadership on Dietary Fiber Ingredients and contract formulation capacity.
CSPC Nutritionals / CSPC Innovation USA Inc,Medium,Contract Manufacturer & CDMO,145,cspchealthcareinc.com,https://www.linkedin.com/company/cspc,2,1,1,1.4%,ACTIVE WORKFORCE ROTATION,Mariam Ra***a (Senior Sales Manager),Retained Core (Quality Assurance & Research & Development),Mariam Ra***a (Senior Sales Manager) | Gianna Ro***a (Account Manager) | Ana Aq***o (West Coast Account Manager) | Kay Ke (Product Manager & Account Manager) | Jessica Fr***o (Office Administrator),"Quality Assurance (2), Research & Development (1), Regulatory Affairs (1)",Mariam Ra***a (Senior Sales Manager) | Gianna Ro***a (Account Manager) | Ana Aq***o (West Coast Account Manager),Active workforce rotation at CSPC Nutritionals / CSPC Innovation USA Inc across Quality Assurance & Research & Development; engage verified leadership on high-purity ingredients and contract formulation capacity.
Caldic North America,Large,Contract Manufacturer & CDMO,3750,caldic.com,https://www.linkedin.com/company/caldic-north-america,3,1,2,0.1%,ACTIVE WORKFORCE ROTATION,Marine Sc***i (Global Communications Manager),Retained Core (Regulatory & QA/QC),Camila Ba***i (Business Partner - Consultor Interno RH) | Marine Sc***i (Global Communications Manager) | Farra Ja***r (APAC Regional Talent Acquisition Partner) | Mario Cu***a (Talent Management and Development Manager) | Emilie Va***n (HRBP),"Regulatory (3), QA/QC (2), R&D (1)",Marine Sc***i (Global Communications Manager) | Mario Cu***a (Talent Management and Development Manager) | Mauricio Al***s (Corporate ESH Manager - South America),Active workforce rotation at Caldic North America across Regulatory & QA/QC; engage verified leadership on General Ingredients and contract formulation capacity.
California Greens,Medium,Contract Manufacturer & CDMO,145,c-greens.com,https://www.linkedin.com/company/california-greens,2,1,1,1.4%,ACTIVE WORKFORCE ROTATION,Mustafa El***d (Regional Marketing Manager),Retained Core (Regulatory Affairs & QA/QC),Mustafa El***d (Regional Marketing Manager) | Nihal Ka***l (Sales Team Leader) | Abdelhamid Ko***m (Sales and Marketing Manager) | Mohammed Da***b (QC Supervisor) | Mohamed He***l (Senior Medical Representatives at California Greens Corporation),"Regulatory Affairs (2), QA/QC (1), R&D (1)",Mustafa El***d (Regional Marketing Manager) | Abdelhamid Ko***m (Sales and Marketing Manager),Active workforce rotation at California Greens across Regulatory Affairs & QA/QC; engage verified leadership on Supplements Manufacturing and contract formulation capacity.
Canapharma Nutraceutical,Medium,Contract Manufacturer & CDMO,145,canapharma.com,https://www.linkedin.com/company/canapharma,3,2,1,2.1%,ACTIVE WORKFORCE ROTATION,Active Hiring: Nutraceutical Sales Manager | Regulatory Affairs Specialist,Retained Core (Sales & Regulatory),Ricardo Pe***e (Sales Executive) | Ingrid Ca***l (Sales Executive),"Sales (3), Regulatory (2), R&D (1)",Active Hiring: Nutraceutical Sales Manager | Regulatory Affairs Specialist,Active workforce rotation at Canapharma Nutraceutical across Sales & Regulatory; engage verified leadership on high-purity ingredients and contract formulation capacity.
CapsCanada,Large,Contract Manufacturer & CDMO,500,capscanada.com,https://www.linkedin.com/company/capscanada,3,1,2,0.6%,ACTIVE WORKFORCE ROTATION,Steve Lee (Director of Technical Services),Retained Core (Regulatory & QA/QC),Steve Lee (Director of Technical Services) | Maria He***z (Marketing Director) | Luis Ma***n (Purchasing Coordinator) | Bahirathan Ma***n (Regulatory Affairs and Quality Manager) | Manuel Oc***o (Vice President of Sales),"Regulatory (3), QA/QC (2), R&D (1)",Steve Lee (Director of Technical Services) | Maria He***z (Marketing Director) | Bahirathan Ma***n (Regulatory Affairs and Quality Manager),Active workforce rotation at CapsCanada across Regulatory & QA/QC; engage verified leadership on Capsule Manufacturing and contract formulation capacity.
Casa Optima,Medium,Contract Manufacturer & CDMO,145,casaoptima.com,https://www.linkedin.com/company/casa,2,1,1,1.4%,ACTIVE WORKFORCE ROTATION,Valerio Qu***a (Group Human Resources Director),Retained Core (R&D & Sales),Valerio Qu***a (Group Human Resources Director) | Matteo Do***o (Group Human Resources Manager) | Paola Cr***o (HR-training) | Valentina Po***e (Group Digital Marketing Manager) | Monica Ba***o (Group PMO e BU Director Decoration),"R&D (2), Sales (1), Marketing (1)",Valerio Qu***a (Group Human Resources Director) | Matteo Do***o (Group Human Resources Manager) | Valentina Po***e (Group Digital Marketing Manager),Active workforce rotation at Casa Optima across R&D & Sales; engage verified leadership on Food ingredients-Gelato and contract formulation capacity.
Cellavent Ingredients,Small,Contract Manufacturer & CDMO,20,ingredients.cellavent.de,https://www.linkedin.com/company/cellavent,1,1,0,5.0%,TARGETED STRATEGIC HIRING,Jan-Niklas Wo***f (Senior Online Performance Marketing Manager),Retained Core (Regulatory & QA/QC),"Jan-Niklas Wo***f (Senior Online Performance Marketing Manager) | Hendrik He***r (Co-Founder, Scaling D2C Supplement Business) | Iven Pe***d (Assistant to the Management) | Julia Hax (Brand Managerin FemBe®) | David Ba***n (Co-Founder, Management & Product Development)","Regulatory (1), QA/QC (1), R&D (1)","Jan-Niklas Wo***f (Senior Online Performance Marketing Manager) | Hendrik He***r (Co-Founder, Scaling D2C Supplement Business) | Julia Hax (Brand Managerin FemBe®)",Active workforce rotation at Cellavent Ingredients across Regulatory & QA/QC; engage verified leadership on high-purity ingredients and contract formulation capacity.
Cepham Inc,Medium,Contract Manufacturer & CDMO,145,cepham.com,https://www.linkedin.com/company/cepham,2,1,1,1.4%,ACTIVE WORKFORCE ROTATION,Jinkal Pa***l (Director of Quality Assurance),Retained Core (R&D & Research),Anand Sw***p (Founder) | Jinkal Pa***l (Director of Quality Assurance) | Sameer Jo***i (Senior Executive) | Christopher La***b (VP Commercial Strategy) | Phillip Liu (Sales),"R&D (2), Research (1), Manufacturing (1)",Anand Sw***p (Founder) | Jinkal Pa***l (Director of Quality Assurance) | Christopher La***b (VP Commercial Strategy),Active workforce rotation at Cepham Inc across R&D & Research; engage verified leadership on Branded ingredients and contract formulation capacity.
Certified Nutraceuticals,Medium,Contract Manufacturer & CDMO,145,certifiednutra.com,https://www.linkedin.com/company/certified,2,1,1,1.4%,ACTIVE WORKFORCE ROTATION,"Allen Po***r (Vice President, Global Business Development)",Retained Core (Regulatory & QA/QC),"Allen Po***r (Vice President, Global Business Development) | Lisa Do***o (Executive Vice President - Operations) | Abdul Al***i (Vice President) | Aisha Al***i (Vice President, Sales and Marketing) | Admin Nu***a (Administrator)","Regulatory (2), QA/QC (1), R&D (1)","Allen Po***r (Vice President, Global Business Development) | Lisa Do***o (Executive Vice President - Operations) | Abdul Al***i (Vice President)",Active workforce rotation at Certified Nutraceuticals across Regulatory & QA/QC; engage verified leadership on branded ingredients and contract formulation capacity.
CheMondis,Small,Contract Manufacturer & CDMO,35,casaoptima.com,https://www.linkedin.com/company/chemondis,1,1,0,2.9%,TARGETED STRATEGIC HIRING,Valerio Qu***a (Group Human Resources Director),Retained Core (Regulatory & QA/QC),Valerio Qu***a (Group Human Resources Director) | Matteo Do***o (Group Human Resources Manager) | Paola Cr***o (HR-training) | Valentina Po***e (Group Digital Marketing Manager) | Monica Ba***o (Group PMO e BU Director Decoration),"Regulatory (1), QA/QC (1), R&D (1)",Valerio Qu***a (Group Human Resources Director) | Matteo Do***o (Group Human Resources Manager) | Valentina Po***e (Group Digital Marketing Manager),Active workforce rotation at CheMondis across Regulatory & QA/QC; engage verified leadership on All ingredients and contract formulation capacity.
Chemi SpA,Medium,Contract Manufacturer & CDMO,145,chemi.com,https://www.linkedin.com/company/chemi-spa,2,1,1,1.4%,ACTIVE WORKFORCE ROTATION,Carla Ba***s (Human Resources Manager),Retained Core (Regulatory & QA/QC),Carla Ba***s (Human Resources Manager) | Leoncio Cu***a (Superintendent Director) | Vinicius Mo***t (Supply Chain Manager) | Marcos Ab***e (Analista de Suporte e Sistema) | Carla Sa***o (Coordenadora de Suprimentos),"Regulatory (2), QA/QC (1), R&D (1)",Carla Ba***s (Human Resources Manager) | Leoncio Cu***a (Superintendent Director) | Vinicius Mo***t (Supply Chain Manager),Active workforce rotation at Chemi SpA across Regulatory & QA/QC; engage verified leadership on Nutraceutical ingrediennts and contract formulation capacity.
Chemische Fabrik Budenheim,Medium,Contract Manufacturer & CDMO,145,budenheim.com,https://www.linkedin.com/company/budenheim,2,1,1,1.4%,ACTIVE WORKFORCE ROTATION,Noelia Ma***a (Executive Vice President Material Science Division),Retained Core (R&D & Production),Noelia Ma***a (Executive Vice President Material Science Division) | Barkha Ch***a (Manager Sales and Business Development) | Kim Sc***r (Working Student - Marketing Life Science) | Josep Sa***s (Head of Logistics & Supply Chain) | Paula Ib***a (Purchasing Manager),"R&D (2), Production (1), Quality Control (1)",Noelia Ma***a (Executive Vice President Material Science Division) | Barkha Ch***a (Manager Sales and Business Development) | Josep Sa***s (Head of Logistics & Supply Chain),Active workforce rotation at Chemische Fabrik Budenheim across R&D & Production; engage verified leadership on high-purity ingredients and contract formulation capacity.
"Chenland Nutritionals, Inc.",Medium,Contract Manufacturer & CDMO,145,chenland.com,https://www.linkedin.com/company/chenland,2,1,1,1.4%,ACTIVE WORKFORCE ROTATION,Zimin Liu (Chief Technology Officer),Retained Core (Regulatory & QA/QC),Zimin Liu (Chief Technology Officer) | Jessie Sun (International Sales Manager) | Leah Zh***g (Department Manager) | Rina Wa***g (International Marketing) | Shanglong Wa***g (Senior Product Director),"Regulatory (2), QA/QC (1), R&D (1)",Zimin Liu (Chief Technology Officer) | Jessie Sun (International Sales Manager) | Leah Zh***g (Department Manager),"Active workforce rotation at Chenland Nutritionals, Inc. across Regulatory & QA/QC; engage verified leadership on Natural extracts,Branded ingredients and contract formulation capacity."
"Compound Solutions, Inc.",Small,Contract Manufacturer & CDMO,1,compoundsolutions.com,https://www.linkedin.com/company/compound,1,1,0,5.0%,TARGETED STRATEGIC HIRING,Kyle Ad***s (Director of Sales),Retained Core (R&D & Regulatory),Kimberly Si***r (President) | Kyle Ad***s (Director of Sales) | Kelsey Ol***f (Marketing Strategist) | Chris Di***n (Digital Marketing Manager) | Brianna Da***s (Office Manager/ HR),"R&D (1), Regulatory (1), QA/QC (1)",Kimberly Si***r (President) | Kyle Ad***s (Director of Sales) | Chris Di***n (Digital Marketing Manager),"Active workforce rotation at Compound Solutions, Inc. across R&D & Regulatory; engage verified leadership on Nutritional ingredients and contract formulation capacity."
Concordix,Medium,Contract Manufacturer & CDMO,145,concordix.com,https://www.linkedin.com/company/concordix,2,1,1,1.4%,ACTIVE WORKFORCE ROTATION,Camilla Ba***n (Head of HR and IT),Retained Core (R&D & Regulatory),Klaus Ne***n (CEO) | Camilla Ba***n (Head of HR and IT) | Marc Va***s (Chief Commercial Officer (CCO)) | Nicolas Gu***z (Business Development and Sales Manager Latam) | Raimund Mir (VP Global Business Development & Sales),"R&D (2), Regulatory (1), QA/QC (1)",Klaus Ne***n (CEO) | Camilla Ba***n (Head of HR and IT) | Marc Va***s (Chief Commercial Officer (CCO)),"Active workforce rotation at Concordix across R&D & Regulatory; engage verified leadership on Nutrition ingredients,Branded ingredients and contract formulation capacity."
Coppenrath Feingebäck GmbH,Large,Contract Manufacturer & CDMO,2200,coppenrathfeingebck.com,https://www.linkedin.com/company/coppenrath-feingeb-ck,3,1,2,0.1%,ACTIVE WORKFORCE ROTATION,Mirways Sa***i (Junior Export-Manager),Retained Core (Production & Sales),Hanna Co***h (Co-Leitung Einkauf) | Martin We***r (Werksleiter) | Mirways Sa***i (Junior Export-Manager) | Hannah Cl***t (Social Media Managerin) | Mirko Pa***k (Positionen im Vertriebsmanagement),"Production (3), Sales (2), Quality Control (1)",Mirways Sa***i (Junior Export-Manager) | Hannah Cl***t (Social Media Managerin),Active workforce rotation at Coppenrath Feingebäck GmbH across Production & Sales; engage verified leadership on high-purity ingredients and contract formulation capacity.
CoreFX Ingredients,Small,Contract Manufacturer & CDMO,51,corefxingredients.com,https://www.linkedin.com/company/corefx,1,1,0,2.0%,TARGETED STRATEGIC HIRING,Germano Co***o (Chief Commercial Officer (CCO)),Retained Core (Research & QA/QC),"Denis Ne***e (Founder, Owner and CEO) | Germano Co***o (Chief Commercial Officer (CCO)) | Victor Mo***d (Regional Sales Manager - West Coast) | Temel Ka***a (Director of Quality, PCQI, Haccp, Food Fraud & Brcgs Internal Auditor Certified) | Ben Ye***p (Chief Innovation Officer)","Research (1), QA/QC (1), R&D (1)","Denis Ne***e (Founder, Owner and CEO) | Germano Co***o (Chief Commercial Officer (CCO)) | Victor Mo***d (Regional Sales Manager - West Coast)",Active workforce rotation at CoreFX Ingredients across Research & QA/QC; engage verified leadership on Branded ingredients and contract formulation capacity.
Custom Flavors,Medium,Contract Manufacturer & CDMO,145,customflavors.com,https://www.linkedin.com/company/custom-flavors,2,1,1,1.4%,ACTIVE WORKFORCE ROTATION,Matt Pu***p (Chief Operating Officer),Retained Core (Regulatory & QA/QC),"Nathan Pi***e (Buyer) | Matt Pu***p (Chief Operating Officer) | Robert Si***l (Sales, Food & Beverage Industry) | Alex We***g (CEO) | Kaitlin La***s (Account Manager)","Regulatory (2), QA/QC (1), R&D (1)",Matt Pu***p (Chief Operating Officer) | Alex We***g (CEO) | Kaitlin La***s (Account Manager),Active workforce rotation at Custom Flavors across Regulatory & QA/QC; engage verified leadership on Natural extracts and contract formulation capacity.
Cyanotech Corporation,Medium,Contract Manufacturer & CDMO,145,cyanotech.com,https://www.linkedin.com/company/cyanotech,2,1,1,1.4%,ACTIVE WORKFORCE ROTATION,Collette Ka***k (Chief Strategic and Commercial Officer),Retained Core (R&D & Production),Collette Ka***k (Chief Strategic and Commercial Officer) | Matt Cu***r (Chief Executive Officer/President/VP General Manager) | Natalie Mar (Digital Engagement & Creative Manager) | Gerald Cy***i (Chief Science Officer) | Daryl Al***o (IT Data Analyst),"R&D (2), Production (1), Quality Control (1)",Collette Ka***k (Chief Strategic and Commercial Officer) | Matt Cu***r (Chief Executive Officer/President/VP General Manager) | Natalie Mar (Digital Engagement & Creative Manager),"Active workforce rotation at Cyanotech Corporation across R&D & Production; engage verified leadership on Axtanthin,Spirulina and contract formulation capacity."
Cyvex Nutrition,Medium,Contract Manufacturer & CDMO,145,cyvex.com,https://www.linkedin.com/company/cyvex,2,1,1,1.4%,ACTIVE WORKFORCE ROTATION,Quang La (Director of Operations),Retained Core (Regulatory & QA/QC),Matthew Ph***s (President/CEO) | Quang La (Director of Operations) | Gilbert Gl***k (CEO) | Galina Ge***a (Accounting Manager),"Regulatory (2), QA/QC (1), R&D (1)",Matthew Ph***s (President/CEO) | Quang La (Director of Operations) | Gilbert Gl***k (CEO),"Active workforce rotation at Cyvex Nutrition across Regulatory & QA/QC; engage verified leadership on Branded ingredients, and contract formulation capacity."
DFE Pharma,Medium,Contract Manufacturer & CDMO,450,dfepharma.com,https://www.linkedin.com/company/dfe,3,2,1,0.7%,ACTIVE WORKFORCE ROTATION,Khatera Alawi (Global Director Human Resources) [https://news.google.com/rss/articles/CBMib0FVX3lxTE40UlJKTXlodW5WUUVaeXlTUHV4M0d2ckJ1Yk9sczJ1NmYydzZ6RVdkajdqS3F3ZDA1clVVRElUZ2Rsd2h0UmlvTmhMX3dxUkhCNHRzZDJqLVA1eGloemhkMkhkZGN2UGxFMmhoaEhobw?oc=5] | Sven Abend (CEO) [https://news.google.com/rss/articles/CBMie0FVX3lxTE9MZXY1RWoySUZZcVk4YmpQUkJkaGVOTHEtTVdlVXRZUURNT0ZEMVU0a0VBdFZJODRiaWRHNTNtWDM1U2RDb09sOXJQTHdLWV90VG9Oc05hQWpKNzFlWUozQ3dCazhzbzJfV054c280Nnl4OEltUERfUExuVQ?oc=5],Retained Core (R&D & QA/QC),"Soumyaranjan Sa***y (Senior Technical Manager-INDIA/Nepal ITS (Innovation & Technical Solutions)) | Anilkumar Ga***i (Director, C2F-Centre of Excellence, Global Business Unit) | Mahantesh Ma***i (Technical Manager, DFE Pharma) | Sandip Ch***n (Technical Sales Manager) | Jessica Bo***n (Global Head of Communications)","R&D (3), QA/QC (2), Regulatory (1)","Soumyaranjan Sa***y (Senior Technical Manager-INDIA/Nepal ITS (Innovation & Technical Solutions)) | Anilkumar Ga***i (Director, C2F-Centre of Excellence, Global Business Unit) | Mahantesh Ma***i (Technical Manager, DFE Pharma)",Active workforce rotation at DFE Pharma across R&D & QA/QC; engage verified leadership on All ingredients and contract formulation capacity.
DISPROQUIMA,Medium,Contract Manufacturer & CDMO,145,disproquima.com,https://www.linkedin.com/company/disproquima,2,1,1,1.4%,ACTIVE WORKFORCE ROTATION,Oscar Ji***z (Director Pharma Division & Global Business Development Manager),Retained Core (Regulatory & QA/QC),Oscar Ji***z (Director Pharma Division & Global Business Development Manager) | Laia Gi***z (HR Technician) | David Be***o (Product Manager API) | Sujata Bh***i (India Region Procurement of All Categories Procurement Head for Global Markets) | Paulo To***s (Director of Operations & Supply Chain),"Regulatory (2), QA/QC (1), R&D (1)",Oscar Ji***z (Director Pharma Division & Global Business Development Manager) | David Be***o (Product Manager API) | Sujata Bh***i (India Region Procurement of All Categories Procurement Head for Global Markets),Active workforce rotation at DISPROQUIMA across Regulatory & QA/QC; engage verified leadership on All ingredients and contract formulation capacity.
DKSH,Large,Contract Manufacturer & CDMO,17777,dksh.com,https://www.linkedin.com/company/dksh,3,1,2,0.0%,ACTIVE WORKFORCE ROTATION,"Yihan Lin (Manager, Group Talent Acquisition)",Retained Core (Sales & Marketing),"Yihan Lin (Manager, Group Talent Acquisition) | Adinda Ti***i (Talent Acquisition Manager and HRBP Interim) | Thu Tr***n (Talent Acquisition Manager) | Yang Na***h (Director, Country Human Resources Myanmar) | Dat Ha (Director, HR Business Partnering (Healthcare BU))","Sales (3), Marketing (2), Technical Sales (1)","Yihan Lin (Manager, Group Talent Acquisition) | Adinda Ti***i (Talent Acquisition Manager and HRBP Interim) | Thu Tr***n (Talent Acquisition Manager)",Active workforce rotation at DKSH across Sales & Marketing; engage verified leadership on All ingredients and contract formulation capacity.
DONGYU USI,Small,Contract Manufacturer & CDMO,11,dongyuusi.com,https://www.linkedin.com/company/dongyu-usi,1,1,0,5.0%,TARGETED STRATEGIC HIRING,Rick Br***o (Vice President of Sales),Retained Core (Sales & Quality Assurance/Quality Control),Troy La***y (Sr. Account Executive) | Rick Br***o (Vice President of Sales) | April Ay***n (Sales Executive) | Emily De***g (VP) | Mari Do***a (Senior Quality Assurance/Regulatory Compliance Specialist and Sr. Account Executive),"Sales (1), Quality Assurance/Quality Control (1), Research and Development (1)",Rick Br***o (Vice President of Sales) | Emily De***g (VP),"Active workforce rotation at DONGYU USI across Sales & Quality Assurance/Quality Control; engage verified leadership on Nutritional ingredients,Herbal extracts and contract formulation capacity."
DSM,Large,Contract Manufacturer & CDMO,21054,dsm.com,https://www.linkedin.com/company/dsm,3,1,2,0.0%,ACTIVE WORKFORCE ROTATION,Diego Ne***s (HSE Senior Manager / Gerente Senior HSE l Health Safety and Environment),Retained Core (Regulatory & QA/QC),"Dimitri Vr***e (CEO) | Erica Le***n (Sr. Talent Acquisition Business Partner, North America) | Mohamed Da***i (Chef de Projet - Energies et Utilities) | Bruna Co***a (Talent Acquisition Business Partner Latam) | Diego Ne***s (HSE Senior Manager / Gerente Senior HSE l Health Safety and Environment)","Regulatory (3), QA/QC (2), R&D (1)",Dimitri Vr***e (CEO) | Diego Ne***s (HSE Senior Manager / Gerente Senior HSE l Health Safety and Environment),Active workforce rotation at DSM across Regulatory & QA/QC; engage verified leadership on General Ingredients and contract formulation capacity.
DSM-Firmenich,Large,Contract Manufacturer & CDMO,21000,dsmfirmenich.com,https://www.linkedin.com/company/dsm-firmenich,3,1,2,0.0%,ACTIVE WORKFORCE ROTATION,Nikeisha Van Sleeuwen (Chief Human Resources Officer) [https://news.google.com/rss/articles/CBMimAFBVV95cUxQbEx0ZFQ5ZVZMMmNCRFMzYldhajBEUnZ0LU15b2JZVFFTQVA2alYwQXhKN2ZaamliNWZKWXVQZTVhbHEzb3BBV2gyNHFWbXBNWHp6T1hZMFk5Y213aXNqNkFybnVOUDlVWHU2ZFJJcks2YmVJX29QQk5CVWdUUVAxamJUT1YxVV9QdU11clUxNnkzTXJyNXMwbg?oc=5],Retained Core (Regulatory & QA/QC),Arta Ti***e (Talent Acquisition Specialist) | April Ro***o (Human Resources Business Partner) | Renato No***o (Head of Global Procurement Excellence - Animal Nutrition & Health) | Bruna To***i (Sr. Fragrance Development Manager) | Andres Tu***e (Head of Sampling Operations),"Regulatory (3), QA/QC (2), R&D (1)",Renato No***o (Head of Global Procurement Excellence - Animal Nutrition & Health) | Bruna To***i (Sr. Fragrance Development Manager) | Andres Tu***e (Head of Sampling Operations),Active workforce rotation at DSM-Firmenich across Regulatory & QA/QC; engage verified leadership on high-purity ingredients and contract formulation capacity.
DVA Group,Medium,Contract Manufacturer & CDMO,400,dva.com,https://www.linkedin.com/company/dva,2,1,1,0.5%,ACTIVE WORKFORCE ROTATION,Jorge Cu***r (Country Manager),Retained Core (Agricultural Solutions & Crop Protection),Jennifer Ro***a (HRBP) | Jorge Cu***r (Country Manager) | Natalia Go***s (General Manager DVA Brazil) | Juan Bl***e (Managing Director Health and Nutrition) | Shashikant Wa***e (Manager - Netwrok and Security Operations),"Agricultural Solutions (2), Crop Protection (1), Plant Nutrition (1)",Jorge Cu***r (Country Manager) | Natalia Go***s (General Manager DVA Brazil) | Juan Bl***e (Managing Director Health and Nutrition),Active workforce rotation at DVA Group across Agricultural Solutions & Crop Protection; engage verified leadership on high-purity ingredients and contract formulation capacity.
Deerland Probiotics & Enzymes,Medium,Contract Manufacturer & CDMO,251,deerland.com,https://www.linkedin.com/company/deerland-probiotics-enzymes,2,1,1,0.8%,ACTIVE WORKFORCE ROTATION,Alexander Ba***n (Senior Accounting Manager),Retained Core (Regulatory & QA/QC),Caroline Mc***e (Fermentation Technician) | Pamela Fr***n (NA Deerland Controller) | Alexander Ba***n (Senior Accounting Manager) | Tod Bu***s (VP CD&D Global Market Segment Lead DS&P) | Missy Hu***h (Payroll and Credit Administrator),"Regulatory (2), QA/QC (1), R&D (1)",Alexander Ba***n (Senior Accounting Manager) | Tod Bu***s (VP CD&D Global Market Segment Lead DS&P),Active workforce rotation at Deerland Probiotics & Enzymes across Regulatory & QA/QC; engage verified leadership on Branded Ingredients and contract formulation capacity.
Denk Ingredients,Small,Contract Manufacturer & CDMO,11,denkingredients.de,https://www.linkedin.com/company/denk,1,1,0,5.0%,TARGETED STRATEGIC HIRING,Daniel Sp***g (Managing Director),Retained Core (Regulatory & QA/QC),Daniel Sp***g (Managing Director) | Kai Pr***r (Key-Account-Manager) | Julia Er***l (Strategic Purchasing Manager) | Victoria Ri***o (Business Project Coordinator) | Konstanze Ni***t (Head of Global Accounts),"Regulatory (1), QA/QC (1), R&D (1)",Daniel Sp***g (Managing Director) | Kai Pr***r (Key-Account-Manager) | Julia Er***l (Strategic Purchasing Manager),"Active workforce rotation at Denk Ingredients across Regulatory & QA/QC; engage verified leadership on Branded ingredients,Botanical,Commodities and contract formulation capacity."
Divi's Nutraceuticals,Large,Contract Manufacturer & CDMO,501,divisnutraceuticals.com,https://www.linkedin.com/company/divi-s,3,1,2,0.6%,ACTIVE WORKFORCE ROTATION,Alex Fe***i (Americas Sales Manager),Retained Core (Regulatory & QA/QC),Alex Fe***i (Americas Sales Manager) | Kristin Lu***a (Sales Manager at Divis Nutraceuticals) | Kateryna Sa***o (Sales Manager) | Menno Be***n (Sales Manager) | Thorsten Ge***r (Head of Technical Support Europe),"Regulatory (3), QA/QC (2), R&D (1)",Alex Fe***i (Americas Sales Manager) | Kristin Lu***a (Sales Manager at Divis Nutraceuticals) | Kateryna Sa***o (Sales Manager),Active workforce rotation at Divi's Nutraceuticals across Regulatory & QA/QC; engage verified leadership on Ingredients and contract formulation capacity.
DohlerGroup,Large,Contract Manufacturer & CDMO,3600,doehler.com,https://www.linkedin.com/company/dohlergroup,3,1,2,0.1%,ACTIVE WORKFORCE ROTATION,Shweta Ka***p (Head - Talent Acquisition and Employer Branding (ISC Region)),Retained Core (R&D & Sales),Shweta Ka***p (Head - Talent Acquisition and Employer Branding (ISC Region)) | Alaa El***r (Regional HRBP (EAF & AAF)) | Mohamed Fa***y (Manager Corporate Finance & Treasury) | Ali El***f (Country Human Resources and Admin Head) | Sandy Na***a (Import Manager),"R&D (3), Sales (2), Regulatory (1)",Shweta Ka***p (Head - Talent Acquisition and Employer Branding (ISC Region)) | Mohamed Fa***y (Manager Corporate Finance & Treasury) | Ali El***f (Country Human Resources and Admin Head),"Active workforce rotation at DohlerGroup across R&D & Sales; engage verified leadership on plant based ingredients, and contract formulation capacity."
Dr. Barbara Sturm,Medium,Contract Manufacturer & CDMO,145,drsturm.com,https://www.linkedin.com/company/dr-barbara-sturm,2,1,1,1.4%,ACTIVE WORKFORCE ROTATION,Joel Oe***s (Creative Director & Senior Vice President of Brand),Retained Core (Regulatory & QA/QC),Joel Oe***s (Creative Director & Senior Vice President of Brand) | Susannah Mc***y (Head of Communications) | Ros Ru***l (Senior Vice President Wholesale EMEA & ROW) | Leyla Ru***f (Global Head of Copy | Editorial Director) | Jake Po***r (Global Head of Store Design),"Regulatory (2), QA/QC (1), R&D (1)",Joel Oe***s (Creative Director & Senior Vice President of Brand) | Susannah Mc***y (Head of Communications) | Ros Ru***l (Senior Vice President Wholesale EMEA & ROW),Active workforce rotation at Dr. Barbara Sturm across Regulatory & QA/QC; engage verified leadership on Personal care products and contract formulation capacity.
DöhlerGroup,Large,Contract Manufacturer & CDMO,5001,dhlergroup.com,https://www.linkedin.com/company/d-hlergroup,3,1,2,0.1%,ACTIVE WORKFORCE ROTATION,Shweta Ka***p (Head - Talent Acquisition and Employer Branding (ISC Region)),Retained Core (R&D & Sales),Shweta Ka***p (Head - Talent Acquisition and Employer Branding (ISC Region)) | Sven Gr***s (Group CFO / Member of the Management Board) | Anna Go***s (Senior Account Managerin) | Matthaios Ts***s (Key Account Manager) | Guelnur Ek***i (Employer Branding & Internal Communication Specialist),"R&D (3), Sales (2), QA/QC (1)",Shweta Ka***p (Head - Talent Acquisition and Employer Branding (ISC Region)) | Anna Go***s (Senior Account Managerin) | Matthaios Ts***s (Key Account Manager),Active workforce rotation at DöhlerGroup across R&D & Sales; engage verified leadership on high-purity ingredients and contract formulation capacity.
EPO Srl - Estratti Piante Officinali,Small,Contract Manufacturer & CDMO,21,eposrl.com,https://www.linkedin.com/company/epo,1,1,0,4.8%,TARGETED STRATEGIC HIRING,Francesco Ni***a (Business Development Executive and Vice President),Retained Core (R&D & QA/QC),Claudia Ba***i (Purchase & Marketing Department Specialist) | Francesco Ni***a (Business Development Executive and Vice President) | Luisa Po***i (Project Manager Consultant) | Lorenza Co***o (Senior Quality Assurance Manager) | Giuseppe Mu***a (Head of Production),"R&D (1), QA/QC (1), Regulatory (1)",Francesco Ni***a (Business Development Executive and Vice President) | Luisa Po***i (Project Manager Consultant) | Lorenza Co***o (Senior Quality Assurance Manager),"Active workforce rotation at EPO Srl - Estratti Piante Officinali across R&D & QA/QC; engage verified leadership on Botanical extracts,branded ingredients and contract formulation capacity."
ESM Technologies,Medium,Contract Manufacturer & CDMO,145,esm.com,https://www.linkedin.com/company/esm,2,1,1,1.4%,ACTIVE WORKFORCE ROTATION,Mark St***g (Sales Manager),Retained Core (R&D & QA/QC),Mark St***g (Sales Manager),"R&D (2), QA/QC (1), Regulatory (1)",Mark St***g (Sales Manager),Active workforce rotation at ESM Technologies across R&D & QA/QC; engage verified leadership on Branded ingredients and contract formulation capacity.
EURODUNA Food Ingredients GmbH,Medium,Finished Dietary Supplement Brand,145,euroduna-food.com,https://www.linkedin.com/company/euroduna-food,2,1,1,1.4%,ACTIVE WORKFORCE ROTATION,Robin Du***m (Managing Director),Retained Core (R&D & QA/QC),Markus Th***r (Business Development) | Robin Du***m (Managing Director) | Jasmin Ke***r (Marketing / Social Media) | Darjusch Ta***k (Sales Manager) | Tobias Pi***a (Qualitymanager),"R&D (2), QA/QC (1), Sales (1)",Robin Du***m (Managing Director) | Darjusch Ta***k (Sales Manager) | Tobias Pi***a (Qualitymanager),Active workforce rotation at EURODUNA Food Ingredients GmbH across R&D & QA/QC; engage verified leadership on All ingredients and contract formulation capacity.
Ebrofrost Holding GmbH,Small,Contract Manufacturer & CDMO,90,ebrofrost.com,https://www.linkedin.com/company/ebrofrost,1,1,0,1.1%,TARGETED STRATEGIC HIRING,Mayianne De***n (Logistics Manager),Retained Core (R&D & Manufacturing),"Kim Ki***y (CEO) | Mayianne De***n (Logistics Manager) | Michael Je***n (Sales Director - Overseeing the Sales, Production Planning and Logistics Activities.) | Marthica Fl***g (Technical Manager) | Michael No***d (Production Manager)","R&D (1), Manufacturing (1), Sales (1)","Kim Ki***y (CEO) | Mayianne De***n (Logistics Manager) | Michael Je***n (Sales Director - Overseeing the Sales, Production Planning and Logistics Activities.)",Active workforce rotation at Ebrofrost Holding GmbH across R&D & Manufacturing; engage verified leadership on high-purity ingredients and contract formulation capacity.
"Ecuadorian Rainforest, LLC",Medium,Contract Manufacturer & CDMO,145,intotherainforest.com,https://www.linkedin.com/company/ecuadorian-rainforest,2,1,1,1.4%,ACTIVE WORKFORCE ROTATION,Rodney Va***a (Account Manager),Retained Core (Regulatory & QA/QC),Eric Ka***r (Sales) | Rodney Va***a (Account Manager) | John Ru***o (NJ E-Commerce & Customer Service Specialist) | Justin To***l (Sales) | Marlene Si***l (Owner),"Regulatory (2), QA/QC (1), R&D (1)",Rodney Va***a (Account Manager),"Active workforce rotation at Ecuadorian Rainforest, LLC across Regulatory & QA/QC; engage verified leadership on Botanical extracts,marine extracts and contract formulation capacity."
Edgard & Cooper | B Corp,Medium,Nutraceutical Packaging Specialist,200,edgardcooper.com,https://www.linkedin.com/company/edgard,2,1,1,1.0%,ACTIVE WORKFORCE ROTATION,Georgie Orr (Head of UK & ROI Sales),Retained Core (Marketing & Sales),Georgie Orr (Head of UK & ROI Sales) | Emma Pi***s (EU Brand & Category Lead (Cat)) | Joffray De***o (E-commerce Europe Sales Manager Assistant) | Ferran Va***l (Senior Account Manager) | Marc Sc***n (Head of Marketing (UKI) & E-commerce (Global)),"Marketing (2), Sales (1), Product Development (1)",Georgie Orr (Head of UK & ROI Sales) | Joffray De***o (E-commerce Europe Sales Manager Assistant) | Ferran Va***l (Senior Account Manager),Active workforce rotation at Edgard & Cooper | B Corp across Marketing & Sales; engage verified leadership on Food ingredients-PETS and contract formulation capacity.
Emsland Group,Large,Contract Manufacturer & CDMO,1500,emsland-group.com,https://www.linkedin.com/company/emsland,3,1,2,0.2%,ACTIVE WORKFORCE ROTATION,Carsten Ko***s (Leiter Einkauf und Materialwirtschaft bei Emsland Group / Head of Procurement and Material Handling),Retained Core (Food Processing & Animal Feed),Dimitrios Mo***s (Global Commercial Executive) | Carsten Ko***s (Leiter Einkauf und Materialwirtschaft bei Emsland Group / Head of Procurement and Material Handling) | Christian Ke***r (Managing Director (CSO)) | Ali Ge***c (Managing Director Middle East) | Axel Mu***s (Just do IT),"Food Processing (3), Animal Feed (2), Adhesives (1)",Carsten Ko***s (Leiter Einkauf und Materialwirtschaft bei Emsland Group / Head of Procurement and Material Handling) | Christian Ke***r (Managing Director (CSO)) | Ali Ge***c (Managing Director Middle East),Active workforce rotation at Emsland Group across Food Processing & Animal Feed; engage verified leadership on Food ingredients and contract formulation capacity.
Evolva,Medium,Contract Manufacturer & CDMO,145,evolva.com,https://www.linkedin.com/company/evolva,2,1,1,1.4%,ACTIVE WORKFORCE ROTATION,Gerhard Lo***r (Chief Operating Officer),Retained Core (R&D & Regulatory),Gerhard Lo***r (Chief Operating Officer) | Jean-Philippe Me***r (Vice President Regulatory Affairs) | Anna Zi***a (Scientist II Analytical Chemistry) | Matthew Sc***y (Architect) | Thein Ht***t (Managing Director),"R&D (2), Regulatory (1), QA/QC (1)",Gerhard Lo***r (Chief Operating Officer) | Jean-Philippe Me***r (Vice President Regulatory Affairs) | Thein Ht***t (Managing Director),Active workforce rotation at Evolva across R&D & Regulatory; engage verified leadership on Natural ingredients and contract formulation capacity.
Evonik Oxeno,Large,Contract Manufacturer & CDMO,31000,evonik.com,https://www.linkedin.com/company/evonik,3,1,2,0.0%,ACTIVE WORKFORCE ROTATION,Omp Unveils Decision (Centric Planning to Accelerate Supply Chain Decision Velocity) [https://news.google.com/rss/articles/CBMipgFBVV95cUxQRmNUUEZMakJpOHZSc3d0ZEc0UXVSbHozVWRKdnNQbm5OX0ZvQjZobHRRaDdoWnVKMDVLc0k0X3dweXRCZElENFpvcnhsVmg2S0RqbVdQZERFVmVGLUNpM3k0am5pV2h5ZlpNd2prS3EzcVFFWkFjR3BMcDgxalRqdjZCbDZRaEQxSEktWUlWVld5SjBkaDUzdVVWcG1jZU54LVV2UUJR?oc=5],Retained Core (Sales & R&D),"Markus Ha***g (Vice President - Head of Global Commercial Processes & Region EMEA Catalysts) | Santosh Ye***i (Head of Strategic Business Projects) | Joseph Ad***r (Environmental, Health, Safety, and Security Manager) | Shailendra Si***h (Head Sales and Marketing - APAC(Inc Greater China & ANZ)) | Jack Ca***l (Production Engineering Manager)","Sales (3), R&D (2), Regulatory (1)","Markus Ha***g (Vice President - Head of Global Commercial Processes & Region EMEA Catalysts) | Santosh Ye***i (Head of Strategic Business Projects) | Joseph Ad***r (Environmental, Health, Safety, and Security Manager)",Active workforce rotation at Evonik Oxeno across Sales & R&D; engage verified leadership on All ingredients and contract formulation capacity.
Eybna,Medium,Contract Manufacturer & CDMO,103,eybna.com,https://www.linkedin.com/company/eybna,2,1,1,1.9%,ACTIVE WORKFORCE ROTATION,Valeria De***s (Sales Director),Retained Core (R&D & Sales),Nadav Ey***l (CEO & Co-founder) | Valeria De***s (Sales Director) | Shawn Ka***z (Canada Sales Director) | Yuval Na***n (Experienced VP Operations) | Tal Lu***o (VP R&D),"R&D (2), Sales (1), QA/QC (1)",Nadav Ey***l (CEO & Co-founder) | Valeria De***s (Sales Director) | Shawn Ka***z (Canada Sales Director),Active workforce rotation at Eybna across R&D & Sales; engage verified leadership on high-purity ingredients and contract formulation capacity.
FARAVELLI,Medium,Contract Manufacturer & CDMO,145,faravelligroup.com,https://www.linkedin.com/company/faravelli,2,1,1,1.4%,ACTIVE WORKFORCE ROTATION,Giorgio Au***o (Head of Finance & FP&A),Retained Core (Sales & Regulatory),Laura Ce***i (People Partner) | Giorgio Au***o (Head of Finance & FP&A) | Dro Ha***n (Faravelli Inc.) | Silvia To***o (PR & Corporate Communication Manager) | Cinzia Fa***i (CEO),"Sales (2), Regulatory (1), QA/QC (1)",Giorgio Au***o (Head of Finance & FP&A) | Silvia To***o (PR & Corporate Communication Manager) | Cinzia Fa***i (CEO),"Active workforce rotation at FARAVELLI across Sales & Regulatory; engage verified leadership on Branded ingredients,Nutrition Ingredients and contract formulation capacity."
FFP,Medium,Contract Manufacturer & CDMO,201,vibrantingredients.com,https://www.linkedin.com/company/ffp,2,1,1,1.0%,ACTIVE WORKFORCE ROTATION,"Natalia Gl***o (Director, Revenue Growth Management)",Retained Core (Regulatory & QA/QC),"Natalia Gl***o (Director, Revenue Growth Management) | Jillian Hu***t (Regional Sales Manager) | Marcelo Va***s (Senior Director of FP&A, Pricing & Revenue Growth Management) | Steve Ge***n (VP of Procurement) | Leandro Vi***o (Senior Director, Inventory, Warehouse & Logistics)","Regulatory (2), QA/QC (1), R&D (1)","Natalia Gl***o (Director, Revenue Growth Management) | Jillian Hu***t (Regional Sales Manager) | Marcelo Va***s (Senior Director of FP&A, Pricing & Revenue Growth Management)","Active workforce rotation at FFP across Regulatory & QA/QC; engage verified leadership on Botanical,tea,food and contract formulation capacity."
FYTEXIA,Small,Contract Manufacturer & CDMO,25,fytexia.com,https://www.linkedin.com/company/fytexia,1,1,0,4.0%,TARGETED STRATEGIC HIRING,Charline Ke***a (Sales Excellence Manager),Retained Core (R&D & Regulatory),"Charline Ke***a (Sales Excellence Manager) | Sophie Lo***l (Business Unit Director, Botanicals and Peptides) | Goran Al***a (Sales Manager Europe) | Jill Er***n (Business Development Manager) | Cyril Pl***e (Sales Manager Americas)","R&D (1), Regulatory (1), QA/QC (1)","Charline Ke***a (Sales Excellence Manager) | Sophie Lo***l (Business Unit Director, Botanicals and Peptides) | Goran Al***a (Sales Manager Europe)",Active workforce rotation at FYTEXIA across R&D & Regulatory; engage verified leadership on Branded ingredients and contract formulation capacity.
Faber-Castell Cosmetics,Large,Contract Manufacturer & CDMO,8000,faber-castell-cosmetics.com,https://www.linkedin.com/company/faber-castell,3,1,2,0.0%,ACTIVE WORKFORCE ROTATION,Franco Lu***a (Managing Director),Retained Core (Regulatory & QA/QC),Franco Lu***a (Managing Director) | Rafael Br***o (Industrial Manager) | Elisa St***o (Sales Manager) | Lara Ko***s (Supply Supervisor) | Nikolaos Ga***l (Senior Manager Product Development),"Regulatory (3), QA/QC (2), R&D (1)",Franco Lu***a (Managing Director) | Rafael Br***o (Industrial Manager) | Elisa St***o (Sales Manager),Active workforce rotation at Faber-Castell Cosmetics across Regulatory & QA/QC; engage verified leadership on Personal care products and contract formulation capacity.
FarLong BioPrecision,Small,Contract Manufacturer & CDMO,11,farlong.com,https://www.linkedin.com/company/farlong-bioprecision,1,1,0,5.0%,TARGETED STRATEGIC HIRING,Active Hiring: Regulatory Scientist | Quality Analyst,Retained Core (Regulatory & QA/QC),Ziwei Zh***g (Automation Engineer) | Ender Ta***g (Sales Assistant) | Jingzhi Zh***u (Office Associate) | Natalie Kw***k (Business Strategy Intern) | Wenjing Jin (UX & UI Designer),"Regulatory (1), QA/QC (1), R&D (1)",Active Department Leadership: Regulatory Scientist,Active workforce rotation at FarLong BioPrecision across Regulatory & QA/QC; engage verified leadership on Branded ingredients and contract formulation capacity.
Fifth Nutrisupply Inc,Medium,Contract Manufacturer & CDMO,145,5thnutrisupply.com,https://www.linkedin.com/company/fifth-nutrisupply,2,1,1,1.4%,ACTIVE WORKFORCE ROTATION,Gregory Mc***y (Senior Sales Director),Retained Core (Regulatory & QA/QC),Gregory Mc***y (Senior Sales Director) | Macy Al***o (Sales Director) | Heather Hu***g (Vice President) | Rachel Ma***n (Sales Manager) | Haohan Wu (Business Development Analyst),"Regulatory (2), QA/QC (1), R&D (1)",Gregory Mc***y (Senior Sales Director) | Macy Al***o (Sales Director) | Heather Hu***g (Vice President),"Active workforce rotation at Fifth Nutrisupply Inc across Regulatory & QA/QC; engage verified leadership on Nutrition ingredients,Botanical extracts and contract formulation capacity."
FineADD Ingredients GmbH,Medium,Contract Manufacturer & CDMO,145,fineadd.eu,https://www.linkedin.com/company/fineadd,2,1,1,1.4%,ACTIVE WORKFORCE ROTATION,Dominicus Br***r (Managing Director),Retained Core (Regulatory & QA/QC),Dominicus Br***r (Managing Director),"Regulatory (2), QA/QC (1), R&D (1)",Dominicus Br***r (Managing Director),Active workforce rotation at FineADD Ingredients GmbH across Regulatory & QA/QC; engage verified leadership on high-purity ingredients and contract formulation capacity.
Finlays,Medium,Contract Manufacturer & CDMO,145,finlays.com,https://www.linkedin.com/company/finlays,2,1,1,1.4%,ACTIVE WORKFORCE ROTATION,Olly Mu***h (Coffee Buyer & Product Development Lead),Retained Core (R&D & QA/QC),Ashan Pe***a (Material Planner - Tea Trader) | David Pe***z (Information Technology Specialist) | Olly Mu***h (Coffee Buyer & Product Development Lead) | Al-Amin None (Executive Assistant) | Chris Ch***o (Clinical Officer),"R&D (2), QA/QC (1), Sales (1)",Active Department Leadership: Quality Analyst,"Active workforce rotation at Finlays across R&D & QA/QC; engage verified leadership on Botanical extracts,tea&coffee extracts and contract formulation capacity."
Finzelberg,Medium,Contract Manufacturer & CDMO,145,finzelberg.com,https://www.linkedin.com/company/finzelberg,2,1,1,1.4%,ACTIVE WORKFORCE ROTATION,Evelin Ra***a (Sales Manager Latam),Retained Core (R&D & Regulatory),Shivangi Pa***l (Business Development) | Evelin Ra***a (Sales Manager Latam) | Alexander La***a (Managing Director Finzelberg Asia) | Liridon St***j (Manager IT) | Rene Ro***g (Member of the Management Board Quality & Development),"R&D (2), Regulatory (1), QA/QC (1)",Evelin Ra***a (Sales Manager Latam) | Alexander La***a (Managing Director Finzelberg Asia) | Liridon St***j (Manager IT),"Active workforce rotation at Finzelberg across R&D & Regulatory; engage verified leadership on Branded ingredients,Botanical extracts and contract formulation capacity."
Fismer Lecithin GmbH,Small,Contract Manufacturer & CDMO,1,fismer-lecithin.com,https://www.linkedin.com/company/fismer-lecithin,1,1,0,5.0%,TARGETED STRATEGIC HIRING,Peer Fi***r (Chief Operating Officer),Retained Core (R&D & QA/QC),Peter Fi***r (CEO) | Peer Fi***r (Chief Operating Officer) | Sabrina Pa***y (Supply Chain Manager) | Marta Wr***l (Supply Chain Manager) | Heinz Be***r (Account-Manager),"R&D (1), QA/QC (1), Sales (1)",Peter Fi***r (CEO) | Peer Fi***r (Chief Operating Officer) | Sabrina Pa***y (Supply Chain Manager),Active workforce rotation at Fismer Lecithin GmbH across R&D & QA/QC; engage verified leadership on Lecithin based ingredients and contract formulation capacity.
Flavine,Medium,Contract Manufacturer & CDMO,145,flavine.com,https://www.linkedin.com/company/flavine,2,1,1,1.4%,ACTIVE WORKFORCE ROTATION,Stephen Bo***r (Passionate Leader Working),Retained Core (R&D & Regulatory),"Stephen Bo***r (Passionate Leader Working) | Sara La***a (Manager, Sales & Marketing, Animal Health) | Shanice An***y (Manager, Sales & Marketing Animal Health) | Sarah Ja***e (Director, Supplier Management) | Anil Sh***a (Sr. Director Supply Chain Management)","R&D (2), Regulatory (1), QA/QC (1)","Sara La***a (Manager, Sales & Marketing, Animal Health) | Shanice An***y (Manager, Sales & Marketing Animal Health) | Sarah Ja***e (Director, Supplier Management)",Active workforce rotation at Flavine across R&D & Regulatory; engage verified leadership on Pharma ingredients and contract formulation capacity.
Freeze-Dry Foods,Large,Contract Manufacturer & CDMO,2700,freeze-dry.com,https://www.linkedin.com/company/freeze-dry-foods,3,1,2,0.1%,ACTIVE WORKFORCE ROTATION,Thierry Bo***r (Customer Service Manager),Retained Core (Regulatory & QA/QC),Thierry Bo***r (Customer Service Manager) | Luca Ma***n (Sales Director) | Christoph We***g (Managing Director) | Hans-Ulrich Sc***e (Sales Director DACH) | Cedrik Sc***k (Customer Service Manager),"Regulatory (3), QA/QC (2), R&D (1)",Thierry Bo***r (Customer Service Manager) | Luca Ma***n (Sales Director) | Christoph We***g (Managing Director),Active workforce rotation at Freeze-Dry Foods across Regulatory & QA/QC; engage verified leadership on Food ingredients and contract formulation capacity.
Frey + Lau GmbH,Medium,Contract Manufacturer & CDMO,200,freylau.com,https://www.linkedin.com/company/frey-lau,2,1,1,1.0%,ACTIVE WORKFORCE ROTATION,Julia Am***s (Chief Perfumer & Head of Perfumery),Retained Core (Regulatory & QA/QC),Julia Am***s (Chief Perfumer & Head of Perfumery) | Phillip Be***s (Head of Raw-material Purchasing/Prokurist/Proxy) | Jan Do***g (Head of Exports & Trade) | Sarah Ka***t (Area Sales Manager Latam) | Franziska Sc***m (Area Sales Manager),"Regulatory (2), QA/QC (1), R&D (1)",Julia Am***s (Chief Perfumer & Head of Perfumery) | Phillip Be***s (Head of Raw-material Purchasing/Prokurist/Proxy) | Jan Do***g (Head of Exports & Trade),Active workforce rotation at Frey + Lau GmbH across Regulatory & QA/QC; engage verified leadership on Food ingredients and contract formulation capacity.
Frulact,Medium,Contract Manufacturer & CDMO,145,frulact.com,https://www.linkedin.com/company/frulact,2,1,1,1.4%,ACTIVE WORKFORCE ROTATION,Nuno Af***o (Global Head of Finance | Accounting & Tax),Retained Core (R&D & Sales),Filipa Sa***o (Human Resources) | Nuno Af***o (Global Head of Finance | Accounting & Tax) | Debrah Mu***o (Human Resources Manager) | Luis Am***l (Executive Board Member & CFO) | Ingo Sc***r (Managing Director & Regional Head North- / Central- Europe),"R&D (2), Sales (1), Regulatory (1)",Nuno Af***o (Global Head of Finance | Accounting & Tax) | Debrah Mu***o (Human Resources Manager) | Ingo Sc***r (Managing Director & Regional Head North- / Central- Europe),Active workforce rotation at Frulact across R&D & Sales; engage verified leadership on Food ingredients and contract formulation capacity.
FutureCeuticals,Small,Contract Manufacturer & CDMO,51,futureceuticals.com,https://www.linkedin.com/company/futureceuticals,1,1,0,2.0%,TARGETED STRATEGIC HIRING,"Ross Ma***n (Director, Global Business Development)",Retained Core (Regulatory & QA/QC),"Ross Ma***n (Director, Global Business Development) | Charlie Lo***d (Sales Manager) | Cory Sa***a (Key Account Executive) | Ryan Wo***s (Senior Director of Marketing) | Brittany Jo***n (Business Development, Scientific Communications)","Regulatory (1), QA/QC (1), R&D (1)","Ross Ma***n (Director, Global Business Development) | Charlie Lo***d (Sales Manager) | Ryan Wo***s (Senior Director of Marketing)","Active workforce rotation at FutureCeuticals across Regulatory & QA/QC; engage verified leadership on Branded ingredients,botanical extracts and contract formulation capacity."
GELITA,Large,Contract Manufacturer & CDMO,2598,gelita.com,https://www.linkedin.com/company/gelita,3,1,2,0.1%,ACTIVE WORKFORCE ROTATION,Allan Ca***o (General Plant Manager),Retained Core (R&D & Production),Allan Ca***o (General Plant Manager) | Amanda Ve***i (Talent Management Coordinator) | Fernando An***e (HR Business Partner) | Fabiano Co***a (Head of Legal) | Mario So***s (Engineering Projects Country Head),"R&D (3), Production (2), Sales (1)",Allan Ca***o (General Plant Manager) | Fabiano Co***a (Head of Legal) | Mario So***s (Engineering Projects Country Head),Active workforce rotation at GELITA across R&D & Production; engage verified leadership on Branded ingredients and contract formulation capacity.
GENCOR,Medium,Contract Manufacturer & CDMO,145,gencorpacific.com,https://www.linkedin.com/company/gencor,2,1,1,1.4%,ACTIVE WORKFORCE ROTATION,"Carlos Lo***o (Manager, Quality Assurance)",Retained Core (Engineering & Research & Development),"Carlos Lo***o (Manager, Quality Assurance) | Jennifer Ch***e (Director of Business Development) | Mariko Hi***l (Director of Scientific Affairs - EMEA & APAC) | John Qu***r (Chief Executive Officer) | Kyle Re***d (Sales Executive - B2B Science Based Ingredients for the Food, Beverage, Nutraceutical, pet and Cosmetic Industries)","Engineering (2), Research & Development (1), Sales (1)","Carlos Lo***o (Manager, Quality Assurance) | Jennifer Ch***e (Director of Business Development) | Mariko Hi***l (Director of Scientific Affairs - EMEA & APAC)",Active workforce rotation at GENCOR across Engineering & Research & Development; engage verified leadership on Branded ingredients and contract formulation capacity.
GM Botanicals Canada Inc,Medium,Contract Manufacturer & CDMO,145,gmbotanicals.com,https://www.linkedin.com/company/gm-botanicals-canada,2,1,1,1.4%,ACTIVE WORKFORCE ROTATION,Nitish Ph***e (Business Development Manager),Retained Core (R&D & QA/QC),Tanima Ch***y (Senior Key Account Executive) | Nitish Ph***e (Business Development Manager) | Saumya Si***h (Senior Key Account Executive) | Kumari Ra***a (Business Development Manager) | Varuni Di***i (Operations Executive),"R&D (2), QA/QC (1), Regulatory (1)",Nitish Ph***e (Business Development Manager) | Kumari Ra***a (Business Development Manager),"Active workforce rotation at GM Botanicals Canada Inc across R&D & QA/QC; engage verified leadership on Botanical extracts,food ingredients,Probiotics and contract formulation capacity."
GNT Group,Small,All plant based ingredients Supplier,45,exberry.com,https://www.linkedin.com/company/gnt,1,1,0,2.2%,TARGETED STRATEGIC HIRING,Piet Ve***l (Head of Global Supply Chain),Retained Core (Food Scientist & Quality Associate),Matthew Be***l (Greenhouse & Laboratory Technician) | Ivo Lu***a (Project Engineer) | Piet Ve***l (Head of Global Supply Chain) | Finn Ri***n (Strategy Director) | Olivier St***t (Head of Group HR),"Food Scientist (1), Quality Associate (1), Marketing Manager (1)",Piet Ve***l (Head of Global Supply Chain) | Finn Ri***n (Strategy Director) | Olivier St***t (Head of Group HR),Active workforce rotation at GNT Group across Food Scientist & Quality Associate; engage verified leadership on All plant based ingredients and contract formulation capacity.
German Sweets,Medium,Food Ingredients Supplier,100,germansweets.de,https://www.linkedin.com/company/german-sweets,2,1,1,2.0%,ACTIVE WORKFORCE ROTATION,Karsten Da***m (Managing Director),Retained Core (Sales & Marketing),Karsten Da***m (Managing Director) | Clara St***h (Teamassistenz Internationale Kommunikation und Veranstaltungen) | Andrea Ar***a (Projektmanagerin für Internationale Marktanalyse und -berichterstattung) | Gabi Fi***g (Marktforschung),"Sales (2), Marketing (1), R&D (1)",Karsten Da***m (Managing Director) | Andrea Ar***a (Projektmanagerin für Internationale Marktanalyse und -berichterstattung),Active workforce rotation at German Sweets across Sales & Marketing; engage verified leadership on Food Ingredients and contract formulation capacity.
Giellepi SpA,Small,Contract Manufacturer & CDMO,11,giellepi.com,https://www.linkedin.com/company/giellepi-spa,1,1,0,5.0%,TARGETED STRATEGIC HIRING,Paola Me***a (Regulatory Affairs Manager),Retained Core (Research and Development & Quality Control),Paola Me***a (Regulatory Affairs Manager) | Luciano Ge***a (Managing Director) | Alessia Te***i (General Manager) | Anna Co***a (Commercial Manager) | Carlo Te***i (CEO),"Research and Development (1), Quality Control (1), Regulatory Affairs (1)",Paola Me***a (Regulatory Affairs Manager) | Luciano Ge***a (Managing Director) | Alessia Te***i (General Manager),Active workforce rotation at Giellepi SpA across Research and Development & Quality Control; engage verified leadership on Natural ingredients and contract formulation capacity.
"Gillco Ingredients, an Azelis Company",Medium,Contract Manufacturer & CDMO,145,gillco.com,https://www.linkedin.com/company/gillco,2,1,1,1.4%,ACTIVE WORKFORCE ROTATION,"Shelley Be***t (Managing Director, US Food & Nutrition)",Retained Core (Regulatory & QA/QC),"Shelley Be***t (Managing Director, US Food & Nutrition) | Katie Ke***r (Strategic Account Manager) | Tara De***c (Marketing & Partnership Manager) | George He***r (Sales Manager) | EJ Wh***r (National Account Manager)","Regulatory (2), QA/QC (1), R&D (1)","Shelley Be***t (Managing Director, US Food & Nutrition) | Katie Ke***r (Strategic Account Manager) | Tara De***c (Marketing & Partnership Manager)","Active workforce rotation at Gillco Ingredients, an Azelis Company across Regulatory & QA/QC; engage verified leadership on Food Ingredients,Natural extracts,All ingredients and contract formulation capacity."
Givaudan,Large,Botanical & Herbal Extract Supplier,17500,givaudan.com,https://www.linkedin.com/company/givaudan,3,1,2,0.0%,ACTIVE WORKFORCE ROTATION,Martin Sa***y (Sr Talent Acquisition Manager - Americas),Retained Core (Fragrance Development & Regulatory Affairs),"Martin Sa***y (Sr Talent Acquisition Manager - Americas) | Amlan Ch***y (Sales Manager) | Sanjoy Sh***w (HR Head - Asia Pacific, F&B) | Gilles An***r (Chief Executive Officer) | Saroj Ku***r (Application Manager(Lead)- Beverages & Dairy (Taste & Wellbeing))","Fragrance Development (3), Regulatory Affairs (2), Quality Assurance (1)","Martin Sa***y (Sr Talent Acquisition Manager - Americas) | Amlan Ch***y (Sales Manager) | Sanjoy Sh***w (HR Head - Asia Pacific, F&B)","Active workforce rotation at Givaudan across Fragrance Development & Regulatory Affairs; engage verified leadership on Botanicall extracts,marine extracts and contract formulation capacity."
Global Sustainable Transformation GST,Small,Food ingredients Supplier,45,gstransform.de,https://www.linkedin.com/company/global-sustainable-transformation-gst,1,1,0,2.2%,TARGETED STRATEGIC HIRING,Mona Da***e (Senior Scientist for Strain Engineering),Retained Core (R&D & Sales),"Mahmoud Ma***i (CEO, Co-Founder) | Mona Da***e (Senior Scientist for Strain Engineering) | Ayse Ko***u (Process Development Engineer) | Verena Me***r (Senior Technical Assistant) | Andreas Mu***o (Labortechniker)","R&D (1), Sales (1), Regulatory (1)","Mahmoud Ma***i (CEO, Co-Founder)",Active workforce rotation at Global Sustainable Transformation GST across R&D & Sales; engage verified leadership on Food ingredients and contract formulation capacity.
Gnosis by Lesaffre,Medium,Contract Manufacturer & CDMO,145,gnosisbylesaffre.com,https://www.linkedin.com/company/gnosis,2,1,1,1.4%,ACTIVE WORKFORCE ROTATION,Nicole Le***s (VP Sales),Retained Core (Regulatory & QA/QC),"Francesco Ce***o (LinkedIn Consultant Expert) | Nicole Le***s (VP Sales) | Lisa Vo***k (Business Development Director) | Marco De***a (Plant Director) | Emily Ha***s (Associate Director of Marketing, Americas)","Regulatory (2), QA/QC (1), R&D (1)",Nicole Le***s (VP Sales) | Lisa Vo***k (Business Development Director) | Marco De***a (Plant Director),"Active workforce rotation at Gnosis by Lesaffre across Regulatory & QA/QC; engage verified leadership on Branded ingredients,Active ingredients and contract formulation capacity."
Golden Omega,Medium,Contract Manufacturer & CDMO,145,goldenomega.cl,https://www.linkedin.com/company/golden,2,1,1,1.4%,ACTIVE WORKFORCE ROTATION,Jorge Br***m (Managing Director / Gerente General),Retained Core (R&D & QA/QC),Jorge Br***m (Managing Director / Gerente General) | Diego Ar***s (IT/OT Director) | Luis Na***e (Subgerente de Calidad) | Jose Lo***z (Operations Manager) | Nicolas Cr***z (Subgerente de Sostenibilidad y Comunicaciones),"R&D (2), QA/QC (1), Sales (1)",Jorge Br***m (Managing Director / Gerente General) | Diego Ar***s (IT/OT Director) | Jose Lo***z (Operations Manager),Active workforce rotation at Golden Omega across R&D & QA/QC; engage verified leadership on Marine extracts and contract formulation capacity.
Green Bioactives,Small,Contract Manufacturer & CDMO,13,greenbioactives.com,https://www.linkedin.com/company/green-bioactives,1,1,0,5.0%,TARGETED STRATEGIC HIRING,David Mc***y (Non-Exec. Director (2021-22) / CEO & Director (2022-Present)),Retained Core (R&D & Regulatory),David Mc***y (Non-Exec. Director (2021-22) / CEO & Director (2022-Present)) | Sasi Ar***e (Scientist),"R&D (1), Regulatory (1), QA/QC (1)",David Mc***y (Non-Exec. Director (2021-22) / CEO & Director (2022-Present)),Active workforce rotation at Green Bioactives across R&D & Regulatory; engage verified leadership on high-purity ingredients and contract formulation capacity.
Green Jeeva Canada Inc,Medium,Contract Manufacturer & CDMO,145,greenjeeva.ca,https://www.linkedin.com/company/green-jeeva-canada,2,1,1,1.4%,ACTIVE WORKFORCE ROTATION,Eva Wi***s (Key Customer Success Manager),Retained Core (Research & Development & QA/QC),Eva Wi***s (Key Customer Success Manager) | Sk Ro***t (Key Customer Success Manager) | Daisy Hi***l (Senior Key Account Executive) | Alina Sa***o (Customer Success Lead) | Sambit Sw***n (Customer Growth Specialist),"Research & Development (2), QA/QC (1), Regulatory Affairs (1)",Eva Wi***s (Key Customer Success Manager) | Sk Ro***t (Key Customer Success Manager),"Active workforce rotation at Green Jeeva Canada Inc across Research & Development & QA/QC; engage verified leadership on Botanic extracts,Nutritional ingredients and contract formulation capacity."
Green Life Herb,Medium,Contract Manufacturer & CDMO,145,gl-herb.com,https://www.linkedin.com/company/green-life-herb,2,1,1,1.4%,ACTIVE WORKFORCE ROTATION,Tony Lu***g (Marketing Manager),Retained Core (R&D & Regulatory),Tony Lu***g (Marketing Manager) | Darcy Zh***g (Account Manager) | Bella Wa***g (Sales Manager) | Andy Sun (Sales Manager) | Song Xin (President),"R&D (2), Regulatory (1), QA/QC (1)",Tony Lu***g (Marketing Manager) | Darcy Zh***g (Account Manager) | Bella Wa***g (Sales Manager),"Active workforce rotation at Green Life Herb across R&D & Regulatory; engage verified leadership on Natural extracts,Branded ingredients and contract formulation capacity."
HARKE Food,Medium,Contract Manufacturer & CDMO,145,harke.com,https://www.linkedin.com/company/harke-food,2,1,1,1.4%,ACTIVE WORKFORCE ROTATION,"Mike Fr***g (Director New Business Development | Carbon Black, Austin Black 325 & Recovered Carbon Black | Raw Materials for the Rubber & Plastic Industry | Formulation Development)",Retained Core (Regulatory & QA/QC),"Mike Fr***g (Director New Business Development | Carbon Black, Austin Black 325 & Recovered Carbon Black | Raw Materials for the Rubber & Plastic Industry | Formulation Development) | Samir Ve***z (Technical Sales Manager) | Diego Gr***a (Managing Director) | Daniel Ne***r (Managing Director) | Yuvaraj Pi***i (Vice President)","Regulatory (2), QA/QC (1), R&D (1)","Mike Fr***g (Director New Business Development | Carbon Black, Austin Black 325 & Recovered Carbon Black | Raw Materials for the Rubber & Plastic Industry | Formulation Development) | Samir Ve***z (Technical Sales Manager) | Diego Gr***a (Managing Director)","Active workforce rotation at HARKE Food across Regulatory & QA/QC; engage verified leadership on Food ingredients,Nutritional and contract formulation capacity."
HOWTIAN,Large,Contract Manufacturer & CDMO,1000,howtiangroup.com,https://www.linkedin.com/company/howtian,3,1,2,0.3%,ACTIVE WORKFORCE ROTATION,Jon Ta***a (Senior Sales Account Manager),Retained Core (Regulatory & QA/QC),Jon Ta***a (Senior Sales Account Manager) | Sophie Zh***g (Account Manager--North America) | Mavis Ran (Global Director of Marketing and Business Development) | Tom Fu***r (VP of Market Strategy) | Jack Lee (Manager Sales),"Regulatory (3), QA/QC (2), R&D (1)",Jon Ta***a (Senior Sales Account Manager) | Sophie Zh***g (Account Manager--North America) | Mavis Ran (Global Director of Marketing and Business Development),"Active workforce rotation at HOWTIAN across Regulatory & QA/QC; engage verified leadership on Botanical extracts,branded ingredients and contract formulation capacity."
HP Ingredients,Medium,Contract Manufacturer & CDMO,145,hpingredients.com,https://www.linkedin.com/company/hp,2,1,1,1.4%,ACTIVE WORKFORCE ROTATION,Hame Pe***d (Executive Vice President),Retained Core (Regulatory & QA/QC),Hame Pe***d (Executive Vice President) | Jennifer Da***y (Strategic Partnerships) | Annie Eng (Founder & CEO) | Nathan Ro***h (National Sales Director) | Glen Ro***s (Director of Operations & Supply Chain),"Regulatory (2), QA/QC (1), R&D (1)",Hame Pe***d (Executive Vice President) | Annie Eng (Founder & CEO) | Nathan Ro***h (National Sales Director),Active workforce rotation at HP Ingredients across Regulatory & QA/QC; engage verified leadership on Branded ingredients and contract formulation capacity.
HSH Chemie,Small,Contract Manufacturer & CDMO,35,hsh-chemie.com,https://www.linkedin.com/company/hsh-chemie,1,1,0,2.9%,TARGETED STRATEGIC HIRING,Kristof Sz***o (HR Manager),Retained Core (Sales & Business Development),Kristof Sz***o (HR Manager) | Marko Tr***k (Managing Director) | Ewelina Ta***a (Purchase Specialist) | Ante Pe***c (Business Manager) | Irina Dr***r (Sales Manager),"Sales (1), Business Development (1), Regulatory (1)",Kristof Sz***o (HR Manager) | Marko Tr***k (Managing Director) | Ante Pe***c (Business Manager),Active workforce rotation at HSH Chemie across Sales & Business Development; engage verified leadership on All ingredients and contract formulation capacity.
HSH Chemie Group,Small,Contract Manufacturer & CDMO,35,hshchemie.com,https://www.linkedin.com/company/hsh-chemie,1,1,0,2.9%,TARGETED STRATEGIC HIRING,Elena Se***o (Managing Director),Retained Core (Sales & Logistics),Bartlomiej Ko***k (Junior Management Systems Specialist) | Elena Se***o (Managing Director) | Nina St***c (Logistics / Customer Service Manager) | Magdalena Ma***k (Sales Professional w HSH Chemie SP>Z O.O.) | Nenad Ok***a (Sales Director),"Sales (1), Logistics (1), Customer Service (1)",Elena Se***o (Managing Director) | Nina St***c (Logistics / Customer Service Manager) | Nenad Ok***a (Sales Director),Active workforce rotation at HSH Chemie Group across Sales & Logistics; engage verified leadership on high-purity ingredients and contract formulation capacity.
Hamburg Fructose GmbH,Medium,Contract Manufacturer & CDMO,145,hamburgfructose.com,https://www.linkedin.com/company/hamburg-fructose,2,1,1,1.4%,ACTIVE WORKFORCE ROTATION,Giese Ch***n (Managing Director),Retained Core (Sales & R&D),Giese Ch***n (Managing Director) | Mats Ra***e (Sales Manager) | Merle Sa***s (Product Manager) | Chang Lee (Procurement Manager in China),"Sales (2), R&D (1), QA/QC (1)",Giese Ch***n (Managing Director) | Mats Ra***e (Sales Manager) | Merle Sa***s (Product Manager),Active workforce rotation at Hamburg Fructose GmbH across Sales & R&D; engage verified leadership on Food ingredients and contract formulation capacity.
Herbafood Ingredients,Medium,Contract Manufacturer & CDMO,145,herbafood.de,https://www.linkedin.com/company/herbafood,2,1,1,1.4%,ACTIVE WORKFORCE ROTATION,Michael St***k (Sales & Application Manager),Retained Core (R&D & QA/QC),Fizza Ma***r (Application Technologist) | Michael St***k (Sales & Application Manager) | Anke Sa***h (Product Manager) | Daniela Pf***r (Leitung Verkauf und Anwendungstechnik) | Andre Sc***r (Sales & Application Manager),"R&D (2), QA/QC (1), Regulatory Affairs (1)",Michael St***k (Sales & Application Manager) | Anke Sa***h (Product Manager) | Andre Sc***r (Sales & Application Manager),Active workforce rotation at Herbafood Ingredients across R&D & QA/QC; engage verified leadership on Food ingredients and contract formulation capacity.
Horphag Research,Medium,Contract Manufacturer & CDMO,145,horphag.com,https://www.linkedin.com/company/horphag-research,2,1,1,1.4%,ACTIVE WORKFORCE ROTATION,Joel Me***o (Vice President Sales & Marketing),Retained Core (R&D & Regulatory),Joel Me***o (Vice President Sales & Marketing) | Sebastien Bo***t (Vice President Global Sales & Marketing) | Victor Fe***i (CEO) | Jarmo Ho***e (Senior Consultant Northern Europe) | Kenneth Th***m (EVP),"R&D (2), Regulatory (1), QA/QC (1)",Joel Me***o (Vice President Sales & Marketing) | Sebastien Bo***t (Vice President Global Sales & Marketing) | Victor Fe***i (CEO),Active workforce rotation at Horphag Research across R&D & Regulatory; engage verified leadership on Branded ingredients and contract formulation capacity.
IMCD Group,Large,Contract Manufacturer & CDMO,14000,imcdgroup.com,https://www.linkedin.com/company/imcd,3,1,2,0.0%,ACTIVE WORKFORCE ROTATION,Drpari S (Head-Pharma Compliance(Quality)-APAC (Asia Pacific)),Retained Core (Sales & Business Development),Diana La***a (Human Resources Generalist) | Anderson Si***i (Vendedor Interno III - Food & Nutrition) | Drpari S (Head-Pharma Compliance(Quality)-APAC (Asia Pacific)) | Patricia Ca***l (Senior Human Resources Analyst) | Renaud Te***e (Deputy Finance Director),"Sales (3), Business Development (2), Technical Account Management (1)",Drpari S (Head-Pharma Compliance(Quality)-APAC (Asia Pacific)) | Renaud Te***e (Deputy Finance Director),"Active workforce rotation at IMCD Group across Sales & Business Development; engage verified leadership on Speciality chemicals,General ingredients and contract formulation capacity."
IMPAG Group,Medium,Contract Manufacturer & CDMO,240,impag.com,https://www.linkedin.com/company/impag,2,1,1,0.8%,ACTIVE WORKFORCE ROTATION,Vera Ma***n (Managing Director - Member of the Board),Retained Core (Regulatory & QA/QC),Vera Ma***n (Managing Director - Member of the Board) | Benjamin Ra***e (Key Account Manager Personal & Home Care) | Urs So***r (Segment Director Food) | Florian Sc***e (Head of Business Unit - Performance Chemicals) | Virgile Du***s (Sales & Product Manager Pharma),"Regulatory (2), QA/QC (1), R&D (1)",Vera Ma***n (Managing Director - Member of the Board) | Benjamin Ra***e (Key Account Manager Personal & Home Care) | Urs So***r (Segment Director Food),Active workforce rotation at IMPAG Group across Regulatory & QA/QC; engage verified leadership on All ingredients and contract formulation capacity.
INNOBIO Corporation Limited,Medium,Contract Manufacturer & CDMO,145,innobioglobal.com,https://www.linkedin.com/company/innobio,2,1,1,1.4%,ACTIVE WORKFORCE ROTATION,Chenguang Zou (Account Manager),Retained Core (R&D & Sales),Mingxiang Liu (CEO - Innobio Europe) | Chenguang Zou (Account Manager) | Cindy Zh***g (Key Account Manager) | Yilin Li (Business Developer) | Wenzhong Wu (Chief Executive Officer),"R&D (2), Sales (1), Marketing (1)",Mingxiang Liu (CEO - Innobio Europe) | Chenguang Zou (Account Manager) | Cindy Zh***g (Key Account Manager),"Active workforce rotation at INNOBIO Corporation Limited across R&D & Sales; engage verified leadership on Branded ingredients,Nutrition ingredients and contract formulation capacity."
IPOSOL,Medium,Food ingredients Supplier,145,iposol.com,https://www.linkedin.com/company/iposol,3,2,1,2.1%,ACTIVE WORKFORCE ROTATION,Active Hiring: Sales Representative | Research Scientist,Retained Core (Sales & R&D),"Dunk Mao (Intern, Market Research and Desk Analysis)","Sales (3), R&D (2), QA/QC (1)",Active Department Leadership: Sales Representative,Active workforce rotation at IPOSOL across Sales & R&D; engage verified leadership on Food ingredients and contract formulation capacity.
Indena,Medium,Contract Manufacturer & CDMO,145,indena.com,https://www.linkedin.com/company/indena,2,1,1,1.4%,ACTIVE WORKFORCE ROTATION,Stefano To***i (Chief Commercial Officer (CCO)),Retained Core (Regulatory & QA/QC),Sabrina Ci***o (HR Coordinator - Azienda Farmaceutica Scharper e Consociate Estere Indena - IdB Holding Group) | Stefano To***i (Chief Commercial Officer (CCO)) | Paolo Pa***i (Chief Operating Officer) | Enrica Ve***a (Scientific Communication Specialist) | Gabriela Ba***i (Sales Manager),"Regulatory (2), QA/QC (1), R&D (1)",Stefano To***i (Chief Commercial Officer (CCO)) | Paolo Pa***i (Chief Operating Officer) | Gabriela Ba***i (Sales Manager),"Active workforce rotation at Indena across Regulatory & QA/QC; engage verified leadership on Botanical extracts,branded and contract formulation capacity."
Indena S.p.A,Medium,Contract Manufacturer & CDMO,145,indenaspa.com,https://www.linkedin.com/company/indena-s-p-a,2,1,1,1.4%,ACTIVE WORKFORCE ROTATION,Giorgio Ga***i (Lab Manager),Retained Core (R&D & Regulatory),Giorgio Ga***i (Lab Manager) | Alessio Ca***i (Production Manager) | Fabio Vi***i (Import Export Manager) | Marinella Va***e (Patent and Trademark Department Manager) | Massimo Qu***i (Maintenance Worker),"R&D (2), Regulatory (1), QA/QC (1)",Giorgio Ga***i (Lab Manager) | Alessio Ca***i (Production Manager) | Fabio Vi***i (Import Export Manager),Active workforce rotation at Indena S.p.A across R&D & Regulatory; engage verified leadership on high-purity ingredients and contract formulation capacity.
"Indena USA, Inc.",Large,Contract Manufacturer & CDMO,501,indena.com,https://www.linkedin.com/company/indena,3,1,2,0.6%,ACTIVE WORKFORCE ROTATION,Stefano To***i (Chief Commercial Officer (CCO)),Retained Core (R&D & Regulatory),Sabrina Ci***o (HR Coordinator - Azienda Farmaceutica Scharper e Consociate Estere Indena - IdB Holding Group) | Stefano To***i (Chief Commercial Officer (CCO)) | Paolo Pa***i (Chief Operating Officer) | Enrica Ve***a (Scientific Communication Specialist) | Gabriela Ba***i (Sales Manager),"R&D (3), Regulatory (2), QA/QC (1)",Stefano To***i (Chief Commercial Officer (CCO)) | Paolo Pa***i (Chief Operating Officer) | Gabriela Ba***i (Sales Manager),"Active workforce rotation at Indena USA, Inc. across R&D & Regulatory; engage verified leadership on high-purity ingredients and contract formulation capacity."
Ingex Botanicals Private Limited,Medium,Contract Manufacturer & CDMO,139,ingexbotanicals.com,https://www.linkedin.com/company/ingex-botanicals,2,1,1,1.4%,ACTIVE WORKFORCE ROTATION,Prasad P (Marketing Director of Ingex Botanicals Ltd & Ingex Germany GmbH),Retained Core (R&D & QA/QC),Anusha Ph***e (Purchase) | Prasad P (Marketing Director of Ingex Botanicals Ltd & Ingex Germany GmbH) | Dimple Pa***s (Manager - Product Technical Marketing) | Ingex Bo***s (Company Owner) | Ashwath Bo***y (Manager - Growth and Special Projects),"R&D (2), QA/QC (1), Regulatory (1)",Prasad P (Marketing Director of Ingex Botanicals Ltd & Ingex Germany GmbH) | Dimple Pa***s (Manager - Product Technical Marketing) | Ashwath Bo***y (Manager - Growth and Special Projects),"Active workforce rotation at Ingex Botanicals Private Limited across R&D & QA/QC; engage verified leadership on Botanical extracts,Branded ingredients and contract formulation capacity."
Ingredients By Nature,Medium,Contract Manufacturer & CDMO,145,ingredientsbynature.com,https://www.linkedin.com/company/ingredients,2,1,1,1.4%,ACTIVE WORKFORCE ROTATION,Allie Me***o (Vice President of Business Development & Operations at Ingredients By Nature),Retained Core (Regulatory & QA/QC),"Rob Br***r (President) | Helen Li***y (Human Resources Professional) | Allie Me***o (Vice President of Business Development & Operations at Ingredients By Nature) | Jon Br***r (Owner, Brewster Nutrition) | Lan Zou (Vice President)","Regulatory (2), QA/QC (1), R&D (1)",Rob Br***r (President) | Allie Me***o (Vice President of Business Development & Operations at Ingredients By Nature) | Lan Zou (Vice President),Active workforce rotation at Ingredients By Nature across Regulatory & QA/QC; engage verified leadership on Nutrition ingredients and contract formulation capacity.
Innophos,Large,Contract Manufacturer & CDMO,1500,innophos.com,https://www.linkedin.com/company/innophos,3,1,2,0.2%,ACTIVE WORKFORCE ROTATION,Vicente Mo***a (Senior Maintenance Manager),Retained Core (Regulatory & QA/QC),Jessica Za***a (Coordinador de Capacitación y Desarrollo) | Vicente Mo***a (Senior Maintenance Manager) | Yilin Li (Site Quality Head-Nutrition) | David Ma***n (Commercial Sales Director - Nutraceutical Ingredients) | Ildefonso Cpp (Security Manager),"Regulatory (3), QA/QC (2), R&D (1)",Vicente Mo***a (Senior Maintenance Manager) | Yilin Li (Site Quality Head-Nutrition) | David Ma***n (Commercial Sales Director - Nutraceutical Ingredients),"Active workforce rotation at Innophos across Regulatory & QA/QC; engage verified leadership on Branded ingredients,Minerals and contract formulation capacity."
International Flavors & Fragrances Inc,Large,Contract Manufacturer & CDMO,22400,iff.com,https://www.linkedin.com/company/international-flavors-fragrances,3,1,2,0.0%,ACTIVE WORKFORCE ROTATION,Erik Fy***d (Chief Executive Officer),Retained Core (R&D & QA/QC),"Erik Fy***d (Chief Executive Officer) | Jayant Ka***e (Managing Director & Country Manager- India Subcontinent / VP - Commercial, Taste) | Priyanka Ka***a (Specialist - Regulatory Affairs (North America)) | Jenn Co***i (Creative Center Director) | Meghna Pa***n (Talent Acquisition Specialist EAME)","R&D (3), QA/QC (2), Sales (1)","Erik Fy***d (Chief Executive Officer) | Jayant Ka***e (Managing Director & Country Manager- India Subcontinent / VP - Commercial, Taste) | Jenn Co***i (Creative Center Director)","Active workforce rotation at International Flavors & Fragrances Inc across R&D & QA/QC; engage verified leadership on Botanical extracts, branded ingredients and contract formulation capacity."
International Food Products Corporation,Large,Contract Manufacturer & CDMO,230000,ifpc.com,https://www.linkedin.com/company/international-food-products,3,1,2,0.0%,ACTIVE WORKFORCE ROTATION,Doug Po***d (Sales Director),Retained Core (Regulatory & QA/QC),Doug Po***d (Sales Director) | Michelle Ko***a (Director of Market Development - Texture/Health & Nutrition) | Taylor Ca***e (Vice President Information Systems) | John Br***g (Sales Director) | Jamie Mo***z (General Manager),"Regulatory (3), QA/QC (2), R&D (1)",Doug Po***d (Sales Director) | Michelle Ko***a (Director of Market Development - Texture/Health & Nutrition) | Taylor Ca***e (Vice President Information Systems),"Active workforce rotation at International Food Products Corporation across Regulatory & QA/QC; engage verified leadership on Food ingredients,Custom blending and contract formulation capacity."
J. Rettenmaier & Söhne GmbH + Co KG,Large,Contract Manufacturer & CDMO,4000,jrs.de,https://www.linkedin.com/company/j-rettenmaier-s-hne,3,1,2,0.1%,ACTIVE WORKFORCE ROTATION,Christian He***e (Group Chief Human Resources Officer (CHRO)),Retained Core (R&D & QA/QC),Christian He***e (Group Chief Human Resources Officer (CHRO)) | Shraddha Bh***t (Business Development Manager) | Tuencer De***i (Head of JRS Food Ingredients) | Frank Ha***r (Product Manager) | Vanessa Bi***i (Pharma Business Manager),"R&D (3), QA/QC (2), Regulatory Affairs (1)",Christian He***e (Group Chief Human Resources Officer (CHRO)) | Shraddha Bh***t (Business Development Manager) | Tuencer De***i (Head of JRS Food Ingredients),Active workforce rotation at J. Rettenmaier & Söhne GmbH + Co KG across R&D & QA/QC; engage verified leadership on Food ingredients and contract formulation capacity.
JHD Corp,Medium,Contract Manufacturer & CDMO,145,jhdcorp.com,https://www.linkedin.com/company/jhd,2,1,1,1.4%,ACTIVE WORKFORCE ROTATION,Patrick Ak***o (Assistant Manager),Retained Core (R&D & QA/QC),Jacob Sc***z (Stock Broker) | Julia Co***n (Junior Designer) | Raymond Sa***a (Welder) | Prakash Ho***a (Student Intern) | Patrick Ak***o (Assistant Manager),"R&D (2), QA/QC (1), Sales (1)",Patrick Ak***o (Assistant Manager),Active workforce rotation at JHD Corp across R&D & QA/QC; engage verified leadership on Botaanical extracts and contract formulation capacity.
JK Botanicals Pvt Ltd,Medium,Contract Manufacturer & CDMO,145,jairamdass.com,https://www.linkedin.com/company/jk-botanicals,2,1,1,1.4%,ACTIVE WORKFORCE ROTATION,Ankit Ag***l (Managing Director),Retained Core (R&D & Analytical Chemistry),"Ankit Ag***l (Managing Director) | Sapna Bi***s (Head of Department (US, EU, Middle East, Africa, APAC)) | Dipesh Pr***i (International Business Development) | Atish Pa***r (Organic Farming Incharge) | Rahul Jo***i (Head of Marketing)","R&D (2), Analytical Chemistry (1), Quality Control (1)","Ankit Ag***l (Managing Director) | Sapna Bi***s (Head of Department (US, EU, Middle East, Africa, APAC)) | Rahul Jo***i (Head of Marketing)","Active workforce rotation at JK Botanicals Pvt Ltd across R&D & Analytical Chemistry; engage verified leadership on Botaanical extracts,Aloevera and contract formulation capacity."
JOSH Naturals GmbH,Medium,Contract Manufacturer & CDMO,145,joshnaturals.com,https://www.linkedin.com/company/josh-naturals,3,2,1,2.1%,ACTIVE WORKFORCE ROTATION,Active Hiring: Research Scientist | Quality Analyst,Retained Core (R&D & QA/QC),Research Scientist (JOSH Naturals GmbH) | Quality Analyst (JOSH Naturals GmbH) | Sales Representative (JOSH Naturals GmbH) | Regulatory Affairs Specialist (JOSH Naturals GmbH),"R&D (3), QA/QC (2), Sales (1)",Active Department Leadership: Research Scientist,Active workforce rotation at JOSH Naturals GmbH across R&D & QA/QC; engage verified leadership on Natural ingredients and contract formulation capacity.
Jellice Pioneer Europe B.V.,Small,Contract Manufacturer & CDMO,21,jellice.eu,https://www.linkedin.com/company/jellice-pioneer-europe-b-v,1,1,0,4.8%,TARGETED STRATEGIC HIRING,Veronica Ga***r (Sales Manager),Retained Core (R&D & Quality Assurance),Veronica Ga***r (Sales Manager) | Juan Sa***a (President) | Bas Bo***g (Procurement & Sales Co-Products Manager) | Jean Cr***e (Sales & Marketing Director Europe) | Farida Dr***r (Coordinator Customer Services),"R&D (1), Quality Assurance (1), Sales (1)",Veronica Ga***r (Sales Manager) | Juan Sa***a (President) | Bas Bo***g (Procurement & Sales Co-Products Manager),Active workforce rotation at Jellice Pioneer Europe B.V. across R&D & Quality Assurance; engage verified leadership on Gelatin ingredients and contract formulation capacity.
Jiaherb,Medium,Contract Manufacturer & CDMO,145,jiaherbinc.com,https://www.linkedin.com/company/jiaherb,2,1,1,1.4%,ACTIVE WORKFORCE ROTATION,Guillaume Gi***t (Senior Key Account Manager),Retained Core (R&D & Manufacturing),"Guillaume Gi***t (Senior Key Account Manager) | Stephanie Ji***z (Senior Key Account Manager | Bilingual Sales & Procurement | Nutraceuticals & Food Ingredients | Driving Growth Through Relationships + Results) | Kevin Du (Manager) | Jolin Zh***g (Botanical Ingredients, Dietary Supplements, Business Development, Branding and Marketing Strategy) | Donny La***e (Account Manager)","R&D (2), Manufacturing (1), Sales (1)",Guillaume Gi***t (Senior Key Account Manager) | Stephanie Ji***z (Senior Key Account Manager | Bilingual Sales & Procurement | Nutraceuticals & Food Ingredients | Driving Growth Through Relationships + Results) | Kevin Du (Manager),Active workforce rotation at Jiaherb across R&D & Manufacturing; engage verified leadership on Natural ingredients-Botanical extracts and contract formulation capacity.
"Jiangxi HAIRUI Natural Plant Co., Ltd",Medium,Contract Manufacturer & CDMO,145,hairuiessentialoil.com,https://www.linkedin.com/company/jiangxi-hairui-natural-plant,2,1,1,1.4%,ACTIVE WORKFORCE ROTATION,Johnny Xi***o (Marketing Manager),Retained Core (R&D & Production),Johnny Xi***o (Marketing Manager) | Guo Wi***l (Sales Manager) | Jason Liu (Sales Manager),"R&D (2), Production (1), Sales (1)",Johnny Xi***o (Marketing Manager) | Guo Wi***l (Sales Manager) | Jason Liu (Sales Manager),"Active workforce rotation at Jiangxi HAIRUI Natural Plant Co., Ltd across R&D & Production; engage verified leadership on Extract oils and contract formulation capacity."
K+S Minerals and Agriculture GmbH,Large,Contract Manufacturer & CDMO,11135,kpluss.com,https://www.linkedin.com/company/k-s-minerals-and,3,1,2,0.0%,ACTIVE WORKFORCE ROTATION,Jan Gr***s (Head of Strategy / M&A),Retained Core (Sales & R&D),Hagen Je***e (Werksleiter) | Stefan Ei***n (Leiter HR Marketing & Recruiting) | Jan Gr***s (Head of Strategy / M&A) | Meredith Sa***r (Head of Marketing Consumer) | Marcel Sl***a (Head of Further Training),"Sales (3), R&D (2), Production (1)",Jan Gr***s (Head of Strategy / M&A) | Meredith Sa***r (Head of Marketing Consumer) | Marcel Sl***a (Head of Further Training),Active workforce rotation at K+S Minerals and Agriculture GmbH across Sales & R&D; engage verified leadership on Food ingredients and contract formulation capacity.
KORRES,Medium,Contract Manufacturer & CDMO,374,korres.com,https://www.linkedin.com/company/korres,2,1,1,0.5%,ACTIVE WORKFORCE ROTATION,Despina Ka***u (Group Head of Human Resources),Retained Core (R&D & Regulatory),"Giorgos Ko***s (Chairman of the Board) | Despina Ka***u (Group Head of Human Resources) | Efstathios Da***s (Senior Human Resources Generalist) | Lena Ph***u (Co-Founder, Chief Innovation Officer) | Konstantinos Pa***s (Chief Business Officer)","R&D (2), Regulatory (1), QA/QC (1)","Despina Ka***u (Group Head of Human Resources) | Lena Ph***u (Co-Founder, Chief Innovation Officer) | Konstantinos Pa***s (Chief Business Officer)",Active workforce rotation at KORRES across R&D & Regulatory; engage verified leadership on Personal care products and contract formulation capacity.
KSM-66 Ashwagandha,Medium,Contract Manufacturer & CDMO,145,ksm66ashwagandhaa.com,https://www.linkedin.com/company/ksm-66-ashwagandha,2,1,1,1.4%,ACTIVE WORKFORCE ROTATION,Riya Na***l (Assistant Manager- Business Development),Retained Core (Regulatory & QA/QC),Riya Na***l (Assistant Manager- Business Development) | Anuprita Ray (Assistant Manager - BD) | Sahithi Ke***i (Finance Executive) | Dilip Ma***e (Assitant Business Development Manager) | Rashmita Sh***y (Medical Writer),"Regulatory (2), QA/QC (1), R&D (1)",Riya Na***l (Assistant Manager- Business Development) | Anuprita Ray (Assistant Manager - BD) | Dilip Ma***e (Assitant Business Development Manager),"Active workforce rotation at KSM-66 Ashwagandha across Regulatory & QA/QC; engage verified leadership on Branded ingredient,Natural extracts and contract formulation capacity."
KWS SAAT SE & Co. KGaA,Large,Contract Manufacturer & CDMO,5102,kws.com,https://www.linkedin.com/company/kws,3,1,2,0.1%,ACTIVE WORKFORCE ROTATION,Murilo Ro***a (Lead of Direct Procurement),Retained Core (Research and Development & Agronomy),"Romario Sa***s (Administrative Analyst) | Igor Co***a (HR Business Partner) | Murilo Ro***a (Lead of Direct Procurement) | Zakaria La***a (GL Accountant) | Eduardo Al***o (Regional Head of Sales at KWS, Vegetable Division Brazil)","Research and Development (3), Agronomy (2), Sales (1)","Eduardo Al***o (Regional Head of Sales at KWS, Vegetable Division Brazil)","Active workforce rotation at KWS SAAT SE & Co. KGaA across Research and Development & Agronomy; engage verified leadership on Seeds,Plant breeding and contract formulation capacity."
Kaneka Americas Holding,Large,Contract Manufacturer & CDMO,800,kaneka.com,https://www.linkedin.com/company/kaneka,3,1,2,0.4%,ACTIVE WORKFORCE ROTATION,"Ahmed El***z (Commercial Director, Blood Management)",Retained Core (R&D & Sales),"Brittany Jo***s (Human Resources Business Partner) | Saeed Gh***r (Senior Network Engineer II) | Ahmed El***z (Commercial Director, Blood Management) | Kyle Ph***s (Product Development Manager) | David Ke***r (Product Development Specialist)","R&D (3), Sales (2), Manufacturing (1)","Ahmed El***z (Commercial Director, Blood Management) | Kyle Ph***s (Product Development Manager) | Jeremy Mo***e (Account Development Manager)","Active workforce rotation at Kaneka Americas Holding across R&D & Sales; engage verified leadership on Nutrition ingredients,Branded ingredients and contract formulation capacity."
Kappa Bioscience,Medium,Contract Manufacturer & CDMO,145,balchem.com,https://www.linkedin.com/company/kappa-bioscience,2,1,1,1.4%,ACTIVE WORKFORCE ROTATION,"Andrew Ja***s (Vice President, Global Quality)",Retained Core (R&D & Regulatory),"Andrew Ja***s (Vice President, Global Quality) | George Gr***m (Chief R&D Officer) | Paige In***r (Talent Acquisition Manager) | Yannis Na***s (HR Director, Europe) | Frederic Bo***d (President Human Nutrition & Health)","R&D (2), Regulatory (1), QA/QC (1)","Andrew Ja***s (Vice President, Global Quality) | George Gr***m (Chief R&D Officer) | Paige In***r (Talent Acquisition Manager)","Active workforce rotation at Kappa Bioscience across R&D & Regulatory; engage verified leadership on Nutrition ingredients,Branded ingredients and contract formulation capacity."
"Kemin Industries, Inc.",Large,Contract Manufacturer & CDMO,3700,kemin.com,https://www.linkedin.com/company/kemin-industries,3,1,2,0.1%,ACTIVE WORKFORCE ROTATION,Kimberly Nelson (President) [https://news.google.com/rss/articles/CBMirgFBVV95cUxPMkVVS2k5b0FocGxCeGxwakwydHhrM1NEYVA0OGptdGhyaUZLaEd5T1pjV05DdUNYaE5JZ01aTWRfNzFjT1pDS2gxZklUcUk3WGdvSzlIZlQ2TV9ncWttcjRRRzNQZDVGOUtEZ085a1dqN2hObGtpOUtSVG5xMHNuZUNmRjZyeEtyVFE2YkdSc3lvTERva0RYNEZSallQRF9mUVRKaEx2d2FnRjVqcXc?oc=5],Retained Core (R&D & Sales),Luis Me***z (HRBP Manager) | Bianca Ma***o (Learning & Development Manager) | Carlos Ne***i (Procurement Manager) | Justyna Ko***y (Talent Acquisition Specialist) | Elliot Ne***o (Ruminant Technical Service Manager),"R&D (3), Sales (2), Regulatory (1)",Luis Me***z (HRBP Manager) | Bianca Ma***o (Learning & Development Manager) | Carlos Ne***i (Procurement Manager),"Active workforce rotation at Kemin Industries, Inc. across R&D & Sales; engage verified leadership on Natural extracts and contract formulation capacity."
Kensing,Medium,Contract Manufacturer & CDMO,145,kensingsolutions.com,https://www.linkedin.com/company/kensing,2,1,1,1.4%,ACTIVE WORKFORCE ROTATION,Jennifer Sp***y (Director- Human Resources),Retained Core (R&D & Manufacturing),"Jennifer Sp***y (Director- Human Resources) | Eva Cl***e (Sr. Marketing & Communications Manager) | Denelle Vo***y (Account Manager) | Sabrina Fe***z (Head of Sustainability) | Frank Du***p (Vice President Environmental, Health, Safety, Security, and Sustainability)","R&D (2), Manufacturing (1), Sales (1)",Jennifer Sp***y (Director- Human Resources) | Eva Cl***e (Sr. Marketing & Communications Manager) | Denelle Vo***y (Account Manager),"Active workforce rotation at Kensing across R&D & Manufacturing; engage verified leadership on Nutrition ingredients,Branded ingredients and contract formulation capacity."
Kerry Group plc,Large,Contract Manufacturer & CDMO,23000,kerry.com,https://www.linkedin.com/company/kerry,3,1,2,0.0%,ACTIVE WORKFORCE ROTATION,"Jad Ne***e (Vice President & GM, Middle East & Africa)",Retained Core (Quality Analyst & R&D Scientist),"Giovanna Lu***a (Americas Learning Partner) | Aditi Ra***i (Senior Talent Acquisition Specialist - India Subcontinent (MISA)) | Jad Ne***e (Vice President & GM, Middle East & Africa) | Rania Sh***b (HR Manager) | Kelly Hi***s (Regional Head of Talent Acquisition - North America)","Quality Analyst (3), R&D Scientist (2), Sales (1)","Jad Ne***e (Vice President & GM, Middle East & Africa) | Rania Sh***b (HR Manager) | Kelly Hi***s (Regional Head of Talent Acquisition - North America)",Active workforce rotation at Kerry Group plc across Quality Analyst & R&D Scientist; engage verified leadership on Nutrition ingredients and contract formulation capacity.
Kikkoman Trading Europe Gmbh,Medium,Contract Manufacturer & CDMO,100,kikkoman.eu,https://www.linkedin.com/company/kikkoman-trading-europe,2,1,1,2.0%,ACTIVE WORKFORCE ROTATION,Ali Ha***r (Manager of Sales and Marketing),Retained Core (QA/QC & R&D),Ali Ha***r (Manager of Sales and Marketing) | Malgorzata Po***a (Senior Manager Sales and Marketing) | Yasushi On***a (Finance Accounting Manager / Prokurist / Controller) | Hiroki Um***a (Sales Representative) | Heike Pa***n (Customer Service),"QA/QC (2), R&D (1), Sales (1)",Ali Ha***r (Manager of Sales and Marketing) | Malgorzata Po***a (Senior Manager Sales and Marketing) | Yasushi On***a (Finance Accounting Manager / Prokurist / Controller),Active workforce rotation at Kikkoman Trading Europe Gmbh across QA/QC & R&D; engage verified leadership on Food ingredients and contract formulation capacity.
"Kisuma Americas, Inc.",Medium,Contract Manufacturer & CDMO,145,kisuma.us,https://www.linkedin.com/company/kisuma,2,1,1,1.4%,ACTIVE WORKFORCE ROTATION,Zarina Mo***i (Accounting Operations Manager),Retained Core (Chemical Manufacturing & R&D),Zarina Mo***i (Accounting Operations Manager) | John Sc***t (Technical and Innovations Lead) | Craig Ho***n (Technical Service and Business Development Engineer) | Carolina Va***e (Logistics Specialist) | Kelly Mo***a (Technical Business Development Manager),"Chemical Manufacturing (2), R&D (1), Sales (1)","Zarina Mo***i (Accounting Operations Manager) | Kelly Mo***a (Technical Business Development Manager) | Grecia Mo***o (Operations Manager, Americas)","Active workforce rotation at Kisuma Americas, Inc. across Chemical Manufacturing & R&D; engage verified leadership on Branded ingredients and contract formulation capacity."
Kröner-Stärke GmbH,Medium,Contract Manufacturer & CDMO,145,krnerstrke.com,https://www.linkedin.com/company/kr-ner-st-rke,3,2,1,2.1%,ACTIVE WORKFORCE ROTATION,Active Hiring: Regulatory Affairs Specialist | Quality Control Analyst,Retained Core (Regulatory & QA/QC),Matthias Ha***r (Leiter Verkauf Export & Geschäftsentwicklung) | Nico Gi***s (Electrician) | Masoomeh Gh***h (Chemical Laboratory Technician) | Martin Ap***d (Verkaufsleiter D/AT) | Kroener Go***z (Business Owner),"Regulatory (3), QA/QC (2), R&D (1)",Active Department Leadership: Regulatory Affairs Specialist,Active workforce rotation at Kröner-Stärke GmbH across Regulatory & QA/QC; engage verified leadership on high-purity ingredients and contract formulation capacity.
Kymos Group,Medium,Contract Manufacturer & CDMO,145,kymos.com,https://www.linkedin.com/company/kymos,2,1,1,1.4%,ACTIVE WORKFORCE ROTATION,Fabienne Ch***d (Corporate HR Director),Retained Core (Regulatory & QA/QC),Fabienne Ch***d (Corporate HR Director) | Cosme Ar***s (Corporate Director of Business Development) | Naomi Al***s (Human Resources Officer) | Javier Ch***a (Microbiology) | Yoonjin Kim (Business Developer),"Regulatory (2), QA/QC (1), R&D (1)",Fabienne Ch***d (Corporate HR Director) | Cosme Ar***s (Corporate Director of Business Development),Active workforce rotation at Kymos Group across Regulatory & QA/QC; engage verified leadership on high-purity ingredients and contract formulation capacity.
Kyowa Hakko USA,Medium,Contract Manufacturer & CDMO,145,kyowa-usa.com,https://www.linkedin.com/company/kyowa-hakko,2,1,1,1.4%,ACTIVE WORKFORCE ROTATION,Katie Em***n (Senior Manager Scientific Affairs),Retained Core (R&D & Regulatory),Victoria Ka***a (Business Development Representative) | Katie Em***n (Senior Manager Scientific Affairs) | Chris No***e (Vice President- Nutrition Sales) | Danielle Ci***o (Chief Operating Officer) | Mary Mu***y (Director of Sales and Business Development at Kyowa Hakko USA),"R&D (2), Regulatory (1), QA/QC (1)",Katie Em***n (Senior Manager Scientific Affairs) | Chris No***e (Vice President- Nutrition Sales) | Danielle Ci***o (Chief Operating Officer),"Active workforce rotation at Kyowa Hakko USA across R&D & Regulatory; engage verified leadership on Branded ingredients,Nutrition ingredients and contract formulation capacity."
Kündig Nahrungsmittel GmbH & CO KG(Kunding Group),Medium,Contract Manufacturer & CDMO,145,kuendig.com,https://www.linkedin.com/company/k-ndig-nahrungsmittel,2,1,1,1.4%,ACTIVE WORKFORCE ROTATION,Michael Be***i (Head of AI & Digital Transformation),Retained Core (Regulatory & QA/QC),Michael Be***i (Head of AI & Digital Transformation) | Marc-Remo Ku***g (CBDO Kündig Gruppe) | Vishwanath Ab***i (Buyer) | Barbara To***t (QA-Teamleiter) | Stefan Wa***g (Procurement Manager),"Regulatory (2), QA/QC (1), R&D (1)",Michael Be***i (Head of AI & Digital Transformation) | Stefan Wa***g (Procurement Manager) | Stefanie Go***a (Managing Director Kündig Nahrungsmittel GmbH & Co. KG),Active workforce rotation at Kündig Nahrungsmittel GmbH & CO KG(Kunding Group) across Regulatory & QA/QC; engage verified leadership on Food ingredients and contract formulation capacity.
LC INGREDIENTS,Medium,Contract Manufacturer & CDMO,145,lcingredients.com,https://www.linkedin.com/company/lc,2,1,1,1.4%,ACTIVE WORKFORCE ROTATION,Ettore Gi***e (Commercial Director),Retained Core (R&D & Regulatory),Ettore Gi***e (Commercial Director) | Lorenzo Ca***i (Founder & CEO) | Alessandro Vi***i (R&D Director) | Elodie Ge***e (Responsable Marketing & Communication) | Lena Zi***o (Sales Manager),"R&D (2), Regulatory (1), QA/QC (1)",Ettore Gi***e (Commercial Director) | Lorenzo Ca***i (Founder & CEO) | Alessandro Vi***i (R&D Director),Active workforce rotation at LC INGREDIENTS across R&D & Regulatory; engage verified leadership on Nutrition ingredients and contract formulation capacity.
LIMAGRAIN INGREDIENTS,Large,Food ingredients Supplier,9600,limagrain-ingredients.com,https://www.linkedin.com/company/limagrain,3,1,2,0.0%,ACTIVE WORKFORCE ROTATION,"Walter Lo***z (Key Account Manager Feed & Industrial Uses, France, Italy & Spain)",Retained Core (R&D & Sales),"Denis De***e (Directeur Recherche & Développement) | Walter Lo***z (Key Account Manager Feed & Industrial Uses, France, Italy & Spain) | Geoffroy Bu***e (Head of External Communications and Digital Marketing) | Rhona St***n (Key Account Manager) | Emmanuel Go***n (General Manager)","R&D (3), Sales (2), QA/QC (1)","Walter Lo***z (Key Account Manager Feed & Industrial Uses, France, Italy & Spain) | Geoffroy Bu***e (Head of External Communications and Digital Marketing) | Rhona St***n (Key Account Manager)",Active workforce rotation at LIMAGRAIN INGREDIENTS across R&D & Sales; engage verified leadership on Food ingredients and contract formulation capacity.
Laboratoires Expanscience,Large,Contract Manufacturer & CDMO,1299,laboratoiresexpanscience.com,https://www.linkedin.com/company/expanscience,3,1,2,0.2%,ACTIVE WORKFORCE ROTATION,Manon Le***y (Brand Experience Project Manager),Retained Core (Regulatory & QA/QC),Frederic Ru***r (Responsable des Infrastructure Systèmes et Réseaux) | Manon Le***y (Brand Experience Project Manager) | Gaelle Cr***r (Sustainable Sourcing Manager) | Rocio Ma***z (Delegada Visita Médica) | Mathilde Re***e (Raw Materials Buyer – External Manufacturing),"Regulatory (3), QA/QC (2), R&D (1)",Manon Le***y (Brand Experience Project Manager) | Gaelle Cr***r (Sustainable Sourcing Manager),Active workforce rotation at Laboratoires Expanscience across Regulatory & QA/QC; engage verified leadership on high-purity ingredients and contract formulation capacity.
Layn Natural Ingredients,Small,Contract Manufacturer & CDMO,51,layncorp.com,https://www.linkedin.com/company/layn-natural,1,1,0,2.0%,TARGETED STRATEGIC HIRING,"Mary Fe***z (Global Vice President, Sales & Business Development)",Retained Core (R&D & QA/QC),"Mary Fe***z (Global Vice President, Sales & Business Development) | Luca Pe***i (General Manager EMEA & Global Key Account Manager - F&B and F&F Industry) | Gabriele Mu***a (Technical Sales F&B) | Paul Ni***n (Vice President of Sales) | Shari Le***n (Sales Manager)","R&D (1), QA/QC (1), Regulatory (1)","Mary Fe***z (Global Vice President, Sales & Business Development) | Luca Pe***i (General Manager EMEA & Global Key Account Manager - F&B and F&F Industry) | Paul Ni***n (Vice President of Sales)","Active workforce rotation at Layn Natural Ingredients across R&D & QA/QC; engage verified leadership on Botanica extracts,Branded ingredients and contract formulation capacity."
Lehmann and Voss and Co. KG,Medium,Contract Manufacturer & CDMO,375,lehvoss.com,https://www.linkedin.com/company/lehmann-and-voss-and,2,1,1,0.5%,ACTIVE WORKFORCE ROTATION,Thomas Oe***n (Managing Director and Partner),Retained Core (Sales & R&D),Thomas Oe***n (Managing Director and Partner) | Doreen Al***h (Process and Application Specialist) | Marion He***s (Manager Tariffing and Classification) | Eva-Maria Ku***n (Product Development and Technical Service) | Andreas He***s (Product Group Manager / Business Unit Filtration and Fillers),"Sales (2), R&D (1), QA/QC (1)",Thomas Oe***n (Managing Director and Partner) | Marion He***s (Manager Tariffing and Classification) | Andreas He***s (Product Group Manager / Business Unit Filtration and Fillers),"Active workforce rotation at Lehmann and Voss and Co. KG across Sales & R&D; engage verified leadership on Food ingredients,nutrition ingredients and contract formulation capacity."
Lehmann&Voss&Co. KG,Medium,Contract Manufacturer & CDMO,375,lehvoss.com,https://www.linkedin.com/company/lehmann-voss-co-kg,2,1,1,0.5%,ACTIVE WORKFORCE ROTATION,Robert Ze***n (Business Unit Director Rubber Solutions),Retained Core (Regulatory & QA/QC),Marcus Re***r (Global Business Development 3D Printing Materials) | Robert Ze***n (Business Unit Director Rubber Solutions) | Nils Bo***n (Offering Customized Polymers) | Gyula Ac***m (Credit Management Specialist) | Marion He***s (Manager Tariffing and Classification),"Regulatory (2), QA/QC (1), R&D (1)",Robert Ze***n (Business Unit Director Rubber Solutions) | Marion He***s (Manager Tariffing and Classification),Active workforce rotation at Lehmann&Voss&Co. KG across Regulatory & QA/QC; engage verified leadership on Chemicals ingredients and contract formulation capacity.
Leprino Nutrition,Large,Contract Manufacturer & CDMO,6000,leprinonutrition.com,https://www.linkedin.com/company/leprino,3,1,2,0.1%,ACTIVE WORKFORCE ROTATION,"Gabriel Se***a (Senior Director Sales, Nutrition)",Retained Core (Sales & R&D),"Gabriel Se***a (Senior Director Sales, Nutrition) | BT Na***r (Vice President, Nutrition GBU) | Jing Cui (Associate Director of Sales) | Vanessa Wi***s (Senior Manager, Nutrition Innovation & Marketing Insights) | Guorong Wa***g (Sr Manager - Technical Sale)","Sales (3), R&D (2), QA/QC (1)","Gabriel Se***a (Senior Director Sales, Nutrition) | BT Na***r (Vice President, Nutrition GBU) | Jing Cui (Associate Director of Sales)",Active workforce rotation at Leprino Nutrition across Sales & R&D; engage verified leadership on Nutrition ingredients and contract formulation capacity.
Listgrove Ltd,Medium,Contract Manufacturer & CDMO,145,listgrove.com,https://www.linkedin.com/company/listgrove,2,1,1,1.4%,ACTIVE WORKFORCE ROTATION,Andy Za***n (Operations Director),Retained Core (Sales & R&D),Andy Za***n (Operations Director) | Ryan Ki***y (Director) | Conrad Ta***r (Global Operations Director) | Airelle Ch***a (Director of Marketing) | Ellie Gu***t (Global Operations and HR Manager),"Sales (2), R&D (1), QA/QC (1)",Andy Za***n (Operations Director) | Ryan Ki***y (Director) | Conrad Ta***r (Global Operations Director),Active workforce rotation at Listgrove Ltd across Sales & R&D; engage verified leadership on high-purity ingredients and contract formulation capacity.
"Lugo Nutrition, Inc.",Medium,Contract Manufacturer & CDMO,145,lugonutrition.com,https://www.linkedin.com/company/lugo,2,1,1,1.4%,ACTIVE WORKFORCE ROTATION,Richard Lu***o (Leading Food Innovation as Chairman),Retained Core (Regulatory & QA/QC),Richard Lu***o (Leading Food Innovation as Chairman) | Nicholas Lu***o (President) | Antoinette Th***n (Business Development Manager) | Krista Di***m (Assistant Controller) | Michael Ha***n (Controller),"Regulatory (2), QA/QC (1), R&D (1)",Nicholas Lu***o (President) | Antoinette Th***n (Business Development Manager) | Clarence Ha***y (National Account Manager),"Active workforce rotation at Lugo Nutrition, Inc. across Regulatory & QA/QC; engage verified leadership on Nutrition ingredients and contract formulation capacity."
Lycored,Medium,Finished Dietary Supplement Brand,145,lycored.com,https://www.linkedin.com/company/lycored,3,2,1,2.1%,ACTIVE WORKFORCE ROTATION,"Dafna Cohen (Asher Named CEO of Lycored, Adama) [https://news.google.com/rss/articles/CBMimwJBVV95cUxPOTZMQnNPdTk2V1RfUERSWlByWjJHUDFCcHdJckxuWWROQl81RUxENWtaTmNxaG9HbEhybUVLbndfNUQxeUNSSlJxQXZRdFl6cUxkM3FLMlRUeWtPZjhnYW0xVkg3WEl5R05OWVQwY2VfekxjMi10NzBrTndmWXNoUzQ2VG1kc3hTWHcyZlZJRUFua3kzSjR1ZU5pM2FuWTdDa1lKR0RKVVVLR1dINm9oQnFrOFI0R0lvaE9kaTZQM1FLMUJCd1NvRjlSaTYxTWF6RENYTlRFQko3ZkdFaFhsaUJ4WlhJcmctdWI0UGp6MFUySVhTWExzRXg5c2VyUmk1Q3FJLTBEVy1mMWw2Vnh3Zi1TMDUzUmJMT2Fn?oc=5] | Rony Patishi (Chillim to Head Lycored) [https://news.google.com/rss/articles/CBMiigFBVV95cUxQWTVlcUx1c00tRzdsRTBRSjk5d0xiREtWRzBrakp0NXE4d2M5Q0lwTWpzRXZwc1cycV9mdVdJODkwbFI2SmRJb2EyOE8tTHQyVXg5T25lMEtMeFBkaTVRWFVjdGNjNnFqckdlNU1jY3BZOFBDNkZNbkdrUGZwVDJGbjFfLXpEZU01VHc?oc=5]",Retained Core (Regulatory & R&D),"Ernie Za***k (Vice President, Finished Products and Technologies & Global Distributor Manager, Health) | Matt St***y (VP of Global Health Sales) | Marissa Ga***h (Senior Vice President of Global Sales) | Jyoti Ma***k (Quality Regulatory Manager) | Anna Pe***i (Sales Account Executive Europe)","Regulatory (3), R&D (2), QA/QC (1)","Ernie Za***k (Vice President, Finished Products and Technologies & Global Distributor Manager, Health) | Matt St***y (VP of Global Health Sales) | Marissa Ga***h (Senior Vice President of Global Sales)",Active workforce rotation at Lycored across Regulatory & R&D; engage verified leadership on Nutrition ingredients and contract formulation capacity.
MAFCO Worldwide LLC,Medium,Contract Manufacturer & CDMO,201,mafco.com,https://www.linkedin.com/company/mafco,2,1,1,1.0%,ACTIVE WORKFORCE ROTATION,Marcos Li***a (Global VP Strategy / Sales / R&D),Retained Core (R&D & Sales),"Marcos Li***a (Global VP Strategy / Sales / R&D) | Sanjay Ch***n (Head of Sales & Marketing - South Asia, ANZ, Middle East & Africas) | Mark Hi***s (Global R&D Director) | Anthony Pa***a (Senior Business Develpment Lead) | Danielle Ja***s (Sales Director)","R&D (2), Sales (1), Regulatory Affairs (1)","Marcos Li***a (Global VP Strategy / Sales / R&D) | Sanjay Ch***n (Head of Sales & Marketing - South Asia, ANZ, Middle East & Africas) | Mark Hi***s (Global R&D Director)",Active workforce rotation at MAFCO Worldwide LLC across R&D & Sales; engage verified leadership on Licorice and contract formulation capacity.
MARKLAND Ingredients GmbH,Medium,Food ingredients Supplier,145,markland-ingredients.com,https://www.linkedin.com/company/markland,2,1,1,1.4%,ACTIVE WORKFORCE ROTATION,Tobias Du***t (Key-Account-Manager Süd / DACH),Retained Core (R&D & QA/QC),Tobias Du***t (Key-Account-Manager Süd / DACH) | Joerg Sc***g (Direktor Vertrieb) | Alexander Bu***r (Key-Account-Manager),"R&D (2), QA/QC (1), Sales (1)",Tobias Du***t (Key-Account-Manager Süd / DACH) | Alexander Bu***r (Key-Account-Manager),Active workforce rotation at MARKLAND Ingredients GmbH across R&D & QA/QC; engage verified leadership on Food ingredients and contract formulation capacity.
MartinBauer,Large,Contract Manufacturer & CDMO,4394,martin-bauer.com,https://www.linkedin.com/company/martinbauer,3,1,2,0.1%,ACTIVE WORKFORCE ROTATION,Marcel Ca***o (Senior Manager Logistics),Retained Core (Sales & Customer Service),Dharmik Da***e (Consultant - Supply Chain Management) | Jose Br***o (CFO North America) | Marcel Ca***o (Senior Manager Logistics) | Ewelina Sy***a (Chief HR Officer/ Senior HR Specialist (independent Position)) | Duminda Se***e (Commercial Director),"Sales (3), Customer Service (2), R&D (1)",Marcel Ca***o (Senior Manager Logistics) | Ewelina Sy***a (Chief HR Officer/ Senior HR Specialist (independent Position)) | Duminda Se***e (Commercial Director),Active workforce rotation at MartinBauer across Sales & Customer Service; engage verified leadership on Botanical extracts and contract formulation capacity.
Mast-Jägermeister SE,Medium,Nutraceutical Packaging Specialist,145,mastjgermeister.com,https://www.linkedin.com/company/mast-j-germeister,2,1,1,1.4%,ACTIVE WORKFORCE ROTATION,Joerg St***e (Area Director Western Europe),Retained Core (Regulatory & QA/QC),Joerg St***e (Area Director Western Europe) | Pablo Ec***a (Distribution & Key Account Manager - Chile) | Luis Ji***z (Brand Ambassador) | Sven Ve***e (Senior Manager Process Management) | Tessa Mo***h (Senior Manager Events Events Internal Communications & Employee Engagement),"Regulatory (2), QA/QC (1), R&D (1)",Joerg St***e (Area Director Western Europe) | Pablo Ec***a (Distribution & Key Account Manager - Chile) | Sven Ve***e (Senior Manager Process Management),Active workforce rotation at Mast-Jägermeister SE across Regulatory & QA/QC; engage verified leadership on high-purity ingredients and contract formulation capacity.
Maypro Industries,Medium,Contract Manufacturer & CDMO,100,maypro.com,https://www.linkedin.com/company/maypro-industries,2,1,1,2.0%,ACTIVE WORKFORCE ROTATION,Tracy Ga***i (Business Development Manager),Retained Core (Regulatory & QA/QC),Tracy Ga***i (Business Development Manager) | May Ya***n (Chief Executive Officer) | Isabel El***o (President Global Nutrition) | Anisha Ko***i (Sales Manager) | Isabel Wa***s (Dietary Supplement Ingredient Consultant - I Help Companies Formulate Innovative new Products With Clinically Backed Functional Ingredients.),"Regulatory (2), QA/QC (1), R&D (1)",Tracy Ga***i (Business Development Manager) | May Ya***n (Chief Executive Officer) | Isabel El***o (President Global Nutrition),Active workforce rotation at Maypro Industries across Regulatory & QA/QC; engage verified leadership on Branded ingredients and contract formulation capacity.
Mays Chemical,Medium,Contract Manufacturer & CDMO,145,mayschem.com,https://www.linkedin.com/company/mays-chemical,2,1,1,1.4%,ACTIVE WORKFORCE ROTATION,Marshall Sh***d (Director of Operations and Environmental Affiars),Retained Core (Sales & Regulatory),Marshall Sh***d (Director of Operations and Environmental Affiars) | George Hu***s (Vice President of Supply Chain) | Marshall Wi***s (Account Manager) | Tracie Gi***n (People & Culture Operations Manager) | Kristin Co***t (CEO),"Sales (2), Regulatory (1), QA/QC (1)",Marshall Sh***d (Director of Operations and Environmental Affiars) | George Hu***s (Vice President of Supply Chain) | Marshall Wi***s (Account Manager),Active workforce rotation at Mays Chemical across Sales & Regulatory; engage verified leadership on Nutritional ingredients and contract formulation capacity.
Medical Trading Germany GmbH,Medium,Contract Manufacturer & CDMO,145,mtg-hh.de,https://www.linkedin.com/company/medical-trading-germany,3,2,1,2.1%,ACTIVE WORKFORCE ROTATION,Active Hiring: Regulatory Scientist | Quality Analyst,Retained Core (Regulatory Affairs & QA/QC),Regulatory Scientist (Medical Trading Germany GmbH) | Quality Analyst (Medical Trading Germany GmbH) | Research & Development Scientist (Medical Trading Germany GmbH) | Sales Manager (Medical Trading Germany GmbH),"Regulatory Affairs (3), QA/QC (2), R&D (1)",Sales Manager (Medical Trading Germany GmbH),Active workforce rotation at Medical Trading Germany GmbH across Regulatory Affairs & QA/QC; engage verified leadership on nutraceutical ingredients and contract formulation capacity.
"Metabolic technologies,Inc",Small,Contract Manufacturer & CDMO,11,metabolic.com,https://www.linkedin.com/company/metabolic,1,1,0,5.0%,TARGETED STRATEGIC HIRING,Active Hiring: Research Scientist | Regulatory Affairs Specialist,Retained Core (R&D & Regulatory),Evan Ca***l (Senior Video Editor) | Venus En***z (Senior Retention Specialist) | Tallon Re***h (ASR) | Zak Al***i (Remote Sales Closer) | Navanath Sh***e (Mobile Application Developer),"R&D (1), Regulatory (1), QA/QC (1)",Active Department Leadership: Research Scientist,"Active workforce rotation at Metabolic technologies,Inc across R&D & Regulatory; engage verified leadership on Branded ingredients and contract formulation capacity."
MicroTec GmbH,Medium,Contract Manufacturer & CDMO,145,microtec.com,https://www.linkedin.com/company/microtec,2,1,1,1.4%,ACTIVE WORKFORCE ROTATION,Florian Ge***r (Chief Customer Officer),Retained Core (R&D & Sales),Federico Gi***a (Founding President) | Alice La***i (Translation and Documentation) | Florian Ge***r (Chief Customer Officer) | Arianna Gi***a (Chief Sales Officer) | Umberto Do***o (Buyer),"R&D (2), Sales (1), Engineering (1)",Federico Gi***a (Founding President) | Florian Ge***r (Chief Customer Officer) | Arianna Gi***a (Chief Sales Officer),Active workforce rotation at MicroTec GmbH across R&D & Sales; engage verified leadership on high-purity ingredients and contract formulation capacity.
Microphyt,Medium,Contract Manufacturer & CDMO,145,microphyt.eu,https://www.linkedin.com/company/microphyt,2,1,1,1.4%,ACTIVE WORKFORCE ROTATION,Christel Le***e (Marketing Manager),Retained Core (R&D & Sales),Vincent Us***e (CEO) | Christel Le***e (Marketing Manager) | Cyrielle Ho***n (Marketing Manager Cosmetic Ingredients) | Anais Mo***a (Sales Director – Cosmetics Europe) | Stefan Wy***k (CCO),"R&D (2), Sales (1), Marketing (1)",Vincent Us***e (CEO) | Christel Le***e (Marketing Manager) | Cyrielle Ho***n (Marketing Manager Cosmetic Ingredients),Active workforce rotation at Microphyt across R&D & Sales; engage verified leadership on microalgae and contract formulation capacity.
Milei GmbH,Medium,"Food ingredients,probiotics Supplier",325,milei.de,https://www.linkedin.com/company/milei,2,1,1,0.6%,ACTIVE WORKFORCE ROTATION,Jens Ku***a (Chief Executive Officer),Retained Core (R&D & Quality Assurance),Jens Ku***a (Chief Executive Officer) | Stephan Kr***r (Head of Development & Application) | Jana Ko***d (Business Development & Innovation) | Schirin Ka***n (Executive Officer Sales & Marketing) | Andreas Li***r (Head of Quality),"R&D (2), Quality Assurance (1), Regulatory Affairs (1)",Jens Ku***a (Chief Executive Officer) | Stephan Kr***r (Head of Development & Application) | Andreas Li***r (Head of Quality),"Active workforce rotation at Milei GmbH across R&D & Quality Assurance; engage verified leadership on Food ingredients,probiotics and contract formulation capacity."
"Monteloeder USA, Inc",Medium,Contract Manufacturer & CDMO,145,monteloeder.com,https://www.linkedin.com/company/monteloeder,2,1,1,1.4%,ACTIVE WORKFORCE ROTATION,Javier Al***n (International Sales Area Manager),Retained Core (R&D & Regulatory),Javier Al***n (International Sales Area Manager) | Marcos Di***z (Regional Director - USA) | Tomas Gu***z (Commercial Director APAC) | Nuria Ce***a (Chief R&D Officer) | Lara Sv***t (Production Manager),"R&D (2), Regulatory (1), QA/QC (1)",Javier Al***n (International Sales Area Manager) | Marcos Di***z (Regional Director - USA) | Tomas Gu***z (Commercial Director APAC),"Active workforce rotation at Monteloeder USA, Inc across R&D & Regulatory; engage verified leadership on Botanical extracts,Branded ingredients and contract formulation capacity."
Monteloeder by SUANNUTRA,Medium,Contract Manufacturer & CDMO,145,monteloeder.com,https://www.linkedin.com/company/monteloeder,2,1,1,1.4%,ACTIVE WORKFORCE ROTATION,Javier Al***n (International Sales Area Manager),Retained Core (Regulatory & QA/QC),Javier Al***n (International Sales Area Manager) | Marcos Di***z (Regional Director - USA) | Tomas Gu***z (Commercial Director APAC) | Nuria Ce***a (Chief R&D Officer) | Lara Sv***t (Production Manager),"Regulatory (2), QA/QC (1), R&D (1)",Javier Al***n (International Sales Area Manager) | Marcos Di***z (Regional Director - USA) | Tomas Gu***z (Commercial Director APAC),Active workforce rotation at Monteloeder by SUANNUTRA across Regulatory & QA/QC; engage verified leadership on high-purity ingredients and contract formulation capacity.
Monterey Bay Herb Co.,Small,Nutraceutical Packaging Specialist,55,herbco.com,https://www.linkedin.com/company/monterey-bay-herb,1,1,0,1.8%,TARGETED STRATEGIC HIRING,Eric Dr***s (Chief Operating Officer),Retained Core (Regulatory & QA/QC),Shane Du***e (Powering Innovation Across the Natural Products Industry | Founder Path Forward Formulator® | CEO Monterey Bay Herb Co. & NP Nutra®) | Eric Dr***s (Chief Operating Officer) | Juan Po***i (Chief Financial Officer) | Elizabeth Sc***a (Vice President Marketing) | Michael Ga***a (Controller),"Regulatory (1), QA/QC (1), R&D (1)",Shane Du***e (Powering Innovation Across the Natural Products Industry | Founder Path Forward Formulator® | CEO Monterey Bay Herb Co. & NP Nutra®) | Eric Dr***s (Chief Operating Officer) | Juan Po***i (Chief Financial Officer),Active workforce rotation at Monterey Bay Herb Co. across Regulatory & QA/QC; engage verified leadership on Natural extracts and contract formulation capacity.
Mountain Rose Herbs,Medium,Nutraceutical Packaging Specialist,200,mountainroseherbs.com,https://www.linkedin.com/company/mountain-rose-herbs,2,1,1,1.0%,ACTIVE WORKFORCE ROTATION,Alyssa Ba***e (Director of People & Planet),Retained Core (R&D & QA/QC),Alyssa Ba***e (Director of People & Planet) | Cameron St***s (Chief Executive Officer/CFO) | Steven Ye***r (Executive Vice President) | Josh Co***t (Order Fulfillment Director) | Leah Fl***d (Wholesale Director),"R&D (2), QA/QC (1), Sales (1)",Alyssa Ba***e (Director of People & Planet) | Cameron St***s (Chief Executive Officer/CFO) | Steven Ye***r (Executive Vice President),Active workforce rotation at Mountain Rose Herbs across R&D & QA/QC; engage verified leadership on Natural extracts and contract formulation capacity.
Mueggenburg USA,Large,Finished Dietary Supplement Brand,40000,mueggenburg.com,https://www.linkedin.com/company/mueggenburg,3,1,2,0.0%,ACTIVE WORKFORCE ROTATION,Inga Ra***e (Senior Account Manager),Retained Core (R&D & QA/QC),Inga Ra***e (Senior Account Manager) | Bennett Lau (Export) | Niklas Ru***r (Head of Quality Assurance) | Daniel Te***r (International Trade Assistant) | Julia Ke***h (Office Management Clerk),"R&D (3), QA/QC (2), Regulatory (1)",Inga Ra***e (Senior Account Manager) | Niklas Ru***r (Head of Quality Assurance) | Jan Mu***g (Sales Director),"Active workforce rotation at Mueggenburg USA across R&D & QA/QC; engage verified leadership on Botanicalextracts,Herbal extracts and contract formulation capacity."
NATURAL INGREDIENTS SOLUTION SRL,Small,Finished Dietary Supplement Brand,85,naturalingredientssolution.com,https://www.linkedin.com/company/natural,1,1,0,1.2%,TARGETED STRATEGIC HIRING,Salvatore Sa***a (Chief Operating Officer),Retained Core (R&D & QA/QC),Salvatore Sa***a (Chief Operating Officer) | Gaetano Sa***o (Commercial Director) | Marisa Ri***o (Responsabile Assicurazione Qualità) | Giuseppe Po***a (Organizzazione & Marketing) | Raffaella Pi***o (R&D),"R&D (1), QA/QC (1), Regulatory (1)",Salvatore Sa***a (Chief Operating Officer) | Gaetano Sa***o (Commercial Director),Active workforce rotation at NATURAL INGREDIENTS SOLUTION SRL across R&D & QA/QC; engage verified leadership on Botanical extracts and contract formulation capacity.
NATURANDO Srl,Medium,Contract Manufacturer & CDMO,145,naturando.it,https://www.linkedin.com/company/naturando,2,1,1,1.4%,ACTIVE WORKFORCE ROTATION,Silvia Ob***i (Technical Department Manager),Retained Core (R&D & Sales),Angela Ar***o (Regulatory Affairs Specialist) | Silvia Gi***i (Export Customer Service) | Silvia Ob***i (Technical Department Manager) | Elena Be***o (CEO - Managing Director) | Chiara Fa***i (Product Development Specialist Junior),"R&D (2), Sales (1), Regulatory (1)",Silvia Ob***i (Technical Department Manager) | Elena Be***o (CEO - Managing Director),Active workforce rotation at NATURANDO Srl across R&D & Sales; engage verified leadership on Natural ingredients and contract formulation capacity.
NATUREX,Large,Contract Manufacturer & CDMO,1700,naturex.com,https://www.linkedin.com/company/naturex,3,1,2,0.2%,ACTIVE WORKFORCE ROTATION,Rajneesh Sh***a (Quality Manager),Retained Core (R&D & QA/QC),Rajneesh Sh***a (Quality Manager) | Sascha Ot***g (Global WPS Coordinator) | Julie Ko***j (Global Category Buyer Natural Nutritional Ingredients EMEA Area) | Dario Am***a (Production Manager) | Sean Cu***y (Commercial Director EMEA),"R&D (3), QA/QC (2), Sales (1)",Rajneesh Sh***a (Quality Manager) | Dario Am***a (Production Manager) | Sean Cu***y (Commercial Director EMEA),Active workforce rotation at NATUREX across R&D & QA/QC; engage verified leadership on Natural extracts and contract formulation capacity.
NEXIRA,Medium,Contract Manufacturer & CDMO,145,nexira.com,https://www.linkedin.com/company/nexira,2,1,1,1.4%,ACTIVE WORKFORCE ROTATION,Mathieu Dondain (Managing Director),Retained Core (R&D & Manufacturing),Mathieu Dondain (Managing Director),"R&D (2), Manufacturing (1), Quality Assurance (1)",Mathieu Dondain (Managing Director),"Active workforce rotation at NEXIRA across R&D & Manufacturing; engage verified leadership on Natural ingredients,botanical extracts and contract formulation capacity."
NNB Nutrition,Medium,Contract Manufacturer & CDMO,100,nnbnutrition.com,https://www.linkedin.com/company/nnb,2,1,1,2.0%,ACTIVE WORKFORCE ROTATION,Didi Shi (Account Manager),Retained Core (R&D & Regulatory),Didi Shi (Account Manager) | Yvonne Ya***g (Overseas Account Manager) | Roc Ji***g (Manager of Sales - Novel Nutrition Breakthroughs) | Eric Re***s (Senior Sales Executive) | Bruce Hu***g (Account Manager),"R&D (2), Regulatory (1), QA/QC (1)",Didi Shi (Account Manager) | Yvonne Ya***g (Overseas Account Manager) | Roc Ji***g (Manager of Sales - Novel Nutrition Breakthroughs),Active workforce rotation at NNB Nutrition across R&D & Regulatory; engage verified leadership on Branded ingredients and contract formulation capacity.
NP Nutra (Nature's Power Nutraceuticals),Medium,Contract Manufacturer & CDMO,145,npnutra.com,https://www.linkedin.com/company/np,2,1,1,1.4%,ACTIVE WORKFORCE ROTATION,Helga Vi***a (Vice President of Quality and Regulatory Compliance),Retained Core (R&D & Quality Assurance),Helga Vi***a (Vice President of Quality and Regulatory Compliance) | Anna Ma***s (Senior Account Manager) | Paul Du***p (Account Manager) | Eric Gu***m (Director of Sales) | Michel Ro***d (Senior Account Manager at NP Nutra),"R&D (2), Quality Assurance (1), Regulatory (1)",Helga Vi***a (Vice President of Quality and Regulatory Compliance) | Anna Ma***s (Senior Account Manager) | Paul Du***p (Account Manager),"Active workforce rotation at NP Nutra (Nature's Power Nutraceuticals) across R&D & Quality Assurance; engage verified leadership on Branded ingredients,Natural extracts and contract formulation capacity."
NURA,Small,Contract Manufacturer & CDMO,51,nurausa.com,https://www.linkedin.com/company/nura,1,1,0,2.0%,TARGETED STRATEGIC HIRING,Kevin Ji***g (Entrepreneur - Chief Growth Officer),Retained Core (Regulatory & QA/QC),"Kat Sa***e (NURA | Better Ingredients, True Partner ⭐ Woman Owned) | Lily Ru***n (Lifelong Learner | Explorer | President) | Kevin Ji***g (Entrepreneur - Chief Growth Officer) | Melissa Ri***l (Director of Research Development) | Danny Min (Director of Operations)","Regulatory (1), QA/QC (1), R&D (1)",Lily Ru***n (Lifelong Learner | Explorer | President) | Kevin Ji***g (Entrepreneur - Chief Growth Officer) | Melissa Ri***l (Director of Research Development),Active workforce rotation at NURA across Regulatory & QA/QC; engage verified leadership on Branded ingredients and contract formulation capacity.
NXT-USA,Medium,Contract Manufacturer & CDMO,145,nxt-usa.com,https://www.linkedin.com/company/nxt-usa,2,1,1,1.4%,ACTIVE WORKFORCE ROTATION,Scott Engberg (Its Vice President) [https://news.google.com/rss/articles/CBMijgFBVV95cUxObmtiSVA4cXVSY2FQU3JuTmJyWkxiUVM5cGhFc2gzcUJET1hIQ3lyc0xWMGhDd0lDaTRkOVI2N2xIRlhTYWZwRWFoQWU0TjFXTmM4NEthY1pudU1JX1RXZ29ibnJpMWhBYkh2TU4tMFZGUUdNeVdCSGJyemhuSVg5d0taNEtFRWltZE4tcVRB?oc=5],Retained Core (Regulatory & QA/QC),Todd Ru***d (Chief Storytelling Officer) | Elise Ka***r (Chief Growth Officer) | Eric Wi***e (Brand and Business Advancement) | Eric An***n (Managing Director) | Jennifer Bo***n (Digital Business Development),"Regulatory (2), QA/QC (1), R&D (1)",Todd Ru***d (Chief Storytelling Officer) | Elise Ka***r (Chief Growth Officer) | Eric An***n (Managing Director),Active workforce rotation at NXT-USA across Regulatory & QA/QC; engage verified leadership on Branded ingredients and contract formulation capacity.
Nactarome,Large,Contract Manufacturer & CDMO,800,nactarome.com,https://www.linkedin.com/company/nactarome,3,1,2,0.4%,ACTIVE WORKFORCE ROTATION,Bill Sm***s (Vice President - Health & Wellbeing),Retained Core (R&D & Sales),Neil No***i (Global Group Product Management) | Luigi Mo***o (Group CEO) | Bill Sm***s (Vice President - Health & Wellbeing) | Steven Vi***k (Global Product Manager) | Mattia D'***o (Group CFO),"R&D (3), Sales (2), QA/QC (1)",Luigi Mo***o (Group CEO) | Bill Sm***s (Vice President - Health & Wellbeing) | Steven Vi***k (Global Product Manager),Active workforce rotation at Nactarome across R&D & Sales; engage verified leadership on Food ingredients and contract formulation capacity.
Natac (BME: NAT),Medium,Contract Manufacturer & CDMO,145,natacgroup.com,https://www.linkedin.com/company/natac,2,1,1,1.4%,ACTIVE WORKFORCE ROTATION,Jose Qu***a (Vice President & Co-founder (2025 - Present) | Chief Scientific Officer (2010 - 2025)),Retained Core (Research and Development & QA/QC),Jose Qu***a (Vice President & Co-founder (2025 - Present) | Chief Scientific Officer (2010 - 2025)) | Maxime Va***t (Global Feed Division Manager) | Ana Ur***i (Nutraceutical Division Manager - Americas) | Nicolas No***l (APAC Sales & Executive Director) | Jose Pi***a (Head of Innovation),"Research and Development (2), QA/QC (1), Regulatory (1)",Jose Qu***a (Vice President & Co-founder (2025 - Present) | Chief Scientific Officer (2010 - 2025)) | Maxime Va***t (Global Feed Division Manager) | Ana Ur***i (Nutraceutical Division Manager - Americas),"Active workforce rotation at Natac (BME: NAT) across Research and Development & QA/QC; engage verified leadership on Botanical extracts,Branded ingredients and contract formulation capacity."
Natreon,Small,Contract Manufacturer & CDMO,51,natreoninc.com,https://www.linkedin.com/company/natreon,1,1,0,2.0%,TARGETED STRATEGIC HIRING,Venkatesh Pi***n (Assistant Quality Manager),Retained Core (Regulatory & QA/QC),"Venkatesh Pi***n (Assistant Quality Manager) | Sanni Ra***u (CEO) | Anjan Mo***y (QA/QC Manager) | Soumik Sa***r (Assistant Manager) | Michael Wi***r (Manager, Warehouse)","Regulatory (1), QA/QC (1), R&D (1)",Venkatesh Pi***n (Assistant Quality Manager) | Sanni Ra***u (CEO) | Anjan Mo***y (QA/QC Manager),Active workforce rotation at Natreon across Regulatory & QA/QC; engage verified leadership on Branded ingredients and contract formulation capacity.
"Natreon, A Kerry Company",Small,Contract Manufacturer & CDMO,34,natreonakerry.com,https://www.linkedin.com/company/natreon-a-kerry,1,1,0,2.9%,TARGETED STRATEGIC HIRING,Venkatesh Pi***n (Assistant Quality Manager),Retained Core (R&D & Regulatory),"Venkatesh Pi***n (Assistant Quality Manager) | Michael Wi***r (Manager, Warehouse) | Sanni Ra***u (CEO) | Rudra Ja***l (Research and Development Scientist) | Anjan Mo***y (QA/QC Manager)","R&D (1), Regulatory (1), QA/QC (1)","Venkatesh Pi***n (Assistant Quality Manager) | Michael Wi***r (Manager, Warehouse) | Sanni Ra***u (CEO)","Active workforce rotation at Natreon, A Kerry Company across R&D & Regulatory; engage verified leadership on high-purity ingredients and contract formulation capacity."
NaturMed Scientific,Medium,Contract Manufacturer & CDMO,145,naturmedscientific.com,https://www.linkedin.com/company/naturmed-scientific,2,1,1,1.4%,ACTIVE WORKFORCE ROTATION,Adriana Ca***o (Business Development Manager for Spain & Portugal),Retained Core (R&D & Regulatory),David He***m (Product Management) | Gunjan Ka***p (Business Development Executive) | Rohan Ka***r (Founder and CEO) | Adriana Ca***o (Business Development Manager for Spain & Portugal) | Toma Al***i (Senior Business Development Manager),"R&D (2), Regulatory (1), QA/QC (1)",Rohan Ka***r (Founder and CEO) | Adriana Ca***o (Business Development Manager for Spain & Portugal) | Toma Al***i (Senior Business Development Manager),Active workforce rotation at NaturMed Scientific across R&D & Regulatory; engage verified leadership on Botanical extracts and contract formulation capacity.
"Naturalin Bio-Resources Co., Ltd",Medium,Contract Manufacturer & CDMO,145,naturalin.com,https://www.linkedin.com/company/naturalin-bio-resources,2,1,1,1.4%,ACTIVE WORKFORCE ROTATION,Moffy Xi***o (Senior Sales Manager),Retained Core (R&D & Quality Assurance),Moffy Xi***o (Senior Sales Manager) | Jessica Ou (Sales Manager) | Esally Yi (Senior Sales Manager) | Emily Ch***n (Senior Sales Manager) | Valley Ta***g (Sales Specialist and Project Planning),"R&D (2), Quality Assurance (1), Regulatory Affairs (1)",Moffy Xi***o (Senior Sales Manager) | Jessica Ou (Sales Manager) | Esally Yi (Senior Sales Manager),"Active workforce rotation at Naturalin Bio-Resources Co., Ltd across R&D & Quality Assurance; engage verified leadership on Botanical extracts and contract formulation capacity."
Nature's Ingredients GmbH,Medium,Contract Manufacturer & CDMO,145,natures.eu,https://www.linkedin.com/company/nature-s,2,1,1,1.4%,ACTIVE WORKFORCE ROTATION,Mark Mi***h (Technical Manufacturing Manager),Retained Core (R&D & Manufacturing),Arjen Ha***n (Senior Buyer) | Mark Mi***h (Technical Manufacturing Manager) | Ragini Pa***r (Founder / Owner 🍷) | Dan Be***l (Venue Manager @ Nature’s Energy | BA (Hons) Media Production) | Bruno La***e (Chief Operating Officer),"R&D (2), Manufacturing (1), Quality Assurance (1)",Mark Mi***h (Technical Manufacturing Manager) | Ragini Pa***r (Founder / Owner 🍷) | Dan Be***l (Venue Manager @ Nature’s Energy | BA (Hons) Media Production),Active workforce rotation at Nature's Ingredients GmbH across R&D & Manufacturing; engage verified leadership on high-purity ingredients and contract formulation capacity.
Nehal Naturals LLP,Medium,Botanical & Herbal Extract Supplier,250,nehalnaturals.com,https://www.linkedin.com/company/nehal-naturals-llp,2,1,1,0.8%,ACTIVE WORKFORCE ROTATION,Samit Ta***a (Managing Director),Retained Core (R&D & Regulatory),Samit Ta***a (Managing Director) | Nehal Bo***a (Director),"R&D (2), Regulatory (1), QA/QC (1)",Samit Ta***a (Managing Director) | Nehal Bo***a (Director),Active workforce rotation at Nehal Naturals LLP across R&D & Regulatory; engage verified leadership on Botanical extracts and contract formulation capacity.
Neupert Ingredients KG,Medium,Contract Manufacturer & CDMO,145,neupert-ingredients.de,https://www.linkedin.com/company/neupert,2,1,1,1.4%,ACTIVE WORKFORCE ROTATION,Oliver Re***f (Sales Manager),Retained Core (QA/QC & R&D),Alexei Ju***z (Prokurist bei Neupert Ingredients KG) | Sabine Ju***z (Managing Partner) | Karolina Ma***k (Vertriebsassistentin/Marketing) | Peggy Se***l (Accounting) | Oliver Re***f (Sales Manager),"QA/QC (2), R&D (1), Sales (1)",Oliver Re***f (Sales Manager),Active workforce rotation at Neupert Ingredients KG across QA/QC & R&D; engage verified leadership on Food ingredients and contract formulation capacity.
Niagen Bioscience,Medium,Contract Manufacturer & CDMO,145,niagenbioscience.com,https://www.linkedin.com/company/niagen-bioscience,2,1,1,1.4%,ACTIVE WORKFORCE ROTATION,"Shelby St***d (Manager, New Product Innovation)",Retained Core (R&D & Regulatory),"Kristin Pa***k (Board Member) | Yasmeen Nk***e (Consultant) | Shelby St***d (Manager, New Product Innovation) | Albert Re***t (VP Qa/qo/pmo) | Derek Co***r (Senior Director of Product Development and Marketing)","R&D (2), Regulatory (1), QA/QC (1)","Shelby St***d (Manager, New Product Innovation) | Albert Re***t (VP Qa/qo/pmo) | Derek Co***r (Senior Director of Product Development and Marketing)",Active workforce rotation at Niagen Bioscience across R&D & Regulatory; engage verified leadership on Branded ingredients and contract formulation capacity.
Nitta Gelatin NA Inc.,Large,Contract Manufacturer & CDMO,860,nitta-gelatin.com,https://www.linkedin.com/company/nitta-gelatin-na,3,1,2,0.3%,ACTIVE WORKFORCE ROTATION,Rohit Ku***i (Project Manager),Retained Core (Regulatory & QA/QC),"Rohit Ku***i (Project Manager) | Leo Ma***g (Director of Sales and Marketing) | Herry Ka***o (Lead, Learning and Development) | Gianni D'***o (Sales Manager) | Daniele Co***i (Sales Manager)","Regulatory (3), QA/QC (2), R&D (1)",Rohit Ku***i (Project Manager) | Leo Ma***g (Director of Sales and Marketing) | Gianni D'***o (Sales Manager),Active workforce rotation at Nitta Gelatin NA Inc. across Regulatory & QA/QC; engage verified leadership on Gelatin and contract formulation capacity.
NiuSource Inc.,Small,Contract Manufacturer & CDMO,51,niusource.com,https://www.linkedin.com/company/niusource,1,1,0,2.0%,TARGETED STRATEGIC HIRING,"Katherine Sa***r (Manager, Business Development)",Retained Core (Sales & R&D),"Katherine Sa***r (Manager, Business Development) | Tony Lu***a (Director of Sales) | Sonam La***e (Marketing Asscoiate) | Linda Lin (General Manager) | Citlali Na***o (Business Development Manager Mexico & Latinamerica)","Sales (1), R&D (1), QA/QC (1)","Katherine Sa***r (Manager, Business Development) | Tony Lu***a (Director of Sales) | Linda Lin (General Manager)",Active workforce rotation at NiuSource Inc. across Sales & R&D; engage verified leadership on Food ingredients and contract formulation capacity.
Nordgetreide GmbH & Co. KG,Large,Nutraceutical Packaging Specialist,600,nordgetreide.de,https://www.linkedin.com/company/nordgetreide,3,1,2,0.5%,ACTIVE WORKFORCE ROTATION,Laurens Sp***n (Head of Expansion / Leiter Expansion),Retained Core (R&D & Quality Assurance),Laurens Sp***n (Head of Expansion / Leiter Expansion) | Yasmin Wo***n (Recruiterin) | Sven Ra***r (IT Management) | Jan-Hendrik Ma***g (Director Marketing & New Business) | Jan Pl***k (Sprecher der Geschäftsführung),"R&D (3), Quality Assurance (2), Production Management (1)",Laurens Sp***n (Head of Expansion / Leiter Expansion) | Jan-Hendrik Ma***g (Director Marketing & New Business),Active workforce rotation at Nordgetreide GmbH & Co. KG across R&D & Quality Assurance; engage verified leadership on Food ingredients and contract formulation capacity.
Nordmann Rassmann GmbH,Large,Contract Manufacturer & CDMO,586,nordmannrassmann.com,https://www.linkedin.com/company/nordmann-rassmann,3,1,2,0.5%,ACTIVE WORKFORCE ROTATION,Gerald Wu***h (Head of Finance & Controlling),Retained Core (Regulatory & QA/QC),Gerald Wu***h (Head of Finance & Controlling) | Katalin Na***y (Accountant) | Adina Pe***u (Purchasing and Distribution Supervisor) | Ingrid Ne***n (Business Partner Tax & Accounting) | Dana Ru***u (Communication Expert & Sales Development Manager),"Regulatory (3), QA/QC (2), R&D (1)",Gerald Wu***h (Head of Finance & Controlling) | Dana Ru***u (Communication Expert & Sales Development Manager),"Active workforce rotation at Nordmann Rassmann GmbH across Regulatory & QA/QC; engage verified leadership on Food ingredients,Speciality chemicals and contract formulation capacity."
Novella,Medium,Contract Manufacturer & CDMO,145,novella.com,https://www.linkedin.com/company/novella,2,1,1,1.4%,ACTIVE WORKFORCE ROTATION,Antonio De***o (Chief Executive Officer),Retained Core (R&D & Sales),Antonio De***o (Chief Executive Officer) | Roberto Pi***o (Technician) | Massimiliano Tr***e (Technical Superintendent) | Shimrit Ba***l (Co-Founder & Chief Technology Officer) | Michael Ri***y (Mr. cra),"R&D (2), Sales (1), QA/QC (1)",Antonio De***o (Chief Executive Officer) | Shimrit Ba***l (Co-Founder & Chief Technology Officer),Active workforce rotation at Novella across R&D & Sales; engage verified leadership on high-purity ingredients and contract formulation capacity.
"NuAxon Bioscience, Inc.",Medium,Contract Manufacturer & CDMO,145,nuaxon.com,https://www.linkedin.com/company/nuaxon-bioscience,2,1,1,1.4%,ACTIVE WORKFORCE ROTATION,Megan Sc***r (Customer Outreach and Communications Manager),Retained Core (R&D & Regulatory),Terry Sm***h (Sales Assistant) | Tena Ed***s (CFO) | Megan Sc***r (Customer Outreach and Communications Manager) | Katie Ed***s (Sales Representative) | Kushal In***r (Quality Assurance),"R&D (2), Regulatory (1), QA/QC (1)",Megan Sc***r (Customer Outreach and Communications Manager) | Jennifer Ul***d (Creative Director),"Active workforce rotation at NuAxon Bioscience, Inc. across R&D & Regulatory; engage verified leadership on Branded ingredients and contract formulation capacity."
NuLiv Science,Large,Contract Manufacturer & CDMO,146000,nulivscience.com,https://www.linkedin.com/company/nuliv-science,3,1,2,0.0%,ACTIVE WORKFORCE ROTATION,"Luis Go***z (Vice President of Sales, USA)",Retained Core (Regulatory & QA/QC),"Luis Go***z (Vice President of Sales, USA) | Richard Wa***g (Chief Executive Officer) | Mark Bu***m (Business Development) | Komal Az***m (Social Media Manager and Planner) | Dillon Me***a (Business Development)","Regulatory (3), QA/QC (2), R&D (1)","Luis Go***z (Vice President of Sales, USA) | Richard Wa***g (Chief Executive Officer) | Komal Az***m (Social Media Manager and Planner)",Active workforce rotation at NuLiv Science across Regulatory & QA/QC; engage verified leadership on Branded ingredients and contract formulation capacity.
NuTek Natural Ingredients,Small,Contract Manufacturer & CDMO,53,nuteknatural.com,https://www.linkedin.com/company/nutek-natural,1,1,0,1.9%,TARGETED STRATEGIC HIRING,Brook We***s (Accounting Manager),Retained Core (R&D & Manufacturing),"Scott Ke***s (Global Product Portfolio Executive) | Derrick Wh***e (PhD) | Brook We***s (Accounting Manager) | Dana We***t (HR Manager) | Tom Ma***l (Co-founder, CEO & Chairman)","R&D (1), Manufacturing (1), Sales (1)","Brook We***s (Accounting Manager) | Dana We***t (HR Manager) | Tom Ma***l (Co-founder, CEO & Chairman)",Active workforce rotation at NuTek Natural Ingredients across R&D & Manufacturing; engage verified leadership on Food ingredients and contract formulation capacity.
Nufarm Nutritional,Large,Contract Manufacturer & CDMO,1600,nuseed.com,https://www.linkedin.com/company/nufarm,3,1,2,0.2%,ACTIVE WORKFORCE ROTATION,Scott Po***r (Global Lead - Commercial Capabilities & Strategic Planning),Retained Core (Regulatory & QA/QC),Ken He***d (Global Talent Acquisition | Executive Recruiter) | Scott Po***r (Global Lead - Commercial Capabilities & Strategic Planning) | Tim Hi***n (Bioprocessing Technology Director) | Kenneth Ba***m (Regional General Manager) | Mykola Sh***a (Acting Director),"Regulatory (3), QA/QC (2), R&D (1)",Tim Hi***n (Bioprocessing Technology Director) | Kenneth Ba***m (Regional General Manager) | Mykola Sh***a (Acting Director),Active workforce rotation at Nufarm Nutritional across Regulatory & QA/QC; engage verified leadership on Branded ingredients and contract formulation capacity.
Nuritas,Small,Finished Dietary Supplement Brand,51,nuritas.com,https://www.linkedin.com/company/nuritas,1,1,0,2.0%,TARGETED STRATEGIC HIRING,Varun Ka***a (Business Development Director),Retained Core (R&D & Bioinformatics),Varun Ka***a (Business Development Director) | Alberto Fe***n (Business Development Manager) | Rizwan Kh***n (Head of Americas / Asia / ROW) | Jenelle Be***n (Business Development Director) | Conor Wa***e (Group CFO),"R&D (1), Bioinformatics (1), Computer Science (1)",Varun Ka***a (Business Development Director) | Alberto Fe***n (Business Development Manager) | Rizwan Kh***n (Head of Americas / Asia / ROW),"Active workforce rotation at Nuritas across R&D & Bioinformatics; engage verified leadership on Branded ingredients,Peptides and contract formulation capacity."
NutraShure,Medium,Contract Manufacturer & CDMO,145,nutrashure.com,https://www.linkedin.com/company/nutrashure,3,2,1,2.1%,ACTIVE WORKFORCE ROTATION,Active Hiring: Regulatory Scientist | Quality Analyst,Retained Core (Regulatory & QA/QC),Regulatory Scientist (NutraShure) | Quality Analyst (NutraShure) | Research & Development Scientist (NutraShure) | Sales Manager (NutraShure),"Regulatory (3), QA/QC (2), R&D (1)",Sales Manager (NutraShure),Active workforce rotation at NutraShure across Regulatory & QA/QC; engage verified leadership on Branded ingredients and contract formulation capacity.
Nutrainno USA Inc.,Medium,Contract Manufacturer & CDMO,200,nutrainno.com,https://www.linkedin.com/company/nutrainno,2,1,1,1.0%,ACTIVE WORKFORCE ROTATION,"Gabrielle Ho***n (Senior Sales Manager | Nutraceutical Raw Materials (Commodity & Branded) | B2B Sales to Brands & CoMans | R&D, Procurement, Supply Chain)",Retained Core (R&D & Regulatory),"Jack Lin (Nutritional Ingredients Supplier) | Gabrielle Ho***n (Senior Sales Manager | Nutraceutical Raw Materials (Commodity & Branded) | B2B Sales to Brands & CoMans | R&D, Procurement, Supply Chain) | Michael So***s (Sales Manager) | Cecilia Wu (Marketing Manager)","R&D (2), Regulatory (1), QA/QC (1)","Gabrielle Ho***n (Senior Sales Manager | Nutraceutical Raw Materials (Commodity & Branded) | B2B Sales to Brands & CoMans | R&D, Procurement, Supply Chain) | Michael So***s (Sales Manager) | Cecilia Wu (Marketing Manager)","Active workforce rotation at Nutrainno USA Inc. across R&D & Regulatory; engage verified leadership on Branded,Botanical,Nutritional and contract formulation capacity."
"Nutraland USA, Inc.",Medium,Contract Manufacturer & CDMO,145,nutralandusa.com,https://www.linkedin.com/company/nutraland,2,1,1,1.4%,ACTIVE WORKFORCE ROTATION,Gene Br***o (Chief Scientific Officer),Retained Core (R&D & Manufacturing),Gene Br***o (Chief Scientific Officer) | Charles D'***o (Executive Vice President of Sales) | Sanying Xu (President) | Ling Lin (Co-Owner),"R&D (2), Manufacturing (1), Sales (1)",Gene Br***o (Chief Scientific Officer) | Charles D'***o (Executive Vice President of Sales) | Sanying Xu (President),"Active workforce rotation at Nutraland USA, Inc. across R&D & Manufacturing; engage verified leadership on Branded ingredeints and contract formulation capacity."
"Nutrasorb, LLC",Small,Contract Manufacturer & CDMO,2,nutrasorb.com,https://www.linkedin.com/company/nutrasorb,1,1,0,5.0%,TARGETED STRATEGIC HIRING,Active Hiring: Research Scientist | Regulatory Affairs Specialist,Retained Core (R&D & Regulatory),"Research Scientist (Nutrasorb, LLC) | Regulatory Affairs Specialist (Nutrasorb, LLC) | Quality Control Analyst (Nutrasorb, LLC) | Sales Representative (Nutrasorb, LLC)","R&D (1), Regulatory (1), QA/QC (1)",Active Department Leadership: Research Scientist,"Active workforce rotation at Nutrasorb, LLC across R&D & Regulatory; engage verified leadership on Botanicall extracts and contract formulation capacity."
Nutrativa Global,Medium,Contract Manufacturer & CDMO,145,nutrativaglobal.com,https://www.linkedin.com/company/nutrativa,2,1,1,1.4%,ACTIVE WORKFORCE ROTATION,Gina Kr***r (Director of Quality),Retained Core (Regulatory & QA/QC),"Gina Kr***r (Director of Quality) | Todd He***g (President, Consumer Products Group) | Liiban Hu***n (Nutrition Assistant) | Tim He***g (Owner) | Matt He***g (Business Development Manager)","Regulatory (2), QA/QC (1), R&D (1)","Gina Kr***r (Director of Quality) | Todd He***g (President, Consumer Products Group) | Matt He***g (Business Development Manager)","Active workforce rotation at Nutrativa Global across Regulatory & QA/QC; engage verified leadership on Nutritional ingredients,Branded ingredients and contract formulation capacity."
"NutriFusion, LLC",Medium,Contract Manufacturer & CDMO,145,nutrifusion.com,https://www.linkedin.com/company/nutrifusion,2,1,1,1.4%,ACTIVE WORKFORCE ROTATION,"Judi Jo***s (Director of Sales at NutriFusion, LLC)",Retained Core (Regulatory & QA/QC),"Judi Jo***s (Director of Sales at NutriFusion, LLC) | Carrie Po***k (Director of Business Development) | William Gr***d (President/CEO) | Audrey Ca***r (Senior Sales Manager) | Myra Ma***y (Executive Vice President)","Regulatory (2), QA/QC (1), R&D (1)","Judi Jo***s (Director of Sales at NutriFusion, LLC) | Carrie Po***k (Director of Business Development) | William Gr***d (President/CEO)","Active workforce rotation at NutriFusion, LLC across Regulatory & QA/QC; engage verified leadership on Nutrition ingredients blends and contract formulation capacity."
NutriLeads,Medium,Contract Manufacturer & CDMO,145,nutrileads.com,https://www.linkedin.com/company/nutrileads,2,1,1,1.4%,ACTIVE WORKFORCE ROTATION,"Boi Re***r (Business Development & Growth Leader | Emea/latam | Ingredients, Flavours & Nutrition | Commercial Strategy | New Market Expansion)",Retained Core (R&D & QA/QC),"Boi Re***r (Business Development & Growth Leader | Emea/latam | Ingredients, Flavours & Nutrition | Commercial Strategy | New Market Expansion) | Marie-Jose He***s (Quality Assurance and Regulatory Affairs Manager) | Jan Jo***a (Executive Director, Board Member) | Jethro Be***m (Co-Founder) | Manoj Bam (Team Coordinator)","R&D (2), QA/QC (1), Regulatory (1)","Marie-Jose He***s (Quality Assurance and Regulatory Affairs Manager) | Jan Jo***a (Executive Director, Board Member) | Jethro Be***m (Co-Founder)",Active workforce rotation at NutriLeads across R&D & QA/QC; engage verified leadership on Branded ingredients and contract formulation capacity.
NutriOriginal Corp.,Medium,Contract Manufacturer & CDMO,145,nutrioriginal.com,https://www.linkedin.com/company/nutrioriginal,2,1,1,1.4%,ACTIVE WORKFORCE ROTATION,"Dave Mo***n (Turning Product Differentiation Into Commercial momentum.“I Enjoy Working at the Intersection of Strategy, Product, and People, Where Thoughtful Decisions Lead to Durable Growth.”)",Retained Core (Regulatory & QA/QC),"Gonzalo Zi***i (CEO) | Dave Mo***n (Turning Product Differentiation Into Commercial momentum.“I Enjoy Working at the Intersection of Strategy, Product, and People, Where Thoughtful Decisions Lead to Durable Growth.”) | Mireia Ac***a (Business Development Manager in Europe) | Sean Mc***y (Commercial Director) | Paula Mo***a (Quality Management)","Regulatory (2), QA/QC (1), R&D (1)",Gonzalo Zi***i (CEO) | Mireia Ac***a (Business Development Manager in Europe) | Sean Mc***y (Commercial Director),"Active workforce rotation at NutriOriginal Corp. across Regulatory & QA/QC; engage verified leadership on Botanical extracts,minerals,branded and contract formulation capacity."
NutriScience Innovations,Medium,Contract Manufacturer & CDMO,145,nutriscienceusa.com,https://www.linkedin.com/company/nutriscience-innovations,2,1,1,1.4%,ACTIVE WORKFORCE ROTATION,Allison Gu***y (Central US/Canada Region Sales Manager),Retained Core (Regulatory & R&D),Allison Gu***y (Central US/Canada Region Sales Manager) | Phil Ga***t (Western Region Account Manager) | Vignesh Na***n (Senior R&D Scientist) | Bill At***n (Senior Vice President of Sales) | Paul Kr***r (Vice President - Corporate Development and Strategy),"Regulatory (2), R&D (1), Sales (1)",Allison Gu***y (Central US/Canada Region Sales Manager) | Phil Ga***t (Western Region Account Manager) | Bill At***n (Senior Vice President of Sales),"Active workforce rotation at NutriScience Innovations across Regulatory & R&D; engage verified leadership on Branded ingredients,Nutritional,Food and contract formulation capacity."
Nutrition21,Small,Contract Manufacturer & CDMO,21,nutrition21.com,https://www.linkedin.com/company/nutrition21,1,1,0,4.8%,TARGETED STRATEGIC HIRING,Bryson Ro***o (Senior Sales and Business Development Manager - Everwell Health),Retained Core (Regulatory & QA/QC),Bryson Ro***o (Senior Sales and Business Development Manager - Everwell Health) | Volkan Er***n (Chief Growth Officer) | Erika Ha***y (Key Account Manager) | Stephen Ro***n (Chief Executive Officer) | Shirley Fu***s (Inside Sales & Customer Service Manager | Revenue Growth | Sales Operations | Customer Experience),"Regulatory (1), QA/QC (1), R&D (1)",Bryson Ro***o (Senior Sales and Business Development Manager - Everwell Health) | Volkan Er***n (Chief Growth Officer) | Erika Ha***y (Key Account Manager),Active workforce rotation at Nutrition21 across Regulatory & QA/QC; engage verified leadership on Branded ingredients and contract formulation capacity.
Naehr Engel GmbH,Medium,Contract Manufacturer & CDMO,201,naehrengel.com,https://www.linkedin.com/company/naehr-engel,2,1,1,1.0%,ACTIVE WORKFORCE ROTATION,Anne Ma***u (Export Sales and Marketing Director),Retained Core (R&D & Production),Karl Ma***r (Self-employed Entrepreneur) | Alexander Ro***r (IT System Administrator) | Burhan Ha***u (Junior Process Engineer) | Ingo Ha***t (Leiter Produktentwicklung) | Anne Ma***u (Export Sales and Marketing Director),"R&D (2), Production (1), Sales (1)",Anne Ma***u (Export Sales and Marketing Director),Active workforce rotation at Naehr Engel GmbH across R&D & Production; engage verified leadership on Food ingredients(Potato) and contract formulation capacity.
OPW Ingredients GmbH,Small,Contract Manufacturer & CDMO,23,opw-ingredients.com,https://www.linkedin.com/company/opw,1,1,0,4.3%,TARGETED STRATEGIC HIRING,Stuart Br***r (Managing Director / CCO),Retained Core (R&D & QA/QC),Stuart Br***r (Managing Director / CCO) | David Vi***f (Supply Chain Management) | Sebastian Fe***a (Business Development Manager) | Clara Ka***s (Intern) | Matthias He***n (Sales Specialist),"R&D (1), QA/QC (1), Regulatory (1)",Stuart Br***r (Managing Director / CCO) | Sebastian Fe***a (Business Development Manager),"Active workforce rotation at OPW Ingredients GmbH across R&D & QA/QC; engage verified leadership on Food ingredients,Branded and contract formulation capacity."
Ohly GmbH,Medium,Contract Manufacturer & CDMO,145,ohly.com,https://www.linkedin.com/company/ohly,2,1,1,1.4%,ACTIVE WORKFORCE ROTATION,Raphael Le***e (Global Innovations Director),Retained Core (R&D & Sales),Jessica Ra***e (CFO Americas) | Raphael Le***e (Global Innovations Director) | Paniti Ob***e (Tehnical Sales Manager - APAC) | Ralf Fi***k (CEO) | Lene Kr***e (Global HR & Sustainability Director),"R&D (2), Sales (1), QA/QC (1)",Raphael Le***e (Global Innovations Director) | Paniti Ob***e (Tehnical Sales Manager - APAC) | Ralf Fi***k (CEO),Active workforce rotation at Ohly GmbH across R&D & Sales; engage verified leadership on Food ingredients and contract formulation capacity.
OmniActive Health Technologies,Medium,Contract Manufacturer & CDMO,400,omniactives.com,https://www.linkedin.com/company/omniactive-health,2,1,1,0.5%,ACTIVE WORKFORCE ROTATION,Mithilesh Tr***i (Vice President - QA & QC at OmniActive Health Technologies Ltd.),Retained Core (R&D & Sales),Mithilesh Tr***i (Vice President - QA & QC at OmniActive Health Technologies Ltd.) | Sanjaya Ma***a (Executive Chairman & Managing Director) | Sarang Ra***e (Procurement Director) | Sumit Pa***l (Senior Director) | Kapil Ah***a (Chief Financial Officer),"R&D (2), Sales (1), Marketing (1)",Mithilesh Tr***i (Vice President - QA & QC at OmniActive Health Technologies Ltd.) | Sanjaya Ma***a (Executive Chairman & Managing Director) | Sarang Ra***e (Procurement Director),"Active workforce rotation at OmniActive Health Technologies across R&D & Sales; engage verified leadership on Natural  extracts,Branded and contract formulation capacity."
Omya,Large,Contract Manufacturer & CDMO,9000,omya.com,https://www.linkedin.com/company/omya,3,1,2,0.0%,ACTIVE WORKFORCE ROTATION,Ricard Sa***o (Program Manager),Retained Core (R&D & Sales),"Ricard Sa***o (Program Manager) | Jorge Pe***z (Plant General Manager) | Valber Sa***s (Health Safety Environment Officer) | Philippe Le***e (Sales Director Western Europe, Middle East and Africa) | Agustina Ta***i (HR Business Partner)","R&D (3), Sales (2), Engineering (1)","Ricard Sa***o (Program Manager) | Jorge Pe***z (Plant General Manager) | Philippe Le***e (Sales Director Western Europe, Middle East and Africa)","Active workforce rotation at Omya across R&D & Sales; engage verified leadership on Minerals,General ingredients and contract formulation capacity."
"Orgenetics, Inc.",Small,Contract Manufacturer & CDMO,2,orgenetics.com,https://www.linkedin.com/company/orgenetics,1,1,0,5.0%,TARGETED STRATEGIC HIRING,Daisy Se***o (Office Manager),Retained Core (Regulatory & QA/QC),Asmita Ma***i (Strategy Business Development) | Dolly Ma***i (CEO) | Daisy Se***o (Office Manager) | Valerie Es***l (Executive Assistant) | Lexie Me***z (Executive Assistant),"Regulatory (1), QA/QC (1), R&D (1)",Dolly Ma***i (CEO) | Daisy Se***o (Office Manager),"Active workforce rotation at Orgenetics, Inc. across Regulatory & QA/QC; engage verified leadership on Branded ingredients and contract formulation capacity."
Ovobest,Medium,Contract Manufacturer & CDMO,145,ovobest.com,https://www.linkedin.com/company/ovobest,2,1,1,1.4%,ACTIVE WORKFORCE ROTATION,Carsten Fr***e (Managing Director),Retained Core (Sales & R&D),Bernard Sc***e (Leiter F + E) | Carsten Fr***e (Managing Director) | Daniel Fe***a (Versandabteilung) | Matthias Ho***p (Managing Director) | Klaus Mi***e (QMB),"Sales (2), R&D (1), Production (1)",Carsten Fr***e (Managing Director) | Matthias Ho***p (Managing Director),Active workforce rotation at Ovobest across Sales & R&D; engage verified leadership on Food ingredients and contract formulation capacity.
PLT Health Solutions,Medium,Contract Manufacturer & CDMO,145,plthealth.com,https://www.linkedin.com/company/plt-health,2,1,1,1.4%,ACTIVE WORKFORCE ROTATION,Devin Stagg (President) [https://news.google.com/rss/articles/CBMiogFBVV95cUxOYktXWF9EZXRCZ0J0RXBqdGNHQ3I2NG13X0N0cVp3TmpFUnluQ1FISmRwTlNybFRXSjFCR1R6Ul9jY0J4QXh1a2NjODlhODlkVnktdjMtV2JDZzlpMDdqS3JNTThxa25nY0JqS3hicnRadGFvY19VSnY3bW44ME9hQkN5RkFNRmhUbjFUMnliNDNKOTN2WUdkVzZSS1NHODl6RGc?oc=5],Retained Core (Regulatory & QA/QC),"Pritesh Sh***y (Director of Business Development- Asia Pacific) | Joe We***s (Natural Products Executive) | Sid Hu***e (Vice President, Product Development) | Jeremy Ap***n (Director of Medical & Scientific Affairs) | Sean Ro***n (Associate Director)","Regulatory (2), QA/QC (1), R&D (1)","Pritesh Sh***y (Director of Business Development- Asia Pacific) | Sid Hu***e (Vice President, Product Development) | Jeremy Ap***n (Director of Medical & Scientific Affairs)","Active workforce rotation at PLT Health Solutions across Regulatory & QA/QC; engage verified leadership on Branded ingredients,Nutritional and contract formulation capacity."
PNF Ingredients GmbH,Medium,Contract Manufacturer & CDMO,145,pnf-ingredients.com,https://www.linkedin.com/company/pnf,2,1,1,1.4%,ACTIVE WORKFORCE ROTATION,Mehmet Ak***l (International Sales & Sourcing Manager),Retained Core (Regulatory & QA/QC),Mehmet Ak***l (International Sales & Sourcing Manager) | Nicolas Fa***e (Founder and Architect) | Cedric Lu***s (Software Engineer) | Harkanwal Ka***g (Dispatch Manager) | Pnf None (Office Manager),"Regulatory (2), QA/QC (1), R&D (1)",Mehmet Ak***l (International Sales & Sourcing Manager) | Nicolas Fa***e (Founder and Architect) | Harkanwal Ka***g (Dispatch Manager),"Active workforce rotation at PNF Ingredients GmbH across Regulatory & QA/QC; engage verified leadership on Food,Nutrition,Chemical and contract formulation capacity."
PROBIOTICAL S.P.A.,Medium,Contract Manufacturer & CDMO,145,probiotical.com,https://www.linkedin.com/company/probiotical-s-p-a,2,1,1,1.4%,ACTIVE WORKFORCE ROTATION,Francesco Gi***o (Sales Director),Retained Core (R&D & Regulatory),Vera Mo***a (CEO) | Francesco Gi***o (Sales Director) | Lucia Ba***a (Marketing Manager) | Laura Ro***o (Area Sales Manager) | Lys Ag***r (Latin America & Iberian Peninsula Sales Executive),"R&D (2), Regulatory (1), QA/QC (1)",Vera Mo***a (CEO) | Francesco Gi***o (Sales Director) | Lucia Ba***a (Marketing Manager),Active workforce rotation at PROBIOTICAL S.P.A. across R&D & Regulatory; engage verified leadership on Probiotics and contract formulation capacity.
PURIS,Medium,Contract Manufacturer & CDMO,175,purisfoods.com,https://www.linkedin.com/company/puris,2,1,1,1.1%,ACTIVE WORKFORCE ROTATION,Lauren Ho***d (Chief of Staff),Retained Core (R&D & Engineering),Tyler Lo***n (CEO) | Lauren Ho***d (Chief of Staff) | Pratiti Na***r (Market Research & Sales Consultant) | Jordan At***n (President) | Allyson Ho***z (Director of Global Sales),"R&D (2), Engineering (1), Sales (1)",Tyler Lo***n (CEO) | Lauren Ho***d (Chief of Staff) | Jordan At***n (President),Active workforce rotation at PURIS across R&D & Engineering; engage verified leadership on Food ingredients and contract formulation capacity.
Evonik,Large,Contract Manufacturer & CDMO,31000,evonik.com,https://www.linkedin.com/company/evonik,3,1,2,0.0%,ACTIVE WORKFORCE ROTATION,Markus Ha***g (Vice President - Head of Global Commercial Processes & Region EMEA Catalysts),Retained Core (R&D & Sales),"Markus Ha***g (Vice President - Head of Global Commercial Processes & Region EMEA Catalysts) | Santosh Ye***i (Head of Strategic Business Projects) | Joseph Ad***r (Environmental, Health, Safety, and Security Manager) | Shailendra Si***h (Head Sales and Marketing - APAC(Inc Greater China & ANZ)) | Jack Ca***l (Production Engineering Manager)","R&D (3), Sales (2), Engineering (1)","Markus Ha***g (Vice President - Head of Global Commercial Processes & Region EMEA Catalysts) | Santosh Ye***i (Head of Strategic Business Projects) | Joseph Ad***r (Environmental, Health, Safety, and Security Manager)",Active workforce rotation at Evonik across R&D & Sales; engage verified leadership on All ingredients and contract formulation capacity.
Page by Worlée-Chemie,Large,Contract Manufacturer & CDMO,28000,worlee.com,https://www.linkedin.com/company/page,3,1,2,0.0%,ACTIVE WORKFORCE ROTATION,Stefan Ko***h (Managing Director),Retained Core (Regulatory & QA/QC),"Stefan Ko***h (Managing Director) | Stefan Re***r (Prokurist Einkauf und Vertrieb Konventionelle Gewürze) | Cesar Ca***e (Hamburg) | Stella Of***n (Purchase and Productmanagement Mushrooms, Garlic and Onions) | Tobias Bl***e (Key-Account-Manager)","Regulatory (3), QA/QC (2), R&D (1)",Stefan Ko***h (Managing Director) | Tobias Bl***e (Key-Account-Manager) | Gassia Ah***s (Sales & Key Account Manager),Active workforce rotation at Page by Worlée-Chemie across Regulatory & QA/QC; engage verified leadership on All ingredients and contract formulation capacity.
Palsgaard A/S,Large,Contract Manufacturer & CDMO,800,palsgaard.com,https://www.linkedin.com/company/palsgaard-a-s,3,1,2,0.4%,ACTIVE WORKFORCE ROTATION,Keyur Up***y (Head- Distribution Sales India),Retained Core (R&D & Sales),Keyur Up***y (Head- Distribution Sales India) | Claus Ch***n (Global IT) | Tania Mo***n (Technical Sales Representative) | Helle Pe***n (Chief Executive Officer) | Ole Al***n (CFO),"R&D (3), Sales (2), Technical Sales (1)",Keyur Up***y (Head- Distribution Sales India) | Helle Pe***n (Chief Executive Officer) | Claus La***n (Chief Commercial Officer (CCO) - Global),Active workforce rotation at Palsgaard A/S across R&D & Sales; engage verified leadership on Food Ingredients and contract formulation capacity.
Paradigm Science Inc,Small,Cosmetic ingredients Supplier,45,paradigmscience.com,https://www.linkedin.com/company/paradigm-science,1,1,0,2.2%,TARGETED STRATEGIC HIRING,Jenna Wa***s (Midwest Account Manager),Retained Core (Regulatory & QA/QC),Michael Ma***g (President & CEO) | Jenna Wa***s (Midwest Account Manager) | Denise Le***n (Regulatory Affairs and Quality Compliance Manager) | Tyler Re***e (Artist | Marketing Director) | Dianne Ga***r (Office Manager),"Regulatory (1), QA/QC (1), R&D (1)",Michael Ma***g (President & CEO) | Jenna Wa***s (Midwest Account Manager) | Denise Le***n (Regulatory Affairs and Quality Compliance Manager),Active workforce rotation at Paradigm Science Inc across Regulatory & QA/QC; engage verified leadership on Cosmetic ingredients and contract formulation capacity.
PharmaSuisse Laboratories,Medium,Contract Manufacturer & CDMO,145,pharmasuisse.it,https://www.linkedin.com/company/pharmasuisse,2,1,1,1.4%,ACTIVE WORKFORCE ROTATION,Francesco Sc***a (Area Manager),Retained Core (R&D & Regulatory Affairs),Francesco Sc***a (Area Manager) | Patrizia Gi***o (Area Manager) | Costanza Ei***n (Chief Executive Officer) | Federico Bi***i (Drug Scientific Informer) | Carlo Ei***n (President),"R&D (2), Regulatory Affairs (1), Quality Assurance/Control (1)",Francesco Sc***a (Area Manager) | Patrizia Gi***o (Area Manager) | Costanza Ei***n (Chief Executive Officer),Active workforce rotation at PharmaSuisse Laboratories across R&D & Regulatory Affairs; engage verified leadership on high-purity ingredients and contract formulation capacity.
Pharmachem Innovations,Medium,Contract Manufacturer & CDMO,201,pharmachem.com,https://www.linkedin.com/company/pharmachem-innovations,2,1,1,1.0%,ACTIVE WORKFORCE ROTATION,Suleiman Is***l (Responsible Pharmacist and QA Head),Retained Core (Regulatory & QA/QC),Suleiman Is***l (Responsible Pharmacist and QA Head) | Tyler Ma***y (Finance Manager) | Mark En***o (Site Quality Manager) | Zinhle Ch***e (Pharmacist Intern) | Mukesh Pa***l (Quality Control),"Regulatory (2), QA/QC (1), R&D (1)",Suleiman Is***l (Responsible Pharmacist and QA Head) | Tyler Ma***y (Finance Manager) | Mark En***o (Site Quality Manager),Active workforce rotation at Pharmachem Innovations across Regulatory & QA/QC; engage verified leadership on Branded Ingredients and contract formulation capacity.
Pharmako Biotechnologies Pty Ltd,Medium,Contract Manufacturer & CDMO,145,pharmako.com.au,https://www.linkedin.com/company/pharmako-biotechnologies-pty,2,1,1,1.4%,ACTIVE WORKFORCE ROTATION,Eric Me***m (Co-founder / Commercial Director),Retained Core (R&D & Manufacturing),Eric Me***m (Co-founder / Commercial Director) | Frank Ba***o (Chief Commercial Officer (CCO)) | Irene Ky***s (Sales Manager ANZ) | George Ko***s (CEO) | Jon At***s (Group Manager - Quality Assurance and Regulatory Affairs),"R&D (2), Manufacturing (1), QA/QC (1)",Eric Me***m (Co-founder / Commercial Director) | Frank Ba***o (Chief Commercial Officer (CCO)) | Irene Ky***s (Sales Manager ANZ),Active workforce rotation at Pharmako Biotechnologies Pty Ltd across R&D & Manufacturing; engage verified leadership on Branded Ingredients and contract formulation capacity.
Phyto Life Sciences Pvt. Ltd.,Small,Contract Manufacturer & CDMO,1,plpl.in,https://www.linkedin.com/company/phyto-life-sciences,1,1,0,5.0%,TARGETED STRATEGIC HIRING,Anjali Ma***e (Research and Development Scientist),Retained Core (R&D & Manufacturing),Anjali Ma***e (Research and Development Scientist) | Mrinmoy J (Junior Clinical Trial and Research Executive) | Hemil Sh***h (Managing Director) | Pushkar Bo***e (Research and Development Scientist) | Vishal S (Account Executive),"R&D (1), Manufacturing (1), Quality Assurance/Quality Control (1)",Hemil Sh***h (Managing Director),"Active workforce rotation at Phyto Life Sciences Pvt. Ltd. across R&D & Manufacturing; engage verified leadership on Botanical extracts,Branded ingredients and contract formulation capacity."
Phytokana Ingredients Inc.,Medium,Contract Manufacturer & CDMO,145,phytokana.com,https://www.linkedin.com/company/phytokana,2,1,1,1.4%,ACTIVE WORKFORCE ROTATION,Tyler Ar***t (Chief Operating Officer),Retained Core (R&D & Engineering),"Chris Th***l (Founder, President & CEO) | Tyler Ar***t (Chief Operating Officer) | Drew Sh***p (Vice President, Business Development) | Martin Vo***l (Vice President, Finance & Treasurer) | Parisa Fa***i (Board Member-Independent Director)","R&D (2), Engineering (1), Operations (1)","Chris Th***l (Founder, President & CEO) | Tyler Ar***t (Chief Operating Officer) | Drew Sh***p (Vice President, Business Development)",Active workforce rotation at Phytokana Ingredients Inc. across R&D & Engineering; engage verified leadership on Food ingredients and contract formulation capacity.
Plant Lipids,Medium,Contract Manufacturer & CDMO,145,plantlipids.com,https://www.linkedin.com/company/plant-lipids,2,1,1,1.4%,ACTIVE WORKFORCE ROTATION,Pranoy Pa***l (Manager Human Resources),Retained Core (R&D & Sales),Shankalp Sh***a (Officer-South Asia Business) | Pranoy Pa***l (Manager Human Resources) | Vipin V (Officer - HR & Administration) | Kurian Pa***l (Assistant Manager- HR & Administration) | Basil Ku***e (Information Technology Officer),"R&D (2), Sales (1), QA/QC (1)",Pranoy Pa***l (Manager Human Resources) | Kurian Pa***l (Assistant Manager- HR & Administration) | Dilip Ra***h (Senior Manager International Marketing),"Active workforce rotation at Plant Lipids across R&D & Sales; engage verified leadership on Food,Botanical ,Tea extracts and contract formulation capacity."
Plantex,Medium,Contract Manufacturer & CDMO,100,plantex.fr,https://www.linkedin.com/company/plantex,2,1,1,2.0%,ACTIVE WORKFORCE ROTATION,Stefano Ma***i (General Manager),Retained Core (R&D & Regulatory),Stefano Ma***i (General Manager) | Marc Fl***s (Directeur des Opérations Industrielles) | Frederic Co***n (Responsable R&D Nutraceutique) | Arthur Gh***n (Business Development Manager) | Audrey Ha***y (International Key Account Manager - Food),"R&D (2), Regulatory (1), QA/QC (1)",Stefano Ma***i (General Manager) | Arthur Gh***n (Business Development Manager) | Audrey Ha***y (International Key Account Manager - Food),Active workforce rotation at Plantex across R&D & Regulatory; engage verified leadership on Botanical extracts and contract formulation capacity.
Postbiotics Inc,Small,Contract Manufacturer & CDMO,2,postbioticsinc.com,https://www.linkedin.com/company/postbiotics,1,1,0,5.0%,TARGETED STRATEGIC HIRING,Active Hiring: Research Scientist | Regulatory Affairs Specialist,Retained Core (R&D & Regulatory),Doug Ly***h (CCO and Managing Partner),"R&D (1), Regulatory (1), QA/QC (1)",Active Department Leadership: Research Scientist,Active workforce rotation at Postbiotics Inc across R&D & Regulatory; engage verified leadership on Probiotics ingredients and contract formulation capacity.
Presperse Corporation,Medium,Contract Manufacturer & CDMO,400,presperse.com,https://www.linkedin.com/company/presperse,2,1,1,0.5%,ACTIVE WORKFORCE ROTATION,Joseph Mc***k (Senior Inventory Logistics Manager),Retained Core (R&D & Regulatory),"Joseph Mc***k (Senior Inventory Logistics Manager) | Debra Bu***r (Vice President, Global Marketing) | Lori Ka***z (Vice President Operations) | Azam Ra***i (Senior Account Executive) | Nathen Wa***g (Regional Head Asia)","R&D (2), Regulatory (1), QA/QC (1)","Joseph Mc***k (Senior Inventory Logistics Manager) | Debra Bu***r (Vice President, Global Marketing) | Lori Ka***z (Vice President Operations)",Active workforce rotation at Presperse Corporation across R&D & Regulatory; engage verified leadership on Personal care ingredients and contract formulation capacity.
ProBiotix Health,Medium,Contract Manufacturer & CDMO,145,probiotixhealth.com,https://www.linkedin.com/company/probiotix-health,2,1,1,1.4%,ACTIVE WORKFORCE ROTATION,Hiva Al***r (Head of Scientific Affairs),Retained Core (Regulatory & QA/QC),Hiva Al***r (Head of Scientific Affairs) | Fereshteh Da***h (Associate Professor) | Mads Br***t (Global Supply Chain Director) | Steen An***n (Chief Executive Officer) | Kasper Ho***z (Sales Manager),"Regulatory (2), QA/QC (1), R&D (1)",Hiva Al***r (Head of Scientific Affairs) | Mads Br***t (Global Supply Chain Director) | Steen An***n (Chief Executive Officer),Active workforce rotation at ProBiotix Health across Regulatory & QA/QC; engage verified leadership on Probiotics and contract formulation capacity.
Probionova,Small,Contract Manufacturer & CDMO,11,probionova.com,https://www.linkedin.com/company/probionova,1,1,0,5.0%,TARGETED STRATEGIC HIRING,Marco Bo***o (Research and Development Manager),Retained Core (R&D & Regulatory),Marco Bo***o (Research and Development Manager) | Rupert Fr***k (Business Development Manager) | Carl Fr***k (Business Development Manager),"R&D (1), Regulatory (1), QA/QC (1)",Marco Bo***o (Research and Development Manager) | Rupert Fr***k (Business Development Manager) | Carl Fr***k (Business Development Manager),Active workforce rotation at Probionova across R&D & Regulatory; engage verified leadership on Probiotics and contract formulation capacity.
Prodalim,Medium,food ingredients Supplier,201,prodalim.com,https://www.linkedin.com/company/prodalim,2,1,1,1.0%,ACTIVE WORKFORCE ROTATION,Maor Va***v (Head of Salesforce CRM),Retained Core (R&D & Sales),Maor Va***v (Head of Salesforce CRM) | Shay Kf***r (Global Finance Director) | Gali Ya***m (Head of Sugar Reduction Business Unit) | Racheli Za***h (Chief People Officer) | Valentina Ar***s (Sales Representative Latam – Prodalim),"R&D (2), Sales (1), Marketing (1)",Maor Va***v (Head of Salesforce CRM) | Shay Kf***r (Global Finance Director) | Gali Ya***m (Head of Sugar Reduction Business Unit),Active workforce rotation at Prodalim across R&D & Sales; engage verified leadership on food ingredients and contract formulation capacity.
Protein SA,Medium,Contract Manufacturer & CDMO,145,proteinsa.com,https://www.linkedin.com/company/protein,2,1,1,1.4%,ACTIVE WORKFORCE ROTATION,Geoffroy D'***s (Country Manager Colpropur),Retained Core (R&D & Regulatory),Geoffroy D'***s (Country Manager Colpropur) | Jesus Pl***s (Managing Director) | Vincent Ma***i (Directeur Ventes Nationales) | Jordi So***e (Chief Procurement Officer) | Alessandro Ga***o (Area Manager),"R&D (2), Regulatory (1), QA/QC (1)",Geoffroy D'***s (Country Manager Colpropur) | Jesus Pl***s (Managing Director) | Jordi So***e (Chief Procurement Officer),Active workforce rotation at Protein SA across R&D & Regulatory; engage verified leadership on Collagen and contract formulation capacity.
Provital,Medium,Contract Manufacturer & CDMO,145,weareprovital.com,https://www.linkedin.com/company/provital,2,1,1,1.4%,ACTIVE WORKFORCE ROTATION,Raquel Pa***s (Performance Ingredients Director),Retained Core (R&D & Marketing),Raquel Pa***s (Performance Ingredients Director) | Priscila Ro***a (Diretora de MKT & Inovação) | Cleiton Wi***t (Logistics Coordinator) | Rubi Va***z (Technical and Sales Manager) | Marcin Si***i (Managing Director),"R&D (2), Marketing (1), Sales (1)",Raquel Pa***s (Performance Ingredients Director) | Rubi Va***z (Technical and Sales Manager) | Marcin Si***i (Managing Director),Active workforce rotation at Provital across R&D & Marketing; engage verified leadership on Natural ingredients and contract formulation capacity.
Pure Ingredients,Medium,Contract Manufacturer & CDMO,145,pureingredients.eu,https://www.linkedin.com/company/pure,2,1,1,1.4%,ACTIVE WORKFORCE ROTATION,Rene Va***n (Director of Sales and Marketing),Retained Core (Regulatory & QA/QC),Rene Va***n (Director of Sales and Marketing) | Edgar Ha***n (Manufacturing Manager Halal) | Timo Ve***h (Marketing Manager) | Mariusz Ku***i (IT Technical Application Manager) | Nicole Va***l (Trade Marketeer),"Regulatory (2), QA/QC (1), R&D (1)",Rene Va***n (Director of Sales and Marketing) | Edgar Ha***n (Manufacturing Manager Halal) | Timo Ve***h (Marketing Manager),Active workforce rotation at Pure Ingredients across Regulatory & QA/QC; engage verified leadership on Food ingrrdients and contract formulation capacity.
Puressentiel,Medium,Contract Manufacturer & CDMO,145,puressentiel.se,https://www.linkedin.com/company/puressentiel,2,1,1,1.4%,ACTIVE WORKFORCE ROTATION,Emmanuelle He***s (Global Travel Retail Manager),Retained Core (Regulatory & QA/QC),Emmanuelle He***s (Global Travel Retail Manager) | Sandro Da***n (Directeur Régional Sud-Est) | Gautier Ma***n (Diretor Comercial e de Marketing | Portugal) | Christophe Fa***e (Export & Travel Retail Director) | Dario Co***a (National key Account & E-commerce Manager.),"Regulatory (2), QA/QC (1), R&D (1)",Emmanuelle He***s (Global Travel Retail Manager) | Christophe Fa***e (Export & Travel Retail Director) | Dario Co***a (National key Account & E-commerce Manager.),Active workforce rotation at Puressentiel across Regulatory & QA/QC; engage verified leadership on high-purity ingredients and contract formulation capacity.
QIMEI ORGANIC (QIMEI USA INC),Medium,Contract Manufacturer & CDMO,145,qimeiusa.com,https://www.linkedin.com/company/qimei,2,1,1,1.4%,ACTIVE WORKFORCE ROTATION,Emily Zh***g (Key Account Sales Manager),Retained Core (R&D & QA/QC),Emily Zh***g (Key Account Sales Manager) | Kevin Mi***o (Linkedin) | Robert Lo***z (Sales Representative) | Una Ji (Sales Representative) | Wenlan Zh***g (Manager of Sales),"R&D (2), QA/QC (1), Regulatory (1)",Emily Zh***g (Key Account Sales Manager) | Wenlan Zh***g (Manager of Sales),"Active workforce rotation at QIMEI ORGANIC (QIMEI USA INC) across R&D & QA/QC; engage verified leadership on Herbal extracts,Plant protein and contract formulation capacity."
Quadra Group,Large,Contract Manufacturer & CDMO,500,quadragroup.com,https://www.linkedin.com/company/quadra,3,1,2,0.6%,ACTIVE WORKFORCE ROTATION,Joe Za***n (Sales Manager | Mining),Retained Core (Regulatory & QA/QC),Joe Za***n (Sales Manager | Mining) | Nicolas Re***d (Chief Digital & Information Officer (CDIO)) | Philippe St***t (Directeur de Comptes) | Tyler Io***o (Logistics) | Tom Wa***h (Strategic Account Manager),"Regulatory (3), QA/QC (2), R&D (1)",Joe Za***n (Sales Manager | Mining) | Nicolas Re***d (Chief Digital & Information Officer (CDIO)) | Tom Wa***h (Strategic Account Manager),Active workforce rotation at Quadra Group across Regulatory & QA/QC; engage verified leadership on Nutraceutical ingredients and contract formulation capacity.
RAPS GmbH & Co.KG,Large,Contract Manufacturer & CDMO,900,raps.com,https://www.linkedin.com/company/raps,3,1,2,0.3%,ACTIVE WORKFORCE ROTATION,Arnaud Cl***t (Managing Director),Retained Core (Regulatory Affairs & QA/QC),"Arnaud Cl***t (Managing Director) | Oliver Eb***h (CEO) | Dennis He***r (General Manager Western Europe & Export (APAC, MEA, America’s) / Board Member) | Agneta Ho***n (Chief Marketing Officer) | Mark Va***r (General Manager Raps Benelux)","Regulatory Affairs (3), QA/QC (2), R&D (1)","Arnaud Cl***t (Managing Director) | Oliver Eb***h (CEO) | Dennis He***r (General Manager Western Europe & Export (APAC, MEA, America’s) / Board Member)",Active workforce rotation at RAPS GmbH & Co.KG across Regulatory Affairs & QA/QC; engage verified leadership on Food ingredients and contract formulation capacity.
RITA Corporation,Medium,Contract Manufacturer & CDMO,145,ritacorp.com,https://www.linkedin.com/company/rita,2,1,1,1.4%,ACTIVE WORKFORCE ROTATION,Kelly Br***i (Global Vice President of Sales),Retained Core (Sales & Regulatory),"Kelly Br***i (Global Vice President of Sales) | Denis On***i (Director R&D, Quality and Regulatory) | Rachel Do***s (Senior Formulation Chemist) | John Ma***a (Business Development Manager) | Jacob Ti***m (Technical Sales Associate)","Sales (2), Regulatory (1), R&D (1)","Kelly Br***i (Global Vice President of Sales) | Denis On***i (Director R&D, Quality and Regulatory) | John Ma***a (Business Development Manager)",Active workforce rotation at RITA Corporation across Sales & Regulatory; engage verified leadership on Personal care ingredients and contract formulation capacity.
ROELMI HPC - SocietÃ benefit,Medium,Contract Manufacturer & CDMO,145,roelmihpc.com,https://www.linkedin.com/company/roelmi-hpc-societ-benefit,2,1,1,1.4%,ACTIVE WORKFORCE ROTATION,Giorgio Ca***i (Product Manager),Retained Core (R&D & Product Management),Giorgio Ca***i (Product Manager) | Chiara Ba***h (Nutraceutical Sales Manager) | Marine Ca***n (Global Market Manager Personal Care) | Claudia La***o (Product Manager - Personal Care) | Roberto Fl***i (General Manager),"R&D (2), Product Management (1), Sales (1)",Giorgio Ca***i (Product Manager) | Chiara Ba***h (Nutraceutical Sales Manager) | Marine Ca***n (Global Market Manager Personal Care),Active workforce rotation at ROELMI HPC - SocietÃ benefit across R&D & Product Management; engage verified leadership on Branded ingredients and contract formulation capacity.
Ravago Chemicals North America (RCNA),Medium,Contract Manufacturer & CDMO,201,na.ravagochemicals.com,https://www.linkedin.com/company/ravago-chemicals-north-america,2,1,1,1.0%,ACTIVE WORKFORCE ROTATION,Camilla Ri***i (Head of HR / Brazil - People & Culture),Retained Core (Chemical Engineering & Sales),Camilla Ri***i (Head of HR / Brazil - People & Culture) | Muhammad Zia (Sales Manager (MEAF & Pakistan)) | Mustapha Ki***n (North Africa Sales Manager) | Helen Wo***g (General Manager) | Karim Ko***e (Sales Manager),"Chemical Engineering (2), Sales (1), Regulatory (1)",Camilla Ri***i (Head of HR / Brazil - People & Culture) | Muhammad Zia (Sales Manager (MEAF & Pakistan)) | Mustapha Ki***n (North Africa Sales Manager),Active workforce rotation at Ravago Chemicals North America (RCNA) across Chemical Engineering & Sales; engage verified leadership on Specialty ingredients and contract formulation capacity.
Riske Ingredients GmbH,Medium,Contract Manufacturer & CDMO,145,riske-ingredients.de,https://www.linkedin.com/company/riske,2,1,1,1.4%,ACTIVE WORKFORCE ROTATION,Daniel Sc***z (Production Manager),Retained Core (Regulatory & QA/QC),Ilhame Ba***s (QM Labor) | Daniel Sc***z (Production Manager),"Regulatory (2), QA/QC (1), R&D (1)",Daniel Sc***z (Production Manager),Active workforce rotation at Riske Ingredients GmbH across Regulatory & QA/QC; engage verified leadership on Food ingredients and contract formulation capacity.
Rochem International Inc.,Medium,Contract Manufacturer & CDMO,145,rochemintl.com,https://www.linkedin.com/company/rochem,2,1,1,1.4%,ACTIVE WORKFORCE ROTATION,"Frank En***r (Vice President, Pharmaceuticals, Europe)",Retained Core (R&D & QA/QC),"Franck Me***c (Vice-président Développement Commercial) | Frank En***r (Vice President, Pharmaceuticals, Europe) | Jason Si***a (Founder) | Giorgio Ca***i (Vice President, Global Key Accounts) | Tony Mi***o (Vice President of Sales)","R&D (2), QA/QC (1), Sales (1)","Frank En***r (Vice President, Pharmaceuticals, Europe) | Jason Si***a (Founder) | Giorgio Ca***i (Vice President, Global Key Accounts)",Active workforce rotation at Rochem International Inc. across R&D & QA/QC; engage verified leadership on Nutrition ingredients and contract formulation capacity.
Rousselot,Medium,Contract Manufacturer & CDMO,145,rousselot.com,https://www.linkedin.com/company/rousselot,2,1,1,1.4%,ACTIVE WORKFORCE ROTATION,Xavier Se***o (Accounting Manager),Retained Core (Regulatory Affairs & QA/QC),"Xavier Se***o (Accounting Manager) | Vanessa Le***t (Human Resources Supervisor) | Ivan Sa***s (Maintenance Manager) | David Va***r (Executive Vice President, Global Sales and Marketing) | Marcos Si***a (Engenheiro de Processos Pl)","Regulatory Affairs (2), QA/QC (1), R&D (1)","Xavier Se***o (Accounting Manager) | Ivan Sa***s (Maintenance Manager) | David Va***r (Executive Vice President, Global Sales and Marketing)",Active workforce rotation at Rousselot across Regulatory Affairs & QA/QC; engage verified leadership on Branded ingredients and contract formulation capacity.
SABO,Medium,Contract Manufacturer & CDMO,145,sabo.com,https://www.linkedin.com/company/sabo,2,1,1,1.4%,ACTIVE WORKFORCE ROTATION,Chiara Pa***i (Indirect Purchasing Manager),Retained Core (Regulatory & QA/QC),Chiara Pa***i (Indirect Purchasing Manager) | Alberto Vi***i (Chief Operating Officer) | Simone Lo***i (Technical Application and Marketing Manager) | Andrea Pe***i (Operations Director) | Oscar Br***i (Vice-President Oleo-Specialties),"Regulatory (2), QA/QC (1), R&D (1)",Chiara Pa***i (Indirect Purchasing Manager) | Alberto Vi***i (Chief Operating Officer) | Simone Lo***i (Technical Application and Marketing Manager),Active workforce rotation at SABO across Regulatory & QA/QC; engage verified leadership on All ingredients and contract formulation capacity.
SALT Minerals GmbH,Medium,Contract Manufacturer & CDMO,145,salt-minerals.com,https://www.linkedin.com/company/salt-minerals,2,1,1,1.4%,ACTIVE WORKFORCE ROTATION,Tobias Tr***m (Senior Sales Manager Health Care International),Retained Core (R&D & QA/QC),Maike St***b (Order Processing) | Tobias Tr***m (Senior Sales Manager Health Care International) | Benno Sp***r (Senior Salesmanager) | Sebastian Sc***r (COO) | Raphaela Ge***r (Junior Sales Manager),"R&D (2), QA/QC (1), Sales (1)",Tobias Tr***m (Senior Sales Manager Health Care International) | Benno Sp***r (Senior Salesmanager) | Raphaela Ge***r (Junior Sales Manager),Active workforce rotation at SALT Minerals GmbH across R&D & QA/QC; engage verified leadership on high-purity ingredients and contract formulation capacity.
SAVANNA Ingredients GmbH,Medium,Contract Manufacturer & CDMO,145,savanna-ingredients.com,https://www.linkedin.com/company/savanna,2,1,1,1.4%,ACTIVE WORKFORCE ROTATION,"Thomas Ha***r (Head of R&D, Engineering & Analytics)",Retained Core (R&D & Sales),"Thomas Ha***r (Head of R&D, Engineering & Analytics) | Sascha Jo***s (Managing Director) | Veronica Bi***g (Nutrition Science & Communication Manager) | Birgit Ka***n (Head of Regulatory Affairs & Application Development) | Emanuela Ca***a (HR-Leiterin)","R&D (2), Sales (1), Product Management (1)","Thomas Ha***r (Head of R&D, Engineering & Analytics) | Sascha Jo***s (Managing Director) | Veronica Bi***g (Nutrition Science & Communication Manager)",Active workforce rotation at SAVANNA Ingredients GmbH across R&D & Sales; engage verified leadership on Food ingredients and contract formulation capacity.
SD Guthrie International - Speciality Ingredients,Medium,Lecithin Supplier,145,sdguthrie-si.com,https://www.linkedin.com/company/sd-guthrie,2,1,1,1.4%,ACTIVE WORKFORCE ROTATION,Amirul Ha***t (General Manager),Retained Core (R&D & QA/QC),Amirul Ha***t (General Manager) | Ruud Fi***e (Interim Treasury Manager) | Harry Kr***l (Product Development & QA Manager Lecithin SD Guthrie International Speciality Ingredients B.V.) | Daniel Fo***e (Sales Representative) | Jonathan Pe***r (Managing Director),"R&D (2), QA/QC (1), Sales (1)",Amirul Ha***t (General Manager) | Ruud Fi***e (Interim Treasury Manager) | Harry Kr***l (Product Development & QA Manager Lecithin SD Guthrie International Speciality Ingredients B.V.),Active workforce rotation at SD Guthrie International - Speciality Ingredients across R&D & QA/QC; engage verified leadership on Lecithin and contract formulation capacity.
SD Herbs,Medium,Contract Manufacturer & CDMO,145,sdherbs.com,https://www.linkedin.com/company/sd-herbs,2,1,1,1.4%,ACTIVE WORKFORCE ROTATION,Janendra Ja***n (Business Development Manager),Retained Core (R&D & Regulatory),Suhail Sh***h (Administrative Assistant) | Nikhil Ra***t (Business Development Executive - Global Sales) | Nilesh Ku***r (Quality Control Executive) | Janendra Ja***n (Business Development Manager),"R&D (2), Regulatory (1), QA/QC (1)",Janendra Ja***n (Business Development Manager),Active workforce rotation at SD Herbs across R&D & Regulatory; engage verified leadership on Herbal extracts and contract formulation capacity.
SE Tylose,Large,Contract Manufacturer & CDMO,560,setylose.com,https://www.linkedin.com/company/se-tylose,3,1,2,0.5%,ACTIVE WORKFORCE ROTATION,Samuel Va***m (Director of Excipient Technologies),Retained Core (Regulatory & QA/QC),"Samuel Va***m (Director of Excipient Technologies) | Linda Ve***n (Director Quality) | Leah Ma***y (Regional Sales Manager, North America - Food Ingredients) | David Na***a (Lab Manager | Formulation Scientist) | Gokce De***r (Sales Manager)","Regulatory (3), QA/QC (2), R&D (1)","Samuel Va***m (Director of Excipient Technologies) | Linda Ve***n (Director Quality) | Leah Ma***y (Regional Sales Manager, North America - Food Ingredients)","Active workforce rotation at SE Tylose across Regulatory & QA/QC; engage verified leadership on Food,Pharma,Nutra and contract formulation capacity."
STAUBER,Small,Contract Manufacturer & CDMO,51,stauberusa.com,https://www.linkedin.com/company/stauber,1,1,0,2.0%,TARGETED STRATEGIC HIRING,Monica Mi***l (Vice President),Retained Core (Regulatory & QA/QC),"Becki Sc***z (Strategic Sales and Business Development) | Monica Mi***l (Vice President) | Shirley Ro***m (VP Health & Nutrition) | Sara Ri***r (Technical Sales Director) | Olivia La***r (Senior Sales Representative - Food, Beverage, & Dietary Supplements)","Regulatory (1), QA/QC (1), R&D (1)",Monica Mi***l (Vice President) | Shirley Ro***m (VP Health & Nutrition) | Sara Ri***r (Technical Sales Director),Active workforce rotation at STAUBER across Regulatory & QA/QC; engage verified leadership on Nutritional Ingredients and contract formulation capacity.
STEFES Ingredients,Medium,Contract Manufacturer & CDMO,145,stefesingredients.de,https://www.linkedin.com/company/stefes,2,1,1,1.4%,ACTIVE WORKFORCE ROTATION,Kerstin Ne***n (Account-Manager),Retained Core (Regulatory & QA/QC),Kerstin Ne***n (Account-Manager) | Cornelius Ge***n (Leiter Business Development / Prokurist) | Christine Ri***r (Sales Manager) | Carola Vo***r (Leitung Qualitätsmanagement),"Regulatory (2), QA/QC (1), R&D (1)",Kerstin Ne***n (Account-Manager) | Christine Ri***r (Sales Manager),Active workforce rotation at STEFES Ingredients across Regulatory & QA/QC; engage verified leadership on All ingredients and contract formulation capacity.
STOCKMEIER Food GmbH,Large,Contract Manufacturer & CDMO,26000,stockmeier-food.com,https://www.linkedin.com/company/stockmeier-food,3,1,2,0.0%,ACTIVE WORKFORCE ROTATION,Harald Ho***n (Managing Director),Retained Core (R&D & QA/QC),Harald Ho***n (Managing Director) | Jan Wi***s (Manager International Sales) | Bennett Sc***z (Sales Manager) | Michelle Ho***r (Category Management) | Axel We***d (Vertriebsleiter bei Stockmeier Food GmbH),"R&D (3), QA/QC (2), Sales (1)",Harald Ho***n (Managing Director) | Jan Wi***s (Manager International Sales) | Bennett Sc***z (Sales Manager),Active workforce rotation at STOCKMEIER Food GmbH across R&D & QA/QC; engage verified leadership on Food ingredients and contract formulation capacity.
Sabinsa,Medium,Contract Manufacturer & CDMO,145,sabinsa.com,https://www.linkedin.com/company/sabinsa,2,1,1,1.4%,ACTIVE WORKFORCE ROTATION,Drbalu Ko***r (Head: Global and Domestic Regulatory Affairs),Retained Core (Regulatory & QA/QC),"Drbalu Ko***r (Head: Global and Domestic Regulatory Affairs) | Brahmananda Rao (Senior Finance Manager) | Prabagaran Ga***n (Vice President - Phytochemicals R&D) | Amar Pr***t (Cloud Administrator | Oracle DBA | Cybersecurity Lead) | Sarang Ba***i (Senior Advisor, Research & Development,)","Regulatory (2), QA/QC (1), R&D (1)",Drbalu Ko***r (Head: Global and Domestic Regulatory Affairs) | Brahmananda Rao (Senior Finance Manager) | Prabagaran Ga***n (Vice President - Phytochemicals R&D),Active workforce rotation at Sabinsa across Regulatory & QA/QC; engage verified leadership on Branded ingredients and contract formulation capacity.
SaltyLama,Small,Nutraceutical Packaging Specialist,51,saltylama.com,https://www.linkedin.com/company/saltylama,1,1,0,2.0%,TARGETED STRATEGIC HIRING,Ben Sm***h (Chief Executive Officer),Retained Core (Regulatory & QA/QC),Ben Sm***h (Chief Executive Officer) | Bethany Ki***y (Senior Graphic Designer) | Kenneth Fr***y (Co-Creator/Director Merchandising Operations) | Ifra Na***z (Marketing Intern) | Vicki Gh***l (Customer Care),"Regulatory (1), QA/QC (1), R&D (1)",Ben Sm***h (Chief Executive Officer) | Kenneth Fr***y (Co-Creator/Director Merchandising Operations) | Pedro Co***o (Area Sales Manager),Active workforce rotation at SaltyLama across Regulatory & QA/QC; engage verified leadership on high-purity ingredients and contract formulation capacity.
Sensus,Medium,Contract Manufacturer & CDMO,145,inspiredbyinulin.com,https://www.linkedin.com/company/sensus,2,1,1,1.4%,ACTIVE WORKFORCE ROTATION,Guido Kw***l (Plant Manager),Retained Core (Sales & R&D),Guido Kw***l (Plant Manager) | Patric He***s (QESH Manager) | Mark Hu***n (Operations) | Lieke Ma***n (Commercial Controller) | Yvette De***f (Technical Sales Support),"Sales (2), R&D (1), Regulatory (1)",Guido Kw***l (Plant Manager) | Patric He***s (QESH Manager),"Active workforce rotation at Sensus across Sales & R&D; engage verified leadership on Branded ingredients,Natural ingredients and contract formulation capacity."
Skyherb Nutritionals Inc.,Medium,Contract Manufacturer & CDMO,201,skyherbusa.com,https://www.linkedin.com/company/skyherb,2,1,1,1.0%,ACTIVE WORKFORCE ROTATION,Jiange Wa***g (Account Manager),Retained Core (R&D & Regulatory),Jiange Wa***g (Account Manager) | Amanda Ca***a (Indonesia Country Manager) | Juno He (Account Manager) | Jinrui Liu (Sales) | Frida Wa***g (Regional Manager),"R&D (2), Regulatory (1), QA/QC (1)",Jiange Wa***g (Account Manager) | Amanda Ca***a (Indonesia Country Manager) | Juno He (Account Manager),"Active workforce rotation at Skyherb Nutritionals Inc. across R&D & Regulatory; engage verified leadership on Botanical extracts,Branded ingredients and contract formulation capacity."
Solabia Group,Medium,Contract Manufacturer & CDMO,145,solabia.com,https://www.linkedin.com/company/solabia,2,1,1,1.4%,ACTIVE WORKFORCE ROTATION,Elen Ga***a (Technical Director),Retained Core (R&D & Regulatory),"Gael Co***e (Directeur Supply Chain Groupe / Management de Transition) | Claudia Sa***s (Diretor de Recursos Humanos Sênior) | Florent Yv***x (Directeur Scientifique) | Elen Ga***a (Technical Director) | Mathieu Pi***t (Group Director Cosmetic, Nutrition & Pharma)","R&D (2), Regulatory (1), QA/QC (1)","Elen Ga***a (Technical Director) | Mathieu Pi***t (Group Director Cosmetic, Nutrition & Pharma) | Adriano Ca***n (CFO - Finance Director - Solabia Group)",Active workforce rotation at Solabia Group across R&D & Regulatory; engage verified leadership on Branded ingredients and contract formulation capacity.
"Solabia USA, Inc.",Large,Contract Manufacturer & CDMO,501,solabia.com,https://www.linkedin.com/company/solabia,3,1,2,0.6%,ACTIVE WORKFORCE ROTATION,Elen Ga***a (Technical Director),Retained Core (R&D & Regulatory),"Gael Co***e (Directeur Supply Chain Groupe / Management de Transition) | Claudia Sa***s (Diretor de Recursos Humanos Sênior) | Florent Yv***x (Directeur Scientifique) | Elen Ga***a (Technical Director) | Mathieu Pi***t (Group Director Cosmetic, Nutrition & Pharma)","R&D (3), Regulatory (2), QA/QC (1)","Elen Ga***a (Technical Director) | Mathieu Pi***t (Group Director Cosmetic, Nutrition & Pharma) | Adriano Ca***n (CFO - Finance Director - Solabia Group)","Active workforce rotation at Solabia USA, Inc. across R&D & Regulatory; engage verified leadership on Branded ingredients and contract formulation capacity."
Solnul®,Medium,Contract Manufacturer & CDMO,145,solnul.com,https://www.linkedin.com/company/solnul,2,1,1,1.4%,ACTIVE WORKFORCE ROTATION,Jason Le***t (Chief Growth Officer),Retained Core (Regulatory & QA/QC),Bogdan Tk***k (Marketing & Sales Coordinator) | Jason Le***t (Chief Growth Officer) | Cara Ke***y (Director of Marketing - Inspiring Resistant Starch Innovation) | Jason Bu***h (Chief Scientific Officer),"Regulatory (2), QA/QC (1), R&D (1)",Jason Le***t (Chief Growth Officer) | Cara Ke***y (Director of Marketing - Inspiring Resistant Starch Innovation) | Jason Bu***h (Chief Scientific Officer),Active workforce rotation at Solnul® across Regulatory & QA/QC; engage verified leadership on Prebiotic Ingredients and contract formulation capacity.
Solutex Corp,Medium,Contract Manufacturer & CDMO,145,solutexcorp.com,https://www.linkedin.com/company/solutex,2,1,1,1.4%,ACTIVE WORKFORCE ROTATION,"Miguel Ma***n (Data, AI & Analytics Manager)",Retained Core (R&D & Regulatory),"Miguel Ma***n (Data, AI & Analytics Manager) | Alexis Fe***i (Vice President of Sales and Market Intelligence for North America and Latam) | Daniel Ro***o (Medical Director) | Christian Pe***n (Group Finance Director - Group FPA Director) | Gustavo Hi***a (Senior Manager – Strategy Execution & Clinical Programs)","R&D (2), Regulatory (1), QA/QC (1)","Miguel Ma***n (Data, AI & Analytics Manager) | Alexis Fe***i (Vice President of Sales and Market Intelligence for North America and Latam) | Daniel Ro***o (Medical Director)","Active workforce rotation at Solutex Corp across R&D & Regulatory; engage verified leadership on Marine.,Algae and contract formulation capacity."
Spaichinger Nudelmacher GmbH,Small,Contract Manufacturer & CDMO,30,spaichinger.com,https://www.linkedin.com/company/spaichinger-nudelmacher,1,1,0,3.3%,TARGETED STRATEGIC HIRING,Annette Ga***h (Key Account Manager International),Retained Core (R&D & Sales),Jennifer Go***z (Vertriebsleiterin) | Anna Ku***z (Personnel Officer) | Annette Ga***h (Key Account Manager International) | Janina Ho***n (Key Account Manager Industry) | Anna-Maria Sc***r (Quality Assurance),"R&D (1), Sales (1), Marketing (1)",Annette Ga***h (Key Account Manager International) | Janina Ho***n (Key Account Manager Industry),Active workforce rotation at Spaichinger Nudelmacher GmbH across R&D & Sales; engage verified leadership on Food ingredients and contract formulation capacity.
Standard Process Inc.,Medium,Contract Manufacturer & CDMO,145,standardprocess.com,https://www.linkedin.com/company/standard-process,2,1,1,1.4%,ACTIVE WORKFORCE ROTATION,David Ki***g (Head of Information Technology),Retained Core (Regulatory & QA/QC),Rebecca Ha***d (Consultant) | Andrea Me***d (Talent Acquisition Specialist) | David Ki***g (Head of Information Technology) | Susanne Ke***r (District Sales Manager - Vet) | Mila St***a (Marketing Manager),"Regulatory (2), QA/QC (1), R&D (1)",David Ki***g (Head of Information Technology) | Susanne Ke***r (District Sales Manager - Vet) | Mila St***a (Marketing Manager),Active workforce rotation at Standard Process Inc. across Regulatory & QA/QC; engage verified leadership on high-purity ingredients and contract formulation capacity.
"Starwest Botanicals, Inc.",Medium,Contract Manufacturer & CDMO,145,starwest-botanicals.com,https://www.linkedin.com/company/starwest-botanicals,2,1,1,1.4%,ACTIVE WORKFORCE ROTATION,Brian Ja***n (President and Chief Executive Officer (CEO)),Retained Core (QA/QC & R&D),"Gian Kh***a (Specialty Accounts) | Brian Ja***n (President and Chief Executive Officer (CEO)) | Jagatjoti Si***h (Chief Revenue Officer, Head of Innovation and Marketing) | Melissa Mu***r (Vice President of Strategy) | Bassma Ar***i (Digital Marketing Manager)","QA/QC (2), R&D (1), Sales (1)","Brian Ja***n (President and Chief Executive Officer (CEO)) | Jagatjoti Si***h (Chief Revenue Officer, Head of Innovation and Marketing) | Melissa Mu***r (Vice President of Strategy)","Active workforce rotation at Starwest Botanicals, Inc. across QA/QC & R&D; engage verified leadership on Herbal,tea extracts and contract formulation capacity."
"Synergy Flavors, Inc.",Large,Contract Manufacturer & CDMO,1000,synergytaste.com,https://www.linkedin.com/company/synergy-flavors,3,1,2,0.3%,ACTIVE WORKFORCE ROTATION,Thais Du***a (HRBP Manager / Head de RH),Retained Core (Regulatory & QA/QC),"Thais Du***a (HRBP Manager / Head de RH) | Marcelo Ca***s (Finance Director, Latam - (Latam CFO)) | Julie De***e (Senior Account Manager II) | Dan Th***n (Associate Director of Product Development) | Simon Fl***r (Sales Manager)","Regulatory (3), QA/QC (2), R&D (1)","Thais Du***a (HRBP Manager / Head de RH) | Marcelo Ca***s (Finance Director, Latam - (Latam CFO)) | Julie De***e (Senior Account Manager II)","Active workforce rotation at Synergy Flavors, Inc. across Regulatory & QA/QC; engage verified leadership on Food,Nutrition and contract formulation capacity."
Synthite Industries Ltd,Large,Contract Manufacturer & CDMO,3000,synthite.com,https://www.linkedin.com/company/synthite-industries,3,1,2,0.1%,ACTIVE WORKFORCE ROTATION,Jerry Ja***b (Scientist / Senior Scientist),Retained Core (R&D & Formulation Design),Jerry Ja***b (Scientist / Senior Scientist) | Salam Az***z (Assistant General Manager - HR & Admin) | Viju Ja***b (Executive Chairman) | Dominic Ge***e (Chief Human Resources Officer) | Govind Ve***l (International Business),"R&D (3), Formulation Design (2), Process Optimization (1)",Salam Az***z (Assistant General Manager - HR & Admin) | Dominic Ge***e (Chief Human Resources Officer) | Ranjith Me***n (Senior Manager HR),Active workforce rotation at Synthite Industries Ltd across R&D & Formulation Design; engage verified leadership on Herbal extracts and contract formulation capacity.
TCR Industries,Medium,Contract Manufacturer & CDMO,145,tcrindustries.com,https://www.linkedin.com/company/tcr-industries,2,1,1,1.4%,ACTIVE WORKFORCE ROTATION,Lisa Sh***w (Vice President Food and Nutrition),Retained Core (Sales & Distribution),Stella Zh***g (Account Executive) | Colleen Co***n (Technical Sales Representative) | Lisa Sh***w (Vice President Food and Nutrition) | Gary Gl***o (President/CEO) | Liz St***d (Sales Director),"Sales (2), Distribution (1), Technical Support (1)",Lisa Sh***w (Vice President Food and Nutrition) | Gary Gl***o (President/CEO) | Liz St***d (Sales Director),Active workforce rotation at TCR Industries across Sales & Distribution; engage verified leadership on All ingredients-Branded and contract formulation capacity.
TR Nutritionals,Medium,Contract Manufacturer & CDMO,145,trnutritionals.com,https://www.linkedin.com/company/tr,2,1,1,1.4%,ACTIVE WORKFORCE ROTATION,Alexander Po***n (Regional Sales Manager),Retained Core (Regulatory & QA/QC),Alexander Po***n (Regional Sales Manager) | Deanne Do***k (Regional Sales/Science Director) | Michael Ro***y (President) | Nick Ba***n (Vice President of Sales - Partner),"Regulatory (2), QA/QC (1), R&D (1)",Alexander Po***n (Regional Sales Manager) | Deanne Do***k (Regional Sales/Science Director) | Michael Ro***y (President),Active workforce rotation at TR Nutritionals across Regulatory & QA/QC; engage verified leadership on Botanical extracts and contract formulation capacity.
TSI Group Ltd,Medium,Contract Manufacturer & CDMO,145,tsigroupltd.com,https://www.linkedin.com/company/tsi,2,1,1,1.4%,ACTIVE WORKFORCE ROTATION,"Tony Gay (Senior Director, Regional Sales, Europe)",Retained Core (R&D & QA/QC),"Tony Gay (Senior Director, Regional Sales, Europe) | Larry Ko***b (Co-Founder and Vice Chairman, TSI Group Co LTD) | Eli Re***k (Sales Manager) | Tom Go***y (US Sales Manager) | Teresa De***n (Director, Global Marketing Communications and Sales Enablement)","R&D (2), QA/QC (1), Sales (1)","Tony Gay (Senior Director, Regional Sales, Europe) | Larry Ko***b (Co-Founder and Vice Chairman, TSI Group Co LTD) | Eli Re***k (Sales Manager)",Active workforce rotation at TSI Group Ltd across R&D & QA/QC; engage verified leadership on Branded ingredients and contract formulation capacity.
TWG Health & Nutrition,Medium,Contract Manufacturer & CDMO,145,twghealthandnutrition.com,https://www.linkedin.com/company/twg-health,2,1,1,1.4%,ACTIVE WORKFORCE ROTATION,Jowell Bo***r (Senior Formulator Scientist),Retained Core (R&D & Manufacturing),"Jowell Bo***r (Senior Formulator Scientist) | Karen Cu***m (Director of Sales and Business Development) | Avrah Mo***n (Sr. Account Manager @ TWG Health & Nutrition | Supplements, Nutrition, Nutraceuticals) | Christopher Ha***s (Commercial Director) | Charles Th***n (Senior Formulation Scientist)","R&D (2), Manufacturing (1), Quality Assurance (1)","Karen Cu***m (Director of Sales and Business Development) | Avrah Mo***n (Sr. Account Manager @ TWG Health & Nutrition | Supplements, Nutrition, Nutraceuticals) | Christopher Ha***s (Commercial Director)",Active workforce rotation at TWG Health & Nutrition across R&D & Manufacturing; engage verified leadership on Nutritional ingredients and contract formulation capacity.
Taiyo,Large,Contract Manufacturer & CDMO,873,taiyo.com,https://www.linkedin.com/company/taiyo,3,1,2,0.3%,ACTIVE WORKFORCE ROTATION,Sato Hi***i (Manager),Retained Core (R&D & QA/QC),Dondon Ve***n (Japanese Teacher) | Taiyo Hwa (Engineer) | Mohd Iz***m (First Artikel Technician) | Sato Hi***i (Manager) | Hema Pr***a (Purchasing Officer),"R&D (3), QA/QC (2), Regulatory (1)",Sato Hi***i (Manager),Active workforce rotation at Taiyo across R&D & QA/QC; engage verified leadership on high-purity ingredients and contract formulation capacity.
Taiyo GmbH,Medium,Contract Manufacturer & CDMO,145,taiyogmbh.com,https://www.linkedin.com/company/taiyo,2,1,1,1.4%,ACTIVE WORKFORCE ROTATION,Antje So***r (Quality & Senior Sales Manager),Retained Core (Regulatory & QA/QC),Antje So***r (Quality & Senior Sales Manager) | Andreas Bi***r (Scientific Marketing Manager) | Tina Ca***o (2nd Managing Director) | Sina Th***l (Sales Assistant) | Paul Sc***r (Junior Area Sales Manager),"Regulatory (2), QA/QC (1), R&D (1)",Antje So***r (Quality & Senior Sales Manager) | Andreas Bi***r (Scientific Marketing Manager) | Tina Ca***o (2nd Managing Director),"Active workforce rotation at Taiyo GmbH across Regulatory & QA/QC; engage verified leadership on Tea extracts,branded ingredients and contract formulation capacity."
Taiyo International,Medium,Contract Manufacturer & CDMO,145,taiyointernational.com,https://www.linkedin.com/company/taiyo,2,1,1,1.4%,ACTIVE WORKFORCE ROTATION,Gustavo Go***o (Sales Director - Western Division),Retained Core (R&D & Regulatory),Gustavo Go***o (Sales Director - Western Division) | Paul Co***y (Director of Sales - Eastern Division) | Derek Ti***m (Technical Sales Director) | Won Lee (Chief Financial Manager) | John Eu***r (Data Analyst),"R&D (2), Regulatory (1), QA/QC (1)",Gustavo Go***o (Sales Director - Western Division) | Paul Co***y (Director of Sales - Eastern Division) | Derek Ti***m (Technical Sales Director),"Active workforce rotation at Taiyo International across R&D & Regulatory; engage verified leadership on Branded ingredients,Tea extracts and contract formulation capacity."
Tangreens,Medium,Contract Manufacturer & CDMO,145,tangreens.com,https://www.linkedin.com/company/tangreens,2,1,1,1.4%,ACTIVE WORKFORCE ROTATION,Kiki W (Business Development Manager),Retained Core (R&D & QA/QC),Jason H (Senior Account Executive (Borneol Natural )) | Kiki W (Business Development Manager) | Ryan Xi***o (CEO) | Mark Gao (Technical Support Analyst) | Candy Wo***g (Plant Extract Engineer),"R&D (2), QA/QC (1), Regulatory (1)",Kiki W (Business Development Manager) | Ryan Xi***o (CEO) | Brajesh Ma***r (Sales Manager),Active workforce rotation at Tangreens across R&D & QA/QC; engage verified leadership on high-purity ingredients and contract formulation capacity.
Teeccino,Medium,Contract Manufacturer & CDMO,350,teeccino.com,https://www.linkedin.com/company/teeccino,2,1,1,0.6%,ACTIVE WORKFORCE ROTATION,"Chris Li***y (National Sales Manager, Distributor Channel)",Retained Core (R&D & Quality Assurance),"Caroline Ma***l (CEO / Founder) | Anand Ka***k (E-Commerce Selling Specialist) | Galen Ma***l (CDO) | Chris Li***y (National Sales Manager, Distributor Channel) | Brendon Ca***o (Creative Specialist)","R&D (2), Quality Assurance (1), Regulatory Affairs (1)","Caroline Ma***l (CEO / Founder) | Chris Li***y (National Sales Manager, Distributor Channel) | Daniel Je***s (Chief Financial Officer)",Active workforce rotation at Teeccino across R&D & Quality Assurance; engage verified leadership on Coffee and Tea Extracts and contract formulation capacity.
Th. Geyer Ingredients GmbH & Co. KG,Small,All ingredients Supplier,45,thgeyer.com,https://www.linkedin.com/company/th-geyer,1,1,0,2.2%,TARGETED STRATEGIC HIRING,Stefan Ko***l (Head of International Sales Food),Retained Core (R&D & Sales),Stefan Ko***l (Head of International Sales Food) | Lilian Am***n (Sales Manager Iran) | Stephan Gl***z (Business Development Director Food) | Russell Wh***r (Sales Manager - UK & Ireland) | Markus Kr***r (Sales Director),"R&D (1), Sales (1), QA/QC (1)",Stefan Ko***l (Head of International Sales Food) | Lilian Am***n (Sales Manager Iran) | Stephan Gl***z (Business Development Director Food),Active workforce rotation at Th. Geyer Ingredients GmbH & Co. KG across R&D & Sales; engage verified leadership on All ingredients and contract formulation capacity.
Thai Union Ingredients,Large,Nutraceutical Packaging Specialist,14000,thaiunioningredients.com,https://www.linkedin.com/company/thai-union,3,1,2,0.0%,ACTIVE WORKFORCE ROTATION,Saranya Ji***n (Business Operation and Procurement Manager),Retained Core (Quality Assurance & Packaging),Saranya Ji***n (Business Operation and Procurement Manager) | Manunya Si***l (Technical Sales Manager) | Nareenart Ka***r (Financial Controller) | Jirat Ma***t (Sales Manager) | Czarina Ro***s (Research & Development Manager),"Quality Assurance (3), Packaging (2), Commercial Support (1)",Saranya Ji***n (Business Operation and Procurement Manager) | Manunya Si***l (Technical Sales Manager) | Jirat Ma***t (Sales Manager),Active workforce rotation at Thai Union Ingredients across Quality Assurance & Packaging; engage verified leadership on Marine ingredients and contract formulation capacity.
The Lubrizol Corporation,Large,Contract Manufacturer & CDMO,8300,lubrizol.com,https://www.linkedin.com/company/the-lubrizol,3,1,2,0.0%,ACTIVE WORKFORCE ROTATION,Kate Bu***r (Senior Manager Talent and Culture Europe),Retained Core (R&D & Sales),"Kate Bu***r (Senior Manager Talent and Culture Europe) | Spenser De***s (Process Technician) | Pat Su***d (Technical Marketing Manager Emeai, Hyperdispersants, Lubrizol) | Philip Va***s (HR Business Partner) | Rob Za***i (Regional Sales Manager)","R&D (3), Sales (2), Engineering (1)","Kate Bu***r (Senior Manager Talent and Culture Europe) | Pat Su***d (Technical Marketing Manager Emeai, Hyperdispersants, Lubrizol) | Rob Za***i (Regional Sales Manager)",Active workforce rotation at The Lubrizol Corporation across R&D & Sales; engage verified leadership on Branded ingredients and contract formulation capacity.
The Nature Network,Large,Contract Manufacturer & CDMO,3750,the-nature-network.com,https://www.linkedin.com/company/the-nature-network,3,1,2,0.1%,ACTIVE WORKFORCE ROTATION,Gisbert Br***n (Head of Group Sustatinability -Social and Environment),Retained Core (Regulatory & QA/QC),Anne We***n (CEO) | Gisbert Br***n (Head of Group Sustatinability -Social and Environment) | Aleksandra He***e (Head of Group Controlling | FP&A) | Reyk Ra***i (Group CFO) | Nicola St***k (Internal & Change Communications),"Regulatory (3), QA/QC (2), R&D (1)",Anne We***n (CEO) | Gisbert Br***n (Head of Group Sustatinability -Social and Environment) | Aleksandra He***e (Head of Group Controlling | FP&A),"Active workforce rotation at The Nature Network across Regulatory & QA/QC; engage verified leadership on Tea,Botanical extracts and contract formulation capacity."
The Riverside Company,Medium,Contract Manufacturer & CDMO,145,theriverside.com,https://www.linkedin.com/company/the-riverside,2,1,1,1.4%,ACTIVE WORKFORCE ROTATION,Neil Mc***e (Cinema Manager),Retained Core (Regulatory & QA/QC),Neil Mc***e (Cinema Manager) | Genesis Sa***s (Director of Admissions) | Deidre Va***k (Company Owner) | Chase Fi***o (Violinist) | Stephanie Be***t (CNA),"Regulatory (2), QA/QC (1), R&D (1)",Neil Mc***e (Cinema Manager) | Genesis Sa***s (Director of Admissions),Active workforce rotation at The Riverside Company across Regulatory & QA/QC; engage verified leadership on high-purity ingredients and contract formulation capacity.
"Top Health Ingredients, Inc",Medium,Contract Manufacturer & CDMO,145,tophealthingredients.com,https://www.linkedin.com/company/top-health,2,1,1,1.4%,ACTIVE WORKFORCE ROTATION,Bruce Wa***r (Director of Sales),Retained Core (R&D & Quality Assurance),Bruce Wa***r (Director of Sales) | Jake Ch***g (Procurement Manager) | Michael By***e (Business Development Manager) | Kimmo Lu***s (President) | Larry Sa***n (Chief Executive Officer),"R&D (2), Quality Assurance (1), Sales (1)",Bruce Wa***r (Director of Sales) | Jake Ch***g (Procurement Manager) | Michael By***e (Business Development Manager),"Active workforce rotation at Top Health Ingredients, Inc across R&D & Quality Assurance; engage verified leadership on General ingredients and contract formulation capacity."
TopGum Industries,Medium,Contract Manufacturer & CDMO,100,topgummiceuticals.com,https://www.linkedin.com/company/topgum-industries,2,1,1,2.0%,ACTIVE WORKFORCE ROTATION,Erika Mi***r (Customer Success Manager),Retained Core (R&D & Regulatory),Erika Mi***r (Customer Success Manager) | Amanda Th***s (Innovation Specialist) | Danisha Sa***n (Quality Control Technician) | Shima Me***i (Production Team Lead) | Jifin Ah***d (Senior Production Supervisor),"R&D (2), Regulatory (1), QA/QC (1)",Erika Mi***r (Customer Success Manager) | Vidya Si***h (Junior Project Manager),Active workforce rotation at TopGum Industries across R&D & Regulatory; engage verified leadership on Ingredients and contract formulation capacity.
Tradin Organic,Medium,Contract Manufacturer & CDMO,145,tradinorganic.com,https://www.linkedin.com/company/tradin,2,1,1,1.4%,ACTIVE WORKFORCE ROTATION,Karst Ko***a (Sourcing Development Director),Retained Core (Sales & Marketing),Karst Ko***a (Sourcing Development Director) | Susie Hj***h (Mission-driven Executive) | Martim Lu***a (Category Manager) | Tom Wi***s (Business Unit Manager Organic F&V) | Dan Br***e (Category Manager Cocoa North America),"Sales (2), Marketing (1), R&D (1)",Karst Ko***a (Sourcing Development Director) | Martim Lu***a (Category Manager) | Tom Wi***s (Business Unit Manager Organic F&V),Active workforce rotation at Tradin Organic across Sales & Marketing; engage verified leadership on All ingredients and contract formulation capacity.
Treatt,Medium,Botanical & Herbal Extract Supplier,201,treatt.com,https://www.linkedin.com/company/treatt,2,1,1,1.0%,ACTIVE WORKFORCE ROTATION,Ashley Si***i (Marketing Manager),Retained Core (Regulatory & QA/QC),Muhammad Wa***s (Supply Chain Coordinator) | Ashley Si***i (Marketing Manager) | Alessandra Ol***a (Senior Category Manager - Citrus) | Marie Fl***s (Business Development Manager) | Jon Sa***e (Group People Director),"Regulatory (2), QA/QC (1), R&D (1)",Ashley Si***i (Marketing Manager) | Alessandra Ol***a (Senior Category Manager - Citrus) | Marie Fl***s (Business Development Manager),"Active workforce rotation at Treatt across Regulatory & QA/QC; engage verified leadership on Botanicals,Tea,Coffee and contract formulation capacity."
Umang Global Group Pvt Ltd,Small,Contract Manufacturer & CDMO,51,umangglobal.com,https://www.linkedin.com/company/umang,1,1,0,2.0%,TARGETED STRATEGIC HIRING,Nikhil Ra***t (Head of Digital Marketing),Retained Core (R&D & Manufacturing),"Nikhil Ra***t (Head of Digital Marketing) | Umang Bu***a (CEO & MD) | Nidhi Bu***a (Owner, Director) | Umang Sc***e (Business Owner) | Umang Nu***s (Managing Director)","R&D (1), Manufacturing (1), Regulatory Affairs (1)","Nikhil Ra***t (Head of Digital Marketing) | Umang Bu***a (CEO & MD) | Nidhi Bu***a (Owner, Director)","Active workforce rotation at Umang Global Group Pvt Ltd across R&D & Manufacturing; engage verified leadership on Branded ingredients,Botanical extracts and contract formulation capacity."
Uelzena Ingredients,Large,Contract Manufacturer & CDMO,500,ingredients.uelzena.com,https://www.linkedin.com/company/uelzena,3,1,2,0.6%,ACTIVE WORKFORCE ROTATION,Inga Ge***g (Senior Sales Manager - Dairy Products & Ingredients),Retained Core (Regulatory & QA/QC),Inga Ge***g (Senior Sales Manager - Dairy Products & Ingredients) | Anja Br***d (Brand Manager Uelzena Ingredients / Product Manager Milkfats),"Regulatory (3), QA/QC (2), R&D (1)",Inga Ge***g (Senior Sales Manager - Dairy Products & Ingredients) | Anja Br***d (Brand Manager Uelzena Ingredients / Product Manager Milkfats),Active workforce rotation at Uelzena Ingredients across Regulatory & QA/QC; engage verified leadership on Food ingredients and contract formulation capacity.
Ulmer Nahrungsmittel GmbH,Small,Contract Manufacturer & CDMO,20,ulmer.global,https://www.linkedin.com/company/ulmer-nahrungsmittel,1,1,0,5.0%,TARGETED STRATEGIC HIRING,Robbert Ha***n (Commercial Director),Retained Core (R&D & Production),Robbert Ha***n (Commercial Director) | Alexander Sc***t (Sales Director) | Andreas Im***f (Director Sales) | Stefan St***r (Key Account Manager) | Katrin De***l (Product Development),"R&D (1), Production (1), Quality Assurance (1)",Robbert Ha***n (Commercial Director) | Alexander Sc***t (Sales Director) | Andreas Im***f (Director Sales),Active workforce rotation at Ulmer Nahrungsmittel GmbH across R&D & Production; engage verified leadership on high-purity ingredients and contract formulation capacity.
Umalaxmi Organics Pvt Ltd,Large,Contract Manufacturer & CDMO,750,umalaxmi-organics.com,https://www.linkedin.com/company/umalaxmi,3,1,2,0.4%,ACTIVE WORKFORCE ROTATION,Ankita Pa***a (General Manager Exports & Operations / International Sales & Business Development Head),Retained Core (R&D & QA/QC),Ankita Pa***a (General Manager Exports & Operations / International Sales & Business Development Head) | Shivali Ja***n (Business Development Executive) | Mohit Ja***n (Chief Financial Officer) | Rakesh Da***e (Chief Executive Officer) | Vijay Ti***i (General Manager Production),"R&D (3), QA/QC (2), Regulatory (1)",Ankita Pa***a (General Manager Exports & Operations / International Sales & Business Development Head) | Mohit Ja***n (Chief Financial Officer) | Rakesh Da***e (Chief Executive Officer),"Active workforce rotation at Umalaxmi Organics Pvt Ltd across R&D & QA/QC; engage verified leadership on Branded,Herbal extracts and contract formulation capacity."
Unibar Corporation,Medium,Contract Manufacturer & CDMO,145,unibarcorp.com,https://www.linkedin.com/company/unibar,2,1,1,1.4%,ACTIVE WORKFORCE ROTATION,"Mit Me***a (Director of Strategy, Finance and Business Development)",Retained Core (Regulatory & QA/QC),"Sevanti Me***a (President) | Mit Me***a (Director of Strategy, Finance and Business Development) | Paolo Lu***i (Worker)","Regulatory (2), QA/QC (1), R&D (1)","Sevanti Me***a (President) | Mit Me***a (Director of Strategy, Finance and Business Development)",Active workforce rotation at Unibar Corporation across Regulatory & QA/QC; engage verified leadership on Branded ingredients and contract formulation capacity.
Unicorn Natural Products,Small,Contract Manufacturer & CDMO,51,unicornnature.com,https://www.linkedin.com/company/unicorn-natural-products,1,1,0,2.0%,TARGETED STRATEGIC HIRING,"Vineet Si***h (Vice President, Head-R&D)",Retained Core (Regulatory & QA/QC),"Vineet Si***h (Vice President, Head-R&D) | Vedant Sa***i (Managing Director) | Siddharth Sa***i (Director) | Divya Ni***n (Senior Manager Sales Business Development) | Saptagiri Gi***i (AGM Unpl)","Regulatory (1), QA/QC (1), R&D (1)","Vineet Si***h (Vice President, Head-R&D) | Vedant Sa***i (Managing Director) | Siddharth Sa***i (Director)","Active workforce rotation at Unicorn Natural Products across Regulatory & QA/QC; engage verified leadership on Tea,Coffee,Botanical and contract formulation capacity."
"Unigen, Inc.",Medium,Contract Manufacturer & CDMO,145,unigen.net,https://www.linkedin.com/company/unigen,2,1,1,1.4%,ACTIVE WORKFORCE ROTATION,"Rodney St***s (Vice President, Sales & Marketing)",Retained Core (Regulatory & QA/QC),"Rodney St***s (Vice President, Sales & Marketing) | Lidia Br***l (VP Clinical Research and Regulatory Compliance) | Qi Jia (Chief Scientific Officer) | Kelly Da***s (Research Associate) | Phuoc Ng***n (Senior Test Engineer)","Regulatory (2), QA/QC (1), R&D (1)","Rodney St***s (Vice President, Sales & Marketing) | Lidia Br***l (VP Clinical Research and Regulatory Compliance) | Qi Jia (Chief Scientific Officer)","Active workforce rotation at Unigen, Inc. across Regulatory & QA/QC; engage verified leadership on Branded ingredients and contract formulation capacity."
Unique Biotech,Medium,Contract Manufacturer & CDMO,145,uniquebiotech.com,https://www.linkedin.com/company/unique-biotech,2,1,1,1.4%,ACTIVE WORKFORCE ROTATION,Siva Ra***u (Director),Retained Core (R&D & Regulatory),Siva Ra***u (Director) | Subhadra Ch***i (Consultant) | Ruveena Ds***a (Senior Marketing Executive) | Sushmitha Sa***a (Business Development Sr.Executive) | Rajeev Ha***n (Vice President Sales and Marketing),"R&D (2), Regulatory (1), QA/QC (1)",Siva Ra***u (Director) | Rajeev Ha***n (Vice President Sales and Marketing) | Sudha None (Managing Director),Active workforce rotation at Unique Biotech across R&D & Regulatory; engage verified leadership on Probiotic ingredients and contract formulation capacity.
Univar,Large,Contract Manufacturer & CDMO,9746,univarsolutions.com,https://www.linkedin.com/company/univar,3,1,2,0.0%,ACTIVE WORKFORCE ROTATION,Simone St***i (Senior HR Director Ingredients & Specialties EMEA),Retained Core (Sales & Operations),"Simone St***i (Senior HR Director Ingredients & Specialties EMEA) | Francisco Ab***o (Talent Acquisition Consultant - Ingredients + Specialties - North America, Latam & EMEA) | Michelle Sc***t (Senior Talent Acquisition) | Don Wo***d (Product Director - Amines & Plasticizers) | Vinicius Go***s (Business Director)","Sales (3), Operations (2), Logistics (1)",Simone St***i (Senior HR Director Ingredients & Specialties EMEA) | Don Wo***d (Product Director - Amines & Plasticizers) | Vinicius Go***s (Business Director),Active workforce rotation at Univar across Sales & Operations; engage verified leadership on All ingredients and contract formulation capacity.
"VALENTINE ENTERPRISES, INC.",Medium,Contract Manufacturer & CDMO,101,veiusa.com,https://www.linkedin.com/company/valentine-enterprises,2,1,1,2.0%,ACTIVE WORKFORCE ROTATION,Luya Fa***g (R&D Manager),Retained Core (R&D & Production),Luya Fa***g (R&D Manager) | Caroline Ta***r (Vice President of Revenue & Product) | Daniel Wa***n (Formulator Level 3 (Senior)) | Alan Sm***h (Board Member) | Greg Gr***i (Vice President of Quality),"R&D (2), Production (1), Quality Assurance (1)",Luya Fa***g (R&D Manager) | Caroline Ta***r (Vice President of Revenue & Product) | Greg Gr***i (Vice President of Quality),"Active workforce rotation at VALENTINE ENTERPRISES, INC. across R&D & Production; engage verified leadership on Custom blending and contract formulation capacity."
"VDF FutureCeuticals, Inc.",Small,Contract Manufacturer & CDMO,51,vdffutureceuticals.com,https://www.linkedin.com/company/vdf-futureceuticals,1,1,0,2.0%,TARGETED STRATEGIC HIRING,Habibulla None (Advertisement Manager),Retained Core (R&D & Regulatory),Melissa Es***a (Phlebotomist) | Habibulla None (Advertisement Manager) | John Hu***r (Executive Vice President Emeritus),"R&D (1), Regulatory (1), Sales (1)",Habibulla None (Advertisement Manager) | John Hu***r (Executive Vice President Emeritus),"Active workforce rotation at VDF FutureCeuticals, Inc. across R&D & Regulatory; engage verified leadership on high-purity ingredients and contract formulation capacity."
VIDARA,Large,Contract Manufacturer & CDMO,1000,vidara.com,https://www.linkedin.com/company/vidara,3,1,2,0.3%,ACTIVE WORKFORCE ROTATION,Camilla Ri***i (Head of HR / Brazil - People & Culture),Retained Core (Sales & R&D),Camilla Ri***i (Head of HR / Brazil - People & Culture) | Muhammad Zia (Sales Manager (MEAF & Pakistan)) | Mustapha Ki***n (North Africa Sales Manager) | Helen Wo***g (General Manager) | Karim Ko***e (Sales Manager),"Sales (3), R&D (2), QA/QC (1)",Camilla Ri***i (Head of HR / Brazil - People & Culture) | Muhammad Zia (Sales Manager (MEAF & Pakistan)) | Mustapha Ki***n (North Africa Sales Manager),Active workforce rotation at VIDARA across Sales & R&D; engage verified leadership on Nutrition ingredients and contract formulation capacity.
VIVATIS Pharma GmbH,Medium,Contract Manufacturer & CDMO,145,vivatis.de,https://www.linkedin.com/company/vivatis,2,1,1,1.4%,ACTIVE WORKFORCE ROTATION,Hamza Kh***i (Area Sales Manager France / Middle East and Africa - Business Development),Retained Core (Regulatory & QA/QC),Hamza Kh***i (Area Sales Manager France / Middle East and Africa - Business Development) | Miren Du***s (Inside Sales - Pharma) | Jaime Ma***z (Sales Manager Nutraceuticals) | Cristina Ro***n (🤝 Aligning Sales Strategies With Product Innovation 🤝 🌿🔗|| Technical Communication ||) | Andreas Wy***s (General Director / CEO),"Regulatory (2), QA/QC (1), R&D (1)",Hamza Kh***i (Area Sales Manager France / Middle East and Africa - Business Development) | Jaime Ma***z (Sales Manager Nutraceuticals) | Andreas Wy***s (General Director / CEO),Active workforce rotation at VIVATIS Pharma GmbH across Regulatory & QA/QC; engage verified leadership on Nutrition ingredients and contract formulation capacity.
Valensa International,Medium,Contract Manufacturer & CDMO,145,valensa.com,https://www.linkedin.com/company/valensa,2,1,1,1.4%,ACTIVE WORKFORCE ROTATION,Adam Bu***y (Director of Sales and Business Development),Retained Core (Regulatory & QA/QC),Adam Bu***y (Director of Sales and Business Development) | John Ga***o (Supply Chain Manager) | Judy Un***s (Chief Revenue Officer (CRO)) | Souvik Ch***e (Chief of Staff) | Michael Pi***i (Global Product Manager),"Regulatory (2), QA/QC (1), R&D (1)",Adam Bu***y (Director of Sales and Business Development) | John Ga***o (Supply Chain Manager) | Judy Un***s (Chief Revenue Officer (CRO)),"Active workforce rotation at Valensa International across Regulatory & QA/QC; engage verified leadership on Nutrition ingredients,Branded ingredients and contract formulation capacity."
Vaneeghen,Medium,Contract Manufacturer & CDMO,145,vaneeghen.com,https://www.linkedin.com/company/vaneeghen,2,1,1,1.4%,ACTIVE WORKFORCE ROTATION,Anneke Va***n (Chief Executive Officer (CEO)),Retained Core (Regulatory & QA/QC),Anneke Va***n (Chief Executive Officer (CEO)) | Deborah Br***r (Account Manager DACH) | Ornella Ca***a (Project Manager) | Sheri Me***r (Account Manager) | Ronald Ge***s (Operations & Technical Director.),"Regulatory (2), QA/QC (1), R&D (1)",Anneke Va***n (Chief Executive Officer (CEO)) | Deborah Br***r (Account Manager DACH) | Ornella Ca***a (Project Manager),Active workforce rotation at Vaneeghen across Regulatory & QA/QC; engage verified leadership on Branded ingredients and contract formulation capacity.
Vantage Nutrition,Large,Contract Manufacturer & CDMO,2000,vantagenutrition.com,https://www.linkedin.com/company/vantage,3,1,2,0.1%,ACTIVE WORKFORCE ROTATION,Gauri Sa***t (Manager Sales & BD),Retained Core (Regulatory & QA/QC),Gauri Sa***t (Manager Sales & BD) | Aaron Qu***n (Business Transformation) | Melissa Ho***h (Senior Commercial Leader) | Tiana Ro***s (Senior Manager) | Croft Ho***h (Site Director),"Regulatory (3), QA/QC (2), R&D (1)",Gauri Sa***t (Manager Sales & BD) | Tiana Ro***s (Senior Manager) | Croft Ho***h (Site Director),Active workforce rotation at Vantage Nutrition across Regulatory & QA/QC; engage verified leadership on high-purity ingredients and contract formulation capacity.
Vantage Specialty Chemicals,Large,"Food,Pharma Supplier",1000,vantagegrp.com,https://www.linkedin.com/company/vantage-specialty-chemicals,3,1,2,0.3%,ACTIVE WORKFORCE ROTATION,"Wendy Ga***o (Director, Global Talent & Organizational Development)",Retained Core (R&D & Sales),"Wendy Ga***o (Director, Global Talent & Organizational Development) | Valentina Ra***z (Global Talent Acquisition Sr. Partner) | Maria Le***n (Global Talent Acquisition Partner) | Katherin Ro***o (HR Director Latam) | Valentina An***l (Senior HR Operations Analyst)","R&D (3), Sales (2), Engineering (1)","Wendy Ga***o (Director, Global Talent & Organizational Development) | Katherin Ro***o (HR Director Latam) | Hernan Ca***d (VicePresidente Latam)","Active workforce rotation at Vantage Specialty Chemicals across R&D & Sales; engage verified leadership on Food,Pharma and contract formulation capacity."
Verb Biotics,Medium,Contract Manufacturer & CDMO,145,verbbiotics.com,https://www.linkedin.com/company/verb-biotics,2,1,1,1.4%,ACTIVE WORKFORCE ROTATION,Todd Be***n (Chief Executive Officer),Retained Core (R&D & Regulatory),Todd Be***n (Chief Executive Officer) | Arpita Ad***a (Microbiologist) | Celestia Ho***e (VP of Marketing) | Noah Zi***n (Chief Science and Technology Officer) | Brandy Ba***r (Associate Scientist),"R&D (2), Regulatory (1), QA/QC (1)",Todd Be***n (Chief Executive Officer) | Celestia Ho***e (VP of Marketing) | Noah Zi***n (Chief Science and Technology Officer),"Active workforce rotation at Verb Biotics across R&D & Regulatory; engage verified leadership on Microbe,Probiotics and contract formulation capacity."
Veri-te,Medium,Contract Manufacturer & CDMO,145,verite.com,https://www.linkedin.com/company/veri-te,2,1,1,1.4%,ACTIVE WORKFORCE ROTATION,Michelle Ch***n (Director of Client Services),Retained Core (R&D & Sales),Kimberley Jo***s (Managing Partner) | Michelle Ch***n (Director of Client Services) | Magdalena Bo***h (Founder & CEO) | Roberto Di***z (Aire Acondicionado) | Maggie He***e (Owner),"R&D (2), Sales (1), Marketing (1)",Michelle Ch***n (Director of Client Services) | Magdalena Bo***h (Founder & CEO) | Arturo Mo***o (Director),Active workforce rotation at Veri-te across R&D & Sales; engage verified leadership on Branded ingredient and contract formulation capacity.
Vesta Nutra,Medium,Contract Manufacturer & CDMO,145,vestanutra.com,https://www.linkedin.com/company/vesta,2,1,1,1.4%,ACTIVE WORKFORCE ROTATION,Thom De***l (Senior Technical Director),Retained Core (Regulatory & QA/QC),Sam Kw***n (President) | Thom De***l (Senior Technical Director) | Isabelle Kw***n (MBA Candidate ‘28) | Richard Pi***r (Client Relationship Manager) | Sierra M (Commercial Operations & Innovation Manager),"Regulatory (2), QA/QC (1), R&D (1)",Sam Kw***n (President) | Thom De***l (Senior Technical Director) | Richard Pi***r (Client Relationship Manager),Active workforce rotation at Vesta Nutra across Regulatory & QA/QC; engage verified leadership on Branded ingredient and contract formulation capacity.
Vidya Herbs,Medium,Contract Manufacturer & CDMO,145,vidyaherbs.com,https://www.linkedin.com/company/vidya-herbs,2,1,1,1.4%,ACTIVE WORKFORCE ROTATION,K Kr***a (Head of Treasury),Retained Core (R&D & QA/QC),K Kr***a (Head of Treasury) | Helga Va***t (Vice President Florida Business Operations) | Subhendu Na***k (Director of Formulation (Probiotics & Herbal)) | Arthur Ra***e (Regional Sales Director; East Coast) | Maria Nu***z (Sales Director (Strategic Projects)),"R&D (2), QA/QC (1), Manufacturing (1)",K Kr***a (Head of Treasury) | Helga Va***t (Vice President Florida Business Operations) | Subhendu Na***k (Director of Formulation (Probiotics & Herbal)),"Active workforce rotation at Vidya Herbs across R&D & QA/QC; engage verified leadership on Branded ingredients,extracts and contract formulation capacity."
Vinayak Ingredients (INDIA) Pvt. Ltd.,Medium,Food ingredients Supplier,145,vinayakcorporation.com,https://www.linkedin.com/company/vinayak,2,1,1,1.4%,ACTIVE WORKFORCE ROTATION,Ashutosh Bi***i (Managing Director),Retained Core (Sales & R&D),"Ashutosh Bi***i (Managing Director) | Subrata Ja***a (Assistant Manager - R&D) | Rose Ch***a (Senior Executive - Business Development) | Shreya Ke***r (Director of Sales, North America) | Pravin Sh***i (Techno-marketing)","Sales (2), R&D (1), QA/QC (1)","Ashutosh Bi***i (Managing Director) | Subrata Ja***a (Assistant Manager - R&D) | Shreya Ke***r (Director of Sales, North America)",Active workforce rotation at Vinayak Ingredients (INDIA) Pvt. Ltd. across Sales & R&D; engage verified leadership on Food ingredients and contract formulation capacity.
Vinumar,Medium,Contract Manufacturer & CDMO,145,vinumar.es,https://www.linkedin.com/company/vinumar,2,1,1,1.4%,ACTIVE WORKFORCE ROTATION,Miguel Ca***o (Quality and Food Safety Manager),Retained Core (Sales & R&D),Miguel Ca***o (Quality and Food Safety Manager) | Nathalie Fe***x (Commercial Director Grupo Vinumar) | Pedro Lo***a (Responsable de Informatica) | Belen Ge***o (Quality Control Technician) | Bernardo Mi***a (Adjunto a Dirección en Vinumar),"Sales (2), R&D (1), Regulatory (1)",Miguel Ca***o (Quality and Food Safety Manager) | Nathalie Fe***x (Commercial Director Grupo Vinumar),Active workforce rotation at Vinumar across Sales & R&D; engage verified leadership on Grape seed extracts and contract formulation capacity.
Vitablend,Medium,Contract Manufacturer & CDMO,145,vitablend.nl,https://www.linkedin.com/company/vitablend,2,1,1,1.4%,ACTIVE WORKFORCE ROTATION,Tom Va***k (Regional Sales Manager),Retained Core (R&D & QA/QC),Tom Va***k (Regional Sales Manager) | Mark Mu***r (Procurement Manager) | Elif Mo***n (Key Account Manager EMEA) | Romain Ga***d (Regional Sales Director) | Henk Ko***a (Engineering Manager),"R&D (2), QA/QC (1), Regulatory (1)",Tom Va***k (Regional Sales Manager) | Mark Mu***r (Procurement Manager) | Elif Mo***n (Key Account Manager EMEA),Active workforce rotation at Vitablend across R&D & QA/QC; engage verified leadership on Nutritional ingredients and contract formulation capacity.
Vital Proteins,Medium,Contract Manufacturer & CDMO,145,vitalproteins.com,https://www.linkedin.com/company/vital-proteins,2,1,1,1.4%,ACTIVE WORKFORCE ROTATION,Koren Co***k (Senior Marketing Manager - Brand Campaigns),Retained Core (Regulatory & QA/QC),Koren Co***k (Senior Marketing Manager - Brand Campaigns) | Grace Jo***n (Creative Project Manager) | Ella So***n (International Marketing) | Anika Gi***l (Process Improvement Project Manager) | Sarah Ri***s (Influencer Relationship Manager),"Regulatory (2), QA/QC (1), R&D (1)",Koren Co***k (Senior Marketing Manager - Brand Campaigns) | Grace Jo***n (Creative Project Manager) | Anika Gi***l (Process Improvement Project Manager),Active workforce rotation at Vital Proteins across Regulatory & QA/QC; engage verified leadership on Collagen and contract formulation capacity.
Vivion,Medium,Contract Manufacturer & CDMO,145,vivion.com,https://www.linkedin.com/company/vivion,2,1,1,1.4%,ACTIVE WORKFORCE ROTATION,Hyde Ka***i (Director of Sales -Nutrition & Food Ingredients),Retained Core (Regulatory & QA/QC),Hyde Ka***i (Director of Sales -Nutrition & Food Ingredients) | Michael Vi***n (Owner) | Katie Jo***n (Vice President of Sales) | Cody Ro***s (Senior Account Manager) | Daniel Lim (Account Executive),"Regulatory (2), QA/QC (1), R&D (1)",Hyde Ka***i (Director of Sales -Nutrition & Food Ingredients) | Katie Jo***n (Vice President of Sales) | Cody Ro***s (Senior Account Manager),Active workforce rotation at Vivion across Regulatory & QA/QC; engage verified leadership on Nutritional ingredients and contract formulation capacity.
Willows Ingredients Ltd,Small,Contract Manufacturer & CDMO,25,willowsingredients.com,https://www.linkedin.com/company/willows,1,1,0,4.0%,TARGETED STRATEGIC HIRING,Darerca Fl***n (Human Resources Manager),Retained Core (Regulatory & QA/QC),Darerca Fl***n (Human Resources Manager) | David Sc***s (Managing Director) | Derek Co***y (Director) | Maura La***e (Marketing Manager) | Monika Mo***e (Head of EU Sales),"Regulatory (1), QA/QC (1), R&D (1)",Darerca Fl***n (Human Resources Manager) | David Sc***s (Managing Director) | Derek Co***y (Director),Active workforce rotation at Willows Ingredients Ltd across Regulatory & QA/QC; engage verified leadership on Nutrition ingredients and contract formulation capacity.
Worlée Cosmetic Ingredients,Medium,Contract Manufacturer & CDMO,145,worlee.com,https://www.linkedin.com/company/worl-e,2,1,1,1.4%,ACTIVE WORKFORCE ROTATION,Stefan Ko***h (Managing Director),Retained Core (Regulatory & QA/QC),"Stefan Ko***h (Managing Director) | Stefan Re***r (Prokurist Einkauf und Vertrieb Konventionelle Gewürze) | Cesar Ca***e (Hamburg) | Stella Of***n (Purchase and Productmanagement Mushrooms, Garlic and Onions) | Tobias Bl***e (Key-Account-Manager)","Regulatory (2), QA/QC (1), R&D (1)",Stefan Ko***h (Managing Director) | Tobias Bl***e (Key-Account-Manager) | Gassia Ah***s (Sales & Key Account Manager),"Active workforce rotation at Worlée Cosmetic Ingredients across Regulatory & QA/QC; engage verified leadership on Botanicals,Cosmetic and contract formulation capacity."
Wuxi AccoBio Biotech Inc,Medium,Contract Manufacturer & CDMO,300,accobio.com,https://www.linkedin.com/company/wuxi-accobio-biotech,2,1,1,0.7%,ACTIVE WORKFORCE ROTATION,Bruce Zh***u (Business Development Manager),Retained Core (R&D & Quality Control),Bruce Zh***u (Business Development Manager) | Leon Wa***g (Marketing Manager) | Ray Du (Sales Executive) | Lucas Sh***n (Marketing Manager) | Gina Wu (Sales Manager),"R&D (2), Quality Control (1), Regulatory Affairs (1)",Bruce Zh***u (Business Development Manager) | Leon Wa***g (Marketing Manager) | Lucas Sh***n (Marketing Manager),"Active workforce rotation at Wuxi AccoBio Biotech Inc across R&D & Quality Control; engage verified leadership on Branded,Botanical extracts and contract formulation capacity."
Xsto Solutions LLC,Medium,Contract Manufacturer & CDMO,145,xstosolutions.com,https://www.linkedin.com/company/xsto,2,1,1,1.4%,ACTIVE WORKFORCE ROTATION,Dan Mu***y (Vice President Business Development),Retained Core (R&D & QA/QC),Dan Mu***y (Vice President Business Development) | Xsto Pr***n (Administrator),"R&D (2), QA/QC (1), Regulatory (1)",Dan Mu***y (Vice President Business Development),Active workforce rotation at Xsto Solutions LLC across R&D & QA/QC; engage verified leadership on Branded ingredients and contract formulation capacity.
Yeastup AG,Medium,Contract Manufacturer & CDMO,145,yeastup.com,https://www.linkedin.com/company/yeastup,2,1,1,1.4%,ACTIVE WORKFORCE ROTATION,Joel Ru***i (Head of Quality Management),Retained Core (R&D & Sales),Urs Br***r (Co-Founder Yeastup) | Sandra Ma***k (Application Development & Sales) | Jean Wa***r (Produkt- und Applikationsentwickler) | Joel Ru***i (Head of Quality Management) | Simin D (Wissenschaftliche Mitarbeiterin),"R&D (2), Sales (1), Regulatory (1)",Urs Br***r (Co-Founder Yeastup) | Joel Ru***i (Head of Quality Management),Active workforce rotation at Yeastup AG across R&D & Sales; engage verified leadership on Branded ingredients and contract formulation capacity.
Yogi,Medium,Contract Manufacturer & CDMO,145,yogi.com,https://www.linkedin.com/company/yogi,3,2,1,2.1%,ACTIVE WORKFORCE ROTATION,Active Hiring: Regulatory Scientist | Quality Analyst,Retained Core (R&D & QA/QC),Yogananth An***n (Founder),"R&D (3), QA/QC (2), Sales (1)",Yogananth An***n (Founder),Active workforce rotation at Yogi across R&D & QA/QC; engage verified leadership on high-purity ingredients and contract formulation capacity.
Zentis,Large,Contract Manufacturer & CDMO,2000,zentis.de,https://www.linkedin.com/company/zentis,3,1,2,0.1%,ACTIVE WORKFORCE ROTATION,Vanessa Mei (Account Manager),Retained Core (Regulatory & QA/QC),Vanessa Mei (Account Manager) | Modinat Mo***d (Project Manager) | Doug Fe***n (Vice President - Human Resources & Information Technology) | Vivek Sa***i (Food Scientist I) | Nico St***i (CEO),"Regulatory (3), QA/QC (2), R&D (1)",Vanessa Mei (Account Manager) | Modinat Mo***d (Project Manager) | Doug Fe***n (Vice President - Human Resources & Information Technology),Active workforce rotation at Zentis across Regulatory & QA/QC; engage verified leadership on Food ingredients and contract formulation capacity.
evident ingredients GmbH,Small,Contract Manufacturer & CDMO,50,evident-ingredients.com,https://www.linkedin.com/company/evident,1,1,0,2.0%,TARGETED STRATEGIC HIRING,Helge Po***l (Head of Sales),Retained Core (Sales & R&D),Fernando Ib***a (Owner & CEO) | David Ga***a (Owner & CEO) | Helge Po***l (Head of Sales) | Bettina Ho***y (Managing & Sales Director - France) | Inola Kr***e (Technical Sales Manager),"Sales (1), R&D (1), QA/QC (1)",Fernando Ib***a (Owner & CEO) | David Ga***a (Owner & CEO) | Helge Po***l (Head of Sales),Active workforce rotation at evident ingredients GmbH across Sales & R&D; engage verified leadership on Cosmetic ingredients and contract formulation capacity.
naVitalo GmbH,Medium,Finished Dietary Supplement Brand,145,navitalo.com,https://www.linkedin.com/company/navitalo,2,1,1,1.4%,ACTIVE WORKFORCE ROTATION,Kasper Ty***i (Sales Manager),Retained Core (Sales & Business Development),Tim Kr***n (CTO bei naVitalo GmbH) | Marcel Vi***z (CEO) | Kasper Ty***i (Sales Manager) | Giacomo No***e (Sales Manager) | Jonas Ka***n (Director Sales & Business Development),"Sales (2), Business Development (1), Marketing (1)",Marcel Vi***z (CEO) | Kasper Ty***i (Sales Manager) | Giacomo No***e (Sales Manager),Active workforce rotation at naVitalo GmbH across Sales & Business Development; engage verified leadership on Food ingredients and contract formulation capacity.
Contract Pharmacal Corp,Large,Contract Manufacturer & CDMO,1250,cpc.com,https://www.linkedin.com/company/contract,3,1,2,0.2%,ACTIVE WORKFORCE ROTATION,"Alisha Ds***a (Formulation Scientist, R&D)",Retained Core (R&D & Analytical Chemistry),"Matt Wo***f (CEO) | Ketan Da***i (Strategic Business & HR Professional) | Alisha Ds***a (Formulation Scientist, R&D) | Michael Ri***a (Vice President, Information Technology) | Yogesh So***a (Deputy General Manager Quality Assurance)","R&D (3), Analytical Chemistry (2), Quality Assurance (1)","Matt Wo***f (CEO) | Michael Ri***a (Vice President, Information Technology) | Yogesh So***a (Deputy General Manager Quality Assurance)",Active workforce rotation at Contract Pharmacal Corp across R&D & Analytical Chemistry; engage verified leadership on Contract Manufacturing and contract formulation capacity.
"Atlantic Essential Products, Inc.",Medium,Contract Manufacturer & CDMO,350,atlanticepny.com,https://www.linkedin.com/company/atlantic-essential-products,2,1,1,0.6%,ACTIVE WORKFORCE ROTATION,Chad To***r (Account Manager),Retained Core (Regulatory & QA/QC),Chad To***r (Account Manager) | Erika Fe***s (Responsabile di Direzione),"Regulatory (2), QA/QC (1), R&D (1)",Chad To***r (Account Manager),"Active workforce rotation at Atlantic Essential Products, Inc. across Regulatory & QA/QC; engage verified leadership on Contract Manufacturing and contract formulation capacity."
NutraPak USA,Medium,Contract Manufacturer & CDMO,145,nutrapakusa.com,https://www.linkedin.com/company/nutrapak,2,1,1,1.4%,ACTIVE WORKFORCE ROTATION,Nicholas Le***e (Director of Business Development),Retained Core (R&D & Quality Control),Maja Al***a (Corporate Controller) | Nicholas Le***e (Director of Business Development) | Gabriela Ma***i (Key Account Manager) | Brendan Ba***t (Account Manager) | Stanley Zo***k (Senior Business Development Lead),"R&D (2), Quality Control (1), Manufacturing (1)",Nicholas Le***e (Director of Business Development) | Gabriela Ma***i (Key Account Manager) | Brendan Ba***t (Account Manager),Active workforce rotation at NutraPak USA across R&D & Quality Control; engage verified leadership on Contract Manufacturing and contract formulation capacity.
"Makers Nutrition, LLC",Medium,Contract Manufacturer & CDMO,145,makersnutrition.com,https://www.linkedin.com/company/makers,2,1,1,1.4%,ACTIVE WORKFORCE ROTATION,Stephen Fi***n (Executive Vice President),Retained Core (R&D & Regulatory),Dalton Zi***o (Senior Account Executive) | Stephen Fi***n (Executive Vice President) | Nicolas Dr***r (Product Specialist) | Brett Ge***h (Senior Product Specialist) | Rosemary Ta***i (Director of Multimedia Marketing),"R&D (2), Regulatory (1), QA/QC (1)",Stephen Fi***n (Executive Vice President) | Rosemary Ta***i (Director of Multimedia Marketing),"Active workforce rotation at Makers Nutrition, LLC across R&D & Regulatory; engage verified leadership on Contract Manufacturing and contract formulation capacity."
Organimed LLC,Medium,Contract Manufacturer & CDMO,145,organimedusa.com,https://www.linkedin.com/company/organimed,2,1,1,1.4%,ACTIVE WORKFORCE ROTATION,Jon Ka***n (Chief Executive Officer),Retained Core (Regulatory & R&D),Jon Ka***n (Chief Executive Officer) | Liliana Ma***z (Material Planner & Production Planner) | Jiahang Ch***n (Project Manager) | Ismael Va***z (Operador de Máquina Encapsuladora de Medicamentos),"Regulatory (2), R&D (1), QA/QC (1)",Jon Ka***n (Chief Executive Officer) | Jiahang Ch***n (Project Manager),Active workforce rotation at Organimed LLC across Regulatory & R&D; engage verified leadership on Contract Manufacturing and contract formulation capacity.
Tishcon Corporation,Medium,Contract Manufacturer & CDMO,145,tishcon.com,https://www.linkedin.com/company/tishcon,2,1,1,1.4%,ACTIVE WORKFORCE ROTATION,Vimir Da***e (Senior Vice President Finance),Retained Core (R&D & QA/QC),Rushikesh Tu***e (Regulatory Affairs Specialist) | Vimir Da***e (Senior Vice President Finance) | Jagdish Pa***l (Director of Formulation Development) | Mike Ri***r (President) | Zeshaan Qa***i (IT Support Specialist),"R&D (2), QA/QC (1), Regulatory (1)",Vimir Da***e (Senior Vice President Finance) | Jagdish Pa***l (Director of Formulation Development) | Mike Ri***r (President),Active workforce rotation at Tishcon Corporation across R&D & QA/QC; engage verified leadership on Contract Manufacturing and contract formulation capacity.
"A&Z Pharmaceutical, Inc.",Large,Contract Manufacturer & CDMO,600,azpharmaceutical.com,https://www.linkedin.com/company/a-z,3,1,2,0.5%,ACTIVE WORKFORCE ROTATION,Saroj Ro***t (Principal Scientist),Retained Core (R&D & Regulatory),"Saroj Ro***t (Principal Scientist) | Ajay Ve***a (Chief Operating Officer) | Jodi Sh***n (Vice President, Human Resources) | Alexis Si***n (Procurement Manager) | Emma Xu (CEO & Chairman)","R&D (3), Regulatory (2), QA/QC (1)","Ajay Ve***a (Chief Operating Officer) | Jodi Sh***n (Vice President, Human Resources) | Alexis Si***n (Procurement Manager)","Active workforce rotation at A&Z Pharmaceutical, Inc. across R&D & Regulatory; engage verified leadership on Contract Manufacturing and contract formulation capacity."
America’s Best Nutrition,Medium,Contract Manufacturer & CDMO,145,abnmanufacture.com,https://www.linkedin.com/company/america-s-best,2,1,1,1.4%,ACTIVE WORKFORCE ROTATION,Brian Ba***n (Sales Director),Retained Core (R&D & Quality Assurance),Brian Ba***n (Sales Director),"R&D (2), Quality Assurance (1), Regulatory Affairs (1)",Brian Ba***n (Sales Director),Active workforce rotation at America’s Best Nutrition across R&D & Quality Assurance; engage verified leadership on Contract Manufacturing and contract formulation capacity.
Universal Nutrition Inc,Medium,Contract Manufacturer & CDMO,145,universalnutrition.com,https://www.linkedin.com/company/universal,2,1,1,1.4%,ACTIVE WORKFORCE ROTATION,Magnus Gu***n (Head of Growth & Performance Marketing),Retained Core (R&D & Regulatory),Magnus Gu***n (Head of Growth & Performance Marketing) | Jason Bu***k (Vice President of Products) | Jad Kh***h (Co-Chief Executive Officer) | Melissa Ga***v (Vice President Human Resources) | Felicia Bo***o (Senior Sales Account Manager- Specialty),"R&D (2), Regulatory (1), QA/QC (1)",Magnus Gu***n (Head of Growth & Performance Marketing) | Jason Bu***k (Vice President of Products) | Jad Kh***h (Co-Chief Executive Officer),Active workforce rotation at Universal Nutrition Inc across R&D & Regulatory; engage verified leadership on Contract Manufacturing and contract formulation capacity.
"RV Pharma, LLC",Medium,Contract Manufacturer & CDMO,145,rvpharma.com,https://www.linkedin.com/company/rv,3,2,1,2.1%,ACTIVE WORKFORCE ROTATION,Active Hiring: Regulatory Affairs Specialist | Quality Control Analyst,Retained Core (R&D & QA/QC),Luis To***s (Quality Assurance Assistant),"R&D (3), QA/QC (2), Regulatory (1)",Active Department Leadership: Regulatory Affairs Specialist,"Active workforce rotation at RV Pharma, LLC across R&D & QA/QC; engage verified leadership on Contract Manufacturing and contract formulation capacity."
SMK Global,Medium,Contract Manufacturer & CDMO,145,smk-global.com,https://www.linkedin.com/company/smk,2,1,1,1.4%,ACTIVE WORKFORCE ROTATION,Rabia Pa***l (Marketing Communications Director),Retained Core (Regulatory & QA/QC),Palak Ti***i (Formulation and Quality Documentation Associate) | Dhvanil Pa***l (Supply Chain Engineer) | Rabia Pa***l (Marketing Communications Director) | Jay Sh***h (Supply Chain Analyst) | Devang Pa***l (Vice President of Sales and Business Development),"Regulatory (2), QA/QC (1), R&D (1)",Rabia Pa***l (Marketing Communications Director) | Devang Pa***l (Vice President of Sales and Business Development),Active workforce rotation at SMK Global across Regulatory & QA/QC; engage verified leadership on Contract Manufacturing and contract formulation capacity.
Emerald Nutraceutical,Medium,Contract Manufacturer & CDMO,145,emerald.com,https://www.linkedin.com/company/emerald,2,1,1,1.4%,ACTIVE WORKFORCE ROTATION,Sangeetaa Me***n (Regional Publishing Manager),Retained Core (Regulatory & QA/QC),Sangeetaa Me***n (Regional Publishing Manager) | Emerald In***a (Emerald India) | Joanne Pr***y (Associate Editor) | Tom Sh***s (Communications Manager) | Vicky Wi***s (Chief Executive Officer),"Regulatory (2), QA/QC (1), R&D (1)",Sangeetaa Me***n (Regional Publishing Manager) | Tom Sh***s (Communications Manager) | Vicky Wi***s (Chief Executive Officer),Active workforce rotation at Emerald Nutraceutical across Regulatory & QA/QC; engage verified leadership on Contract Manufacturing and contract formulation capacity.
Catalent Pharma Solutions,Large,Contract Manufacturer & CDMO,10000,catalent.com,https://www.linkedin.com/company/catalent,3,1,2,0.0%,ACTIVE WORKFORCE ROTATION,"Henry Jin (Senior Account Director, Business Development)",Retained Core (Regulatory & QA/QC),"Thomas Te***r (Senior Talent Sourcer) | Henry Jin (Senior Account Director, Business Development) | Tiago Ra***o (Sales and Operations Planning Manager) | Rodrigo So***a (Técnico de EHS) | Julie Lam (Director of Executive Recruiting)","Regulatory (3), QA/QC (2), R&D (1)","Henry Jin (Senior Account Director, Business Development) | Tiago Ra***o (Sales and Operations Planning Manager) | Julie Lam (Director of Executive Recruiting)",Active workforce rotation at Catalent Pharma Solutions across Regulatory & QA/QC; engage verified leadership on Contract Manufacturing and contract formulation capacity.
"American Health Formulations, Inc.",Medium,Contract Manufacturer & CDMO,145,ahfvitamins.com,https://www.linkedin.com/company/american-health-formulations,2,1,1,1.4%,ACTIVE WORKFORCE ROTATION,Aniket Gu***e (Plant Operations Manager),Retained Core (Regulatory & QA/QC),Aniket Gu***e (Plant Operations Manager) | Cathy Liu (Sales Director) | Sara Wa***g (President 总统) | Mozidul Is***m (Senior Product Development Scientist) | Julia Ren (Innovative Pharma and Nutra Product Designer),"Regulatory (2), QA/QC (1), R&D (1)",Aniket Gu***e (Plant Operations Manager) | Cathy Liu (Sales Director) | Sara Wa***g (President 总统),"Active workforce rotation at American Health Formulations, Inc. across Regulatory & QA/QC; engage verified leadership on Contract Manufacturing and contract formulation capacity."
ACF Pharma,Small,Contract Manufacturer & CDMO,51,acfpharma.com,https://www.linkedin.com/company/acf,1,1,0,2.0%,TARGETED STRATEGIC HIRING,Lee We***s (Sales Director),Retained Core (R&D & Formulation),Andrew Ko***l (Partner) | Lee We***s (Sales Director),"R&D (1), Formulation (1), Manufacturing (1)",Lee We***s (Sales Director),Active workforce rotation at ACF Pharma across R&D & Formulation; engage verified leadership on Contract Manufacturing and contract formulation capacity.
Summit Rx Inc,Medium,Contract Manufacturer & CDMO,145,summitrxusa.com,https://www.linkedin.com/company/summit-rx,2,1,1,1.4%,ACTIVE WORKFORCE ROTATION,Adam Go***n (VP of Sales and Marketing),Retained Core (R&D & Manufacturing),Adam Go***n (VP of Sales and Marketing) | Donald Ab***t (President of Technical Services) | Kawaljit K (Sr Performance Analyst) | Preksha Sh***h (Data Analyst) | Sanskriti Pa***y (Senior Marketing Analyst),"R&D (2), Manufacturing (1), Quality Control (1)",Adam Go***n (VP of Sales and Marketing) | Donald Ab***t (President of Technical Services),Active workforce rotation at Summit Rx Inc across R&D & Manufacturing; engage verified leadership on Contract Manufacturing and contract formulation capacity.
"Bactolac Pharmaceutical, Inc",Medium,Contract Manufacturer & CDMO,145,bactolac.com,https://www.linkedin.com/company/bactolac,2,1,1,1.4%,ACTIVE WORKFORCE ROTATION,Vijay Bh***t (Sales & Marketing Manager),Retained Core (Regulatory Affairs & Quality Assurance/Control),Anirudh Je***a (• Quality Control) | Vijay Bh***t (Sales & Marketing Manager) | Nicole Yu***h (Customer Service Sales Representative) | Irene Pa***s (Human Resources/Payroll Coordinator) | Vivek Mu***y (Quality Control Chemist),"Regulatory Affairs (2), Quality Assurance/Control (1), Research & Development (1)",Vijay Bh***t (Sales & Marketing Manager) | Casey Mo***a (Sr. Human Resources Director),"Active workforce rotation at Bactolac Pharmaceutical, Inc across Regulatory Affairs & Quality Assurance/Control; engage verified leadership on Contract Manufacturing and contract formulation capacity."
VITA-gen Laboratories,Medium,Contract Manufacturer & CDMO,145,vitagenlabs.com,https://www.linkedin.com/company/vita-gen,2,1,1,1.4%,ACTIVE WORKFORCE ROTATION,Nick Se***o (General Manager),Retained Core (R&D & Regulatory),Nick Se***o (General Manager) | Eric Ha***r (President),"R&D (2), Regulatory (1), QA/QC (1)",Nick Se***o (General Manager) | Eric Ha***r (President),Active workforce rotation at VITA-gen Laboratories across R&D & Regulatory; engage verified leadership on Contract Manufacturing and contract formulation capacity.
Icelandirect Inc.,Medium,Contract Manufacturer & CDMO,145,icelandirect.com,https://www.linkedin.com/company/icelandirect,2,1,1,1.4%,ACTIVE WORKFORCE ROTATION,Taylor Kl***e (Director of Business Development - Pet),Retained Core (Sales & Marketing),Taylor Kl***e (Director of Business Development - Pet) | Andre Me***o (Vice President of Commercial Business) | Walaa Al***y (Chief Operating Officer) | Nina Fe***n (Business Development Manager) | Chirag Va***a (Vice President of Technical Services),"Sales (2), Marketing (1), Regulatory (1)",Taylor Kl***e (Director of Business Development - Pet) | Andre Me***o (Vice President of Commercial Business) | Walaa Al***y (Chief Operating Officer),Active workforce rotation at Icelandirect Inc. across Sales & Marketing; engage verified leadership on Contract Manufacturing and contract formulation capacity.
NFP Processing,Medium,Contract Manufacturer & CDMO,145,nfpllc.info,https://www.linkedin.com/company/nfp-processing,2,1,1,1.4%,ACTIVE WORKFORCE ROTATION,Dan Oa***y (Fliud Bed Operations Manager),Retained Core (R&D & QA/QC),Christina Ma***r (QA/QC Specialist) | Akhila Ga***m (V.P Technical Services) | Tom My***n (Production Management) | Dan Oa***y (Fliud Bed Operations Manager) | Ruth Co***s (Quality Assurance Quality Control),"R&D (2), QA/QC (1), Regulatory (1)",Dan Oa***y (Fliud Bed Operations Manager),Active workforce rotation at NFP Processing across R&D & QA/QC; engage verified leadership on Contract Manufacturing and contract formulation capacity.
"Florida Supplement, L.L.C",Medium,Contract Manufacturer & CDMO,145,floridasupplement.com,https://www.linkedin.com/company/florida-supplement-l-l-c,2,1,1,1.4%,ACTIVE WORKFORCE ROTATION,"Don Wh***e (Vice President, Sales)",Retained Core (Regulatory & QA/QC),"Don Wh***e (Vice President, Sales) | Charlotte Tr***s (Vice President of Business Development) | Joaquin Ba***z (Director of Operations at Florida Supplement) | Angie Ga***a (Human Resources Manager) | Ashly Jo***n (Quality Control Supervisor)","Regulatory (2), QA/QC (1), R&D (1)","Don Wh***e (Vice President, Sales) | Charlotte Tr***s (Vice President of Business Development) | Joaquin Ba***z (Director of Operations at Florida Supplement)","Active workforce rotation at Florida Supplement, L.L.C across Regulatory & QA/QC; engage verified leadership on Contract Manufacturing and contract formulation capacity."
SCN BestCo,Large,Contract Manufacturer & CDMO,500,scnbestco.com,https://www.linkedin.com/company/scn-bestco,3,1,2,0.6%,ACTIVE WORKFORCE ROTATION,Bernd Th***s (Chief Supply Chain Officer),Retained Core (R&D & Manufacturing),Scott Wa***g (Senior Recruiter) | Bernd Th***s (Chief Supply Chain Officer) | Donovan Ru***l (Vice President of Sales) | Ankit Dh***n (Chief Financial Officer) | Richard Wa***s (Vice President),"R&D (3), Manufacturing (2), Quality Assurance (1)",Bernd Th***s (Chief Supply Chain Officer) | Donovan Ru***l (Vice President of Sales) | Ankit Dh***n (Chief Financial Officer),Active workforce rotation at SCN BestCo across R&D & Manufacturing; engage verified leadership on Contract Manufacturing and contract formulation capacity.
Dynamic Nutraceuticals LLC,Medium,Contract Manufacturer & CDMO,145,dynamicnutraceuticals.com,https://www.linkedin.com/company/dynamic,2,1,1,1.4%,ACTIVE WORKFORCE ROTATION,Ryan Re***d (Executive Vice President of Sales),Retained Core (Regulatory & QA/QC),Drew Wa***d (Owner) | Ryan Re***d (Executive Vice President of Sales) | Alexis Bu***t (Director of Quality Assurance) | Corbin Wa***n (Sales Manager & Flavor Consultant) | Kelly La***n (Director of Purchasing),"Regulatory (2), QA/QC (1), R&D (1)",Ryan Re***d (Executive Vice President of Sales) | Alexis Bu***t (Director of Quality Assurance) | Corbin Wa***n (Sales Manager & Flavor Consultant),Active workforce rotation at Dynamic Nutraceuticals LLC across Regulatory & QA/QC; engage verified leadership on Contract Manufacturing and contract formulation capacity.
PURE Private Label LLC,Medium,Contract Manufacturer & CDMO,145,pureprivatelabel.com,https://www.linkedin.com/company/pure,2,1,1,1.4%,ACTIVE WORKFORCE ROTATION,Hana Pi***s (Account Manager/Product Development),Retained Core (Regulatory & QA/QC),Nile Ho***r (Sales Specialist) | Hana Pi***s (Account Manager/Product Development) | Rush Ri***n (CEO) | Stefanni Pl***l (Operations Manager) | John Al***y (Senior Sales Administrative Assistant),"Regulatory (2), QA/QC (1), R&D (1)",Hana Pi***s (Account Manager/Product Development) | Rush Ri***n (CEO) | Stefanni Pl***l (Operations Manager),Active workforce rotation at PURE Private Label LLC across Regulatory & QA/QC; engage verified leadership on Contract Manufacturing and contract formulation capacity.
EC Nutrition USA,Medium,Contract Manufacturer & CDMO,145,ec.com,https://www.linkedin.com/company/ec,3,2,1,2.1%,ACTIVE WORKFORCE ROTATION,Active Hiring: Regulatory Affairs Specialist | Quality Control Analyst,Retained Core (Regulatory & QA/QC),Diego Si***a (Sales Representative),"Regulatory (3), QA/QC (2), R&D (1)",Active Department Leadership: Regulatory Affairs Specialist,Active workforce rotation at EC Nutrition USA across Regulatory & QA/QC; engage verified leadership on Contract Manufacturing and contract formulation capacity.
Absonutrix LLC,Medium,Contract Manufacturer & CDMO,145,absonutrix.com,https://www.linkedin.com/company/absonutrix,2,1,1,1.4%,ACTIVE WORKFORCE ROTATION,Ayesha Sa***n (Brand Manager),Retained Core (Regulatory & QA/QC),Ayesha Sa***n (Brand Manager) | Adam Th***s (Chief Operating Officer) | Vishwanath Kh***r (GMP Facilities & Utilities Engineer (GMP Systems) | Pharma & Biotech Manufacturing) | Himanshu Na***l (Founder/President/CEO) | Purva Ga***i (Cosmetic Chemist),"Regulatory (2), QA/QC (1), R&D (1)",Ayesha Sa***n (Brand Manager) | Adam Th***s (Chief Operating Officer) | Himanshu Na***l (Founder/President/CEO),Active workforce rotation at Absonutrix LLC across Regulatory & QA/QC; engage verified leadership on Contract Manufacturing and contract formulation capacity.
Supplement Manufacturing Partners (SMP Nutra),Medium,Contract Manufacturer & CDMO,145,smpnutra.com,https://www.linkedin.com/company/supplement-manufacturing-partners,2,1,1,1.4%,ACTIVE WORKFORCE ROTATION,Frank Ca***e (Chief Executive Officer),Retained Core (Sales & Account Executive),Frank Ca***e (Chief Executive Officer) | Michael Me***o (Chief Sales Officer) | Steven Mi***o (Executive Chairman) | Rob Ca***i (Vice President Marketing) | Kyle Pe***n (Senior Account Executive),"Sales (2), Account Executive (1), Manufacturing (1)",Frank Ca***e (Chief Executive Officer) | Michael Me***o (Chief Sales Officer) | Rob Ca***i (Vice President Marketing),Active workforce rotation at Supplement Manufacturing Partners (SMP Nutra) across Sales & Account Executive; engage verified leadership on Contract Manufacturing and contract formulation capacity.
SRK Nutritionals,Medium,Contract Manufacturer & CDMO,145,srknutritionals.com,https://www.linkedin.com/company/srk,3,2,1,2.1%,ACTIVE WORKFORCE ROTATION,Active Hiring: Regulatory Affairs Specialist | Quality Control Analyst,Retained Core (Regulatory & QA/QC),Pranitha Ra***i (Manufacturing & Systems Engineer | GMP Compliance | Process Validation) | Yamuna Ma***a (President/CEO) | Lakshmi Ap***i (Quality Specialist) | Srk Nu***s (Client Services),"Regulatory (3), QA/QC (2), R&D (1)",Yamuna Ma***a (President/CEO),Active workforce rotation at SRK Nutritionals across Regulatory & QA/QC; engage verified leadership on Contract Manufacturing and contract formulation capacity.
Vitamix Laboratories,Small,Contract Manufacturer & CDMO,35,vitamixlabs.com,https://www.linkedin.com/company/vitamix,1,1,0,2.9%,TARGETED STRATEGIC HIRING,Robert Pa***k (Director of Sales),Retained Core (Regulatory & QA/QC),Michael Ko***z (President) | Robert Pa***k (Director of Sales) | Rick Ba***z (Senior Sales Consultant) | Magna Al***e (Saleswoman) | Alexandra Ma***o (Sales Consultant),"Regulatory (1), QA/QC (1), R&D (1)",Michael Ko***z (President) | Robert Pa***k (Director of Sales),Active workforce rotation at Vitamix Laboratories across Regulatory & QA/QC; engage verified leadership on Contract Manufacturing and contract formulation capacity.
Sawgrass Nutra Labs,Medium,Contract Manufacturer & CDMO,145,sawgrassnutralabs.com,https://www.linkedin.com/company/sawgrass,2,1,1,1.4%,ACTIVE WORKFORCE ROTATION,Kendall Co***t (Sr. Project Manager),Retained Core (Regulatory & QA/QC),"Gary Mu***y (President and CFO) | Alicia Ya***s (Employee) | Kendall Co***t (Sr. Project Manager) | Jason Ar***o (Production Supervisor) | Al Ca***l (Manufacturing Operations, Compliance, Quality & Facilities)","Regulatory (2), QA/QC (1), R&D (1)",Gary Mu***y (President and CFO) | Kendall Co***t (Sr. Project Manager),Active workforce rotation at Sawgrass Nutra Labs across Regulatory & QA/QC; engage verified leadership on Contract Manufacturing and contract formulation capacity.
Pharma Natural,Medium,Contract Manufacturer & CDMO,145,pharmanatural.com,https://www.linkedin.com/company/pharma-natural,2,1,1,1.4%,ACTIVE WORKFORCE ROTATION,Maria Ph***l (Manager Quality Control),Retained Core (Regulatory & QA/QC),Carlos Fe***o (Founder / President) | Carolina Fe***o (Healthcare Executive) | Luis Ca***s (Graphic & Media Designer) | Marian Sa***z (Quality Control Specialist) | Maria Ph***l (Manager Quality Control),"Regulatory (2), QA/QC (1), R&D (1)",Carlos Fe***o (Founder / President) | Maria Ph***l (Manager Quality Control),Active workforce rotation at Pharma Natural across Regulatory & QA/QC; engage verified leadership on Contract Manufacturing and contract formulation capacity.
Sun-Pac Manufacturing,Medium,Contract Manufacturer & CDMO,145,sunpacmanufacturing.com,https://www.linkedin.com/company/sun-pac-manufacturing,2,1,1,1.4%,ACTIVE WORKFORCE ROTATION,Aniet Me***a (Director of Operations),Retained Core (Regulatory & QA/QC),Aniet Me***a (Director of Operations) | Ariel Pe***z (Accounting Support Specialist) | Ariel Go***z (Human Resources Assistant) | Heather En***e (Major Account Manager) | Gary He***n (Chief Executive Officer),"Regulatory (2), QA/QC (1), R&D (1)",Aniet Me***a (Director of Operations) | Heather En***e (Major Account Manager) | Gary He***n (Chief Executive Officer),Active workforce rotation at Sun-Pac Manufacturing across Regulatory & QA/QC; engage verified leadership on Contract Manufacturing and contract formulation capacity.
NutraScience Labs,Medium,Contract Manufacturer & CDMO,100,nutrascience.com,https://www.linkedin.com/company/nutrascience,2,1,1,2.0%,ACTIVE WORKFORCE ROTATION,Brian La***t (Divisional Accounting Manager),Retained Core (Regulatory & QA/QC),Brian La***t (Divisional Accounting Manager) | Tiana Jo***s (Quality Assurance Associate) | Abbas Fa***l (IT Manager) | Lynne Me***h (Director of Research and Development & Account Executive) | Anurag Pu***t (Sales Manager),"Regulatory (2), QA/QC (1), R&D (1)",Brian La***t (Divisional Accounting Manager) | Abbas Fa***l (IT Manager) | Lynne Me***h (Director of Research and Development & Account Executive),Active workforce rotation at NutraScience Labs across Regulatory & QA/QC; engage verified leadership on Contract Manufacturing and contract formulation capacity.
Custom Nutra,Medium,Contract Manufacturer & CDMO,145,customnutra.com,https://www.linkedin.com/company/custom,3,2,1,2.1%,ACTIVE WORKFORCE ROTATION,Active Hiring: Regulatory Affairs Specialist | Quality Assurance Analyst,Retained Core (Regulatory & QA/QC),Natalie Ko***y (Supplement Warehouse),"Regulatory (3), QA/QC (2), R&D (1)",Active Department Leadership: Regulatory Affairs Specialist,Active workforce rotation at Custom Nutra across Regulatory & QA/QC; engage verified leadership on Contract Manufacturing and contract formulation capacity.
Brand Nutra,Medium,Contract Manufacturer & CDMO,145,brandnutra.com,https://www.linkedin.com/company/brand,2,1,1,1.4%,ACTIVE WORKFORCE ROTATION,Donald Ea***l (VP),Retained Core (Regulatory & QA/QC),Donald Ea***l (VP) | Danielle Cl***k (Project Manager) | Fevzi Av***i (QC Chemist) | Moshiur Kh***n (Research and Development Manager) | Sania Il***s (Quality Control Laboratory Technician),"Regulatory (2), QA/QC (1), R&D (1)",Donald Ea***l (VP) | Danielle Cl***k (Project Manager) | Moshiur Kh***n (Research and Development Manager),Active workforce rotation at Brand Nutra across Regulatory & QA/QC; engage verified leadership on Contract Manufacturing and contract formulation capacity.
BioCorp Nutrition Labs,Medium,Contract Manufacturer & CDMO,145,biocorp.com,https://www.linkedin.com/company/biocorp,2,1,1,1.4%,ACTIVE WORKFORCE ROTATION,Zaid Mo***r (IT Manager),Retained Core (Regulatory & QA/QC),Hajib As***a (Ingénieur Biomédical/commercial) | Yassine Be***a (Biomedical Engineer) | Oumaima Mo***e (Chagee de Contrôle des Dossiers) | Mohamed Ch***i (CEO) | Zaid Mo***r (IT Manager),"Regulatory (2), QA/QC (1), R&D (1)",Mohamed Ch***i (CEO) | Zaid Mo***r (IT Manager),Active workforce rotation at BioCorp Nutrition Labs across Regulatory & QA/QC; engage verified leadership on Contract Manufacturing and contract formulation capacity.
"NutriSport Pharmacal, Inc",Medium,Contract Manufacturer & CDMO,145,nutrisportpharmacal.com,https://www.linkedin.com/company/nutrisport,2,1,1,1.4%,ACTIVE WORKFORCE ROTATION,Ron Co***r (Quality Assurance Manager),Retained Core (R&D & Regulatory),Vincent Pa***r (President) | Nutrisport Ph***l (Online Marketing) | Ron Co***r (Quality Assurance Manager),"R&D (2), Regulatory (1), QA/QC (1)",Vincent Pa***r (President) | Ron Co***r (Quality Assurance Manager),"Active workforce rotation at NutriSport Pharmacal, Inc across R&D & Regulatory; engage verified leadership on Contract Manufacturing and contract formulation capacity."
Norax Supplements,Medium,Contract Manufacturer & CDMO,145,noraxsupplements.com,https://www.linkedin.com/company/norax-supplements,3,2,1,2.1%,ACTIVE WORKFORCE ROTATION,Active Hiring: Regulatory Scientist | Quality Analyst,Retained Core (Regulatory & QA/QC),Regulatory Scientist (Norax Supplements) | Quality Analyst (Norax Supplements) | Research & Development Scientist (Norax Supplements) | Sales Representative (Norax Supplements),"Regulatory (3), QA/QC (2), R&D (1)",Active Department Leadership: Regulatory Scientist,Active workforce rotation at Norax Supplements across Regulatory & QA/QC; engage verified leadership on Contract Manufacturing and contract formulation capacity.
Willings Nutraceutical,Medium,Contract Manufacturer & CDMO,145,willingsnutraceutical.com,https://www.linkedin.com/company/willings,2,1,1,1.4%,ACTIVE WORKFORCE ROTATION,Xiaoye Fan (Executive Assistant to Chief Executive Officer),Retained Core (Sales & R&D),Olivia Chu (Sales and Marketing Associate) | Katherine De***s (Accounting Bookkeeper) | Kezia Pu***i (Quality Assurance and Documentation) | Mittal Pa***l (Inventory Control Cordinator) | Xiaoye Fan (Executive Assistant to Chief Executive Officer),"Sales (2), R&D (1), QA/QC (1)",Xiaoye Fan (Executive Assistant to Chief Executive Officer),Active workforce rotation at Willings Nutraceutical across Sales & R&D; engage verified leadership on Contract Manufacturing and contract formulation capacity.
Vitaquest,Large,Contract Manufacturer & CDMO,501,vitaquest.com,https://www.linkedin.com/company/vitaquest,3,1,2,0.6%,ACTIVE WORKFORCE ROTATION,Rick Ha***l (Senior Vice President of Commercial Operations),Retained Core (R&D & Manufacturing),"Rick Ha***l (Senior Vice President of Commercial Operations) | Michael Yo***g (Chief Commercial Officer) | Tim Co***n (Chief Executive Officer) | Kevin Ku***z (Senior Formulator) | Gregory Dr***w (Vice President, Commercial Innovation)","R&D (3), Manufacturing (2), Sales (1)",Rick Ha***l (Senior Vice President of Commercial Operations) | Michael Yo***g (Chief Commercial Officer) | Tim Co***n (Chief Executive Officer),Active workforce rotation at Vitaquest across R&D & Manufacturing; engage verified leadership on Contract Manufacturing and contract formulation capacity.
Sabinsa Corporation,Medium,Contract Manufacturer & CDMO,145,sabinsa.com,https://www.linkedin.com/company/sabinsa,2,1,1,1.4%,ACTIVE WORKFORCE ROTATION,Drbalu Ko***r (Head: Global and Domestic Regulatory Affairs),Retained Core (Regulatory & QA/QC),"Drbalu Ko***r (Head: Global and Domestic Regulatory Affairs) | Brahmananda Rao (Senior Finance Manager) | Prabagaran Ga***n (Vice President - Phytochemicals R&D) | Amar Pr***t (Cloud Administrator | Oracle DBA | Cybersecurity Lead) | Sarang Ba***i (Senior Advisor, Research & Development,)","Regulatory (2), QA/QC (1), R&D (1)",Drbalu Ko***r (Head: Global and Domestic Regulatory Affairs) | Brahmananda Rao (Senior Finance Manager) | Prabagaran Ga***n (Vice President - Phytochemicals R&D),Active workforce rotation at Sabinsa Corporation across Regulatory & QA/QC; engage verified leadership on Contract Manufacturing and contract formulation capacity.
Nutracap,Small,Contract Manufacturer & CDMO,51,nutracapusa.com,https://www.linkedin.com/company/nutracap,1,1,0,2.0%,TARGETED STRATEGIC HIRING,Kim Ng***n (Branding & Content Manager),Retained Core (Sales & Operations),Gabriela Ba***i (Financial Controller) | Kim Ng***n (Branding & Content Manager) | Tom Le***n (Chairman & CEO) | Omar Na***o (Safety Manager) | Victor Ro***o (R&D Scientist (Food & Supplements)),"Sales (1), Operations (1), Manufacturing (1)",Kim Ng***n (Branding & Content Manager) | Tom Le***n (Chairman & CEO) | Omar Na***o (Safety Manager),Active workforce rotation at Nutracap across Sales & Operations; engage verified leadership on Contract Manufacturing and contract formulation capacity.
Catalyst Nutraceuticals,Medium,Contract Manufacturer & CDMO,145,catalystnutra.com,https://www.linkedin.com/company/catalyst,2,1,1,1.4%,ACTIVE WORKFORCE ROTATION,Andy Ku***o (Chief Executive Officer),Retained Core (R&D & QA/QC),Andy Ku***o (Chief Executive Officer) | Mayur Va***u (COO) | Greg Th***n (Senior Sales Executive) | Alex Wa***s (Chief Financial Officer) | Philip Sa***e (Vice President of Product Development),"R&D (2), QA/QC (1), Regulatory (1)",Andy Ku***o (Chief Executive Officer) | Alex Wa***s (Chief Financial Officer) | Philip Sa***e (Vice President of Product Development),Active workforce rotation at Catalyst Nutraceuticals across R&D & QA/QC; engage verified leadership on Contract Manufacturing and contract formulation capacity.
CCB Nutrition,Medium,Contract Manufacturer & CDMO,145,ccbnutrition.com,https://www.linkedin.com/company/ccb,2,1,1,1.4%,ACTIVE WORKFORCE ROTATION,Natalia Di***z (Operations Manager),Retained Core (Regulatory & QA/QC),Natalia Di***z (Operations Manager) | Dan Mi***s (Dietary Worker),"Regulatory (2), QA/QC (1), R&D (1)",Natalia Di***z (Operations Manager),Active workforce rotation at CCB Nutrition across Regulatory & QA/QC; engage verified leadership on Contract Manufacturing and contract formulation capacity.
F.A.M.E. Health Labs,Small,Contract Manufacturer & CDMO,70,famehealthlabs.com,https://www.linkedin.com/company/f-a-m-e-health,1,1,0,1.4%,TARGETED STRATEGIC HIRING,Chioma Ik***e (Interim Chief Science & Business Growth Officer),Retained Core (Regulatory & QA/QC),Ryan Sa***o (Account Executive) | Chioma Ik***e (Interim Chief Science & Business Growth Officer) | Muskan Ag***l (Graphic Specialist) | Arbie Al***o (Product Development and Sales Manager) | Health La***s (Company),"Regulatory (1), QA/QC (1), R&D (1)",Chioma Ik***e (Interim Chief Science & Business Growth Officer) | Arbie Al***o (Product Development and Sales Manager) | Lubica Pe***a (International Account Manager),Active workforce rotation at F.A.M.E. Health Labs across Regulatory & QA/QC; engage verified leadership on Contract Manufacturing and contract formulation capacity.
Rocktomic Labs,Medium,Contract Manufacturer & CDMO,145,rocktomic.com,https://www.linkedin.com/company/rocktomic,2,1,1,1.4%,ACTIVE WORKFORCE ROTATION,"Navin Kh***n (Head Product Consultant, Director of Custom Formulation R/D & Video Marketing Content/ Copy)",Retained Core (R&D & QA/QC),"Marco Ga***a (Co-Founder & COO) | Navin Kh***n (Head Product Consultant, Director of Custom Formulation R/D & Video Marketing Content/ Copy) | Maria Es***r (Key Account Manager) | Justin Ce***y (Internet Marketer) | Sebastian Ga***a (Branding Director)","R&D (2), QA/QC (1), Regulatory (1)","Marco Ga***a (Co-Founder & COO) | Navin Kh***n (Head Product Consultant, Director of Custom Formulation R/D & Video Marketing Content/ Copy) | Maria Es***r (Key Account Manager)",Active workforce rotation at Rocktomic Labs across R&D & QA/QC; engage verified leadership on Contract Manufacturing and contract formulation capacity.
Catamount Labs,Small,Contract Manufacturer & CDMO,51,catamount-labs.com,https://www.linkedin.com/company/catamount,1,1,0,2.0%,TARGETED STRATEGIC HIRING,Active Hiring: Regulatory Scientist | Quality Analyst,Retained Core (Regulatory & R&D),Sherry Ba***r (Laboratory Technician),"Regulatory (1), R&D (1), QA/QC (1)",Active Department Leadership: Regulatory Scientist,Active workforce rotation at Catamount Labs across Regulatory & R&D; engage verified leadership on Contract Manufacturing and contract formulation capacity.
Solis Labs,Medium,Contract Manufacturer & CDMO,145,solislabs.com,https://www.linkedin.com/company/solis,2,1,1,1.4%,ACTIVE WORKFORCE ROTATION,Solislabs None (VP of Sales and Marketing),Retained Core (Sales & Marketing Management),Ivy Bu***z (General Virtual Assistant) | Solislabs None (VP of Sales and Marketing) | Kenneth En***z (Virtual Assistant),"Sales (2), Marketing Management (1), Business Planning (1)",Solislabs None (VP of Sales and Marketing),Active workforce rotation at Solis Labs across Sales & Marketing Management; engage verified leadership on Contract Manufacturing and contract formulation capacity.
Nutrafill,Medium,Contract Manufacturer & CDMO,145,nutrafill.com,https://www.linkedin.com/company/nutrafill,3,2,1,2.1%,ACTIVE WORKFORCE ROTATION,Active Hiring: Regulatory Scientist | Quality Analyst,Retained Core (R&D & Sales),Regulatory Scientist (Nutrafill) | Quality Analyst (Nutrafill) | R&D Scientist (Nutrafill) | Sales Representative (Nutrafill),"R&D (3), Sales (2), Marketing (1)",Active Department Leadership: Regulatory Scientist,Active workforce rotation at Nutrafill across R&D & Sales; engage verified leadership on Contract Manufacturing and contract formulation capacity.
Marked Products,Large,Contract Manufacturer & CDMO,10376369,markedproducts.net,https://www.linkedin.com/company/marked-products,5,3,2,0.0%,ACTIVE WORKFORCE ROTATION,Active Hiring: Regulatory Scientist | Quality Analyst,Retained Core (Regulatory & QA/QC),Regulatory Scientist (Marked Products) | Quality Analyst (Marked Products) | Research & Development Scientist (Marked Products) | Sales Representative (Marked Products),"Regulatory (5), QA/QC (4), R&D (3)",Active Department Leadership: Regulatory Scientist,Active workforce rotation at Marked Products across Regulatory & QA/QC; engage verified leadership on Contract Manufacturing and contract formulation capacity.
Vitalabs Inc,Medium,Contract Manufacturer & CDMO,200,vitalabs.com,https://www.linkedin.com/company/vitalabs,2,1,1,1.0%,ACTIVE WORKFORCE ROTATION,Justin An***n (General Manager Sales Operations),Retained Core (Sales & Customer Service),Kirk Br***t (Quality Control Specialist) | Justin An***n (General Manager Sales Operations) | Haley Ga***d (Graphic Designer) | Gregory Fa***n (Sales and Marketing Specialist) | Scott Le***e (Sales Executive),"Sales (2), Customer Service (1), R&D (1)",Justin An***n (General Manager Sales Operations),Active workforce rotation at Vitalabs Inc across Sales & Customer Service; engage verified leadership on Contract Manufacturing and contract formulation capacity.
Allegiant Health,Medium,Contract Manufacturer & CDMO,145,allegiant-health.com,https://www.linkedin.com/company/allegiant-health,3,2,1,2.1%,ACTIVE WORKFORCE ROTATION,Active Hiring: Regulatory Affairs Specialist | Quality Control Analyst,Retained Core (R&D & QA/QC),Brian Li (Founder) | Li Founder (CEO),"R&D (3), QA/QC (2), Regulatory (1)",Brian Li (Founder) | Li Founder (CEO),Active workforce rotation at Allegiant Health across R&D & QA/QC; engage verified leadership on Contract Manufacturing and contract formulation capacity.
"Protech Nutra, Inc.",Small,Contract Manufacturer & CDMO,13,protech.it,https://www.linkedin.com/company/protech,1,1,0,5.0%,TARGETED STRATEGIC HIRING,Christian Ma***o (Partner and Sales Manager),Retained Core (R&D & Regulatory),Maria To***a (Sales Assistant) | Christian Ma***o (Partner and Sales Manager) | Dott Ag***i (Administrator) | Luca Ba***o (Commercial Technician) | Luca Al***i (Gestione Officina e Magazzino),"R&D (1), Regulatory (1), QA/QC (1)",Christian Ma***o (Partner and Sales Manager),"Active workforce rotation at Protech Nutra, Inc. across R&D & Regulatory; engage verified leadership on Contract Manufacturing and contract formulation capacity."
Gembra Health,Medium,Contract Manufacturer & CDMO,145,gembrahealth.com,https://www.linkedin.com/company/gembra-health,2,1,1,1.4%,ACTIVE WORKFORCE ROTATION,Jennifer Sc***t (VP/Owner),Retained Core (Regulatory & QA/QC),Jennifer Sc***t (VP/Owner),"Regulatory (2), QA/QC (1), R&D (1)",Jennifer Sc***t (VP/Owner),Active workforce rotation at Gembra Health across Regulatory & QA/QC; engage verified leadership on Contract Manufacturing and contract formulation capacity.
Nutra Solutions USA,Medium,Contract Manufacturer & CDMO,145,nutrasolutionsusa.com,https://www.linkedin.com/company/nutra,2,1,1,1.4%,ACTIVE WORKFORCE ROTATION,Sultana Ha***e (Technical Director),Retained Core (R&D & Regulatory Affairs),Tito Ra***n (Owner) | Sultana Ha***e (Technical Director) | Mumshadul Al***m (Quality Control) | Akhtar Ho***n (Manager/Supervisor) | Latiful Ha***e (Business Owner),"R&D (2), Regulatory Affairs (1), Sales (1)",Sultana Ha***e (Technical Director) | Akhtar Ho***n (Manager/Supervisor) | Zenora Mo***s (Director of Purchasing),Active workforce rotation at Nutra Solutions USA across R&D & Regulatory Affairs; engage verified leadership on Contract Manufacturing and contract formulation capacity.
Alaska Spring Pharmaceuticals,Medium,Contract Manufacturer & CDMO,145,alaskaspringpharma.com,https://www.linkedin.com/company/alaska-spring,2,1,1,1.4%,ACTIVE WORKFORCE ROTATION,Jim Li***l (Director of Sales),Retained Core (Regulatory & QA/QC),Jim Li***l (Director of Sales) | Nofal Am***n (Digital Marketer) | Hasan None (Senior Quality Assurance Specialist) | Elvis So***a (Alaska Spring Pharmaceuticals Inc.) | Rezaur Am***n (QC Scientist),"Regulatory (2), QA/QC (1), R&D (1)",Jim Li***l (Director of Sales) | Jerin Jo***n (Procurement Manager),Active workforce rotation at Alaska Spring Pharmaceuticals across Regulatory & QA/QC; engage verified leadership on Contract Manufacturing and contract formulation capacity.
Puriva,Medium,Contract Manufacturer & CDMO,145,puriva.com,https://www.linkedin.com/company/puriva,2,1,1,1.4%,ACTIVE WORKFORCE ROTATION,Abhinav An***d (Director),Retained Core (R&D & Manufacturing),Abhinav An***d (Director) | Pranjal None (Web Development Intern) | Yusuf Ak***r (Sales Assistant) | Puriva Ba***i (Marketing Director) | Devri Si***t (Aesthetician),"R&D (2), Manufacturing (1), Sales (1)",Abhinav An***d (Director) | Puriva Ba***i (Marketing Director),Active workforce rotation at Puriva across R&D & Manufacturing; engage verified leadership on Contract Manufacturing and contract formulation capacity.
"Vantage Nutrition, LLC",Medium,Contract Manufacturer & CDMO,145,vantage-nutrition.com,https://www.linkedin.com/company/vantage,2,1,1,1.4%,ACTIVE WORKFORCE ROTATION,Gauri Sa***t (Manager Sales & BD),Retained Core (Regulatory & R&D),Gauri Sa***t (Manager Sales & BD) | Aaron Qu***n (Business Transformation) | Melissa Ho***h (Senior Commercial Leader) | Tiana Ro***s (Senior Manager) | Croft Ho***h (Site Director),"Regulatory (2), R&D (1), Sales (1)",Gauri Sa***t (Manager Sales & BD) | Tiana Ro***s (Senior Manager) | Croft Ho***h (Site Director),"Active workforce rotation at Vantage Nutrition, LLC across Regulatory & R&D; engage verified leadership on Contract Manufacturing and contract formulation capacity."
"GMP Nutraceuticals, Inc.",Medium,Contract Manufacturer & CDMO,145,gmp-nutraceuticals.com,https://www.linkedin.com/company/gmp,2,1,1,1.4%,ACTIVE WORKFORCE ROTATION,"Drew Co***r (Brand Manager, Owner)",Retained Core (Quality Assurance & Research and Development),"Paul La***e (President) | Drew Co***r (Brand Manager, Owner) | Blake Wi***y (QA/QC Manager) | Vic Se***n (General Manager) | AJ Co***a (Chief Financial Officer)","Quality Assurance (2), Research and Development (1), Regulatory Affairs (1)","Paul La***e (President) | Drew Co***r (Brand Manager, Owner) | Blake Wi***y (QA/QC Manager)","Active workforce rotation at GMP Nutraceuticals, Inc. across Quality Assurance & Research and Development; engage verified leadership on Contract Manufacturing and contract formulation capacity."
Agile Nutra,Medium,Contract Manufacturer & CDMO,145,agilenutra.com,https://www.linkedin.com/company/agile,2,1,1,1.4%,ACTIVE WORKFORCE ROTATION,Michelle Ma***s (Director of Business & Brand Development),Retained Core (R&D & Regulatory),Chuck La***e (Co-Founder) | Stephen De***o (Co-Founder) | Michelle Ma***s (Director of Business & Brand Development) | Holly Su***s (Quality Assurance Manager) | Marissa Ali (Quality Control Specialist),"R&D (2), Regulatory (1), Manufacturing (1)",Chuck La***e (Co-Founder) | Stephen De***o (Co-Founder) | Michelle Ma***s (Director of Business & Brand Development),Active workforce rotation at Agile Nutra across R&D & Regulatory; engage verified leadership on Contract Manufacturing and contract formulation capacity.
SDC Nutrition Inc,Medium,Contract Manufacturer & CDMO,100,sdcnutrition.com,https://www.linkedin.com/company/sdc,2,1,1,2.0%,ACTIVE WORKFORCE ROTATION,Jenny Ch***n (VP of Marketing and M&A),Retained Core (Regulatory & R&D),"Luke Ko***l (Account Management) | Jenny Ch***n (VP of Marketing and M&A) | Devenee Sc***r (Co-Founder, VP of Sales & Customer Relations, Formulator) | Desiree Gl***s (CEO) | Shivendra Pa***l (Industrial Engineer)","Regulatory (2), R&D (1), QA/QC (1)","Jenny Ch***n (VP of Marketing and M&A) | Devenee Sc***r (Co-Founder, VP of Sales & Customer Relations, Formulator) | Desiree Gl***s (CEO)",Active workforce rotation at SDC Nutrition Inc across Regulatory & R&D; engage verified leadership on Contract Manufacturing and contract formulation capacity.
"Nutritional Specialties, Inc.",Medium,Contract Manufacturer & CDMO,145,professional-health-products.com,https://www.linkedin.com/company/nutritional-specialties,2,1,1,1.4%,ACTIVE WORKFORCE ROTATION,Heather Lo***d (Vice President of Sales & Operations),Retained Core (Regulatory & QA/QC),Heather Lo***d (Vice President of Sales & Operations) | Paris La***e (Sr. Account Manager) | Joann An***s (Office Manager) | Sierra Lu***a (Account Manager) | Liz Leo (Account Manager),"Regulatory (2), QA/QC (1), R&D (1)",Heather Lo***d (Vice President of Sales & Operations) | Paris La***e (Sr. Account Manager) | Joann An***s (Office Manager),"Active workforce rotation at Nutritional Specialties, Inc. across Regulatory & QA/QC; engage verified leadership on Contract Manufacturing and contract formulation capacity."
Natcon Biolife Sciences Pvt. Ltd.,Medium,Contract Manufacturer & CDMO,145,natconbiolife.com,https://www.linkedin.com/company/natcon-biolife-sciences,2,1,1,1.4%,ACTIVE WORKFORCE ROTATION,Sonu Si***h (Head of Operations),Retained Core (Regulatory Affairs & QA/QC),Deepak Ku***r (Graphic Designer & Digital Marketer) | Sonu Si***h (Head of Operations) | Ashutosh Pa***y (Associate) | Amit Ku***r (Purchase Manager) | Shuja Re***n (Assistant Manager),"Regulatory Affairs (2), QA/QC (1), R&D (1)",Sonu Si***h (Head of Operations) | Amit Ku***r (Purchase Manager) | Shuja Re***n (Assistant Manager),Active workforce rotation at Natcon Biolife Sciences Pvt. Ltd. across Regulatory Affairs & QA/QC; engage verified leadership on Contract Manufacturing and contract formulation capacity.
Phylloceuticals,Medium,Contract Manufacturer & CDMO,145,phylloceuticals.com,https://www.linkedin.com/company/phylloceuticals,2,1,1,1.4%,ACTIVE WORKFORCE ROTATION,"Susan St***a (Executive Vice President, Strategic Accounts)",Retained Core (R&D & Regulatory),"Bill Br***s (Advisor and Co-Founder) | Susan St***a (Executive Vice President, Strategic Accounts) | Jason La***t (COO) | Lynn Di***y (Co-Founder and Chief Technology Officer) | Ellie Go***e (Sales and Marketing Liaison)","R&D (2), Regulatory (1), QA/QC (1)","Bill Br***s (Advisor and Co-Founder) | Susan St***a (Executive Vice President, Strategic Accounts) | Lynn Di***y (Co-Founder and Chief Technology Officer)",Active workforce rotation at Phylloceuticals across R&D & Regulatory; engage verified leadership on Contract Manufacturing and contract formulation capacity.
"NuLife Sciences, Inc. - A BioRegenx Company",Medium,Contract Manufacturer & CDMO,145,nulifesciences.com,https://www.linkedin.com/company/nulife-sciences,3,2,1,2.1%,ACTIVE WORKFORCE ROTATION,Active Hiring: Regulatory Scientist | Quality Analyst,Retained Core (Regulatory & QA/QC),Mita Fi***o (Master Distributor) | Hannah Ne***r (Entrepreneur Coach),"Regulatory (3), QA/QC (2), R&D (1)",Active Department Leadership: Regulatory Scientist,"Active workforce rotation at NuLife Sciences, Inc. - A BioRegenx Company across Regulatory & QA/QC; engage verified leadership on Contract Manufacturing and contract formulation capacity."
Formulation Innovations Group,Medium,Contract Manufacturer & CDMO,145,figformulations.com,https://www.linkedin.com/company/formulation-innovations,3,2,1,2.1%,ACTIVE WORKFORCE ROTATION,Active Hiring: Research and Development Scientist | Formulation Specialist,Retained Core (R&D & Regulatory),Jeremy Ho***t (Business Development Executive) | Genise Ha***y (Quality Analyst),"R&D (3), Regulatory (2), QA/QC (1)",Active Department Leadership: Research and Development Scientist,Active workforce rotation at Formulation Innovations Group across R&D & Regulatory; engage verified leadership on Contract Manufacturing and contract formulation capacity.
Hi-Tech Nutraceuticals,Medium,Contract Manufacturer & CDMO,145,hitech.com,https://www.linkedin.com/company/hi-tech,2,1,1,1.4%,ACTIVE WORKFORCE ROTATION,Anum Sh***n (Chief Operations Officer),Retained Core (R&D & Quality Control),Anum Sh***n (Chief Operations Officer) | Imran Ja***r (Proprietor) | Ratan Ni***d (Welder) | Hi Hi (Design Engineer),"R&D (2), Quality Control (1), Regulatory Affairs (1)",Anum Sh***n (Chief Operations Officer),Active workforce rotation at Hi-Tech Nutraceuticals across R&D & Quality Control; engage verified leadership on Contract Manufacturing and contract formulation capacity.
"Pharmaloz Manufacturing, Inc.",Large,Contract Manufacturer & CDMO,60000,pharmaloz.com,https://www.linkedin.com/company/pharmaloz-manufacturing,5,3,2,0.0%,ACTIVE WORKFORCE ROTATION,Active Hiring: Regulatory Scientist | Quality Analyst,Retained Core (Regulatory & QA/QC),Jennifer He***n (Accounting Controller) | Michele Ge***l (Production Supervisor) | Betty Gi***t (Production Worker) | Mikey Bee (Laborer),"Regulatory (5), QA/QC (4), R&D (3)",Active Department Leadership: Regulatory Scientist,"Active workforce rotation at Pharmaloz Manufacturing, Inc. across Regulatory & QA/QC; engage verified leadership on Contract Manufacturing and contract formulation capacity."
Ameripharm,Medium,Contract Manufacturer & CDMO,145,ameripharm.com,https://www.linkedin.com/company/ameripharm,2,1,1,1.4%,ACTIVE WORKFORCE ROTATION,John Ho***n (Chief Operating Officer),Retained Core (Regulatory & QA/QC),John Ho***n (Chief Operating Officer) | Terry Sc***t (Director of Communications),"Regulatory (2), QA/QC (1), R&D (1)",John Ho***n (Chief Operating Officer) | Terry Sc***t (Director of Communications),Active workforce rotation at Ameripharm across Regulatory & QA/QC; engage verified leadership on Contract Manufacturing and contract formulation capacity.
Smartnutras,Medium,Contract Manufacturer & CDMO,145,smartnutras.com,https://www.linkedin.com/company/smartnutras,2,1,1,1.4%,ACTIVE WORKFORCE ROTATION,Michelle Ma***s (Director of Business & Brand Development),Retained Core (R&D & Regulatory),Chuck La***e (Co-Founder) | Stephen De***o (Co-Founder) | Michelle Ma***s (Director of Business & Brand Development) | Holly Su***s (Quality Assurance Manager) | Marissa Ali (Quality Control Specialist),"R&D (2), Regulatory (1), QA/QC (1)",Chuck La***e (Co-Founder) | Stephen De***o (Co-Founder) | Michelle Ma***s (Director of Business & Brand Development),Active workforce rotation at Smartnutras across R&D & Regulatory; engage verified leadership on Contract Manufacturing and contract formulation capacity.
WIN Nutrition,Medium,Contract Manufacturer & CDMO,145,winutrition.com,https://www.linkedin.com/company/win,3,2,1,2.1%,ACTIVE WORKFORCE ROTATION,Active Hiring: Regulatory Scientist | Quality Analyst,Retained Core (Regulatory & QA/QC),Tina Sm***h (Customer Service Representative) | Laura Bo***o (Operations Planner) | Mohandas Me***n (Consultant),"Regulatory (3), QA/QC (2), R&D (1)",Active Department Leadership: Regulatory Scientist,Active workforce rotation at WIN Nutrition across Regulatory & QA/QC; engage verified leadership on Contract Manufacturing and contract formulation capacity.
"Tower Laboratories, Ltd.",Medium,Contract Manufacturer & CDMO,145,towerlabs.com,https://www.linkedin.com/company/tower,2,1,1,1.4%,ACTIVE WORKFORCE ROTATION,Sara Gi***n (Growth Marketing Manager),Retained Core (Pharmaceutical Development & Manufacturing),"Sara Gi***n (Growth Marketing Manager) | Jim Al***n (Director of Manufacturing) | Manik Ma***l (Quality Professional) | Beth Cu***e (Vice President Business Operations) | Nicole Qu***n (Vice President, Quality and Product Development)","Pharmaceutical Development (2), Manufacturing (1), Quality Assurance (1)",Sara Gi***n (Growth Marketing Manager) | Jim Al***n (Director of Manufacturing) | Beth Cu***e (Vice President Business Operations),"Active workforce rotation at Tower Laboratories, Ltd. across Pharmaceutical Development & Manufacturing; engage verified leadership on Contract Manufacturing and contract formulation capacity."
Tishcon Corp.,Medium,Contract Manufacturer & CDMO,145,tishcon.com,https://www.linkedin.com/company/tishcon,2,1,1,1.4%,ACTIVE WORKFORCE ROTATION,Vimir Da***e (Senior Vice President Finance),Retained Core (R&D & Product Development),Rushikesh Tu***e (Regulatory Affairs Specialist) | Vimir Da***e (Senior Vice President Finance) | Jagdish Pa***l (Director of Formulation Development) | Mike Ri***r (President) | Zeshaan Qa***i (IT Support Specialist),"R&D (2), Product Development (1), Manufacturing (1)",Vimir Da***e (Senior Vice President Finance) | Jagdish Pa***l (Director of Formulation Development) | Mike Ri***r (President),Active workforce rotation at Tishcon Corp. across R&D & Product Development; engage verified leadership on Contract Manufacturing and contract formulation capacity.
VitaWorks,Medium,Contract Manufacturer & CDMO,145,vitaworksusa.com,https://www.linkedin.com/company/vitaworks,2,1,1,1.4%,ACTIVE WORKFORCE ROTATION,Michael Be***a (Senior Vice President New Business Development),Retained Core (Pharmaceutical Formulation & Nutraceutical Production),Michael Be***a (Senior Vice President New Business Development) | Jeremie Fe***r (VP Sales and Business Development) | Austin Gr***i (Director of Product Development) | Eileen Ma***o (VP of Supply Chain) | Mikala Gi***t (Product Developer),"Pharmaceutical Formulation (2), Nutraceutical Production (1), Tablet Manufacturing (1)",Michael Be***a (Senior Vice President New Business Development) | Jeremie Fe***r (VP Sales and Business Development) | Austin Gr***i (Director of Product Development),Active workforce rotation at VitaWorks across Pharmaceutical Formulation & Nutraceutical Production; engage verified leadership on Contract Manufacturing and contract formulation capacity.
KerryGroup,Large,Contract Manufacturer & CDMO,17000,kerrygroup.com,https://www.linkedin.com/company/kerrygroup,3,1,2,0.0%,ACTIVE WORKFORCE ROTATION,Wendy Le***y (ESH Lead),Retained Core (Regulatory Affairs & Quality Assurance/Control),"Wendy Le***y (ESH Lead) | Krishna Me***n (Operations Manager,New Zealand) | Ashleigh Ta***u (Sales Support Specialist) | Mina Iu***e (Accounts Receivable) | Glen Cr***y (Senior Applications Specialist)","Regulatory Affairs (3), Quality Assurance/Control (2), Research & Development (1)","Krishna Me***n (Operations Manager,New Zealand)","Active workforce rotation at KerryGroup across Regulatory Affairs & Quality Assurance/Control; engage verified leadership on ingredient supplier, contract manufacturer, supplement brand and contract formulation capacity."
Yogorino,Medium,Contract Manufacturer & CDMO,145,yogorino.com,https://www.linkedin.com/company/yogorino,3,2,1,2.1%,ACTIVE WORKFORCE ROTATION,Active Hiring: Regulatory Scientist | Quality Analyst,Retained Core (Regulatory Affairs & Quality Assurance/Control),Martina Ba***o (Administrative Assistant),"Regulatory Affairs (3), Quality Assurance/Control (2), Research & Development (1)",Active Department Leadership: Regulatory Scientist,Active workforce rotation at Yogorino across Regulatory Affairs & Quality Assurance/Control; engage verified leadership on Unknown and contract formulation capacity.
AdvantraZ,Small,Finished Dietary Supplement Brand,85,advantraz.com,https://www.linkedin.com/company/advantraz,1,1,0,1.2%,TARGETED STRATEGIC HIRING,Active Hiring: Regulatory Scientist | Quality Analyst,Retained Core (R&D & Sales),Regulatory Scientist (AdvantraZ) | Quality Analyst (AdvantraZ),"R&D (1), Sales (1)",Active Department Leadership: Regulatory Scientist,"Active workforce rotation at AdvantraZ across R&D & Sales; engage verified leadership on ingredient supplier, supplement brand and contract formulation capacity."
DeadSea Moringa,Large,Contract Manufacturer & CDMO,59000,deadseamoringa.com,https://www.linkedin.com/company/deadsea-moringa,5,3,2,0.0%,ACTIVE WORKFORCE ROTATION,Active Hiring: Regulatory Scientist | Quality Analyst,Retained Core (Regulatory & QA/QC),Regulatory Scientist (DeadSea Moringa) | Quality Analyst (DeadSea Moringa) | Research & Development Scientist (DeadSea Moringa) | Sales Representative (DeadSea Moringa),"Regulatory (5), QA/QC (4), R&D (3)",Active Department Leadership: Regulatory Scientist,"Active workforce rotation at DeadSea Moringa across Regulatory & QA/QC; engage verified leadership on ingredient supplier, contract manufacturer and contract formulation capacity."
Actylis,Small,Contract Manufacturer & CDMO,75,actylis.com,https://www.linkedin.com/company/actylis,1,1,0,1.3%,TARGETED STRATEGIC HIRING,Gautam Pa***y (Director Human Resources - APAC),Retained Core (Regulatory Affairs & Quality Assurance/Control),"Gautam Pa***y (Director Human Resources - APAC) | Rahul Va***a (EHS Officer) | Varun Rao (Head of Sustainability) | Patrick Bo***r (Sr Director, Americas Supply Chain and Global Process and Systems Excellence) | Shraddha As***r (Assistant Manager)","Regulatory Affairs (1), Quality Assurance/Control (1), Research & Development (1)","Gautam Pa***y (Director Human Resources - APAC) | Varun Rao (Head of Sustainability) | Patrick Bo***r (Sr Director, Americas Supply Chain and Global Process and Systems Excellence)","Active workforce rotation at Actylis across Regulatory Affairs & Quality Assurance/Control; engage verified leadership on ingredient supplier, contract manufacturer, supplement brand and contract formulation capacity."
Symbiosis Srl,Medium,Contract Manufacturer & CDMO,145,symbiosis.com,https://www.linkedin.com/company/symbiosis,2,1,1,1.4%,ACTIVE WORKFORCE ROTATION,Suzanne Mi***s (Operations & Marketing Director),Retained Core (Regulatory & QA/QC),Suzanne Mi***s (Operations & Marketing Director) | Anthony Pi***n (Managing Director) | Emily Cl***e (Sales and Marketing Coordinator) | Helen Ti***r (Accounts Admini),"Regulatory (2), QA/QC (1), R&D (1)",Suzanne Mi***s (Operations & Marketing Director) | Anthony Pi***n (Managing Director),Active workforce rotation at Symbiosis Srl across Regulatory & QA/QC; engage verified leadership on contract manufacturer and contract formulation capacity.
Laboratorio Francescano,Medium,Contract Manufacturer & CDMO,145,laboratoriofrancescano.com,https://www.linkedin.com/company/laboratorio-francescano,3,2,1,2.1%,ACTIVE WORKFORCE ROTATION,Active Hiring: Regulatory Scientist | Quality Analyst,Retained Core (Regulatory & QA/QC),Regulatory Scientist (Laboratorio Francescano) | Quality Analyst (Laboratorio Francescano) | Research Associate (Laboratorio Francescano),"Regulatory (3), QA/QC (2), R&D (1)",Active Department Leadership: Regulatory Scientist,"Active workforce rotation at Laboratorio Francescano across Regulatory & QA/QC; engage verified leadership on contract manufacturer, supplement brand and contract formulation capacity."
CHR. HANSEN,Large,Contract Manufacturer & CDMO,3834,chrhansen.com,https://www.linkedin.com/company/chr-hansen,3,1,2,0.1%,ACTIVE WORKFORCE ROTATION,"Neal Ho***m (Sr. Planning, Procurement and Demand Manager)",Retained Core (Regulatory & QA/QC),"Austin Ph***h (IT Infrastructure Consultant) | Neal Ho***m (Sr. Planning, Procurement and Demand Manager) | Matt Ga***r (Data System Analyst (Global IT)) | Renzo Sa***s (Warehouse & Operations Analyst) | Katharina Kl***r (Head of Marketing EMEA)","Regulatory (3), QA/QC (2), R&D (1)","Neal Ho***m (Sr. Planning, Procurement and Demand Manager) | Katharina Kl***r (Head of Marketing EMEA)",Active workforce rotation at CHR. HANSEN across Regulatory & QA/QC; engage verified leadership on ingredient supplier and contract formulation capacity.
UAS LABORATORIES,Medium,Contract Manufacturer & CDMO,145,uas.com,https://www.linkedin.com/company/uas,2,1,1,1.4%,ACTIVE WORKFORCE ROTATION,Chris Mc***k (VP of Sales),Retained Core (Regulatory Affairs & QA/QC),Chris Mc***k (VP of Sales) | Bill Al***r (Security Consultant National Accounts Division) | Craig Mo***n (National Security Consultant) | Joe Ry***n (Security Consultant) | Jeff Cr***r (VP of Technology),"Regulatory Affairs (2), QA/QC (1), R&D (1)",Chris Mc***k (VP of Sales) | Jeff Cr***r (VP of Technology) | Christopher Bl***k (National Account Manager),"Active workforce rotation at UAS LABORATORIES across Regulatory Affairs & QA/QC; engage verified leadership on ingredient supplier, contract manufacturer and contract formulation capacity."
NATIONAL ENZYME COMPANY,Medium,Contract Manufacturer & CDMO,145,nationalenzyme.com,https://www.linkedin.com/company/national-enzyme,2,1,1,1.4%,ACTIVE WORKFORCE ROTATION,Harold Fox (Senior Sales Manager),Retained Core (R&D & Sales),Debbie Ra***y (Operator) | Dustin Co***r (Network Administrator) | Harold Fox (Senior Sales Manager) | Lewis Ho***n (Network Administrator) | Charles Am***n (Chief Operating Officer),"R&D (2), Sales (1), Regulatory (1)",Harold Fox (Senior Sales Manager) | Charles Am***n (Chief Operating Officer),Active workforce rotation at NATIONAL ENZYME COMPANY across R&D & Sales; engage verified leadership on supplement brand and contract formulation capacity.
Cosmonutra Lifesciences Private Limited,Medium,Contract Manufacturer & CDMO,145,cosmonutra.com,https://www.linkedin.com/company/cosmonutra,3,2,1,2.1%,ACTIVE WORKFORCE ROTATION,Active Hiring: Regulatory Scientist | Quality Analyst,Retained Core (Regulatory & QA/QC),Regulatory Scientist (Cosmonutra Lifesciences Private Limited) | Quality Analyst (Cosmonutra Lifesciences Private Limited) | R&D Scientist (Cosmonutra Lifesciences Private Limited) | Sales Representative (Cosmonutra Lifesciences Private Limited),"Regulatory (3), QA/QC (2), R&D (1)",Active Department Leadership: Regulatory Scientist,"Active workforce rotation at Cosmonutra Lifesciences Private Limited across Regulatory & QA/QC; engage verified leadership on ingredient supplier, contract manufacturer and contract formulation capacity."
Arelang Naturals Pvt Ltd,Small,Contract Manufacturer & CDMO,9,arelangnaturals.com,https://www.linkedin.com/company/arelang-naturals,1,1,0,5.0%,TARGETED STRATEGIC HIRING,Snehal Pe***r (Assistant Manager Brand Communications),Retained Core (Regulatory & QA/QC),Aamir Sh***h (Supply Chain) | Vicky Ch***e (Management) | Snehal Pe***r (Assistant Manager Brand Communications) | Mitali Tr***a (Brand & Growth Strategy Lead) | Aditi Pal (Retention Marketing Executive),"Regulatory (1), QA/QC (1), R&D (1)",Snehal Pe***r (Assistant Manager Brand Communications),Active workforce rotation at Arelang Naturals Pvt Ltd across Regulatory & QA/QC; engage verified leadership on supplement brand and contract formulation capacity.
Green Vibes Biotech Pvt. Ltd,Medium,Contract Manufacturer & CDMO,145,greenvibesbiotech.com,https://www.linkedin.com/company/green-vibes-biotech,2,1,1,1.4%,ACTIVE WORKFORCE ROTATION,Rohit Wa***n (Manager of Procurement),Retained Core (Regulatory & QA/QC),Rohit Wa***n (Manager of Procurement) | Sunil Ku***r (Head of Production) | Jyoti Th***r (Managing Director) | Shubhanshu Mi***a (Sales Manager) | Vipashu Bi***i (Digital Marketing Manager),"Regulatory (2), QA/QC (1), R&D (1)",Rohit Wa***n (Manager of Procurement) | Sunil Ku***r (Head of Production) | Jyoti Th***r (Managing Director),"Active workforce rotation at Green Vibes Biotech Pvt. Ltd across Regulatory & QA/QC; engage verified leadership on ingredient supplier, contract manufacturer and contract formulation capacity."
SURUL CHETTINAD AYURVEDIC,Small,Contract Manufacturer & CDMO,11,surulchettinadayurvedic.com,https://www.linkedin.com/company/surul-chettinad-ayurvedic,1,1,0,5.0%,TARGETED STRATEGIC HIRING,Active Hiring: Regulatory Scientist | Quality Analyst,Retained Core (Regulatory & QA/QC),Selva M (Supervisor) | Deva Sa***a (SEO Content Writer) | Karthykeyan R (Customer Support Executive),"Regulatory (1), QA/QC (1), R&D (1)",Active Department Leadership: Regulatory Scientist,Active workforce rotation at SURUL CHETTINAD AYURVEDIC across Regulatory & QA/QC; engage verified leadership on Unknown and contract formulation capacity.
Ambix Healthcare Pvt Ltd,Medium,Contract Manufacturer & CDMO,145,ambixhealthcare.com,https://www.linkedin.com/company/ambix-healthcare,2,1,1,1.4%,ACTIVE WORKFORCE ROTATION,Ambix Llp (Human Resources Manager),Retained Core (Regulatory Affairs Specialists & QA/QC),Ambix Llp (Human Resources Manager) | Pratik Ji***i (Business Development Operations Manager) | Hapani An***t (Flutter Devloper) | Gafur Sa***d (Pharmaceutical Sales Representative),"Regulatory Affairs Specialists (2), QA/QC (1), R&D (1)",Ambix Llp (Human Resources Manager) | Pratik Ji***i (Business Development Operations Manager),Active workforce rotation at Ambix Healthcare Pvt Ltd across Regulatory Affairs Specialists & QA/QC; engage verified leadership on contract manufacturer and contract formulation capacity.
Lifestarter Project Pvt. Ltd.,Medium,Contract Manufacturer & CDMO,145,lifestarterproject.com,https://www.linkedin.com/company/lifestarter-project,2,1,1,1.4%,ACTIVE WORKFORCE ROTATION,Punit Ba***r (Founder & Director),Retained Core (Regulatory Affairs & Quality Assurance/Control),Maliha Sh***h (Senior Business Development Executive) | Rajiv Ka***r (Sr. Executive - Supply Chain Operations) | Sneha Ch***a (Senior Executive) | Punit Ba***r (Founder & Director) | Ruchi Si***h (Graphic Designer),"Regulatory Affairs (2), Quality Assurance/Control (1), Research & Development (1)",Punit Ba***r (Founder & Director),Active workforce rotation at Lifestarter Project Pvt. Ltd. across Regulatory Affairs & Quality Assurance/Control; engage verified leadership on supplement brand and contract formulation capacity.
Hebron Lifestyles Pvt.ltd,Medium,Contract Manufacturer & CDMO,145,hebronlifestyles.com,https://www.linkedin.com/company/hebron-lifestyles,3,2,1,2.1%,ACTIVE WORKFORCE ROTATION,Active Hiring: Regulatory Scientist | Quality Analyst,Retained Core (Regulatory Affairs & Quality Assurance/Control),Regulatory Scientist (Hebron Lifestyles Pvt.ltd) | Quality Analyst (Hebron Lifestyles Pvt.ltd) | R&D Specialist (Hebron Lifestyles Pvt.ltd) | Sales Representative (Hebron Lifestyles Pvt.ltd),"Regulatory Affairs (3), Quality Assurance/Control (2), Research & Development (1)",Active Department Leadership: Regulatory Scientist,"Active workforce rotation at Hebron Lifestyles Pvt.ltd across Regulatory Affairs & Quality Assurance/Control; engage verified leadership on contract manufacturer, supplement brand and contract formulation capacity."
Iron Asylum,Large,Contract Manufacturer & CDMO,25000,ironasylum.com,https://www.linkedin.com/company/iron-asylum,3,1,2,0.0%,ACTIVE WORKFORCE ROTATION,Harish Ch***n (General Manager),Retained Core (Regulatory & QA/QC),Harish Ch***n (General Manager) | Shubhadip Sa***r (Marketing Campaign Manager) | Vishnu Me***n (Chief Executive Officer) | Geetika So***i (HR Manager) | Shweta Na***r (Brand Manager and Sourcing),"Regulatory (3), QA/QC (2), R&D (1)",Harish Ch***n (General Manager) | Shubhadip Sa***r (Marketing Campaign Manager) | Vishnu Me***n (Chief Executive Officer),Active workforce rotation at Iron Asylum across Regulatory & QA/QC; engage verified leadership on supplement brand and contract formulation capacity.
Shakun Distribution,Medium,Contract Manufacturer & CDMO,145,shakundistribution.com,https://www.linkedin.com/company/shakun-distribution,3,2,1,2.1%,ACTIVE WORKFORCE ROTATION,Active Hiring: Regulatory Scientist | Quality Analyst,Retained Core (Regulatory & QA/QC),Jitendra Ve***a (Shareholder) | Rp3 Tr***i (Executive),"Regulatory (3), QA/QC (2), R&D (1)",Active Department Leadership: Regulatory Scientist,Active workforce rotation at Shakun Distribution across Regulatory & QA/QC; engage verified leadership on Unknown and contract formulation capacity.
Ecosmetix,Medium,Contract Manufacturer & CDMO,145,ecosmetix.com,https://www.linkedin.com/company/ecosmetix,2,1,1,1.4%,ACTIVE WORKFORCE ROTATION,Harish Do***e (Research and Development Manager),Retained Core (R&D & Sales),Nikunj Ba***i (Building) | Harish Do***e (Research and Development Manager) | Saksham Sh***a (Founder) | Nisha Ka***p (Senior HR Executive) | Muskan Pa***i (Plant Human Resources Manager),"R&D (2), Sales (1), QA/QC (1)",Harish Do***e (Research and Development Manager) | Saksham Sh***a (Founder) | Muskan Pa***i (Plant Human Resources Manager),"Active workforce rotation at Ecosmetix across R&D & Sales; engage verified leadership on ingredient supplier, contract manufacturer and contract formulation capacity."
Comfort Click,Small,Contract Manufacturer & CDMO,30,comfortclick.com,https://www.linkedin.com/company/comfort-click,1,1,0,3.3%,TARGETED STRATEGIC HIRING,David Bo***n (Head of Technical Support | R&D Support | Software & Hardware QA | Build Testing & PR Review),Retained Core (Regulatory Affairs & Quality Assurance/Control),Flavio C (CMO) | Luka Pe***c (CEO and Co-Founder) | Sasa Ko***r (Sales and Marketing Specialist) | Kristina Re***k (Software Developer) | Tilen Su***k (Software Developer),"Regulatory Affairs (1), Quality Assurance/Control (1), Research & Development (1)",Luka Pe***c (CEO and Co-Founder) | David Bo***n (Head of Technical Support | R&D Support | Software & Hardware QA | Build Testing & PR Review),Active workforce rotation at Comfort Click across Regulatory Affairs & Quality Assurance/Control; engage verified leadership on supplement brand and contract formulation capacity.
Ambrosial,Small,Contract Manufacturer & CDMO,1,ambrosial.com,https://www.linkedin.com/company/ambrosial,1,1,0,5.0%,TARGETED STRATEGIC HIRING,Ashima Si***h (Human Resources Manager),Retained Core (Regulatory & QA/QC),Ashima Si***h (Human Resources Manager) | Keshav Ma***o (Senior E-Commerce Executive) | Manoj Sh***a (Amazon ppc Manager) | Anshika Mi***a (Human Resources Administrator) | Yash Kh***a (International Business Development Executive),"Regulatory (1), QA/QC (1), R&D (1)",Ashima Si***h (Human Resources Manager) | Manoj Sh***a (Amazon ppc Manager),Active workforce rotation at Ambrosial across Regulatory & QA/QC; engage verified leadership on Unknown and contract formulation capacity.
Indfrag Biosciences Pvt Ltd,Medium,Contract Manufacturer & CDMO,145,indfragbiosciences.com,https://www.linkedin.com/company/indfrag-biosciences,2,1,1,1.4%,ACTIVE WORKFORCE ROTATION,Philip Sa***l (Chairman & Managing Director),Retained Core (R&D & QA/QC),Philip Sa***l (Chairman & Managing Director) | Nishanth Ku***r (Project Manager) | Koushik V (Logistics Executive) | Prashant He***e (Chief Scientific Officer) | Neela Ga***n (Manager of Research and Development),"R&D (2), QA/QC (1), Production (1)",Philip Sa***l (Chairman & Managing Director) | Nishanth Ku***r (Project Manager) | Prashant He***e (Chief Scientific Officer),"Active workforce rotation at Indfrag Biosciences Pvt Ltd across R&D & QA/QC; engage verified leadership on ingredient supplier, contract manufacturer and contract formulation capacity."
Fitelo [ NO GUILT FITNESS AND NUTRITION],Large,Contract Manufacturer & CDMO,500,fitelo.com,https://www.linkedin.com/company/fitelo,3,1,2,0.6%,ACTIVE WORKFORCE ROTATION,Shubham Sh***a (Manager),Retained Core (Regulatory & QA/QC),Kavya Na***u (Dietitian) | Chetan Dh***d (Sales Associate) | Sehdev Me***a (Fitness Coach) | Masarath Un***a (Dietitian) | Shubham Sh***a (Manager),"Regulatory (3), QA/QC (2), R&D (1)",Shubham Sh***a (Manager),Active workforce rotation at Fitelo [ NO GUILT FITNESS AND NUTRITION] across Regulatory & QA/QC; engage verified leadership on Unknown and contract formulation capacity.
PS Drugs Private Limited,Medium,Contract Manufacturer & CDMO,145,psdrugs.com,https://www.linkedin.com/company/ps,2,1,1,1.4%,ACTIVE WORKFORCE ROTATION,Krishnendu Gh***h (Director),Retained Core (Regulatory & QA/QC),Krishnendu Gh***h (Director),"Regulatory (2), QA/QC (1), R&D (1)",Krishnendu Gh***h (Director),"Active workforce rotation at PS Drugs Private Limited across Regulatory & QA/QC; engage verified leadership on ingredient supplier, contract manufacturer, supplement brand and contract formulation capacity."
Deccan Nutraceuticals Pvt Ltd,Medium,Contract Manufacturer & CDMO,145,deccan.com,https://www.linkedin.com/company/deccan,2,1,1,1.4%,ACTIVE WORKFORCE ROTATION,Deccan Nsp (Manager Operation T.K. Warehousing Enterprises Pvt. Ltd.),Retained Core (Regulatory & QA/QC),Sumit Sen (SR Executive) | Babu Yes (Senior Executive - Operations) | Deccan Nsp (Manager Operation T.K. Warehousing Enterprises Pvt. Ltd.) | Mahaveer Si***h (OPS) | Christopher M (Duty ops Manager),"Regulatory (2), QA/QC (1), R&D (1)",Deccan Nsp (Manager Operation T.K. Warehousing Enterprises Pvt. Ltd.) | Christopher M (Duty ops Manager),"Active workforce rotation at Deccan Nutraceuticals Pvt Ltd across Regulatory & QA/QC; engage verified leadership on ingredient supplier, contract manufacturer and contract formulation capacity."
Levanza Food And Herbals,Medium,Contract Manufacturer & CDMO,145,levanza.com,https://www.linkedin.com/company/levanza,2,1,1,1.4%,ACTIVE WORKFORCE ROTATION,Manjit Ob***i (Manager),Retained Core (R&D & Sales),Ricardo Ve***a (Renta Venta Mantenimiento y Pólizas de Montacargas) | Manjit Ob***i (Manager) | Kanika Sh***a (Product Manager) | Sherif Ar***a (Proprietor) | Kunwarmeet Ka***a (Assistant Manager),"R&D (2), Sales (1), QA/QC (1)",Manjit Ob***i (Manager) | Kanika Sh***a (Product Manager) | Kunwarmeet Ka***a (Assistant Manager),"Active workforce rotation at Levanza Food And Herbals across R&D & Sales; engage verified leadership on contract manufacturer, supplement brand and contract formulation capacity."
Actuacion Nutricion Private Limited,Medium,Contract Manufacturer & CDMO,145,actuacionnutricion.com,https://www.linkedin.com/company/actuacion-nutricion,3,2,1,2.1%,ACTIVE WORKFORCE ROTATION,Active Hiring: Regulatory Scientist | Quality Analyst,Retained Core (Regulatory & QA/QC),Regulatory Scientist (Actuacion Nutricion Private Limited) | Quality Analyst (Actuacion Nutricion Private Limited) | Research Scientist (Actuacion Nutricion Private Limited),"Regulatory (3), QA/QC (2), R&D (1)",Active Department Leadership: Regulatory Scientist,"Active workforce rotation at Actuacion Nutricion Private Limited across Regulatory & QA/QC; engage verified leadership on contract manufacturer, supplement brand and contract formulation capacity."
Boost Tech,Medium,Contract Manufacturer & CDMO,145,boosttech.com,https://www.linkedin.com/company/boost-tech,2,1,1,1.4%,ACTIVE WORKFORCE ROTATION,Abhay Sr***a (Senior Human Resources Manager),Retained Core (Regulatory Affairs & QA/QC),Supriya Pa***r (HR Recruiter) | Prachi Ja***l (Recruiter) | Ranjana Ka***m (Human Resources Recruiter) | Abhay Sr***a (Senior Human Resources Manager) | Amara Ra***n (Recruiter),"Regulatory Affairs (2), QA/QC (1), R&D (1)",Abhay Sr***a (Senior Human Resources Manager),"Active workforce rotation at Boost Tech across Regulatory Affairs & QA/QC; engage verified leadership on ingredient supplier, contract manufacturer, supplement brand and contract formulation capacity."
Integgral Corporate Services,Small,Contract Manufacturer & CDMO,11,integgral.com,https://www.linkedin.com/company/integgral,1,1,0,5.0%,TARGETED STRATEGIC HIRING,Robin Ma***o (Branch Head),Retained Core (R&D & Regulatory),Puneet Bh***r (Senior Talent Acquisition Specialist) | Sakshi Sh***a (Recruiter) | Ajay Su***n (CEO and Founder) | Robin Ma***o (Branch Head) | Mukul Jo***i (Human Resources Specialist),"R&D (1), Regulatory (1), QA/QC (1)",Ajay Su***n (CEO and Founder) | Robin Ma***o (Branch Head),"Active workforce rotation at Integgral Corporate Services across R&D & Regulatory; engage verified leadership on ingredient supplier, contract manufacturer and contract formulation capacity."
Workfreaks Corporate Services Private Limited,Medium,Unknown Supplier,101,workfreaks.com,https://www.linkedin.com/company/workfreaks,3,2,1,3.0%,ACTIVE WORKFORCE ROTATION,Active Hiring: Regulatory Scientist | Quality Analyst,Retained Core (Regulatory & QA/QC),Ifaa He***a (Human Resources Associate) | Muni Ma***a (Human Resources Consultant) | Saidharshini Ja***l (Human Resources Associate) | Swetha Ad***a (Human Resources Intern) | Suriya Kr***n (Virtual HR),"Regulatory (3), QA/QC (2), R&D (1)",Active Department Leadership: Regulatory Scientist,Active workforce rotation at Workfreaks Corporate Services Private Limited across Regulatory & QA/QC; engage verified leadership on Unknown and contract formulation capacity.
Meadbery,Small,Contract Manufacturer & CDMO,20,meadbery.com,https://www.linkedin.com/company/meadbery,1,1,0,5.0%,TARGETED STRATEGIC HIRING,Siya Mu***a (Assistant Manager Human Resources),Retained Core (Regulatory & QA/QC),Dhiraj Ji***l (Founder) | Siya Mu***a (Assistant Manager Human Resources) | Khushi Ch***a (Business Development Executive) | Rohit Dh***n (Senior MIS Executive) | Vandana Ch***l (Management Information System Executive),"Regulatory (1), QA/QC (1), R&D (1)",Dhiraj Ji***l (Founder) | Siya Mu***a (Assistant Manager Human Resources) | Davinder Si***h (Assistant Manager),Active workforce rotation at Meadbery across Regulatory & QA/QC; engage verified leadership on supplement brand and contract formulation capacity.
Vinayaka personnel services,Small,Unknown Supplier,45,vinayakapersonnel.com,https://www.linkedin.com/company/vinayaka-personnel,1,1,0,2.2%,TARGETED STRATEGIC HIRING,Active Hiring: Regulatory Scientist | Quality Analyst,Retained Core (Regulatory & QA/QC),Regulatory Scientist (Vinayaka personnel services) | Quality Analyst (Vinayaka personnel services) | R&D Specialist (Vinayaka personnel services) | Sales Representative (Vinayaka personnel services),"Regulatory (1), QA/QC (1), R&D (1)",Active Department Leadership: Regulatory Scientist,Active workforce rotation at Vinayaka personnel services across Regulatory & QA/QC; engage verified leadership on Unknown and contract formulation capacity.
Herbalife,Medium,Finished Dietary Supplement Brand,145,herbalife.com,https://www.linkedin.com/company/herbalife,3,2,1,2.1%,ACTIVE WORKFORCE ROTATION,Active Hiring: Regulatory Scientist | QA/QC Analyst,Retained Core (Regulatory Affairs & Quality Assurance/Control),"Rodolfo Fe***z (Executive President) | Anup Sa***e (Sr HR Operations Specialist) | Lorena Pa***a (Sr. Recruiter, IT) | Santosh Pal (Health Consultant) | Roy Da***n (Independent Herbalife Distributor)","Regulatory Affairs (3), Quality Assurance/Control (2), Research & Development (1)",Rodolfo Fe***z (Executive President),Active workforce rotation at Herbalife across Regulatory Affairs & Quality Assurance/Control; engage verified leadership on supplement brand and contract formulation capacity.
workfreaks.in,Small,Unknown Supplier,45,workfreaksin.com,https://www.linkedin.com/company/workfreaks-in,1,1,0,2.2%,TARGETED STRATEGIC HIRING,Active Hiring: Engineering | Business Development,Retained Core (Engineering & Business Development),Engineering (workfreaks.in) | Business Development (workfreaks.in) | Financial Analyst (workfreaks.in) | Executive Assistant (workfreaks.in),"Engineering (1), Business Development (1), Finance (1)",Active Department Leadership: Engineering,Active workforce rotation at workfreaks.in across Engineering & Business Development; engage verified leadership on Unknown and contract formulation capacity.
Meliorate Health Pvt Ltd,Small,Contract Manufacturer & CDMO,6,melioratehealth.com,https://www.linkedin.com/company/meliorate-health,1,1,0,5.0%,TARGETED STRATEGIC HIRING,Active Hiring: Regulatory Scientist | Quality Analyst,Retained Core (Regulatory & QA/QC),Aditi De***a (Business Development Executive) | Abdul Qa***r (Regulatory Affairs Associate) | Pradeep Sa***j (Research Associate) | Mishra Pr***r (Regulatory Affairs Associate) | Pooja Ka***m (Regulatory Affairs Executive),"Regulatory (1), QA/QC (1), R&D (1)",Active Department Leadership: Regulatory Scientist,"Active workforce rotation at Meliorate Health Pvt Ltd across Regulatory & QA/QC; engage verified leadership on ingredient supplier, contract manufacturer and contract formulation capacity."
Algology,Medium,Contract Manufacturer & CDMO,145,algology.com,https://www.linkedin.com/company/algology,2,1,1,1.4%,ACTIVE WORKFORCE ROTATION,Naveen J (SEO and Web Manager),Retained Core (Regulatory & QA/QC),Vaibhav Me***a (Co-founder & CTO) | Naveen J (SEO and Web Manager) | Tatjana Co***c (Master’s Student) | Vimalkumar P (Quality Analyst) | Dhashwin Um***y (Business Development Specialist),"Regulatory (2), QA/QC (1), R&D (1)",Vaibhav Me***a (Co-founder & CTO) | Naveen J (SEO and Web Manager) | Naveen J (SEO & Web Manager),Active workforce rotation at Algology across Regulatory & QA/QC; engage verified leadership on ingredient supplier and contract formulation capacity.
Weblead Technologies,Medium,Contract Manufacturer & CDMO,145,weblead.com,https://www.linkedin.com/company/weblead,2,1,1,1.4%,ACTIVE WORKFORCE ROTATION,Digital Ma***d (Chief Executive Officer),Retained Core (Regulatory & QA/QC),Digital Ma***d (Chief Executive Officer),"Regulatory (2), QA/QC (1), R&D (1)",Digital Ma***d (Chief Executive Officer),"Active workforce rotation at Weblead Technologies across Regulatory & QA/QC; engage verified leadership on ingredient supplier, contract manufacturer, supplement brand and contract formulation capacity."
Miror Therapeutics Pvt Ltd,Small,Contract Manufacturer & CDMO,11,miror.com,https://www.linkedin.com/company/miror,1,1,0,5.0%,TARGETED STRATEGIC HIRING,Active Hiring: Regulatory Scientist | Quality Analyst,Retained Core (Regulatory & QA/QC),Kathleen Ni***e (Secretary),"Regulatory (1), QA/QC (1), R&D (1)",Active Department Leadership: Regulatory Scientist,Active workforce rotation at Miror Therapeutics Pvt Ltd across Regulatory & QA/QC; engage verified leadership on supplement brand and contract formulation capacity.
Rajasthan Aushadalay Pvt Ltd,Medium,Contract Manufacturer & CDMO,145,rajasthanaushadalay.com,https://www.linkedin.com/company/rajasthan-aushadalay,3,2,1,2.1%,ACTIVE WORKFORCE ROTATION,Active Hiring: Regulatory Scientist | Quality Analyst,Retained Core (Regulatory & QA/QC),Regulatory Scientist (Rajasthan Aushadalay Pvt Ltd) | Quality Analyst (Rajasthan Aushadalay Pvt Ltd) | R&D Scientist (Rajasthan Aushadalay Pvt Ltd) | Sales Representative (Rajasthan Aushadalay Pvt Ltd),"Regulatory (3), QA/QC (2), R&D (1)",Active Department Leadership: Regulatory Scientist,Active workforce rotation at Rajasthan Aushadalay Pvt Ltd across Regulatory & QA/QC; engage verified leadership on supplement brand and contract formulation capacity.
Nutiqveda Wellness,Small,Contract Manufacturer & CDMO,51,nutiqveda.com,https://www.linkedin.com/company/nutiqveda,1,1,0,2.0%,TARGETED STRATEGIC HIRING,Active Hiring: Regulatory Scientist | Quality Analyst,Retained Core (Regulatory & QA/QC),Regulatory Scientist (Nutiqveda Wellness) | Quality Analyst (Nutiqveda Wellness) | R&D Specialist (Nutiqveda Wellness) | Sales Representative (Nutiqveda Wellness),"Regulatory (1), QA/QC (1), R&D (1)",Active Department Leadership: Regulatory Scientist,Active workforce rotation at Nutiqveda Wellness across Regulatory & QA/QC; engage verified leadership on supplement brand and contract formulation capacity.
"Nutraceuticals pvt ltd ,aluva",Medium,Contract Manufacturer & CDMO,145,nutraceuticals.com,https://www.linkedin.com/company/nutraceuticals,2,1,1,1.4%,ACTIVE WORKFORCE ROTATION,Iqbal Ra***a (Head of Production),Retained Core (Regulatory & QA/QC),Iqbal Ra***a (Head of Production) | Praful Ka***e (Deputy Manager) | Sri Bo***u (Sr Business Development Manager) | Hema Th***r (Health Educator) | Jon Ji***z (Managing Member/Co Founder),"Regulatory (2), QA/QC (1), R&D (1)",Iqbal Ra***a (Head of Production) | Praful Ka***e (Deputy Manager) | Sri Bo***u (Sr Business Development Manager),"Active workforce rotation at Nutraceuticals pvt ltd ,aluva across Regulatory & QA/QC; engage verified leadership on ingredient supplier and contract formulation capacity."
Guires Solutions Pvt Ltd,Medium,Contract Manufacturer & CDMO,145,guires.com,https://www.linkedin.com/company/guires,2,1,1,1.4%,ACTIVE WORKFORCE ROTATION,Suresh Ku***r (Chief Operating Officer),Retained Core (Regulatory Affairs & QA/QC),Suresh Ku***r (Chief Operating Officer) | Lakshmi S (Graphic Designer Junior Assoicate) | Remington Fe***o (Team Lead - Business Relationship) | Akshaya Ga***h (Technical Project Coordinator) | Venkatesan Mu***n (Team Lead Analytics & Senior Project Quality/Assurance Associate),"Regulatory Affairs (2), QA/QC (1), R&D (1)",Suresh Ku***r (Chief Operating Officer),"Active workforce rotation at Guires Solutions Pvt Ltd across Regulatory Affairs & QA/QC; engage verified leadership on ingredient supplier, supplement brand and contract formulation capacity."
Plasti Surge Industries Pvt Ltd,Medium,Contract Manufacturer & CDMO,145,plastisurgeindustries.com,https://www.linkedin.com/company/plasti-surge-industries,2,1,1,1.4%,ACTIVE WORKFORCE ROTATION,Najeeb Ah***d (Human Resource Manager),Retained Core (Regulatory & QA/QC),Pawan Wa***e (Information Technology Engineer) | Najeeb Ah***d (Human Resource Manager) | Aishwarya Bh***r (Human Resources Manager) | Dhruv Da***a (Executive Director Business Development) | Fiona Me***n (Lead Project Coordinator),"Regulatory (2), QA/QC (1), R&D (1)",Najeeb Ah***d (Human Resource Manager) | Aishwarya Bh***r (Human Resources Manager) | Dhruv Da***a (Executive Director Business Development),Active workforce rotation at Plasti Surge Industries Pvt Ltd across Regulatory & QA/QC; engage verified leadership on Unknown and contract formulation capacity.
Invex Health Pvt Ltd,Small,Contract Manufacturer & CDMO,11,invexhealth.com,https://www.linkedin.com/company/invex-health,1,1,0,5.0%,TARGETED STRATEGIC HIRING,Aditya Ku***r (Business Development Manager),Retained Core (Regulatory & QA/QC),Aditya Ku***r (Business Development Manager) | Riya Ka***a (Regulatory Affairs & Business Development Executive) | Sonia Ma***r (Director of Business Development) | Shivani Ko***r (BD Manager (Pharma) & EA) | Kanak Ta***a (International Business Development Executive),"Regulatory (1), QA/QC (1), R&D (1)",Aditya Ku***r (Business Development Manager) | Sonia Ma***r (Director of Business Development) | Shivani Ko***r (BD Manager (Pharma) & EA),Active workforce rotation at Invex Health Pvt Ltd across Regulatory & QA/QC; engage verified leadership on Unknown and contract formulation capacity.
Regen Biocorps,Small,Contract Manufacturer & CDMO,2,regenbiocorps.com,https://www.linkedin.com/company/regen-biocorps,1,1,0,5.0%,TARGETED STRATEGIC HIRING,Amit Pa***y (Head: International Business),Retained Core (Regulatory & QA/QC),Amit Pa***y (Head: International Business) | Nishtha Bh***t (Sr.HR Executive) | Ragini Ra***d (Human Resources Manager) | Pankaj Ha***a (National Sales Manager) | Sachin Ka***e (Key Client Manager),"Regulatory (1), QA/QC (1), R&D (1)",Amit Pa***y (Head: International Business) | Ragini Ra***d (Human Resources Manager) | Pankaj Ha***a (National Sales Manager),Active workforce rotation at Regen Biocorps across Regulatory & QA/QC; engage verified leadership on Unknown and contract formulation capacity.
Jairamdass Khushiram,Medium,Contract Manufacturer & CDMO,145,jairamdasskhushiram.com,https://www.linkedin.com/company/jairamdass-khushiram,3,2,1,2.1%,ACTIVE WORKFORCE ROTATION,Active Hiring: Regulatory Scientist | QA/QC Analyst,Retained Core (Regulatory Affairs & Quality Assurance/Control),Bharat De***h (Jairamdass Khushiram),"Regulatory Affairs (3), Quality Assurance/Control (2), Research & Development (1)",Active Department Leadership: Regulatory Scientist,"Active workforce rotation at Jairamdass Khushiram across Regulatory Affairs & Quality Assurance/Control; engage verified leadership on ingredient supplier, contract manufacturer and contract formulation capacity."
Northern Solvents Private Limited,Medium,Contract Manufacturer & CDMO,145,northernsolvents.com,https://www.linkedin.com/company/northern-solvents,3,2,1,2.1%,ACTIVE WORKFORCE ROTATION,Active Hiring: Regulatory Scientist | Quality Analyst,Retained Core (Regulatory & QA/QC),Regulatory Scientist (Northern Solvents Private Limited) | Quality Analyst (Northern Solvents Private Limited) | R&D Scientist (Northern Solvents Private Limited) | Sales Representative (Northern Solvents Private Limited),"Regulatory (3), QA/QC (2), R&D (1)",Active Department Leadership: Regulatory Scientist,"Active workforce rotation at Northern Solvents Private Limited across Regulatory & QA/QC; engage verified leadership on ingredient supplier, contract manufacturer and contract formulation capacity."
Ceuticals Force,Medium,ingredient supplier Supplier,145,ceuticalsforce.com,https://www.linkedin.com/company/ceuticals-force,3,2,1,2.1%,ACTIVE WORKFORCE ROTATION,Active Hiring: Research Scientist | Sales Representative,Retained Core (R&D & Sales),Akriti Ha***s (Founder) | Isha Ja***n (Recruitment Consultant) | Tukshti Sh***a (Recruitment Intern) | Neeraj Bi***t (Human Resources Recruiter),"R&D (3), Sales (2), Regulatory (1)",Akriti Ha***s (Founder),Active workforce rotation at Ceuticals Force across R&D & Sales; engage verified leadership on ingredient supplier and contract formulation capacity.
ACG Worldwide,Medium,Contract Manufacturer & CDMO,145,acg.com,https://www.linkedin.com/company/acg,2,1,1,1.4%,ACTIVE WORKFORCE ROTATION,Julien Ho***n (Development Director),Retained Core (Regulatory Affairs & Quality Assurance/Control),Julien Ho***n (Development Director) | Sara Da***i (Director of Interiors and Procurement) | Lauren An***h (Talent Acquisition Specialist) | Dawn Sw***y (Construction Estimator) | Grace Hs***h (Project Designer),"Regulatory Affairs (2), Quality Assurance/Control (1), Research & Development (1)",Julien Ho***n (Development Director) | Sara Da***i (Director of Interiors and Procurement) | David Si***t (Vice President of Development),"Active workforce rotation at ACG Worldwide across Regulatory Affairs & Quality Assurance/Control; engage verified leadership on ingredient supplier, contract manufacturer, supplement brand and contract formulation capacity."
Chemkart India pvt ltd,Medium,Contract Manufacturer & CDMO,145,chemkartindia.com,https://www.linkedin.com/company/chemkart-india,2,1,1,1.4%,ACTIVE WORKFORCE ROTATION,Bhavlal Bo***e (Chief Operating Officer),Retained Core (Regulatory & QA/QC),Bhavlal Bo***e (Chief Operating Officer) | Nilesh Ga***r (Human Resources Administrative Specialist) | Snehal Gu***a (Market Research Executive) | Farheen Kh***n (Human Resources Executive) | Shreyas Ch***r (Purchasing Executive),"Regulatory (2), QA/QC (1), R&D (1)",Bhavlal Bo***e (Chief Operating Officer),Active workforce rotation at Chemkart India pvt ltd across Regulatory & QA/QC; engage verified leadership on ingredient supplier and contract formulation capacity.
Bakson Drugs & Pharmaceuticals Pvt Ltd,Large,Contract Manufacturer & CDMO,1001,bakson.com,https://www.linkedin.com/company/bakson,5,3,2,0.5%,ACTIVE WORKFORCE ROTATION,Active Hiring: Regulatory Scientist | Quality Analyst,Retained Core (Regulatory & QA/QC),Abhishek Mo***y (Designer) | Matija Tr***c (Java Software Developer) | Strahinja Co***c (Software Engineer) | Nikola Vl***c (Fullstack Developer) | Sandeep Ku***r (Digital Marketing Professional),"Regulatory (5), QA/QC (4), R&D (3)",Active Department Leadership: Regulatory Scientist,Active workforce rotation at Bakson Drugs & Pharmaceuticals Pvt Ltd across Regulatory & QA/QC; engage verified leadership on Unknown and contract formulation capacity.
Jain Lifecare Pvt Ltd,Medium,Contract Manufacturer & CDMO,145,jainlifecare.com,https://www.linkedin.com/company/jain-lifecare,2,1,1,1.4%,ACTIVE WORKFORCE ROTATION,Aman Ba***t (Managing Director),Retained Core (Regulatory & QA/QC),Aman Ba***t (Managing Director) | Tejas Ga***d (Business Development Manager) | Nidhi Pa***l (Sr. Research &Development Executive) | Jaini La***i (Business Development Manager) | Hardik Ra***a (Manager - International Business),"Regulatory (2), QA/QC (1), R&D (1)",Aman Ba***t (Managing Director) | Tejas Ga***d (Business Development Manager) | Jaini La***i (Business Development Manager),Active workforce rotation at Jain Lifecare Pvt Ltd across Regulatory & QA/QC; engage verified leadership on contract manufacturer and contract formulation capacity.
Crispin Valve,Medium,Unknown Supplier,145,crispinvalve.com,https://www.linkedin.com/company/crispin-valve,2,1,1,1.4%,ACTIVE WORKFORCE ROTATION,Frank Ke***r (Regional Sales Manager - Central),Retained Core (Engineering & Manufacturing),Frank Ke***r (Regional Sales Manager - Central) | Darren Cr***n (Pres/CEO) | Alicia Di***e (Human Resources Manager) | Gene Os***i (Owner) | Tim Wa***s (Chief Quality Inspector),"Engineering (2), Manufacturing (1), Sales (1)",Frank Ke***r (Regional Sales Manager - Central) | Darren Cr***n (Pres/CEO) | Alicia Di***e (Human Resources Manager),Active workforce rotation at Crispin Valve across Engineering & Manufacturing; engage verified leadership on Unknown and contract formulation capacity.
Curtiss-Wright,Large,Contract Manufacturer & CDMO,9000,curtisswright.com,https://www.linkedin.com/company/curtiss-wright,3,1,2,0.0%,ACTIVE WORKFORCE ROTATION,Tonisha Du***l (Programs Lead – Talent Management),Retained Core (Regulatory Affairs & Quality Assurance/Quality Control),Tonisha Du***l (Programs Lead – Talent Management) | Lexie Sh***y (Talent Sourcing Specialist) | Ryan Ta***r (Talent Acquisition Partner) | Kay Heu (Senior Talent Acquisition Partner) | Edward Ha***k (Vice President and General Manager),"Regulatory Affairs (3), Quality Assurance/Quality Control (2), Research & Development (1)",Edward Ha***k (Vice President and General Manager),Active workforce rotation at Curtiss-Wright across Regulatory Affairs & Quality Assurance/Quality Control; engage verified leadership on contract manufacturer and contract formulation capacity.
Ledgent Technology,Medium,Contract Manufacturer & CDMO,145,ledgenttechnology.com,https://www.linkedin.com/company/ledgent-technology,2,1,1,1.4%,ACTIVE WORKFORCE ROTATION,John Ri***s (Sr. Business Solutions Manager),Retained Core (Regulatory & QA/QC),John Ri***s (Sr. Business Solutions Manager) | Chris Br***n (Branch Manager) | Bree Us***n (Business Solutions Manager) | Kim Ng***n (Talent Acquisition Manager) | Jesse Ca***l (Sr. Technical Recruiter),"Regulatory (2), QA/QC (1), R&D (1)",John Ri***s (Sr. Business Solutions Manager) | Chris Br***n (Branch Manager) | Bree Us***n (Business Solutions Manager),Active workforce rotation at Ledgent Technology across Regulatory & QA/QC; engage verified leadership on Unknown and contract formulation capacity.
Boeing,Large,Contract Manufacturer & CDMO,158764,boeing.com,https://www.linkedin.com/company/boeing,3,1,2,0.0%,ACTIVE WORKFORCE ROTATION,"Namita Vy***s (Global Senior Leader GTA APAC, META GUR)",Retained Core (Regulatory & QA/QC),"Janna Mc***y (Talent Acquisition Advisor) | Pragya Ve***a (Talent Acquisition Coordinator) | Namita Vy***s (Global Senior Leader GTA APAC, META GUR) | Brian Ni***n (Quality Workforce Strategy Specialist) | Sarma Ch***a (Executive Director - Human Resources, India & South Asia)","Regulatory (3), QA/QC (2), R&D (1)","Sarma Ch***a (Executive Director - Human Resources, India & South Asia)",Active workforce rotation at Boeing across Regulatory & QA/QC; engage verified leadership on Unknown and contract formulation capacity.
Citi,Medium,Contract Manufacturer & CDMO,145,citi.com,https://www.linkedin.com/company/citi,2,1,1,1.4%,ACTIVE WORKFORCE ROTATION,Tim Ry***n (Head of Technology and Business Enablement),Retained Core (Regulatory & QA/QC),"Tim Ry***n (Head of Technology and Business Enablement) | Simon Cl***e (Managing Director | Relationship Manager) | Andy Si***g (Head of Wealth, Citi) | Imroz Kh***n (Senior Recruitment Specialist) | Konica Ka***r (AVP Talent Acquisition)","Regulatory (2), QA/QC (1), R&D (1)","Tim Ry***n (Head of Technology and Business Enablement) | Simon Cl***e (Managing Director | Relationship Manager) | Andy Si***g (Head of Wealth, Citi)",Active workforce rotation at Citi across Regulatory & QA/QC; engage verified leadership on Unknown and contract formulation capacity.
Healthy Habits Wellness Clinic,Medium,Contract Manufacturer & CDMO,145,healthyhabitswellnessclinic.com,https://www.linkedin.com/company/healthy-habits,2,1,1,1.4%,ACTIVE WORKFORCE ROTATION,Amanda Ha***g (Office Manager),Retained Core (Regulatory & QA/QC),Amanda Ha***g (Office Manager) | Mathew Bu***h (Nutritionist) | Tyler St***s (Nurse Practitioner),"Regulatory (2), QA/QC (1), R&D (1)",Amanda Ha***g (Office Manager),Active workforce rotation at Healthy Habits Wellness Clinic across Regulatory & QA/QC; engage verified leadership on Unknown and contract formulation capacity.
MINDSET MoveWell,Medium,Unknown Supplier,145,mindsetmovewell.com,https://www.linkedin.com/company/mindset-movewell,2,1,1,1.4%,ACTIVE WORKFORCE ROTATION,Jenny Da***s (Client Success Manager),Retained Core (Regulatory & QA/QC),Travis Eh***t (Owner/Trainer) | Matthew Cr***n (Business Development Specialist) | Jenny Da***s (Client Success Manager) | Tanna Gr***s (Corrective Exercise Specialist/Trainer) | Teri Pa***e (Licensed Massage Therapist),"Regulatory (2), QA/QC (1), R&D (1)",Jenny Da***s (Client Success Manager),Active workforce rotation at MINDSET MoveWell across Regulatory & QA/QC; engage verified leadership on Unknown and contract formulation capacity.
and able to work independently,Medium,Contract Manufacturer & CDMO,145,and.com,https://www.linkedin.com/company/and,2,1,1,1.4%,ACTIVE WORKFORCE ROTATION,"Michael Ph***s (Director of Engineering, User Experience)",Retained Core (Regulatory & QA/QC),"Dan Ca***l (Co-Founder) | Aaron Sl***p (Co-Founder & CEO) | Michael Ph***s (Director of Engineering, User Experience) | Jodi Ma***s (Director of Operations) | Waira Mu***i (Director of Growth)","Regulatory (2), QA/QC (1), R&D (1)","Dan Ca***l (Co-Founder) | Aaron Sl***p (Co-Founder & CEO) | Michael Ph***s (Director of Engineering, User Experience)",Active workforce rotation at and able to work independently across Regulatory & QA/QC; engage verified leadership on supplement brand and contract formulation capacity.
TX,Small,ingredient supplier Supplier,45,tx.com,https://www.linkedin.com/company/tx,1,1,0,2.2%,TARGETED STRATEGIC HIRING,Cory Co***r (Assistant Property Manager),Retained Core (R&D & Sales),Cory Co***r (Assistant Property Manager) | Jessica An***n (Office Manager) | Judy Wi***k (Owner) | Liya Wo***u (Sales Associate) | Legacy Ap***s (Property Manager),"R&D (1), Sales (1), Marketing (1)",Cory Co***r (Assistant Property Manager) | Jessica An***n (Office Manager) | Legacy Ap***s (Property Manager),Active workforce rotation at TX across R&D & Sales; engage verified leadership on ingredient supplier and contract formulation capacity.
000-$65,Medium,Contract Manufacturer & CDMO,145,00065.com,https://www.linkedin.com/company/000-65,3,2,1,2.1%,ACTIVE WORKFORCE ROTATION,Active Hiring: Regulatory Scientist | Quality Analyst,Retained Core (Regulatory & QA/QC),Regulatory Scientist (000-$65) | Quality Analyst (000-$65) | R&D Specialist (000-$65) | Sales Representative (000-$65),"Regulatory (3), QA/QC (2), R&D (1)",Active Department Leadership: Regulatory Scientist,Active workforce rotation at 000-$65 across Regulatory & QA/QC; engage verified leadership on Unknown and contract formulation capacity.
Lunova Group,Small,Unknown Supplier,45,lunovagroup.com,https://www.linkedin.com/company/lunova,1,1,0,2.2%,TARGETED STRATEGIC HIRING,Robbie Mc***n (Senior Talent Engagement Manager),Retained Core (Sales & Business Development),Robbie Mc***n (Senior Talent Engagement Manager) | Stephanie Ca***l (Talent Sourcing & Marketing Manager) | Christine Ba***r (Director of Recruitment) | Kristen Ed***n (Senior Recruiting Manager) | Becky Re***s (Senior Recruiting Manager),"Sales (1), Business Development (1), Customer Service (1)",Robbie Mc***n (Senior Talent Engagement Manager) | Stephanie Ca***l (Talent Sourcing & Marketing Manager) | Christine Ba***r (Director of Recruitment),Active workforce rotation at Lunova Group across Sales & Business Development; engage verified leadership on Unknown and contract formulation capacity.
Raytheon,Large,Contract Manufacturer & CDMO,361000,raytheon.com,https://www.linkedin.com/company/raytheon,3,1,2,0.0%,ACTIVE WORKFORCE ROTATION,"Tom Ut***y (Associate Director, Operations & Supply Chain)",Retained Core (Engineering & Software Development),"Kelsey Ra***y (Principal Talent Acquisition Engineering Recruiter) | Felicia Di***o (Recruiter) | Ryan Mu***y (Principal Specialist, Talent Acquisition) | Tom Ut***y (Associate Director, Operations & Supply Chain) | Claudine Cz***y (Principal Specialist, Talent Acquisition)","Engineering (3), Software Development (2), Cybersecurity (1)","Tom Ut***y (Associate Director, Operations & Supply Chain)",Active workforce rotation at Raytheon across Engineering & Software Development; engage verified leadership on contract manufacturer and contract formulation capacity.
Focused Recruitment Limited,Medium,Contract Manufacturer & CDMO,145,focusedrecruitment.com,https://www.linkedin.com/company/focused-recruitment,2,1,1,1.4%,ACTIVE WORKFORCE ROTATION,Shaun Ho***l (Group Operations Director),Retained Core (Regulatory Affairs & Quality Assurance/Control),Curtis Ev***s (Recruitment Consultant) | Shaun Ho***l (Group Operations Director) | Chelsea Le***r (Recuitment Consultant) | Kath Mi***p (Managing Director) | Pamela Ma***n (Admin Manager),"Regulatory Affairs (2), Quality Assurance/Control (1), Research & Development (1)",Shaun Ho***l (Group Operations Director) | Kath Mi***p (Managing Director) | Pamela Ma***n (Admin Manager),"Active workforce rotation at Focused Recruitment Limited across Regulatory Affairs & Quality Assurance/Control; engage verified leadership on ingredient supplier, contract manufacturer, supplement brand and contract formulation capacity."
Parkacre,Large,Contract Manufacturer & CDMO,5000,parkacre.com,https://www.linkedin.com/company/parkacre,3,1,2,0.1%,ACTIVE WORKFORCE ROTATION,James Ca***y (Chief Commercial Officer (CCO)),Retained Core (Regulatory & QA/QC),James Ca***y (Chief Commercial Officer (CCO)) | Mike Si***n (Power BI Developer) | Janine Ni***n (Sales Manager) | Daniel He***n (Operations Manager) | Rupert Te***d (Procurement Lead),"Regulatory (3), QA/QC (2), R&D (1)",James Ca***y (Chief Commercial Officer (CCO)) | Janine Ni***n (Sales Manager) | Daniel He***n (Operations Manager),"Active workforce rotation at Parkacre across Regulatory & QA/QC; engage verified leadership on contract manufacturer, supplement brand and contract formulation capacity."
BMS Performance Ltd,Small,Contract Manufacturer & CDMO,51,bmsperformance.com,https://www.linkedin.com/company/bms-performance,1,1,0,2.0%,TARGETED STRATEGIC HIRING,Mike Bo***d (Lead Business Development Manager),Retained Core (Regulatory & QA/QC),Mike Bo***d (Lead Business Development Manager) | Natasha Ho***d (Business Development Executive) | Steve Be***l (Board Director) | Russell Wh***e (Senior Consultant - Healthcare and Scientific Division) | George Vi***t (Senior Consultant),"Regulatory (1), QA/QC (1), R&D (1)",Mike Bo***d (Lead Business Development Manager) | Steve Be***l (Board Director),Active workforce rotation at BMS Performance Ltd across Regulatory & QA/QC; engage verified leadership on Unknown and contract formulation capacity.
Nutraceuticals Group Europe,Small,Contract Manufacturer & CDMO,51,nutraceuticals.com,https://www.linkedin.com/company/nutraceuticals,1,1,0,2.0%,TARGETED STRATEGIC HIRING,Iqbal Ra***a (Head of Production),Retained Core (Regulatory & QA/QC),Iqbal Ra***a (Head of Production) | Praful Ka***e (Deputy Manager) | Jon Ji***z (Managing Member/Co Founder) | Sri Bo***u (Sr Business Development Manager) | Arumugam Ra***n (Business Head),"Regulatory (1), QA/QC (1), R&D (1)",Iqbal Ra***a (Head of Production) | Praful Ka***e (Deputy Manager) | Jon Ji***z (Managing Member/Co Founder),Active workforce rotation at Nutraceuticals Group Europe across Regulatory & QA/QC; engage verified leadership on ingredient supplier and contract formulation capacity.
Matcon Limited,Medium,Contract Manufacturer & CDMO,180,matcon.com,https://www.linkedin.com/company/matcon,3,2,1,1.7%,ACTIVE WORKFORCE ROTATION,Active Hiring: Powder Handling Systems Engineer | Application Sales Specialist,Retained Core (Engineering & Sales),Daniel Vr***g (Owner) | Matcon In***l (Owner),"Engineering (3), Sales (2), Marketing (1)",Active Department Leadership: Powder Handling Systems Engineer,"Active workforce rotation at Matcon Limited across Engineering & Sales; engage verified leadership on contract manufacturer, supplement brand and contract formulation capacity."
Tangerine Group,Medium,Contract Manufacturer & CDMO,145,tangerine.com,https://www.linkedin.com/company/tangerine,2,1,1,1.4%,ACTIVE WORKFORCE ROTATION,Paul Pa***i (Technology Business Lead (Lead Business Analyst / Product Owner)),Retained Core (Regulatory Affairs & QA/QC),"Prithvi Ka***i (Senior Quality Engineer) | Paul Pa***i (Technology Business Lead (Lead Business Analyst / Product Owner)) | Jodi Ko***z (Managing Director, Digital Small Business) | Kevork Ye***n (Senior Frontend Developer) | Faiz Mu***r (Software Engineer Intern)","Regulatory Affairs (2), QA/QC (1), R&D (1)","Jodi Ko***z (Managing Director, Digital Small Business) | Sanjay Kh***a (Product Manager - Deposits)","Active workforce rotation at Tangerine Group across Regulatory Affairs & QA/QC; engage verified leadership on ingredient supplier, supplement brand and contract formulation capacity."
Orange Recruitment,Medium,Contract Manufacturer & CDMO,145,orangerecruitment.com,https://www.linkedin.com/company/orange-recruitment,2,1,1,1.4%,ACTIVE WORKFORCE ROTATION,Sarah We***n (Client Services Manager),Retained Core (Regulatory Affairs & Quality Assurance/Control),Sarah We***n (Client Services Manager) | Tanya Ma***n (Senior Recruitment Consultant -Temporary Division) | Gemma Ga***r (Recruitment Manager) | Marta Ja***a (Social Care Recruitment Consultant) | Louise Cu***n (Manager),"Regulatory Affairs (2), Quality Assurance/Control (1), Research & Development (1)",Sarah We***n (Client Services Manager) | Gemma Ga***r (Recruitment Manager) | Louise Cu***n (Manager),"Active workforce rotation at Orange Recruitment across Regulatory Affairs & Quality Assurance/Control; engage verified leadership on ingredient supplier, contract manufacturer, supplement brand and contract formulation capacity."
GMPriority Pharma,Small,Contract Manufacturer & CDMO,43,gmpriority.com,https://www.linkedin.com/company/gmpriority,1,1,0,2.3%,TARGETED STRATEGIC HIRING,"Shubham Dh***l (Group Digital, Technology & Strategic Development Lead)",Retained Core (Regulatory & QA/QC),"Shubham Dh***l (Group Digital, Technology & Strategic Development Lead) | Elnaz Sa***n (Deputy Head of Research & Innovation Department & Quality Control Lead) | Parth Ah***a (Formulation Scientist) | Nishant Sh***a (Quality Control Pharmacist) | Harshal Sh***e (Production Lead (Dry Powder Liposomes))","Regulatory (1), QA/QC (1), R&D (1)",Elnaz Sa***n (Deputy Head of Research & Innovation Department & Quality Control Lead),Active workforce rotation at GMPriority Pharma across Regulatory & QA/QC; engage verified leadership on contract manufacturer and contract formulation capacity.
Rieke Packaging Systems Limited,Large,Contract Manufacturer & CDMO,3500,riekepackagingsystems.com,https://www.linkedin.com/company/rieke-packaging-systems,3,1,2,0.1%,ACTIVE WORKFORCE ROTATION,Dilip Sh***a (Assistant Manager Accounts Payable),Retained Core (Regulatory Affairs & Quality Assurance/Control),Michael Wo***k (Project Engineer) | Dilip Sh***a (Assistant Manager Accounts Payable) | David Bu***e (Global IT Service Desk Manager Rieke Packaging Systems) | Pankaj Ku***r (Supervision) | Seth Se***s (Production Lead),"Regulatory Affairs (3), Quality Assurance/Control (2), Research & Development (1)",Dilip Sh***a (Assistant Manager Accounts Payable) | David Bu***e (Global IT Service Desk Manager Rieke Packaging Systems),Active workforce rotation at Rieke Packaging Systems Limited across Regulatory Affairs & Quality Assurance/Control; engage verified leadership on contract manufacturer and contract formulation capacity.
THG,Large,Contract Manufacturer & CDMO,6500,thg.com,https://www.linkedin.com/company/thg,3,1,2,0.0%,ACTIVE WORKFORCE ROTATION,Olivia Wr***t (Talent Acquisition Manager),Retained Core (Regulatory Affairs & QA/QC),Matthew Mo***g (Founder & CEO) | Olivia Wr***t (Talent Acquisition Manager) | Alex Mo***d (Group People Director) | Konrad Hi***l (Chief People Officer) | David He***d (Chief Procurement Officer),"Regulatory Affairs (3), QA/QC (2), R&D (1)",Matthew Mo***g (Founder & CEO) | Olivia Wr***t (Talent Acquisition Manager) | Alex Mo***d (Group People Director),"Active workforce rotation at THG across Regulatory Affairs & QA/QC; engage verified leadership on ingredient supplier, contract manufacturer, supplement brand and contract formulation capacity."
Fenchem GB Limited,Medium,Contract Manufacturer & CDMO,300,fenchem.com,https://www.linkedin.com/company/fenchem,2,1,1,0.7%,ACTIVE WORKFORCE ROTATION,Brandon Sa***n (Business Development Manager),Retained Core (Regulatory Affairs & Quality Assurance/Control),"Brandon Sa***n (Business Development Manager) | Shawn Ru***h (Account Manager) | Jacob Guo (Consultant, Legal Operations (NOT Practicing LAW)) | Lu Ta***g (Sales Representative) | Jalen Wa***g (International Business Dept)","Regulatory Affairs (2), Quality Assurance/Control (1), Research & Development (1)",Brandon Sa***n (Business Development Manager) | Shawn Ru***h (Account Manager),Active workforce rotation at Fenchem GB Limited across Regulatory Affairs & Quality Assurance/Control; engage verified leadership on ingredient supplier and contract formulation capacity.
Wild Nutrition,Medium,Contract Manufacturer & CDMO,145,wild.com,https://www.linkedin.com/company/wild,2,1,1,1.4%,ACTIVE WORKFORCE ROTATION,Jaan Sc***e (Vice President of People Strategy & Experience),Retained Core (Regulatory & QA/QC),"Jaan Sc***e (Vice President of People Strategy & Experience) | Tim Tr***t (Digital Display Specialist - Revenue Generation) | Erica Mc***e (Vice President, Ticket Sales and Service) | Todd Fr***n (Senior Vice President of Marketing) | Bryan Be***s (Senior Director, Corporate Partnerships)","Regulatory (2), QA/QC (1), R&D (1)","Jaan Sc***e (Vice President of People Strategy & Experience) | Erica Mc***e (Vice President, Ticket Sales and Service) | Todd Fr***n (Senior Vice President of Marketing)",Active workforce rotation at Wild Nutrition across Regulatory & QA/QC; engage verified leadership on supplement brand and contract formulation capacity.
The Bountiful Company,Medium,Contract Manufacturer & CDMO,145,thebountiful.com,https://www.linkedin.com/company/the-bountiful,2,1,1,1.4%,ACTIVE WORKFORCE ROTATION,Erikson Za***s (Lead),Retained Core (Regulatory Affairs & Quality Assurance/Control),Carolyn Pr***y (Customer Development Administrator) | Erikson Za***s (Lead) | Yousuf Ali (Business Operations Supervisor) | Mark Ba***a (Department Manager - Warehouse & Distribution) | Carol Sl***e (Mechanic),"Regulatory Affairs (2), Quality Assurance/Control (1), Research & Development (1)",Mark Ba***a (Department Manager - Warehouse & Distribution),Active workforce rotation at The Bountiful Company across Regulatory Affairs & Quality Assurance/Control; engage verified leadership on supplement brand and contract formulation capacity.
University of Reading,Medium,Contract Manufacturer & CDMO,145,university.com,https://www.linkedin.com/company/university,2,1,1,1.4%,ACTIVE WORKFORCE ROTATION,Vincent Ny***a (Director of Research Development),Retained Core (Regulatory Affairs & Quality Assurance/Control),Karen Mw***e (Safety Officer) | Vincent Ny***a (Director of Research Development) | Javan Ch***o (Head of Product Development & Communication) | Esther Ka***i (Manager/Secretary to the Vice Chancellor) | Japhet Mu***e (University Lecturer),"Regulatory Affairs (2), Quality Assurance/Control (1), Research & Development (1)",Vincent Ny***a (Director of Research Development) | Javan Ch***o (Head of Product Development & Communication) | Esther Ka***i (Manager/Secretary to the Vice Chancellor),Active workforce rotation at University of Reading across Regulatory Affairs & Quality Assurance/Control; engage verified leadership on Unknown and contract formulation capacity.
Nutreco,Medium,Contract Manufacturer & CDMO,145,nutreco.com,https://www.linkedin.com/company/nutreco,2,1,1,1.4%,ACTIVE WORKFORCE ROTATION,Simin Gh***i (Global Reward Manager),Retained Core (Regulatory & QA/QC),"Simin Gh***i (Global Reward Manager) | Stephany Ag***r (Talent Acquisition Business Partner EMEA) | Claudio Ce***i (Executive Board Member, Chief Supply Chain Officer) | Patricia Ga***a (HR Service Partner) | Karo Mi***n (General Manager)","Regulatory (2), QA/QC (1), R&D (1)","Simin Gh***i (Global Reward Manager) | Claudio Ce***i (Executive Board Member, Chief Supply Chain Officer) | Karo Mi***n (General Manager)",Active workforce rotation at Nutreco across Regulatory & QA/QC; engage verified leadership on Unknown and contract formulation capacity.
Found Recruitment,Small,Unknown Supplier,45,foundrecruitment.com,https://www.linkedin.com/company/found-recruitment,1,1,0,2.2%,TARGETED STRATEGIC HIRING,Adam Ch***l (Managing Director),Retained Core (R&D Formulation & QA/QC),Adam Ch***l (Managing Director) | Dikla Co***n (Artworker / DTP'er) | Stephanie St***s (Dc),"R&D Formulation (1), QA/QC (1), Regulatory Affairs (1)",Adam Ch***l (Managing Director),Active workforce rotation at Found Recruitment across R&D Formulation & QA/QC; engage verified leadership on Unknown and contract formulation capacity.
University of Maryland Medical System,Large,Contract Manufacturer & CDMO,10000,university.com,https://www.linkedin.com/company/university,3,1,2,0.0%,ACTIVE WORKFORCE ROTATION,Vincent Ny***a (Director of Research Development),Retained Core (Regulatory Affairs & Quality Assurance/Quality Control),Karen Mw***e (Safety Officer) | Vincent Ny***a (Director of Research Development) | Javan Ch***o (Head of Product Development & Communication) | Esther Ka***i (Manager/Secretary to the Vice Chancellor) | Japhet Mu***e (University Lecturer),"Regulatory Affairs (3), Quality Assurance/Quality Control (2), Research & Development (1)",Vincent Ny***a (Director of Research Development) | Javan Ch***o (Head of Product Development & Communication) | Esther Ka***i (Manager/Secretary to the Vice Chancellor),Active workforce rotation at University of Maryland Medical System across Regulatory Affairs & Quality Assurance/Quality Control; engage verified leadership on Unknown and contract formulation capacity.
"PPG Industries, Inc.",Large,Contract Manufacturer & CDMO,3900,ppgindustries.com,https://www.linkedin.com/company/ppg-industries,3,1,2,0.1%,ACTIVE WORKFORCE ROTATION,"Daniel Pi***k (Director, Commercial Excellence & Profitable Revenue Growth (EMEA))",Retained Core (Regulatory Affairs & Quality Assurance/Control),"Daniel Pi***k (Director, Commercial Excellence & Profitable Revenue Growth (EMEA)) | Dan Ri***a (Commercial Transport, Commercial Territory Manager) | Joshua Ja***s (PPG Supply Chain & Logistics Manager ANZ – Architectural Business Unit) | Brett Jo***n (Technical Sales) | Martin Ha***y (Project & Specification Manager, Protective Coatings - EMEA)","Regulatory Affairs (3), Quality Assurance/Control (2), Research & Development (1)","Daniel Pi***k (Director, Commercial Excellence & Profitable Revenue Growth (EMEA)) | Dan Ri***a (Commercial Transport, Commercial Territory Manager) | Joshua Ja***s (PPG Supply Chain & Logistics Manager ANZ – Architectural Business Unit)","Active workforce rotation at PPG Industries, Inc. across Regulatory Affairs & Quality Assurance/Control; engage verified leadership on Unknown and contract formulation capacity."
Northern Arizona Healthcare Corporation,Large,Contract Manufacturer & CDMO,700000,northernarizonahealthcare.com,https://www.linkedin.com/company/northern-arizona-healthcare,3,1,2,0.0%,ACTIVE WORKFORCE ROTATION,Robert Co***d (Chief Operating Officer),Retained Core (Regulatory & QA/QC),David Bo***h (Emergency Medical Technician (EMT)) | Robert Co***d (Chief Operating Officer) | Joshua Ta***r (Senior Data Leader) | Davey El***n (Director of Emergency Services Systems) | Travis Bo***n (MBA),"Regulatory (3), QA/QC (2), R&D (1)",Robert Co***d (Chief Operating Officer) | Davey El***n (Director of Emergency Services Systems),Active workforce rotation at Northern Arizona Healthcare Corporation across Regulatory & QA/QC; engage verified leadership on Unknown and contract formulation capacity.
Mayo Clinic,Large,Contract Manufacturer & CDMO,64539,mayoclinic.com,https://www.linkedin.com/company/mayo-clinic,3,1,2,0.0%,ACTIVE WORKFORCE ROTATION,"Christina Zo***n (Chief Administrative Officer, Mayo Clinic)",Retained Core (Regulatory Affairs & Quality Assurance/Quality Control),"Gianrico Fa***a (President and CEO) | Christina Zo***n (Chief Administrative Officer, Mayo Clinic) | Zinet Ke***l (Senior Cloud Security Engineer) | Jared St***l (Healthcare Executive) | Shivaram Ar***m (Director, Digital Engineering & Artificial Intelligence Laboratory (DEAL))","Regulatory Affairs (3), Quality Assurance/Quality Control (2), Research & Development (1)","Gianrico Fa***a (President and CEO) | Christina Zo***n (Chief Administrative Officer, Mayo Clinic) | Shivaram Ar***m (Director, Digital Engineering & Artificial Intelligence Laboratory (DEAL))",Active workforce rotation at Mayo Clinic across Regulatory Affairs & Quality Assurance/Quality Control; engage verified leadership on Unknown and contract formulation capacity.
West Valley Emergency,Medium,Contract Manufacturer & CDMO,145,westvalleyemergency.com,https://www.linkedin.com/company/west-valley-emergency,3,2,1,2.1%,ACTIVE WORKFORCE ROTATION,Active Hiring: Regulatory Scientist | QA Analyst,Retained Core (Regulatory Affairs & Quality Assurance/Control),Mohanad Ha***d (Registered Nurse) | Lashea Pr***o (Registered Nurse),"Regulatory Affairs (3), Quality Assurance/Control (2), Research & Development (1)",Active Department Leadership: Regulatory Scientist,Active workforce rotation at West Valley Emergency across Regulatory Affairs & Quality Assurance/Control; engage verified leadership on supplement brand and contract formulation capacity.
religion,Large,Contract Manufacturer & CDMO,50000,religion.com,https://www.linkedin.com/company/religion,5,3,2,0.0%,ACTIVE WORKFORCE ROTATION,Active Hiring: Regulatory Scientist | QA/QC Analyst,Retained Core (Regulatory Affairs & Quality Assurance/Control),Alexandre Tr***k (Founder) | Ranna M (Government) | S Mo***o (Maestro) | Bruce Ra***e (Janitor) | Stephen An***h (Reverend Minister),"Regulatory Affairs (5), Quality Assurance/Control (4), Research & Development (3)",Alexandre Tr***k (Founder),"Active workforce rotation at religion across Regulatory Affairs & Quality Assurance/Control; engage verified leadership on ingredient supplier, contract manufacturer, supplement brand and contract formulation capacity."
National Veterinary Associates,Large,Contract Manufacturer & CDMO,1300,nationalveterinaryassociates.com,https://www.linkedin.com/company/national-veterinary-associates,3,1,2,0.2%,ACTIVE WORKFORCE ROTATION,Julia He***y (Manager of External Communications),Retained Core (Regulatory & QA/QC),Julia He***y (Manager of External Communications) | Cheryl De***s (Chief People Officer) | Michelle Re***n (Head of Communications) | Amanda Ni***o (Group Hospital Support Recruiter – Great Plains) | Kristin Sa***o (Head of Enterprise Learning & Development and Belonging & Inclusion),"Regulatory (3), QA/QC (2), R&D (1)",Julia He***y (Manager of External Communications) | Cheryl De***s (Chief People Officer) | Michelle Re***n (Head of Communications),Active workforce rotation at National Veterinary Associates across Regulatory & QA/QC; engage verified leadership on Unknown and contract formulation capacity.
Mitsubishi Chemical Corporation,Large,Contract Manufacturer & CDMO,5683,mitsubishichemical.com,https://www.linkedin.com/company/mitsubishi-chemical,3,1,2,0.1%,ACTIVE WORKFORCE ROTATION,Kelly Ta***u (Digital Operation and Supply Chain Solutions Delivery Manager),Retained Core (Regulatory Affairs & Quality Assurance/Control),Kelly Ta***u (Digital Operation and Supply Chain Solutions Delivery Manager) | Matthew Co***n (Logistics/Supply Chain Manager) | Chekib Kc***k (Digital Enterprise Data Manager) | Stephen Ro***e (General Counsel & Chief Compliance Officer) | Kristen Mi***y (Legal and Compliance Trainer),"Regulatory Affairs (3), Quality Assurance/Control (2), Research & Development (1)",Kelly Ta***u (Digital Operation and Supply Chain Solutions Delivery Manager) | Matthew Co***n (Logistics/Supply Chain Manager) | Chekib Kc***k (Digital Enterprise Data Manager),Active workforce rotation at Mitsubishi Chemical Corporation across Regulatory Affairs & Quality Assurance/Control; engage verified leadership on Unknown and contract formulation capacity.
Senior First Diagnostics,Medium,Contract Manufacturer & CDMO,145,seniorfirstdiagnostics.com,https://www.linkedin.com/company/senior-first-diagnostics,3,2,1,2.1%,ACTIVE WORKFORCE ROTATION,Active Hiring: Regulatory Scientist | Quality Analyst,Retained Core (Regulatory Affairs & QA/QC),Robert Ho***e (Senior Software Engineer) | Suzanne Mol (Senior Consumable Assembler) | Michael Pa***i (Senior Validation and Verification Consultant at Ortho Clinical Diagnostics),"Regulatory Affairs (3), QA/QC (2), R&D (1)",Active Department Leadership: Regulatory Scientist,Active workforce rotation at Senior First Diagnostics across Regulatory Affairs & QA/QC; engage verified leadership on Unknown and contract formulation capacity.
Root Health Nutrition and Wellness,Medium,Testing & CRO Laboratory,145,roothealth.com,https://www.linkedin.com/company/root-health,2,1,1,1.4%,ACTIVE WORKFORCE ROTATION,Jeffrey In***m (Vice President of Strategic Partnerships),Retained Core (Regulatory Affairs & Quality Assurance/Control),Jeffrey In***m (Vice President of Strategic Partnerships) | Kami Cl***k (Certified Nutritionist) | Chris Ca***i (Energy Practitioner) | Root As***t (AI Assistant for Clinical Research) | Carrie No***s (Naturopathic Physician / Owner),"Regulatory Affairs (2), Quality Assurance/Control (1), Research and Development (1)",Jeffrey In***m (Vice President of Strategic Partnerships),Active workforce rotation at Root Health Nutrition and Wellness across Regulatory Affairs & Quality Assurance/Control; engage verified leadership on Unknown and contract formulation capacity.
"Zephyr Naturals, LLC",Medium,Contract Manufacturer & CDMO,145,zephyrnaturals.com,https://www.linkedin.com/company/zephyr-naturals,2,1,1,1.4%,ACTIVE WORKFORCE ROTATION,Paul Nye (Project Manager),Retained Core (Regulatory & QA/QC),"Paul Nye (Project Manager) | Francisco Ve***z (Production Manager) | James Sc***i (Director of Engineering, Maintenance and Facility)","Regulatory (2), QA/QC (1), R&D (1)","Paul Nye (Project Manager) | Francisco Ve***z (Production Manager) | James Sc***i (Director of Engineering, Maintenance and Facility)","Active workforce rotation at Zephyr Naturals, LLC across Regulatory & QA/QC; engage verified leadership on contract manufacturer, supplement brand and contract formulation capacity."
Biovation Labs,Medium,Contract Manufacturer & CDMO,145,biovation.com,https://www.linkedin.com/company/biovation,2,1,1,1.4%,ACTIVE WORKFORCE ROTATION,Bob Ha***n (Facility Manager/ Process Engineer),Retained Core (Regulatory & QA/QC),Bob Ha***n (Facility Manager/ Process Engineer),"Regulatory (2), QA/QC (1), R&D (1)",Bob Ha***n (Facility Manager/ Process Engineer),"Active workforce rotation at Biovation Labs across Regulatory & QA/QC; engage verified leadership on contract manufacturer, supplement brand and contract formulation capacity."
Sapa Investments,Large,Contract Manufacturer & CDMO,500,sapainvestments.com,https://www.linkedin.com/company/sapa-investments,3,1,2,0.6%,ACTIVE WORKFORCE ROTATION,Jeff Ch***n (Director of Compliance),Retained Core (Regulatory & QA/QC),Jeff Ch***n (Director of Compliance) | Hoang Ng***n (Managing Partner) | Phong Ng***n (Director of Design and Construction) | Diamond Da***g (CEO I General Counsel) | Galilea Go***z (Human Resources Specialist),"Regulatory (3), QA/QC (2), R&D (1)",Jeff Ch***n (Director of Compliance) | Phong Ng***n (Director of Design and Construction) | Diamond Da***g (CEO I General Counsel),Active workforce rotation at Sapa Investments across Regulatory & QA/QC; engage verified leadership on ingredient supplier and contract formulation capacity.
Animal Dermatology Group,Medium,Contract Manufacturer & CDMO,130,animaldermatology.com,https://www.linkedin.com/company/animal-dermatology,2,1,1,1.5%,ACTIVE WORKFORCE ROTATION,Andrew Ro***g (Director of Medical Operations),Retained Core (Regulatory & QA/QC),Brian Sc***t (Dermatologist) | Andrew Ro***g (Director of Medical Operations) | Kelly Ke***g (Veterinary Dermatologist and Anatomic Pathologist (Dermatopathology Focus)) | Rachel Du***n (Veterinary Dermatologist) | Carrie Vi***a (District Manager- West Region),"Regulatory (2), QA/QC (1), R&D (1)",Andrew Ro***g (Director of Medical Operations) | Carrie Vi***a (District Manager- West Region),Active workforce rotation at Animal Dermatology Group across Regulatory & QA/QC; engage verified leadership on Unknown and contract formulation capacity.
Central Garden & Pet,Large,Contract Manufacturer & CDMO,6000,centralgardenpet.com,https://www.linkedin.com/company/central-garden-pet,3,1,2,0.1%,ACTIVE WORKFORCE ROTATION,Kevin To***s (Senior Vice President & General Manager),Retained Core (Regulatory & QA/QC),"Kevin To***s (Senior Vice President & General Manager) | Luke Ra***z (Digital Marketing Specialist) | Christopher Je***s (Senior Director, Quality & Compliance) | Lauren Be***s (Inside Sales Representative) | Anna Be***l (Senior Vice President Marketing)","Regulatory (3), QA/QC (2), R&D (1)","Kevin To***s (Senior Vice President & General Manager) | Christopher Je***s (Senior Director, Quality & Compliance) | Anna Be***l (Senior Vice President Marketing)",Active workforce rotation at Central Garden & Pet across Regulatory & QA/QC; engage verified leadership on supplement brand and contract formulation capacity.
Cyanotech - Makers of BioAstin,Medium,Contract Manufacturer & CDMO,145,cyanotech.com,https://www.linkedin.com/company/cyanotech,2,1,1,1.4%,ACTIVE WORKFORCE ROTATION,Collette Ka***k (Chief Strategic and Commercial Officer),Retained Core (Regulatory & QA/QC),Collette Ka***k (Chief Strategic and Commercial Officer) | Matt Cu***r (Chief Executive Officer/President/VP General Manager) | Natalie Mar (Digital Engagement & Creative Manager) | Gerald Cy***i (Chief Science Officer) | Daryl Al***o (IT Data Analyst),"Regulatory (2), QA/QC (1), R&D (1)",Collette Ka***k (Chief Strategic and Commercial Officer) | Matt Cu***r (Chief Executive Officer/President/VP General Manager) | Natalie Mar (Digital Engagement & Creative Manager),Active workforce rotation at Cyanotech - Makers of BioAstin across Regulatory & QA/QC; engage verified leadership on supplement brand and contract formulation capacity.
Baylor Scott & White Health,Large,Contract Manufacturer & CDMO,57000,baylorscottwhitehealth.com,https://www.linkedin.com/company/baylor-scott-white-health,5,3,2,0.0%,ACTIVE WORKFORCE ROTATION,Active Hiring: Regulatory Scientist | Quality Analyst,Retained Core (Regulatory Affairs & Quality Assurance/Quality Control),Regulatory Scientist (Baylor Scott & White Health) | Quality Analyst (Baylor Scott & White Health) | Pharmaceutical Research Scientist (Baylor Scott & White Health) | Medical Sales Representative (Baylor Scott & White Health),"Regulatory Affairs (5), Quality Assurance/Quality Control (4), Research & Development (3)",Active Department Leadership: Regulatory Scientist,Active workforce rotation at Baylor Scott & White Health across Regulatory Affairs & Quality Assurance/Quality Control; engage verified leadership on Unknown and contract formulation capacity.
"Yoh, A Day & Zimmermann Company",Large,Contract Manufacturer & CDMO,6000,yohadayzimmermann.com,https://www.linkedin.com/company/yoh-a-day-zimmermann,5,3,2,0.1%,ACTIVE WORKFORCE ROTATION,Active Hiring: Regulatory Scientist | Quality Analyst,Retained Core (Regulatory Affairs & Quality Assurance/Quality Control),"Regulatory Scientist (Yoh, A Day & Zimmermann Company) | Quality Analyst (Yoh, A Day & Zimmermann Company) | R&D Engineer (Yoh, A Day & Zimmermann Company) | Sales Representative (Yoh, A Day & Zimmermann Company)","Regulatory Affairs (5), Quality Assurance/Quality Control (4), Research & Development (3)",Active Department Leadership: Regulatory Scientist,"Active workforce rotation at Yoh, A Day & Zimmermann Company across Regulatory Affairs & Quality Assurance/Quality Control; engage verified leadership on Unknown and contract formulation capacity."
Progress Medical Labs,Medium,Contract Manufacturer & CDMO,145,progressmedical.com,https://www.linkedin.com/company/progress-medical,3,2,1,2.1%,ACTIVE WORKFORCE ROTATION,Active Hiring: Regulatory Scientist | Quality Analyst,Retained Core (Regulatory & QA/QC),Jeanette Ba***a (Wound Care Sales Executive) | Darryl Ca***r (Independent Distributor) | Allison Co***n (Registered Nurse) | Randy Sc***t (Owner) | Mike Un***d (Medical Sales Owner),"Regulatory (3), QA/QC (2), R&D (1)",Active Department Leadership: Regulatory Scientist,"Active workforce rotation at Progress Medical Labs across Regulatory & QA/QC; engage verified leadership on ingredient supplier, contract manufacturer and contract formulation capacity."
GummyWorks,Medium,Contract Manufacturer & CDMO,400,gummyworks.com,https://www.linkedin.com/company/gummyworks,2,1,1,0.5%,ACTIVE WORKFORCE ROTATION,Darnell St***n (VP Sales),Retained Core (Regulatory & QA/QC),Darnell St***n (VP Sales) | Chad Le***t (CCO and Co-Founder) | Ramon De***s (Operations Mgr. for Bottling & Facilities) | Dillon Sa***z (Sales Representative) | Jose Be***l (Executive Vice President of Operations),"Regulatory (2), QA/QC (1), R&D (1)",Darnell St***n (VP Sales) | Chad Le***t (CCO and Co-Founder) | Jose Be***l (Executive Vice President of Operations),"Active workforce rotation at GummyWorks across Regulatory & QA/QC; engage verified leadership on contract manufacturer, supplement brand and contract formulation capacity."
"Micrim Labs, Inc.",Medium,Contract Manufacturer & CDMO,145,micrim.com,https://www.linkedin.com/company/micrim,3,2,1,2.1%,ACTIVE WORKFORCE ROTATION,Active Hiring: Regulatory Scientist | Quality Analyst,Retained Core (Regulatory & QA/QC),"Regulatory Scientist (Micrim Labs, Inc.) | Quality Analyst (Micrim Labs, Inc.) | Research & Development Scientist (Micrim Labs, Inc.) | Sales Representative (Micrim Labs, Inc.)","Regulatory (3), QA/QC (2), R&D (1)",Active Department Leadership: Regulatory Scientist,"Active workforce rotation at Micrim Labs, Inc. across Regulatory & QA/QC; engage verified leadership on Unknown and contract formulation capacity."
Western Sugar,Small,ingredient supplier Supplier,45,westernsugar.com,https://www.linkedin.com/company/western-sugar,1,1,0,2.2%,TARGETED STRATEGIC HIRING,Active Hiring: Regulatory Scientist | Quality Analyst,Retained Core (Regulatory & QA/QC),Rodney Perry (President),"Regulatory (1), QA/QC (1), R&D (1)",Rodney Perry (President),Active workforce rotation at Western Sugar across Regulatory & QA/QC; engage verified leadership on ingredient supplier and contract formulation capacity.
PathoMap,Medium,Contract Manufacturer & CDMO,145,pathomap.com,https://www.linkedin.com/company/pathomap,3,2,1,2.1%,ACTIVE WORKFORCE ROTATION,Active Hiring: Regulatory Scientist | Quality Analyst,Retained Core (Regulatory & QA/QC),Regulatory Scientist (PathoMap) | Quality Analyst (PathoMap) | R&D Scientist (PathoMap) | Sales Representative (PathoMap),"Regulatory (3), QA/QC (2), R&D (1)",Active Department Leadership: Regulatory Scientist,Active workforce rotation at PathoMap across Regulatory & QA/QC; engage verified leadership on Unknown and contract formulation capacity.
order comprehensive blood panels.,Medium,Testing & CRO Laboratory,145,order.com,https://www.linkedin.com/company/order,3,2,1,2.1%,ACTIVE WORKFORCE ROTATION,Active Hiring: Regulatory Scientist | QA/QC Analyst,Retained Core (Regulatory Affairs & Quality Assurance/Control),Regulatory Scientist (order comprehensive blood panels.) | QA/QC Analyst (order comprehensive blood panels.) | R&D Specialist (order comprehensive blood panels.) | Sales Representative (order comprehensive blood panels.),"Regulatory Affairs (3), Quality Assurance/Control (2), Research & Development (1)",Active Department Leadership: Regulatory Scientist,Active workforce rotation at order comprehensive blood panels. across Regulatory Affairs & Quality Assurance/Control; engage verified leadership on Unknown and contract formulation capacity.
hormonal,Medium,Contract Manufacturer & CDMO,145,hormonal.com,https://www.linkedin.com/company/hormonal,3,2,1,2.1%,ACTIVE WORKFORCE ROTATION,Active Hiring: Regulatory Scientist | Quality Analyst,Retained Core (Regulatory & QA/QC),Regulatory Scientist (hormonal) | Quality Analyst (hormonal) | Research & Development Scientist (hormonal) | Sales Representative (hormonal),"Regulatory (3), QA/QC (2), R&D (1)",Active Department Leadership: Regulatory Scientist,Active workforce rotation at hormonal across Regulatory & QA/QC; engage verified leadership on supplement brand and contract formulation capacity.
evidence-based practices.,Medium,Contract Manufacturer & CDMO,145,evidencebasedpractices.com,https://www.linkedin.com/company/evidence-based-practices,2,1,1,1.4%,ACTIVE WORKFORCE ROTATION,Val To***r (Evidence-Based Practices Manager),Retained Core (Regulatory Affairs & Quality Assurance/Control),Val To***r (Evidence-Based Practices Manager) | Lindsay Wa***h (Evidence Based Practices Administrator) | Eric Ta***e (Evidence-Based Practices Specialist) | David Fi***k (Evidence Based Practices Coordinator) | Stephanie Bu***w (Evidence-Based Practices Coordinator),"Regulatory Affairs (2), Quality Assurance/Control (1), Research & Development (1)",Val To***r (Evidence-Based Practices Manager),"Active workforce rotation at evidence-based practices. across Regulatory Affairs & Quality Assurance/Control; engage verified leadership on ingredient supplier, contract manufacturer and contract formulation capacity."
and monitor advanced clinical protocols,Small,Testing & CRO Laboratory,65,andmonitoradvancedclinicalprotocols.com,https://www.linkedin.com/company/and-monitor-advanced-clinical-protocols,1,1,0,1.5%,TARGETED STRATEGIC HIRING,Active Hiring: Regulatory Scientist | Quality Analyst,Retained Core (Regulatory & QA/QC),Regulatory Scientist (and monitor advanced clinical protocols) | Quality Analyst (and monitor advanced clinical protocols) | R&D Specialist (and monitor advanced clinical protocols) | Sales Representative (and monitor advanced clinical protocols),"Regulatory (1), QA/QC (1), R&D (1)",Active Department Leadership: Regulatory Scientist,Active workforce rotation at and monitor advanced clinical protocols across Regulatory & QA/QC; engage verified leadership on Unknown and contract formulation capacity.
unrestricted license in good standing as an ****MD,Small,Unknown Supplier,45,unrestrictedlicenseingoodstandingasanmd.com,https://www.linkedin.com/company/unrestricted-license-in-good-standing-as-an-md,1,1,0,2.2%,TARGETED STRATEGIC HIRING,Active Hiring: Regulatory Scientist | QA Lead,Retained Core (Regulatory & Operations),Regulatory Scientist (unrestricted license in good standing as an ****MD),Regulatory (1),Active Department Leadership: Regulatory Scientist,Active workforce rotation at unrestricted license in good standing as an ****MD across Regulatory & QA; engage verified leadership on Unknown and contract formulation capacity.
and/or Clinical Nutrition / Medical Nutrition Therapy (MNT). Certifications through IFM,Medium,Contract Manufacturer & CDMO,145,andorclinical.com,https://www.linkedin.com/company/and-or-clinical,2,1,1,1.4%,ACTIVE WORKFORCE ROTATION,James Ni***r (Founder and Chief Clinical Officer),Retained Core (Regulatory & QA/QC),Senen Ga***o (Clinical OR RN) | Jocelyn Ly***s (Senior Clinical OR Coordinator) | James Ni***r (Founder and Chief Clinical Officer) | Tobi Co***y (OR Scheduler/Senior Clinical Secretary) | Jauhar Ku***m (Senior Clinical Fellow or Registrar),"Regulatory (2), QA/QC (1), R&D (1)",James Ni***r (Founder and Chief Clinical Officer),Active workforce rotation at and/or Clinical Nutrition / Medical Nutrition Therapy (MNT). Certifications through IFM across Regulatory & QA/QC; engage verified leadership on Unknown and contract formulation capacity.
insulin resistance,Medium,Unknown Supplier,145,insulinresistance.com,https://www.linkedin.com/company/insulin-resistance,3,2,1,2.1%,ACTIVE WORKFORCE ROTATION,Active Hiring: Regulatory Scientist | Quality Analyst,Retained Core (Regulatory Affairs & Quality Assurance/Quality Control),Kari G (Metabolic/Insulin Resistance Reversal Coach) | Fareed Al***i (Insulin Resistance in Communicable and Noncommunicable Diseases) | Julia We***g (Research Project in Insulin Resistance at the Institute of Metabolic Science),"Regulatory Affairs (3), Quality Assurance/Quality Control (2), Research & Development (1)",Active Department Leadership: Regulatory Scientist,Active workforce rotation at insulin resistance across Regulatory Affairs & Quality Assurance/Quality Control; engage verified leadership on Unknown and contract formulation capacity.
the clinical application of weight-loss and anti-aging peptide protocols.,Small,Unknown Supplier,45,theclinicalapplication.com,https://www.linkedin.com/company/the-clinical-application,1,1,0,2.2%,TARGETED STRATEGIC HIRING,Active Hiring: Regulatory Scientist | Quality Analyst,Retained Core (Regulatory & QA/QC),Nicholas Ka***n (Clinical Application Analyst) | Karen Ri***y (Clinical Application Analyst) | Jennifer Mi***r (Clinical Application Specialist) | Leslie Ar***r (Clinical Application Analyst) | Ahmad Al***i (Senior Clinical Application),"Regulatory (1), QA/QC (1), R&D (1)",Active Department Leadership: Regulatory Scientist,Active workforce rotation at the clinical application of weight-loss and anti-aging peptide protocols. across Regulatory & QA/QC; engage verified leadership on Unknown and contract formulation capacity.
patient-centric approach to care. Complete comfort navigating modern EHR platforms and coordinating client treatment schedules effectively. What We Offer - ****Clinical Autonomy:**** The time and freedom to focus on true disease reversal and visible client outcomes without the assembly-line pressure of traditional high-volume insurance models.,Small,Unknown Supplier,45,patientcentricapproachtocare.com,https://www.linkedin.com/company/patient-centric-approach-to-care,1,1,0,2.2%,TARGETED STRATEGIC HIRING,Active Hiring: null | QA Lead,Retained Core (null & Operations),null (patient-centric approach to care. Complete comfort navigating modern EHR platforms and coordinating client treatment schedules effectively. What We Offer - ****Clinical Autonomy:**** The time and freedom to focus on true disease reversal and visible client outcomes without the assembly-line pressure of traditional high-volume insurance models.),null (1),Active Department Leadership: null,Active workforce rotation at patient-centric approach to care. Complete comfort navigating modern EHR platforms and coordinating client treatment schedules effectively. What We Offer - ****Clinical Autonomy:**** The time and freedom to focus on true disease reversal and visible client outcomes without the assembly-line pressure of traditional high-volume insurance models. across null & QA; engage verified leadership on Unknown and contract formulation capacity.
advanced peptide science,Medium,Contract Manufacturer & CDMO,145,advancedpeptidescience.com,https://www.linkedin.com/company/advanced-peptide-science,3,2,1,2.1%,ACTIVE WORKFORCE ROTATION,Active Hiring: Regulatory Scientist | Quality Analyst,Retained Core (Regulatory & QA/QC),Regulatory Scientist (advanced peptide science) | Quality Analyst (advanced peptide science) | R&D Scientist (advanced peptide science) | Sales Representative (advanced peptide science),"Regulatory (3), QA/QC (2), R&D (1)",Active Department Leadership: Regulatory Scientist,Active workforce rotation at advanced peptide science across Regulatory & QA/QC; engage verified leadership on contract manufacturer and contract formulation capacity.
and renewed confidence. How to Apply - Join us in redefining healthspan and unlocking the potential for vibrant aging starting in Maryland! Please submit your CV along with a brief summary of your personal clinical philosophy regarding root-cause medicine,Small,Contract Manufacturer & CDMO,12,andrenewed.com,https://www.linkedin.com/company/and-renewed,1,1,0,5.0%,TARGETED STRATEGIC HIRING,Rachel Ag***r (Director of CBRS and Case Management),Retained Core (Regulatory & QA/QC),Vi B (Owner) | Ari Fo***r (Owner/Therapist) | Gisela Wo***n (Mental Health Clinician) | Shalei Yo***g (Administrative Assistant) | Rachel Ag***r (Director of CBRS and Case Management),"Regulatory (1), QA/QC (1), R&D (1)",Rachel Ag***r (Director of CBRS and Case Management),Active workforce rotation at and renewed confidence. How to Apply - Join us in redefining healthspan and unlocking the potential for vibrant aging starting in Maryland! Please submit your CV along with a brief summary of your personal clinical philosophy regarding root-cause medicine across Regulatory & QA/QC; engage verified leadership on Unknown and contract formulation capacity.
HealthOp Solutions,Medium,Contract Manufacturer & CDMO,145,healthop.com,https://www.linkedin.com/company/healthop,3,2,1,2.1%,ACTIVE WORKFORCE ROTATION,Active Hiring: Regulatory Scientist | Quality Analyst,Retained Core (Regulatory & QA/QC),Stefan Va***n (President) | Dominique Ma***n (Health Care Consultant) | Molly Ma***a (Healthcare Consultant) | Malaya Tu***r (Healthcare Consultant) | Jaye Pa***e (Executive Assistant),"Regulatory (3), QA/QC (2), R&D (1)",Stefan Va***n (President),Active workforce rotation at HealthOp Solutions across Regulatory & QA/QC; engage verified leadership on Unknown and contract formulation capacity.
University of Missouri,Large,Contract Manufacturer & CDMO,7600,university.com,https://www.linkedin.com/company/university,5,3,2,0.1%,ACTIVE WORKFORCE ROTATION,Active Hiring: Regulatory Scientist | Quality Analyst,Retained Core (Regulatory Affairs & Quality Assurance/Control),Nust Na***a (University) | Vit Ch***i (University) | Joseph Me***h (Lecturer) | Aloysius Ed***h (Senior Lecturer) | Pascal Bo***e (University),"Regulatory Affairs (5), Quality Assurance/Control (4), Research & Development (3)",Active Department Leadership: Regulatory Scientist,Active workforce rotation at University of Missouri across Regulatory Affairs & Quality Assurance/Control; engage verified leadership on Unknown and contract formulation capacity.
Aequor,Small,ingredient supplier Supplier,45,aequor.com,https://www.linkedin.com/company/aequor,1,1,0,2.2%,TARGETED STRATEGIC HIRING,Anna Ca***y (Account Manager),Retained Core (Regulatory & QA/QC),Anna Ca***y (Account Manager) | Colin To***r (Independent School Psychologist) | Rakesh Ba***u (Salesforce Developer) | Andrew Sh***n (Education Recruiter) | Aroyal Lee (Recruiter),"Regulatory (1), QA/QC (1), R&D (1)",Anna Ca***y (Account Manager),Active workforce rotation at Aequor across Regulatory & QA/QC; engage verified leadership on ingredient supplier and contract formulation capacity.
Core Botanica LLC,Medium,Contract Manufacturer & CDMO,145,corebotanica.com,https://www.linkedin.com/company/core-botanica,2,1,1,1.4%,ACTIVE WORKFORCE ROTATION,Dakota Bu***r (Director of Ag),Retained Core (Regulatory & QA/QC),Dakota Bu***r (Director of Ag) | Cassandre Bl***p (Office Administrator) | Kelly Xu***b (Herbal Medicine Sales Representative),"Regulatory (2), QA/QC (1), R&D (1)",Dakota Bu***r (Director of Ag),"Active workforce rotation at Core Botanica LLC across Regulatory & QA/QC; engage verified leadership on ingredient supplier, contract manufacturer and contract formulation capacity."
Rarebreed Veterinary Partners,Medium,Contract Manufacturer & CDMO,145,rarebreedveterinarypartners.com,https://www.linkedin.com/company/rarebreed-veterinary-partners,2,1,1,1.4%,ACTIVE WORKFORCE ROTATION,Bryan Bl***w (Chief Operating Officer),Retained Core (Regulatory & QA/QC),Bryan Bl***w (Chief Operating Officer) | Kimberly Jo***n (Senior Director of Operations- Critical Care Division) | David Ki***l (Sr. Director of Product Management) | Timothy Ro***n (Sr. Technical Implementation Manager) | Sean Br***s (Senior Director of Operations Strategy and Analytics),"Regulatory (2), QA/QC (1), R&D (1)",Bryan Bl***w (Chief Operating Officer) | Kimberly Jo***n (Senior Director of Operations- Critical Care Division) | David Ki***l (Sr. Director of Product Management),Active workforce rotation at Rarebreed Veterinary Partners across Regulatory & QA/QC; engage verified leadership on Unknown and contract formulation capacity.
Van Drunen Farms,Large,Contract Manufacturer & CDMO,1000,vandrunenfarms.com,https://www.linkedin.com/company/van-drunen-farms,3,1,2,0.3%,ACTIVE WORKFORCE ROTATION,"Clarence Tr***e (Senior Manager, Training and Development)",Retained Core (Regulatory & QA/QC),"Clarence Tr***e (Senior Manager, Training and Development) | Christopher Ve***o (Head of Talent Acquisition) | Carl Vr***s (Sales) | Joan Me***r (Chief Quality Officer) | Brendan Ke***r (Director, Research & Development Innovation)","Regulatory (3), QA/QC (2), R&D (1)","Clarence Tr***e (Senior Manager, Training and Development) | Christopher Ve***o (Head of Talent Acquisition) | Joan Me***r (Chief Quality Officer)","Active workforce rotation at Van Drunen Farms across Regulatory & QA/QC; engage verified leadership on ingredient supplier, contract manufacturer, supplement brand and contract formulation capacity."
Dermpath Specialists LLC,Small,Testing & CRO Laboratory,65,dermpathspecialists.com,https://www.linkedin.com/company/dermpath-specialists,1,1,0,1.5%,TARGETED STRATEGIC HIRING,Active Hiring: Regulatory Scientist | Quality Analyst,Retained Core (Regulatory & QA/QC),Regulatory Scientist (Dermpath Specialists LLC) | Quality Analyst (Dermpath Specialists LLC) | Research and Development (Dermpath Specialists LLC) | Sales Representative (Dermpath Specialists LLC),"Regulatory (1), QA/QC (1), R&D (1)",Active Department Leadership: Regulatory Scientist,Active workforce rotation at Dermpath Specialists LLC across Regulatory & QA/QC; engage verified leadership on Unknown and contract formulation capacity.
GREAT WHITE LABEL LLC,Medium,Contract Manufacturer & CDMO,145,greatwhitelabel.com,https://www.linkedin.com/company/great-white-label,3,2,1,2.1%,ACTIVE WORKFORCE ROTATION,Active Hiring: Regulatory Scientist | QA Analyst,Retained Core (Regulatory Affairs & Quality Assurance/Control),Regulatory Scientist (GREAT WHITE LABEL LLC) | QA Analyst (GREAT WHITE LABEL LLC) | Formulation Scientist (GREAT WHITE LABEL LLC) | Sales Representative (GREAT WHITE LABEL LLC),"Regulatory Affairs (3), Quality Assurance/Control (2), Research & Development (1)",Active Department Leadership: Regulatory Scientist,"Active workforce rotation at GREAT WHITE LABEL LLC across Regulatory Affairs & Quality Assurance/Control; engage verified leadership on contract manufacturer, supplement brand and contract formulation capacity."
Akina Pharmacy,Medium,Contract Manufacturer & CDMO,145,akinapharmacy.com,https://www.linkedin.com/company/akina,2,1,1,1.4%,ACTIVE WORKFORCE ROTATION,Amira El***y (Chief People Officer),Retained Core (Regulatory & QA/QC),Amira El***y (Chief People Officer) | Brandon Co***l (Head of Sales) | Bassem Gi***s (Co-Founder) | Eva Sz***k (Head of Marketing) | Michael Yo***r (Account Executive),"Regulatory (2), QA/QC (1), R&D (1)",Amira El***y (Chief People Officer) | Brandon Co***l (Head of Sales) | Bassem Gi***s (Co-Founder),Active workforce rotation at Akina Pharmacy across Regulatory & QA/QC; engage verified leadership on Unknown and contract formulation capacity.
Emery Oleochemicals LLC,Medium,Contract Manufacturer & CDMO,145,emery.com,https://www.linkedin.com/company/emery,2,1,1,1.4%,ACTIVE WORKFORCE ROTATION,Jen O'***y (Director of Communications),Retained Core (Regulatory & QA/QC),John Em***y (Founder & CEO) | Jen O'***y (Director of Communications) | Danielle Ca***l (Creative Director) | Ben Em***y (Copywriter Strategist),"Regulatory (2), QA/QC (1), R&D (1)",John Em***y (Founder & CEO) | Jen O'***y (Director of Communications) | Danielle Ca***l (Creative Director),Active workforce rotation at Emery Oleochemicals LLC across Regulatory & QA/QC; engage verified leadership on Unknown and contract formulation capacity.
"Grower Direct Nut Company, Inc",Medium,Contract Manufacturer & CDMO,145,growerdirectnut.com,https://www.linkedin.com/company/grower-direct-nut,2,1,1,1.4%,ACTIVE WORKFORCE ROTATION,Maggi Ke***r (VP Sales & Marketing),Retained Core (Regulatory & QA/QC),Marc Se***o (Sales) | Maggi Ke***r (VP Sales & Marketing) | Octavio Co***z (Plant Manager) | Myla Ro***o (Human Resources Specialist) | Jennifer Ba***a (Global Logistics Specialist),"Regulatory (2), QA/QC (1), R&D (1)",Maggi Ke***r (VP Sales & Marketing) | Octavio Co***z (Plant Manager) | Gordon Wi***n (Chief Financial Officer),"Active workforce rotation at Grower Direct Nut Company, Inc across Regulatory & QA/QC; engage verified leadership on ingredient supplier, contract manufacturer and contract formulation capacity."
Serotonin Centers,Medium,Contract Manufacturer & CDMO,145,serotonincenters.com,https://www.linkedin.com/company/serotonin-centers,2,1,1,1.4%,ACTIVE WORKFORCE ROTATION,Eric Ca***i (Chief Executive Officer),Retained Core (Regulatory & QA/QC),Eric Ca***i (Chief Executive Officer) | Bill Mu***y (Chief Learning Officer / VP of Franchise Operations) | Matt Ma***o (Vice President of Development) | Jennifer Cr***h (Regional Manager) | Caden Wo***y (Franchise Business Consultant),"Regulatory (2), QA/QC (1), R&D (1)",Eric Ca***i (Chief Executive Officer) | Bill Mu***y (Chief Learning Officer / VP of Franchise Operations) | Matt Ma***o (Vice President of Development),Active workforce rotation at Serotonin Centers across Regulatory & QA/QC; engage verified leadership on supplement brand and contract formulation capacity.
On behalf of Next Deavor,Large,Contract Manufacturer & CDMO,4000,onbehalf.com,https://www.linkedin.com/company/on-behalf,3,1,2,0.1%,ACTIVE WORKFORCE ROTATION,Damien Ju***d (Chief AI Officer),Retained Core (Regulatory Affairs & Quality Assurance/Control),Chloe He***e (Fondatrice & CEO) | Iliya Ma***v (Artificial Intelligence Consultant) | Alexandre Be***l (Expert Gen AI & LLM) | Ba Ng***n (Consultant) | Damien Ju***d (Chief AI Officer),"Regulatory Affairs (3), Quality Assurance/Control (2), Research & Development (1)",Chloe He***e (Fondatrice & CEO) | Damien Ju***d (Chief AI Officer),"Active workforce rotation at On behalf of Next Deavor across Regulatory Affairs & Quality Assurance/Control; engage verified leadership on contract manufacturer, supplement brand and contract formulation capacity."
Sonora Quest Laboratories,Large,Contract Manufacturer & CDMO,3800,sonoraquest.com,https://www.linkedin.com/company/sonora-quest,3,1,2,0.1%,ACTIVE WORKFORCE ROTATION,Sonya En***e (Chief Operating Officer),Retained Core (Regulatory & QA/QC),"Sonya En***e (Chief Operating Officer) | Anne Mc***y (Project Manager) | David Liu (Director of Software Development & Innovation) | Tom Le***t (Senior Director, Business Development) | Meghan Sh***o (Chief Operating Officer, LSA Hospital Laboratories)","Regulatory (3), QA/QC (2), R&D (1)",Sonya En***e (Chief Operating Officer) | Anne Mc***y (Project Manager) | David Liu (Director of Software Development & Innovation),Active workforce rotation at Sonora Quest Laboratories across Regulatory & QA/QC; engage verified leadership on Unknown and contract formulation capacity.
000 dedicated professionals! Our Talent Acquisition team is reviewing applications for our Medical Lab Scientist FSER opening. Qualified candidates will be contacted for interviews. **Submit your resume today to join our community of caring!** We are an equal opportunity employer. We do not discriminate on the basis of race,Small,Unknown Supplier,45,000dedicatedprofessionals.com,https://www.linkedin.com/company/000-dedicated-professionals,1,1,0,2.2%,TARGETED STRATEGIC HIRING,Active Hiring: Medical Lab Scientist | FSER,Retained Core (R&D & Operations),Medical Lab Scientist (000 dedicated professionals! Our Talent Acquisition team is reviewing applications for our Medical Lab Scientist FSER opening. Qualified candidates will be contacted for interviews. **Submit your resume today to join our community of caring!** We are an equal opportunity employer. We do not discriminate on the basis of race) | FSER (000 dedicated professionals! Our Talent Acquisition team is reviewing applications for our Medical Lab Scientist FSER opening. Qualified candidates will be contacted for interviews. **Submit your resume today to join our community of caring!** We are an equal opportunity employer. We do not discriminate on the basis of race),R&D (1),Active Department Leadership: Medical Lab Scientist,Active workforce rotation at 000 dedicated professionals! Our Talent Acquisition team is reviewing applications for our Medical Lab Scientist FSER opening. Qualified candidates will be contacted for interviews. **Submit your resume today to join our community of caring!** We are an equal opportunity employer. We do not discriminate on the basis of race across R&D & QA; engage verified leadership on Unknown and contract formulation capacity.
UCLA Health,Medium,Contract Manufacturer & CDMO,145,uclahealth.com,https://www.linkedin.com/company/ucla-health,2,1,1,1.4%,ACTIVE WORKFORCE ROTATION,Tammy Sa***z (Computer Resource Manager),Retained Core (Regulatory Affairs & Quality Assurance/Quality Control),"Tammy Sa***z (Computer Resource Manager) | Johnese Sp***o (President, UCLA Health & CEO, UCLA Hospital System) | Taleen Be***i (Lead Senior Talent Acquisition Consultant) | Lev Go***b (Neuropsychologist) | Kamran Ko***i (Senior Data Scientist)","Regulatory Affairs (2), Quality Assurance/Quality Control (1), Research & Development (1)","Tammy Sa***z (Computer Resource Manager) | Johnese Sp***o (President, UCLA Health & CEO, UCLA Hospital System)",Active workforce rotation at UCLA Health across Regulatory Affairs & Quality Assurance/Quality Control; engage verified leadership on Unknown and contract formulation capacity.
Radiant Industries Pvt. Ltd.,Medium,Contract Manufacturer & CDMO,145,radiantindustries.com,https://www.linkedin.com/company/radiant-industries,2,1,1,1.4%,ACTIVE WORKFORCE ROTATION,Neeraj Ja***n (Vice President ( Sales & Marketing)),Retained Core (Investor Relations Director & Senior Equipment Engineer),Neeraj Ja***n (Vice President ( Sales & Marketing)) | Karan Ra***t (Senior Human Resources) | Sahajdeep Si***h (Finance Lead) | Prabhdeep Si***h (Co-Founder| Steel Industry Expert) | Sandip Ga***d (ASST. Manager-cnc Shop),"Investor Relations Director (2), Senior Equipment Engineer (1), Junior Video Editor & Content Coordinator (1)",Neeraj Ja***n (Vice President ( Sales & Marketing)) | Prabhdeep Si***h (Co-Founder| Steel Industry Expert) | Sandip Ga***d (ASST. Manager-cnc Shop),Active workforce rotation at Radiant Industries Pvt. Ltd. across Investor Relations Director & Senior Equipment Engineer; engage verified leadership on contract manufacturer and contract formulation capacity.
Biotane Naturals,Medium,Contract Manufacturer & CDMO,145,biotanenaturals.com,https://www.linkedin.com/company/biotane-naturals,2,1,1,1.4%,ACTIVE WORKFORCE ROTATION,Chandrashekhar Be***e (Chief Executive Officer),Retained Core (Regulatory & QA/QC),Anish Ar***e (Management Trainee Intern) | Chandrashekhar Be***e (Chief Executive Officer),"Regulatory (2), QA/QC (1), R&D (1)",Chandrashekhar Be***e (Chief Executive Officer),Active workforce rotation at Biotane Naturals across Regulatory & QA/QC; engage verified leadership on supplement brand and contract formulation capacity.
Clinic Living Plus,Large,Contract Manufacturer & CDMO,17842616,cliniclivingplus.com,https://www.linkedin.com/company/clinic-living-plus,3,1,2,0.0%,ACTIVE WORKFORCE ROTATION,Jyoti Mu***u (Certified Nutritionist + Registered Head Nurse + Sales Manager),Retained Core (Clinical Nutrition Manager & Head of Nutrition),Saksha Sh***y (Nutritionist) | Karan Si***h (Founder) | Roshni Sa***i (Founder) | Drtejas Ud***d (Functional Medicine Practitioner) | Jyoti Mu***u (Certified Nutritionist + Registered Head Nurse + Sales Manager),"Clinical Nutrition Manager (3), Head of Nutrition (2), AI generalist (Non-engineer) (1)",Karan Si***h (Founder) | Roshni Sa***i (Founder) | Jyoti Mu***u (Certified Nutritionist + Registered Head Nurse + Sales Manager),Active workforce rotation at Clinic Living Plus across Clinical Nutrition Manager & Head of Nutrition; engage verified leadership on supplement brand and contract formulation capacity.
FJ Direct,Large,Contract Manufacturer & CDMO,5000,fjdirect.com,https://www.linkedin.com/company/fj-direct,5,3,2,0.1%,ACTIVE WORKFORCE ROTATION,Active Hiring: Regulatory Scientist | Quality Analyst,Retained Core (Regulatory & QA/QC),Nilesh Na***k (Recruiter) | Louisa Ca***o (Recruiter) | Denisia Ds***a (HR Business Partner | Senior HR Strategist) | Indradeep S (Technical Recruiter) | Michael Su***n (Senior Consultant),"Regulatory (5), QA/QC (4), R&D (3)",Active Department Leadership: Regulatory Scientist,"Active workforce rotation at FJ Direct across Regulatory & QA/QC; engage verified leadership on ingredient supplier, supplement brand and contract formulation capacity."
Meyer Organics Pvt Ltd,Medium,Contract Manufacturer & CDMO,400,meyer.com,https://www.linkedin.com/company/meyer,2,1,1,0.5%,ACTIVE WORKFORCE ROTATION,Rohin Sh***a (E-commerce Project Manager / Website Manager),Retained Core (Regulatory & QA/QC),"Rohin Sh***a (E-commerce Project Manager / Website Manager) | Michael Lu***g (Senior Director, Customer Experience) | Helena Re***e (Director, Head of Brand) | Joshua Ts***i (Director of Group Efficiency) | Emily Am***t (Paid Social Specialist, Growth)","Regulatory (2), QA/QC (1), R&D (1)","Rohin Sh***a (E-commerce Project Manager / Website Manager) | Michael Lu***g (Senior Director, Customer Experience) | Helena Re***e (Director, Head of Brand)",Active workforce rotation at Meyer Organics Pvt Ltd across Regulatory & QA/QC; engage verified leadership on supplement brand and contract formulation capacity.
Norawell Pharma,Medium,Contract Manufacturer & CDMO,145,norawell.com,https://www.linkedin.com/company/norawell,3,2,1,2.1%,ACTIVE WORKFORCE ROTATION,Active Hiring: Plant Operations Manager | Director of Quality & Regulatory,Retained Core (Nurse Supervisor & Pharmacy Technician),Plant Operations Manager (Norawell Pharma) | Director of Quality & Regulatory (Norawell Pharma) | Formulation Scientist (Norawell Pharma) | Technical Sales Director (Norawell Pharma),"Nurse Supervisor (3), Pharmacy Technician (2)",Plant Operations Manager (Norawell Pharma) | Director of Quality & Regulatory (Norawell Pharma) | Technical Sales Director (Norawell Pharma),"Active workforce rotation at Norawell Pharma across Nurse Supervisor & Pharmacy Technician; engage verified leadership on contract manufacturer, supplement brand and contract formulation capacity."
Livlong Nutraceuticals Ltd,Medium,Contract Manufacturer & CDMO,100,livlong.com,https://www.linkedin.com/company/livlong,2,1,1,2.0%,ACTIVE WORKFORCE ROTATION,Sagnik Bh***a (Lead - Corporate Branding),Retained Core (Regulatory & QA/QC),Sagnik Bh***a (Lead - Corporate Branding) | Abdul Sh***h (Senior Product Manager) | Deepika None (Senior Specialist - Talent Management) | Vaishnavi Pa***r (Quality Analyst) | Raman Pa***r (Deputy Manager- Legal),"Regulatory (2), QA/QC (1), R&D (1)",Abdul Sh***h (Senior Product Manager) | Raman Pa***r (Deputy Manager- Legal),"Active workforce rotation at Livlong Nutraceuticals Ltd across Regulatory & QA/QC; engage verified leadership on contract manufacturer, supplement brand and contract formulation capacity."
Pravek Kalp Pvt. Ltd.,Medium,Contract Manufacturer & CDMO,145,pravekkalp.com,https://www.linkedin.com/company/pravek-kalp,2,1,1,1.4%,ACTIVE WORKFORCE ROTATION,Sunil Pa***y (Head of Quality Assurance),Retained Core (Regulatory & QA/QC),Stuti Up***y (Quality Assurance Executive) | Sunil Pa***y (Head of Quality Assurance) | Ramendra Ch***y (Mgr Logistic Head) | Ranjeet Roy (Company Secretary) | Naveen Di***t (Assistant Manager),"Regulatory (2), QA/QC (1), R&D (1)",Sunil Pa***y (Head of Quality Assurance) | Ramendra Ch***y (Mgr Logistic Head) | Naveen Di***t (Assistant Manager),Active workforce rotation at Pravek Kalp Pvt. Ltd. across Regulatory & QA/QC; engage verified leadership on supplement brand and contract formulation capacity.
Ampcus Inc,Large,Contract Manufacturer & CDMO,2000,ampcus.com,https://www.linkedin.com/company/ampcus,3,1,2,0.1%,ACTIVE WORKFORCE ROTATION,Jay Sw***y (Recruitment Manager),Retained Core (R&D Formulation & QA/QC),Jay Sw***y (Recruitment Manager) | Rehan Sy***d (Senior Talent Acquisition Specialist) | Johnny Ri***k (Executive – Sr. TA Specialist) | Ashwin Ka***e (Associate Director - Talent Acquisition & CRM) | Priya Ja***p (Manager- Talent Acquisition),"R&D Formulation (3), QA/QC (2), Regulatory Affairs (1)",Jay Sw***y (Recruitment Manager) | Ashwin Ka***e (Associate Director - Talent Acquisition & CRM) | Priya Ja***p (Manager- Talent Acquisition),Active workforce rotation at Ampcus Inc across R&D Formulation & QA/QC; engage verified leadership on supplement brand and contract formulation capacity.
N/A,Small,Unknown Supplier,45,na.com,https://www.linkedin.com/company/n-a,1,1,0,2.2%,TARGETED STRATEGIC HIRING,Juan Ca***a (Financial Manager),Retained Core (R&D Formulation & QA/QC),Juan Ca***a (Financial Manager) | Icesa None (Vinculación de Talentos) | Cristian Ca***s (Jefe de Operaciones de Facturación) | Asesores Ac***a (Payroll Analyst) | Jose Lu***s (Jefe de Crédito y Cobranzas),"R&D Formulation (1), QA/QC (1), Regulatory Affairs (1)",Juan Ca***a (Financial Manager),Active workforce rotation at N/A across R&D Formulation & QA/QC; engage verified leadership on Unknown and contract formulation capacity.
University of Vermont Health - UVM Medical Center,Large,Testing & CRO Laboratory,1000,university.com,https://www.linkedin.com/company/university,3,1,2,0.3%,ACTIVE WORKFORCE ROTATION,Vincent Ny***a (Director of Research Development),"Retained Core (Clinical (Physician Assistant, Nurse Practitioner, Medical Assistant) & Quality Assurance/Compliance)",Karen Mw***e (Safety Officer) | Vincent Ny***a (Director of Research Development) | Javan Ch***o (Head of Product Development & Communication) | Esther Ka***i (Manager/Secretary to the Vice Chancellor) | Japhet Mu***e (University Lecturer),"Clinical (Physician Assistant, Nurse Practitioner, Medical Assistant) (3), Quality Assurance/Compliance (2), Care Coordination (1)",Vincent Ny***a (Director of Research Development) | Javan Ch***o (Head of Product Development & Communication) | Esther Ka***i (Manager/Secretary to the Vice Chancellor),"Active workforce rotation at University of Vermont Health - UVM Medical Center across Clinical (Physician Assistant, Nurse Practitioner, Medical Assistant) & Quality Assurance/Compliance; engage verified leadership on Unknown and contract formulation capacity."
"DMC University Laboratories, Inc.",Medium,Contract Manufacturer & CDMO,145,dmcuniversity.com,https://www.linkedin.com/company/dmc-university,2,1,1,1.4%,ACTIVE WORKFORCE ROTATION,Barry Sh***i (Associate Director),Retained Core (Research & Analyst),Barry Sh***i (Associate Director) | Veronika V (Histology Technologist) | Kevin Ma***g (Histotechnologist) | Karen Sc***r (Medical Technologist),"Research (2), Analyst (1), Information Technology (1)",Barry Sh***i (Associate Director),"Active workforce rotation at DMC University Laboratories, Inc. across Research & Analyst; engage verified leadership on ingredient supplier, contract manufacturer and contract formulation capacity."
Methodist Le Bonheur Healthcare,Large,Unknown Supplier,12000,methodistlebonheurhealthcare.com,https://www.linkedin.com/company/methodist-le-bonheur-healthcare,3,1,2,0.0%,ACTIVE WORKFORCE ROTATION,Sandi Sh***s (Manager-Contingent Workforce),Retained Core (Clinical roles & Nursing),Sandi Sh***s (Manager-Contingent Workforce) | Brandi Ha***s (Clinical Director) | Nancy Ga***t (Senior Tech) | Devre Au***n (IT Testing Coordinator) | Barbara Wi***y (Clinical Director),"Clinical roles (3), Nursing (2), Administrative (1)",Sandi Sh***s (Manager-Contingent Workforce) | Brandi Ha***s (Clinical Director) | Barbara Wi***y (Clinical Director),Active workforce rotation at Methodist Le Bonheur Healthcare across Clinical roles & Nursing; engage verified leadership on Unknown and contract formulation capacity.
Medical City Fort Worth,Small,Unknown Supplier,45,medicalcityfortworth.com,https://www.linkedin.com/company/medical-city-fort-worth,1,1,0,2.2%,TARGETED STRATEGIC HIRING,Matthew Sa***s (Chief Operating Officer),Retained Core (Nursing & Radiology Technology),Matthew Sa***s (Chief Operating Officer) | John Ho***r (Chief Operating Officer) | Lauren Pl***i (Vice President of Operations) | Joseph Ar***s (Director of IT) | Michael Es***a (Assistant Chief Nursing Officer),"Nursing (1), Radiology Technology (1), Ultrasound Technology (1)",Matthew Sa***s (Chief Operating Officer) | John Ho***r (Chief Operating Officer) | Lauren Pl***i (Vice President of Operations),Active workforce rotation at Medical City Fort Worth across Nursing & Radiology Technology; engage verified leadership on Unknown and contract formulation capacity.
color,Small,ingredient supplier Supplier,45,color.com,https://www.linkedin.com/company/color,1,1,0,2.2%,TARGETED STRATEGIC HIRING,Keeley Sv***a (Lead Sales Development Representative),Retained Core (Technical Support & Customer Service),"Elad Gil (Co-founder) | Keeley Sv***a (Lead Sales Development Representative) | Paula Ba***w (Product Designer II) | Othman La***i (CEO) | Bridget Mc***h (Regional Vice President, Enterprise)","Technical Support (1), Customer Service (1), Sales (1)","Elad Gil (Co-founder) | Othman La***i (CEO) | Bridget Mc***h (Regional Vice President, Enterprise)",Active workforce rotation at color across Technical Support & Customer Service; engage verified leadership on ingredient supplier and contract formulation capacity.
Ascend Staffing,Large,Unknown Supplier,4100,ascendstaffing.com,https://www.linkedin.com/company/ascend-staffing,3,1,2,0.1%,ACTIVE WORKFORCE ROTATION,Jennifer Sa***s (Sales Manager),Retained Core (Recruiter & Account Manager),Jennifer Sa***s (Sales Manager) | Andrew Ca***n (Sales Manager) | Dave Co***y (Director of Sales) | Maritza Za***a (Branch Manager) | Holly Co***n (Director of Large Accounts),"Recruiter (3), Account Manager (2)",Jennifer Sa***s (Sales Manager) | Andrew Ca***n (Sales Manager) | Dave Co***y (Director of Sales),Active workforce rotation at Ascend Staffing across Recruiter & Account Manager; engage verified leadership on Unknown and contract formulation capacity.
Sprouts Farmers Market,Large,Finished Dietary Supplement Brand,35000,sproutsfarmersmarket.com,https://www.linkedin.com/company/sprouts-farmers-market,3,1,2,0.0%,ACTIVE WORKFORCE ROTATION,David Mc***y (Chief Development Officer),Retained Core (Sales & Brand Marketing),Earnest St***t (Regional Loss Prevention & Safety Specialist) | Nick Ko***t (President and COO) | Brandon Co***s (Cashier Customer Service) | David Mc***y (Chief Development Officer) | Phillip Ca***s (District Director),"Sales (3), Brand Marketing (2), Merchandising (1)",Nick Ko***t (President and COO) | David Mc***y (Chief Development Officer) | Phillip Ca***s (District Director),Active workforce rotation at Sprouts Farmers Market across Sales & Brand Marketing; engage verified leadership on supplement brand and contract formulation capacity.
TEKsystems,Small,Unknown Supplier,45,teksystems.com,https://www.linkedin.com/company/teksystems,1,1,0,2.2%,TARGETED STRATEGIC HIRING,Erin Ni***s (Recruiter Lead - Application Services),Retained Core (Analytics & Infrastructure Engineering),Erin Ni***s (Recruiter Lead - Application Services) | Prashant Pa***l (Sr. QA Automation Engineer) | Jamie Ga***s (Professional Technical Recruiter) | Koushik Si***a (Senior Candidate Manager) | Justin At***s (Senior Information Technology Recruiter),"Analytics (1), Infrastructure Engineering (1), Business Development (1)",Koushik Si***a (Senior Candidate Manager) | Jon Ca***l (Division Director),Active workforce rotation at TEKsystems across Analytics & Infrastructure Engineering; engage verified leadership on Unknown and contract formulation capacity.
Red River Commodities,Medium,Contract Manufacturer & CDMO,145,redriver.com,https://www.linkedin.com/company/red-river,2,1,1,1.4%,ACTIVE WORKFORCE ROTATION,"Jamie D'***o (Senior Director, DoD and IC)",Retained Core (Plant Management & Production),"Eric Co***e (Sr Technical Recruiter) | Jamie D'***o (Senior Director, DoD and IC) | Rodrigo O'***r (Senior Recruiter) | Brent Pu***h (CFO) | Jeff Br***n (Director of Sales, Federal Civilian and FSI)","Plant Management (2), Production (1), Quality Assurance (1)","Jamie D'***o (Senior Director, DoD and IC) | Jeff Br***n (Director of Sales, Federal Civilian and FSI) | David Ra***o (SVP and General Manager)","Active workforce rotation at Red River Commodities across Plant Management & Production; engage verified leadership on ingredient supplier, contract manufacturer and contract formulation capacity."
Vetio Animal Health,Medium,Contract Manufacturer & CDMO,145,vetioanimalhealth.com,https://www.linkedin.com/company/vetio-animal-health,2,1,1,1.4%,ACTIVE WORKFORCE ROTATION,"Cory No***k (Manager PPIC, Supply Chain)",Retained Core (Manufacturing Operations & Regulatory),"Cory No***k (Manager PPIC, Supply Chain) | Sanaz Sh***r (Coordinator) | Shane Ra***n (Plant Engineer) | Manuel Ag***r (General Manager) | Nick Wi***s (Project & Operations Manager)","Manufacturing Operations (2), Regulatory (1), QA/QC (1)","Cory No***k (Manager PPIC, Supply Chain) | Manuel Ag***r (General Manager) | Nick Wi***s (Project & Operations Manager)","Active workforce rotation at Vetio Animal Health across Manufacturing Operations & Regulatory; engage verified leadership on ingredient supplier, contract manufacturer and contract formulation capacity."
Stone Canyon Eye Care,Small,Unknown Supplier,45,stonecanyoneyecare.com,https://www.linkedin.com/company/stone-canyon-eye-care,1,1,0,2.2%,TARGETED STRATEGIC HIRING,Tyson Sp***r (Lead Optician),Retained Core (Optometry & Clinical Staff),Aaron Sm***h (Doctor) | Tyson Sp***r (Lead Optician) | McKayla Wr***t (Medical Receptionist),"Optometry (1), Clinical Staff (1)",Active Department Leadership: Optometrist,Active workforce rotation at Stone Canyon Eye Care across Optometry & Clinical Staff; engage verified leadership on Unknown and contract formulation capacity.
UPMC - Pittsburgh Medical Center,Large,Unknown Supplier,5000,upmcpittsburghmedicalcenter.com,https://www.linkedin.com/company/upmc-pittsburgh-medical-center,3,1,2,0.1%,ACTIVE WORKFORCE ROTATION,Don Pa***k (ISD Director University of Pittsburgh Medical Center),Retained Core (Patient Services & Emergency Medicine),"Don Pa***k (ISD Director University of Pittsburgh Medical Center) | Lucas Pe***u (Associate Technical Writer - University of Pittsburgh Medical Center) | Take Ve***z (Administrative Resident | UPMC Hillman Cancer Center | University of Pittsburgh Medical Center) | Ed Ka***i (Senior Property Manager at UPMC) | Laurie Wi***n (Laboratory Manager, UPMC-Western Maryland)","Patient Services (3), Emergency Medicine (2), Genetic Counseling (1)","Don Pa***k (ISD Director University of Pittsburgh Medical Center) | Ed Ka***i (Senior Property Manager at UPMC) | Laurie Wi***n (Laboratory Manager, UPMC-Western Maryland)",Active workforce rotation at UPMC - Pittsburgh Medical Center across Patient Services & Emergency Medicine; engage verified leadership on Unknown and contract formulation capacity.
The Reserves Network,Small,Unknown Supplier,45,thereservesnetwork.com,https://www.linkedin.com/company/the-reserves-network,1,1,0,2.2%,TARGETED STRATEGIC HIRING,Laura Bo***n (Chief Operating Officer),Retained Core (Operations & Sales),Laura Bo***n (Chief Operating Officer) | Matthew Ke***r (Director of Marketing) | Kristi Ep***n (Accounting & Finance Recruiter) | Stephanie Ba***o (Assistant Branch Manager) | Mark Mu***r (Division Director - Executive Search),"Operations (1), Sales (1), Recruiting (1)",Laura Bo***n (Chief Operating Officer) | Matthew Ke***r (Director of Marketing) | Stephanie Ba***o (Assistant Branch Manager),Active workforce rotation at The Reserves Network across Operations & Sales; engage verified leadership on Unknown and contract formulation capacity.
Cimarron Animal Hospital,Small,Unknown Supplier,45,cimarronanimalhospital.com,https://www.linkedin.com/company/cimarron-animal-hospital,1,1,0,2.2%,TARGETED STRATEGIC HIRING,Active Hiring: Veterinarian | Veterinary Assistant,Retained Core (Veterinary Assistant & Veterinary Receptionist),"Debra Bo***e (DVM, Owner) | Kara Dvm (Owner Veterinarian) | Denise Ch***r (Hospital Administrator) | Claire La***i (Certified Veterinary Technician) | Courtnee Co***l (Receptionist)","Veterinary Assistant (1), Veterinary Receptionist (1), Kennel Attendant (1)",Active Department Leadership: Veterinarian,Active workforce rotation at Cimarron Animal Hospital across Veterinary Assistant & Veterinary Receptionist; engage verified leadership on Unknown and contract formulation capacity.
Paws Claw and Hooves Vet Hospital,Small,Unknown Supplier,45,pawsclawandhoovesvethospital.com,https://www.linkedin.com/company/paws-claw-and-hooves-vet-hospital,1,1,0,2.2%,TARGETED STRATEGIC HIRING,Active Hiring: Veterinary Assistant | Associate Veterinarian,Retained Core (Veterinary Assistant & Associate Veterinarian),Veterinary Assistant (Paws Claw and Hooves Vet Hospital) | Associate Veterinarian (Paws Claw and Hooves Vet Hospital),"Veterinary Assistant (1), Associate Veterinarian (1), Clinical Staff (1)",Active Department Leadership: Veterinary Assistant,Active workforce rotation at Paws Claw and Hooves Vet Hospital across Veterinary Assistant & Associate Veterinarian; engage verified leadership on Unknown and contract formulation capacity.
Hansen Agri-PLACEMENT,Small,Unknown Supplier,45,hansen.com,https://www.linkedin.com/company/hansen,1,1,0,2.2%,TARGETED STRATEGIC HIRING,"Fengning Yu (Regional Marketing Manager, Americas)",Retained Core (R&D Formulation & QA/QC),"Linh Ng***n (Talent Acquisition Partner) | Fengning Yu (Regional Marketing Manager, Americas) | Vijay Na***r (Business Systems Analyst & Presales Consultant) | Claire Lo***k (Chief People Officer) | Quynh Ng***n (DevOps Engineer)","R&D Formulation (1), QA/QC (1), Regulatory Affairs (1)","Fengning Yu (Regional Marketing Manager, Americas) | Claire Lo***k (Chief People Officer)",Active workforce rotation at Hansen Agri-PLACEMENT across R&D Formulation & QA/QC; engage verified leadership on Unknown and contract formulation capacity.
Zing! Recruiting,Small,Unknown Supplier,45,zingrecruiting.com,https://www.linkedin.com/company/zing-recruiting,1,1,0,2.2%,TARGETED STRATEGIC HIRING,Seamus O'***r (Manager),Retained Core (Regulatory & QA/QC),Seamus O'***r (Manager) | Renee Bi***s (Specialty Regulation Partner of Talent Acquisition) | Tracy Be***r (Regional Manager) | Viannys Di***z (Senior Recruiter & Account Manager) | Rob Ta***r (Professional Recruiter),"Regulatory (1), QA/QC (1), Laboratory Operations (1)",Seamus O'***r (Manager) | Tracy Be***r (Regional Manager) | Viannys Di***z (Senior Recruiter & Account Manager),Active workforce rotation at Zing! Recruiting across Regulatory & QA/QC; engage verified leadership on Unknown and contract formulation capacity.
Dartmouth-Hitchcock Lebanon,Small,Unknown Supplier,45,dartmouthhitchcocklebanon.com,https://www.linkedin.com/company/dartmouth-hitchcock-lebanon,1,1,0,2.2%,TARGETED STRATEGIC HIRING,Active Hiring: Head of Human Resources | Clinical positions,Retained Core (Human Resources & Healthcare careers training),Head of Human Resources (Dartmouth-Hitchcock Lebanon) | Clinical positions (Dartmouth-Hitchcock Lebanon) | Healthcare professionals (Dartmouth-Hitchcock Lebanon),"Human Resources (1), Healthcare careers training (1), Clinical staff (1)",Head of Human Resources (Dartmouth-Hitchcock Lebanon) | Active Hiring: Head of Human Resources | Clinical positions,Active workforce rotation at Dartmouth-Hitchcock Lebanon across Human Resources & Healthcare careers training; engage verified leadership on Unknown and contract formulation capacity.
UW Medicine Valley Medical Center,Small,Unknown Supplier,45,uwmedicinevalleymedicalcenter.com,https://www.linkedin.com/company/uw-medicine-valley-medical-center,1,1,0,2.2%,TARGETED STRATEGIC HIRING,Albert Ca***a (Director of Laboratory Services),Retained Core (Clinical Nursing & Patient Care),Albert Ca***a (Director of Laboratory Services) | John Ho***n (Sr. Healthcare Intelligence Developer) | Phyllis Sm***h (Director of Risk Management) | Joonseok Kim (Cardiac Electrophysiologist) | Kristen Am***e (Doctor of Physical Therapy),"Clinical Nursing (1), Patient Care (1), Patient Resource/Administration (1)",Albert Ca***a (Director of Laboratory Services) | Phyllis Sm***h (Director of Risk Management),Active workforce rotation at UW Medicine Valley Medical Center across Clinical Nursing & Patient Care; engage verified leadership on Unknown and contract formulation capacity.
U.S. Dermatology Partners,Small,Unknown Supplier,45,usdermatologypartners.com,https://www.linkedin.com/company/u-s-dermatology-partners,1,1,0,2.2%,TARGETED STRATEGIC HIRING,Jeanne Cu***m (Chief Marketing Officer),Retained Core (Physician Recruitment & Clinical Research),Jeanne Cu***m (Chief Marketing Officer) | Justin Ti***y (Chief Legal Officer) | Brian Be***z (Chief Financial Officer) | Michelle Gu***t (Sr. Physician Recruiter) | Kelsey To***n (Medical Aesthetician),"Physician Recruitment (1), Clinical Research (1), Patient Care Coordination (1)",Jeanne Cu***m (Chief Marketing Officer) | Justin Ti***y (Chief Legal Officer) | Brian Be***z (Chief Financial Officer),Active workforce rotation at U.S. Dermatology Partners across Physician Recruitment & Clinical Research; engage verified leadership on Unknown and contract formulation capacity.
Northern Arizona Dermatology,Small,Unknown Supplier,95,northernarizonadermatology.com,https://www.linkedin.com/company/northern-arizona-dermatology,1,1,0,1.1%,TARGETED STRATEGIC HIRING,Michele Bo***m (Office Manager),Retained Core (Physician (General Dermatologist) & Physician Assistant),Jordan Mi***r (Dermatologist) | Amanda Ma***e (Histology Lab Supervisor) | Michele Bo***m (Office Manager) | Jessica Di***n (Dermatology Physician Assistant) | Gabriela Pe***o (Insurance Verification Specialist),"Physician (General Dermatologist) (1), Physician Assistant (1), Certified Nurse Practitioner (1)",Michele Bo***m (Office Manager),Active workforce rotation at Northern Arizona Dermatology across Physician (General Dermatologist) & Physician Assistant; engage verified leadership on Unknown and contract formulation capacity.
and Sedona. The service area for the group includes the entire northern third of the state. As a physician-owned practice,Small,Contract Manufacturer & CDMO,11,and.com,https://www.linkedin.com/company/and,1,1,0,5.0%,TARGETED STRATEGIC HIRING,"Michael Ph***s (Director of Engineering, User Experience)",Retained Core (Medical/Physician roles & Medical Assistant),"Dan Ca***l (Co-Founder) | Aaron Sl***p (Co-Founder & CEO) | Michael Ph***s (Director of Engineering, User Experience) | Jodi Ma***s (Director of Operations) | Waira Mu***i (Director of Growth)","Medical/Physician roles (1), Medical Assistant (1), Family Practice (1)","Dan Ca***l (Co-Founder) | Aaron Sl***p (Co-Founder & CEO) | Michael Ph***s (Director of Engineering, User Experience)","Active workforce rotation at and Sedona. The service area for the group includes the entire northern third of the state. As a physician-owned practice across Medical/Physician roles & Medical Assistant; engage verified leadership on contract manufacturer, supplement brand and contract formulation capacity."
our cosmetic offerings include IPL,Small,Unknown Supplier,45,our.com,https://www.linkedin.com/company/our,1,1,0,2.2%,TARGETED STRATEGIC HIRING,Active Hiring: Cosmetic Chemist | R&D Manager – Skincare,Retained Core (R&D & Regulatory),Ignacio Ca***s (Diseñador Flash Senior) | Claudio Sa***i (Fullstack Developer) | Sergio Go***e (Graphic Illustrator),"R&D (1), Regulatory (1), QA/QC (1)",Active Hiring: Cosmetic Chemist | R&D Manager – Skincare,Active workforce rotation at our cosmetic offerings include IPL across R&D & Regulatory; engage verified leadership on Unknown and contract formulation capacity.
Lifeplus International,Medium,Contract Manufacturer & CDMO,145,lifeplus.com,https://www.linkedin.com/company/lifeplus,2,1,1,1.4%,ACTIVE WORKFORCE ROTATION,David Po***y (Plant Operations Manager),Retained Core (Quality Assurance & Manufacturing),David Po***y (Plant Operations Manager) | Matt An***n (European Contact Center Manager) | Pavan Sh***a (Contact Center Operations Manager) | Richard Va***t (Head of Logistics Europe) | Ken Cl***e (IT Director),"Quality Assurance (2), Manufacturing (1), Data Analytics (1)",David Po***y (Plant Operations Manager) | Matt An***n (European Contact Center Manager) | Pavan Sh***a (Contact Center Operations Manager),Active workforce rotation at Lifeplus International across Quality Assurance & Manufacturing; engage verified leadership on supplement brand and contract formulation capacity.
NAVADA IMPORTS LLC,Small,ingredient supplier Supplier,45,navadaimports.com,https://www.linkedin.com/company/navada-imports,1,1,0,2.2%,TARGETED STRATEGIC HIRING,Rick Ve***a (Sales Director),Retained Core (Sales & Regulatory),Rick Ve***a (Sales Director) | Rohit Sh***r (Manager) | Courtney Tu***a (Operations Manager) | Jennifer Ro***i (Quality Assurance Manager) | Navada Im***s (Company Manager),"Sales (1), Regulatory (1)",Rick Ve***a (Sales Director) | Rohit Sh***r (Manager) | Courtney Tu***a (Operations Manager),Active workforce rotation at NAVADA IMPORTS LLC across Sales & Regulatory; engage verified leadership on ingredient supplier and contract formulation capacity.
Tao Of Man LLC,Small,Finished Dietary Supplement Brand,85,tao.com,https://www.linkedin.com/company/tao,1,1,0,1.2%,TARGETED STRATEGIC HIRING,Active Hiring: Financial Analyst | Assistant Controller,Retained Core (Corporate Finance & People Management),Alexandra Qu***e (RM),"Corporate Finance (1), People Management (1), Social Media/Marketing (1)",Active Department Leadership: Financial Analyst,Active workforce rotation at Tao Of Man LLC across Corporate Finance & People Management; engage verified leadership on supplement brand and contract formulation capacity.
Genova Pharma LLC,Medium,Contract Manufacturer & CDMO,145,genova.com,https://www.linkedin.com/company/genova,2,1,1,1.4%,ACTIVE WORKFORCE ROTATION,Joel Li***l (Technical Manager),Retained Core (Product Development & Quality Assurance),Alice En***m (Projektledare Affärsutveckling) | Robert Mo***g (Projektledare Stadsutveckling) | Victor Br***t (Kommersiell Fastighetsförvaltare) | Aysel Oz***r (Business Development Consultant) | Joel Li***l (Technical Manager),"Product Development (2), Quality Assurance (1), Accounting/Finance (1)",Joel Li***l (Technical Manager),"Active workforce rotation at Genova Pharma LLC across Product Development & Quality Assurance; engage verified leadership on ingredient supplier, contract manufacturer and contract formulation capacity."
OceanaHealth,Small,ingredient supplier Supplier,45,oceanahealth.com,https://www.linkedin.com/company/oceanahealth,1,1,0,2.2%,TARGETED STRATEGIC HIRING,Active Hiring: Sales Representative | Creative Project Coordinator,Retained Core (Sales & Project Coordination),Sales Representative (OceanaHealth) | Creative Project Coordinator (OceanaHealth) | Healthcare Data Analyst (OceanaHealth),"Sales (1), Project Coordination (1)",Active Department Leadership: Sales Representative,Active workforce rotation at OceanaHealth across Sales & Project Coordination; engage verified leadership on ingredient supplier and contract formulation capacity.
HCRC Staffing,Small,Unknown Supplier,45,hcrcstaffing.com,https://www.linkedin.com/company/hcrc-staffing,1,1,0,2.2%,TARGETED STRATEGIC HIRING,Laura To***n (Chief Operating Officer),Retained Core (Medical/Clinical positions & Administrative roles),Brian To***n (CEO) | Laura To***n (Chief Operating Officer) | Lynn Wo***i (Data Specialist) | Nicholas Tr***s (Physician Assistant) | Tracy Ma***t (Talent Acquisition Specialist),"Medical/Clinical positions (1), Administrative roles (1), Management positions (1)",Brian To***n (CEO) | Laura To***n (Chief Operating Officer),Active workforce rotation at HCRC Staffing across Medical/Clinical positions & Administrative roles; engage verified leadership on Unknown and contract formulation capacity.
"McKenna Labs, Inc",Medium,Contract Manufacturer & CDMO,145,mckenna.com,https://www.linkedin.com/company/mckenna,2,1,1,1.4%,ACTIVE WORKFORCE ROTATION,Len Se***s (Chief Marketing Officer),Retained Core (Material Costing & Quoting & Sales),Len Se***s (Chief Marketing Officer) | Ryan Pa***n (Software Specialist) | Kristie Ny***s (Digital Support/Customer Relations Specialist at McKenna Pro) | John Ja***n (President) | Paul Ke***l (Director of Sales and Customer Service at McKenna),"Material Costing & Quoting (2), Sales (1), Business Development (1)",Len Se***s (Chief Marketing Officer) | John Ja***n (President) | Paul Ke***l (Director of Sales and Customer Service at McKenna),"Active workforce rotation at McKenna Labs, Inc across Material Costing & Quoting & Sales; engage verified leadership on contract manufacturer and contract formulation capacity."
KA Recruiting Inc.,Small,Unknown Supplier,45,karecruiting.com,https://www.linkedin.com/company/ka-recruiting,1,1,0,2.2%,TARGETED STRATEGIC HIRING,"Andrea Co***o (Associate Vice President, Client Relationship Manager and Team Lead)",Retained Core (Recruiting/Sales & Healthcare Recruitment),"Carpenter None (Founder) | Andrea Co***o (Associate Vice President, Client Relationship Manager and Team Lead) | Alisha Dy***n (Associate Healthcare Recruiter) | Olivia Sl***e (Client Relationship Manager & Senior Healthcare Recruiter) | Leah Mu***y (Senior Healthcare Recruiter/Client Relationship Manager)","Recruiting/Sales (1), Healthcare Recruitment (1), Business Development (1)","Carpenter None (Founder) | Andrea Co***o (Associate Vice President, Client Relationship Manager and Team Lead) | Olivia Sl***e (Client Relationship Manager & Senior Healthcare Recruiter)",Active workforce rotation at KA Recruiting Inc. across Recruiting/Sales & Healthcare Recruitment; engage verified leadership on Unknown and contract formulation capacity.
Kingman Regional Medical Center,Large,Unknown Supplier,1900,kingmanregionalmedicalcenter.com,https://www.linkedin.com/company/kingman-regional-medical-center,3,1,2,0.2%,ACTIVE WORKFORCE ROTATION,Steven Ma***s (Director Patient Financial Services),"Retained Core (Clinical (LPN, Physicians, OB/GYN, Pulmonology) & Administrative (Clinic Manager, Outpatient Scheduling Supervisor, Outpatient Scheduler))",Flashover Fog (Emergency Room Registered Nurse) | Steven Ma***s (Director Patient Financial Services) | Will Va***t (Manager of Physician Services Operations) | Michael Mo***e (Informatics Pharmacist) | Jeff Su***n (Project Manager),"Clinical (LPN, Physicians, OB/GYN, Pulmonology) (3), Administrative (Clinic Manager, Outpatient Scheduling Supervisor, Outpatient Scheduler) (2), Management (Director of Home Health & Hospice, Population Health Program Manager) (1)",Steven Ma***s (Director Patient Financial Services) | Will Va***t (Manager of Physician Services Operations) | Jeff Su***n (Project Manager),"Active workforce rotation at Kingman Regional Medical Center across Clinical (LPN, Physicians, OB/GYN, Pulmonology) & Administrative (Clinic Manager, Outpatient Scheduling Supervisor, Outpatient Scheduler); engage verified leadership on Unknown and contract formulation capacity."
Resource Label Group,Large,Nutraceutical Packaging Specialist,1500,resourcelabel.com,https://www.linkedin.com/company/resource-label,3,1,2,0.2%,ACTIVE WORKFORCE ROTATION,Tim Bo***e (Director of Sustainability),Retained Core (Data Strategy/Enterprise Data & Sales),Tim Bo***e (Director of Sustainability) | Patrick Gr***n (Regional Vice President of Sales) | Rose Lee (Executive Chair and Interim CEO) | Jeffrey Pi***h (Sales Consultant) | Mel Cox (Digital Technology Manager),"Data Strategy/Enterprise Data (3), Sales (2), Design (1)",Tim Bo***e (Director of Sustainability) | Patrick Gr***n (Regional Vice President of Sales) | Rose Lee (Executive Chair and Interim CEO),Active workforce rotation at Resource Label Group across Data Strategy/Enterprise Data & Sales; engage verified leadership on Unknown and contract formulation capacity.
POM Wonderful,Medium,Unknown Supplier,145,pomwonderful.com,https://www.linkedin.com/company/pom-wonderful,2,1,1,1.4%,ACTIVE WORKFORCE ROTATION,Yolanda Es***a (Human Resources Leader),Retained Core (Supply Chain Management & Quality Systems),"Veronica Hy***t (Senior Sales Planning Analyst) | Mathew We***b (CFO) | David Ma***n (Seasoned CPG Sales Strategy Expert) | Yolanda Es***a (Human Resources Leader) | Phil Mc***b (Manager, Shipping and Conveyance)","Supply Chain Management (2), Quality Systems (1), eCommerce (1)","Phil Mc***b (Manager, Shipping and Conveyance)",Active workforce rotation at POM Wonderful across Supply Chain Management & Quality Systems; engage verified leadership on Unknown and contract formulation capacity.
Vireo Health,Small,Unknown Supplier,45,vireohealth.com,https://www.linkedin.com/company/vireo-health,1,1,0,2.2%,TARGETED STRATEGIC HIRING,Active Hiring: Patient Care Coordinator | Budtender,Retained Core (Patient Care Coordination & Retail Sales (Budtenders)),"Erica Ma***z (Vireo Health) | Amber Sh***a (CEO, Vireo Health of Minnesota) | Forrest Ho***r (CEO - Vireo Health Rocky Mountain) | Payton Ja***s (Founder & CEO | Patient Acquisition & Digital Marketing for Health & Wellness Practices)","Patient Care Coordination (1), Retail Sales (Budtenders) (1), Training and Development (1)","Amber Sh***a (CEO, Vireo Health of Minnesota) | Forrest Ho***r (CEO - Vireo Health Rocky Mountain) | Payton Ja***s (Founder & CEO | Patient Acquisition & Digital Marketing for Health & Wellness Practices)",Active workforce rotation at Vireo Health across Patient Care Coordination & Retail Sales (Budtenders); engage verified leadership on Unknown and contract formulation capacity.
SIGMA-US,Small,Finished Dietary Supplement Brand,85,sigmaus.com,https://www.linkedin.com/company/sigma-us,1,1,0,1.2%,TARGETED STRATEGIC HIRING,"Active Hiring: Senior Director, Quality Assurance | Director of Quality",Retained Core (Quality Assurance & Regulatory Affairs),Ed D'***o (President),"Quality Assurance (1), Regulatory Affairs (1), Business Process Improvement (1)","Ed D'***o (President) | Active Hiring: Senior Director, Quality Assurance | Director of Quality","Active workforce rotation at SIGMA-US across Quality Assurance & Regulatory Affairs; engage verified leadership on ingredient supplier, supplement brand and contract formulation capacity."
CellMark,Medium,Contract Manufacturer & CDMO,145,cellmark.com,https://www.linkedin.com/company/cellmark,2,1,1,1.4%,ACTIVE WORKFORCE ROTATION,Rolf Hu***n (Purchasing Director),Retained Core (Operations and Logistics & Sales),Rolf Hu***n (Purchasing Director) | James De***o (VP New Business) | Tan Ng***n (Managing Director Cellmark Vietnam) | Jean-Luc Ca***e (Vice President North America CellMark Basic Materials) | Javier Az***a (International Sales Manager),"Operations and Logistics (2), Sales (1), Customer Service (1)",Rolf Hu***n (Purchasing Director) | James De***o (VP New Business) | Tan Ng***n (Managing Director Cellmark Vietnam),"Active workforce rotation at CellMark across Operations and Logistics & Sales; engage verified leadership on ingredient supplier, contract manufacturer and contract formulation capacity."
The Marzetti Company,Medium,Contract Manufacturer & CDMO,145,themarzetti.com,https://www.linkedin.com/company/the-marzetti,2,1,1,1.4%,ACTIVE WORKFORCE ROTATION,"Rene Lu***r (Customer Vice President, Sales)",Retained Core (Quality Assurance/QC & Operations),"Donald Su***n (Walmart Category Advisor) | Jennifer Ja***i (Demand Planner) | Rene Lu***r (Customer Vice President, Sales) | Sean O'***r (Warehouse Inventory) | Rick Br***d (Reliability Manager)","Quality Assurance/QC (2), Operations (1), Maintenance (1)","Rene Lu***r (Customer Vice President, Sales) | Rick Br***d (Reliability Manager)",Active workforce rotation at The Marzetti Company across Quality Assurance/QC & Operations; engage verified leadership on contract manufacturer and contract formulation capacity.
Leoforce,Medium,Unknown Supplier,201,leoforce.com,https://www.linkedin.com/company/leoforce,2,1,1,1.0%,ACTIVE WORKFORCE ROTATION,Wade Pi***n (Chief Revenue Officer),Retained Core (Demand Generation & Product Innovation & Development),Wade Pi***n (Chief Revenue Officer) | Sreevally Pa***y (Product Owner) | Satish Se***i (Recruitment Support Analyst) | Shree Jh***a (CFO) | Pavan Va***i (Senior Digital Marketing and Automation Manager),"Demand Generation (2), Product Innovation & Development (1), Recruitment Operations (1)",Wade Pi***n (Chief Revenue Officer) | Pavan Va***i (Senior Digital Marketing and Automation Manager) | Radha Ja***i (Director - Talent Acquisition),Active workforce rotation at Leoforce across Demand Generation & Product Innovation & Development; engage verified leadership on Unknown and contract formulation capacity.
Flora Food Group,Large,Contract Manufacturer & CDMO,4600,florafoodgroup.com,https://www.linkedin.com/company/flora-food,3,1,2,0.1%,ACTIVE WORKFORCE ROTATION,Alexander Mo***e (Talent Acquisition Manager),Retained Core (Maintenance and facility operations & Supply chain),Mohammad Sa***a (HRBP Manufacturing Indonesia) | Joyshree Ra***m (HRBP) | Alexander Mo***e (Talent Acquisition Manager) | Richard Ho***n (Talent Acquisition Manager - Northern Europe) | Marwan Ab***d (Regional Culinary Lead - Africa & Middle East & Asia Pacific (AMEA)),"Maintenance and facility operations (3), Supply chain (2), Procurement (1)",Alexander Mo***e (Talent Acquisition Manager) | Richard Ho***n (Talent Acquisition Manager - Northern Europe) | Ahmad Rao (Channel Manager Center & North - Food Solutions),"Active workforce rotation at Flora Food Group across Maintenance and facility operations & Supply chain; engage verified leadership on ingredient supplier, contract manufacturer and contract formulation capacity."
"B&G Foods, Inc.",Small,Unknown Supplier,45,bgfoods.com,https://www.linkedin.com/company/b-g-foods,1,1,0,2.2%,TARGETED STRATEGIC HIRING,John Oz***n (Executive Vice President),Retained Core (Manufacturing & Sales),John Oz***n (Executive Vice President) | Marty Sc***h (Executive Vice President of Supply Chain) | Jeff Ne***n (Director of Sales Planning and Insights) | Megan On***h (Talent Acquisition Leader/Human Resources) | Joel Go***g (Director Compensation and Benefits),"Manufacturing (1), Sales (1), Brand Management (1)",John Oz***n (Executive Vice President) | Marty Sc***h (Executive Vice President of Supply Chain) | Jeff Ne***n (Director of Sales Planning and Insights),"Active workforce rotation at B&G Foods, Inc. across Manufacturing & Sales; engage verified leadership on Unknown and contract formulation capacity."
Dr. Praeger's Sensible Foods Inc,Small,Unknown Supplier,51,drpraegers.com,https://www.linkedin.com/company/dr-praeger-s,1,1,0,2.0%,TARGETED STRATEGIC HIRING,Anthony Wa***k (Director of Retail Sales),Retained Core (Operations/Manufacturing & Quality Assurance),Anthony Wa***k (Director of Retail Sales) | Ed Vl***h (Chief Executive Officer) | Ryan Ri***r (Director Supply Chain Finance (Private Equity)) | Miniayah De***e (Director of Research Development) | Gregory Gr***e (Director Sales Strategy & Planning),"Operations/Manufacturing (1), Quality Assurance (1), Sales and Marketing (1)",Anthony Wa***k (Director of Retail Sales) | Ed Vl***h (Chief Executive Officer) | Ryan Ri***r (Director Supply Chain Finance (Private Equity)),Active workforce rotation at Dr. Praeger's Sensible Foods Inc across Operations/Manufacturing & Quality Assurance; engage verified leadership on Unknown and contract formulation capacity.
Grecian Delight | Kronos Food Corp,Medium,Contract Manufacturer & CDMO,201,greciandelightkronosfood.com,https://www.linkedin.com/company/grecian-delight-kronos-food,2,1,1,1.0%,ACTIVE WORKFORCE ROTATION,John Sa***s (Chief Human Resources Officer),Retained Core (Quality/Food Safety & Operations),John Sa***s (Chief Human Resources Officer) | Orlando Ju***n (Director of National Accounts) | Mark Ca***n (Senior Business Development Manager) | Peter Pa***s (CEO) | Dale Oh***n (National Sales Manager-Retail),"Quality/Food Safety (2), Operations (1), Forklift/Warehouse (1)",John Sa***s (Chief Human Resources Officer) | Orlando Ju***n (Director of National Accounts) | Mark Ca***n (Senior Business Development Manager),Active workforce rotation at Grecian Delight | Kronos Food Corp across Quality/Food Safety & Operations; engage verified leadership on contract manufacturer and contract formulation capacity.
StarKist Co.,Medium,Unknown Supplier,145,starkist.com,https://www.linkedin.com/company/starkist,2,1,1,1.4%,ACTIVE WORKFORCE ROTATION,"Ilona Tr***l (Manager, eCommerce, Digital and Consumer Marketing)",Retained Core (Research & Development & Human Resources),"Berenice Sa***r (Analista de Selección y Desarrollo Organizacional) | Ilona Tr***l (Manager, eCommerce, Digital and Consumer Marketing) | Raina Ru***k (Consumer Insights Leader) | Ricardo Go***i (Head of Research & Development) | John Ca***n (Cso/cro, Executive Sales Leader)","Research & Development (2), Human Resources (1), Corporate Affairs (1)","Ilona Tr***l (Manager, eCommerce, Digital and Consumer Marketing) | Ricardo Go***i (Head of Research & Development)",Active workforce rotation at StarKist Co. across Research & Development & Human Resources; engage verified leadership on Unknown and contract formulation capacity.
ROHA USA,Medium,Contract Manufacturer & CDMO,145,roha.com,https://www.linkedin.com/company/roha,2,1,1,1.4%,ACTIVE WORKFORCE ROTATION,Yatin Ch***n (Area Sales Manager),Retained Core (Sales and Business Development & Quality Assurance/Quality Control),Yatin Ch***n (Area Sales Manager) | Prince Sh***a (Senior Executive - Human Resource (Global Talent Acquisition)) | Johan Pa***a (Plant Manager) | Maria Al***n (Global Category Director - Natural Colors) | Asim Sy***d (Global Technical Services Director),"Sales and Business Development (2), Quality Assurance/Quality Control (1), Application Science (1)",Yatin Ch***n (Area Sales Manager) | Johan Pa***a (Plant Manager) | Maria Al***n (Global Category Director - Natural Colors),"Active workforce rotation at ROHA USA across Sales and Business Development & Quality Assurance/Quality Control; engage verified leadership on ingredient supplier, contract manufacturer and contract formulation capacity."
J&K INGREDIENTS LLC,Medium,Contract Manufacturer & CDMO,145,jkingredientsllc.com,https://www.linkedin.com/company/j-k,2,1,1,1.4%,ACTIVE WORKFORCE ROTATION,Joe Nu***i (Assistant Operations Manager),Retained Core (General career opportunities & Operations),Shafqat Ma***k (Govt.) | Raveena Ko***r (Working With Children Living in Border Conflict Areas) | Joe Nu***i (Assistant Operations Manager) | Chan Zhu (Senior Architect) | Eli Po***k (Child Development Specialist),General career opportunities (2),Joe Nu***i (Assistant Operations Manager),"Active workforce rotation at J&K INGREDIENTS LLC across General career opportunities & QA; engage verified leadership on ingredient supplier, contract manufacturer and contract formulation capacity."
NORTH AMERICAN HERB & SPICE,Medium,Finished Dietary Supplement Brand,145,northamericanherbspice.com,https://www.linkedin.com/company/north-american-herb-spice,2,1,1,1.4%,ACTIVE WORKFORCE ROTATION,Ted Ca***r (Director of Operations and Compliance),Retained Core (Sales & Operations/Manufacturing),Ted Ca***r (Director of Operations and Compliance) | Jun Wi***a (Chief Financial Officer) | Carlos Sa***a (Production Manager) | Bill Bu***h (Author) | Dave Al***n (Key Account Sales Executive),"Sales (2), Operations/Manufacturing (1), Accounting/Finance (1)",Ted Ca***r (Director of Operations and Compliance) | Jun Wi***a (Chief Financial Officer) | Carlos Sa***a (Production Manager),Active workforce rotation at NORTH AMERICAN HERB & SPICE across Sales & Operations/Manufacturing; engage verified leadership on supplement brand and contract formulation capacity.
CoreTechs Inc.,Small,Unknown Supplier,45,coretechs.com,https://www.linkedin.com/company/coretechs,1,1,0,2.2%,TARGETED STRATEGIC HIRING,Active Hiring: IT Automation Engineer | Service Desk Technician,Retained Core (IT Automation Engineer & Senior Service Desk Technician),Manos Ko***s (Software Engineer) | Dipin Kr***a (Senior Full Stack Engineer) | Jawad Ma***t (IT Consultant) | Gilbert Au***n (Owner/President) | Fabrice Sa***x (Consultant),"IT Automation Engineer (1), Senior Service Desk Technician (1), Senior Product Manager (Workday) (1)",Gilbert Au***n (Owner/President),Active workforce rotation at CoreTechs Inc. across IT Automation Engineer & Senior Service Desk Technician; engage verified leadership on Unknown and contract formulation capacity.
Thermo Fisher Scientific,Medium,Contract Manufacturer & CDMO,145,thermofisherscientific.com,https://www.linkedin.com/company/thermo-fisher-scientific,2,1,1,1.4%,ACTIVE WORKFORCE ROTATION,Dominic Me***h (Global Director | General Management · Commercial Leadership · Business Development | Portfolio Strategy · Go-to-Market · Commercial Excellence | Bioprocessing · CDMO · Biopharma · Biotech · Life Sciences | Europe | PhD),Retained Core (Finance & Corporate Development),"Yesica Va***z (Senior Recruiter) | Steven Ca***r (Senior Recruiter - Latin America) | Dominic Me***h (Global Director | General Management · Commercial Leadership · Business Development | Portfolio Strategy · Go-to-Market · Commercial Excellence | Bioprocessing · CDMO · Biopharma · Biotech · Life Sciences | Europe | PhD) | Scott Mc***n (Talent Acquisition Leader, EMEA South) | Jagdish Ja***e (Clinical Team Manager)","Finance (2), Corporate Development (1), Sales (1)",Dominic Me***h (Global Director | General Management · Commercial Leadership · Business Development | Portfolio Strategy · Go-to-Market · Commercial Excellence | Bioprocessing · CDMO · Biopharma · Biotech · Life Sciences | Europe | PhD) | Jagdish Ja***e (Clinical Team Manager),"Active workforce rotation at Thermo Fisher Scientific across Finance & Corporate Development; engage verified leadership on ingredient supplier, contract manufacturer and contract formulation capacity."
Nutritional Supplement Manufacturer,Medium,Contract Manufacturer & CDMO,145,nutritionalsupplementmanufacturer.com,https://www.linkedin.com/company/nutritional-supplement-manufacturer,3,2,1,2.1%,ACTIVE WORKFORCE ROTATION,Active Hiring: Director of Product Development - Dietary/Supplements | Quality Assurance Specialist,Retained Core (Regulatory Affairs & Quality Assurance/Quality Control),"Director of Product Development - Dietary/Supplements (Nutritional Supplement Manufacturer) | Quality Assurance Specialist (Nutritional Supplement Manufacturer) | Dietary/Supplements R&D Manager (Nutritional Supplement Manufacturer) | Research Scientist, Ingredient and Product Science (Nutritional Supplement Manufacturer)","Regulatory Affairs (3), Quality Assurance/Quality Control (2), Research & Development (1)",Director of Product Development - Dietary/Supplements (Nutritional Supplement Manufacturer) | Dietary/Supplements R&D Manager (Nutritional Supplement Manufacturer) | Active Hiring: Director of Product Development - Dietary/Supplements | Quality Assurance Specialist,Active workforce rotation at Nutritional Supplement Manufacturer across Regulatory Affairs & Quality Assurance/Quality Control; engage verified leadership on contract manufacturer and contract formulation capacity.
American Fruits & Flavors,Medium,Contract Manufacturer & CDMO,145,americanfruitsflavors.com,https://www.linkedin.com/company/american-fruits-flavors,3,2,1,2.1%,ACTIVE WORKFORCE ROTATION,Active Hiring: Regulatory Affairs Specialist | Regulatory Affairs Administrative Assistant,Retained Core (Regulatory Affairs & Quality Control),Kyle Sw***k (Account Executive) | Chloe Ke***y (Senior Quality Assurance Associate) | Daniel Oh (Software Developer) | Bill Ha***d (President) | Paul Gr***n (Senior Quality Control Technician),"Regulatory Affairs (3), Quality Control (2), Production (1)",Bill Ha***d (President),"Active workforce rotation at American Fruits & Flavors across Regulatory Affairs & Quality Control; engage verified leadership on ingredient supplier, contract manufacturer and contract formulation capacity."
TPIRC,Small,Testing & CRO Laboratory,65,tpirc.com,https://www.linkedin.com/company/tpirc,1,1,0,1.5%,TARGETED STRATEGIC HIRING,Jitendra Tr***i (Research Scientist),Retained Core (R&D & Translational Research),"Jitendra Tr***i (Research Scientist) | Delmy Se***a (Director Billing Operations) | Denise Po***r (Director, Facilities & Information Technology) | Diana Fr***o (Research Associate) | Christina Ch***i (Physician Assistant)","R&D (1), Translational Research (1), Clinical Science (1)","Delmy Se***a (Director Billing Operations) | Denise Po***r (Director, Facilities & Information Technology)",Active workforce rotation at TPIRC across R&D & Translational Research; engage verified leadership on Unknown and contract formulation capacity.
MMC Group,Small,Unknown Supplier,51,mmc.com,https://www.linkedin.com/company/mmc,1,1,0,2.0%,TARGETED STRATEGIC HIRING,Hamed Al***i (Chief Executive Officer),Retained Core (Recruiters & Staffing Specialists),Hamed Al***i (Chief Executive Officer),"Recruiters (1), Staffing Specialists (1), Payroll Services (1)",Hamed Al***i (Chief Executive Officer),Active workforce rotation at MMC Group across Recruiters & Staffing Specialists; engage verified leadership on Unknown and contract formulation capacity.
Q&B Foods,Small,Contract Manufacturer & CDMO,51,qbfoods.com,https://www.linkedin.com/company/q-b-foods,1,1,0,2.0%,TARGETED STRATEGIC HIRING,Stephen Wa***r (General Manager Contract Manufacturing),Retained Core (Production Supervision & Manufacturing),Stephen Wa***r (General Manager Contract Manufacturing) | Hector Or***a (Plant Manager) | Julie Do***g (Quality Assurance Manager) | Denise Ga***s (Regional Human Resources Manager) | Fernando Mo***o (Assistant Production Manager),"Production Supervision (1), Manufacturing (1), Quality Control (1)",Stephen Wa***r (General Manager Contract Manufacturing) | Hector Or***a (Plant Manager) | Julie Do***g (Quality Assurance Manager),Active workforce rotation at Q&B Foods across Production Supervision & Manufacturing; engage verified leadership on contract manufacturer and contract formulation capacity.
GFF Career Page,Medium,Contract Manufacturer & CDMO,145,gffcareerpage.com,https://www.linkedin.com/company/gff-career-page,3,2,1,2.1%,ACTIVE WORKFORCE ROTATION,Active Hiring: Research & Development Innovation Specialist | R&D/FSQA Manager,Retained Core (Regulatory & QA/QC),Research & Development Innovation Specialist (GFF Career Page) | R&D/FSQA Manager (GFF Career Page) | Quality Analyst (GFF Career Page) | Regulatory Scientist (GFF Career Page),"Regulatory (3), QA/QC (2), R&D (1)",R&D/FSQA Manager (GFF Career Page) | Active Hiring: Research & Development Innovation Specialist | R&D/FSQA Manager,Active workforce rotation at GFF Career Page across Regulatory & QA/QC; engage verified leadership on Unknown and contract formulation capacity.
Fresh & Ready Foods,Medium,Contract Manufacturer & CDMO,145,freshreadyfoods.com,https://www.linkedin.com/company/fresh-ready-foods,2,1,1,1.4%,ACTIVE WORKFORCE ROTATION,Alex Ve***e (Quality Assurance Manager),Retained Core (Food Production & Quality Assurance),Timothy Cl***r (Customer Service Representative) | Alex Ve***e (Quality Assurance Manager) | Dan Su***n (Vice President Operations) | Enrique Va***z (Mantenimiento en Vodega) | Daniel Ca***r (Maintenance Manager),"Food Production (2), Quality Assurance (1), Warehouse/Logistics (1)",Alex Ve***e (Quality Assurance Manager) | Dan Su***n (Vice President Operations) | Daniel Ca***r (Maintenance Manager),Active workforce rotation at Fresh & Ready Foods across Food Production & Quality Assurance; engage verified leadership on contract manufacturer and contract formulation capacity.
Panda Restaurant Group,Large,Unknown Supplier,48000,pandarestaurant.com,https://www.linkedin.com/company/panda-restaurant,3,1,2,0.0%,ACTIVE WORKFORCE ROTATION,Helen Tr***g (Sr. Facilities Project Manager),Retained Core (Store Management & Kitchen/Cook),Helen Tr***g (Sr. Facilities Project Manager) | Jenny Zhu (Student) | Logan Bo***d (Chef) | Aubrey Ha***n (Recruiter) | Ricardo Av***a (Kitchen Helper),"Store Management (3), Kitchen/Cook (2), Service Team (1)",Helen Tr***g (Sr. Facilities Project Manager),Active workforce rotation at Panda Restaurant Group across Store Management & Kitchen/Cook; engage verified leadership on Unknown and contract formulation capacity.
Centera Bioscience,Small,Finished Dietary Supplement Brand,85,centerabioscience.com,https://www.linkedin.com/company/centera-bioscience,1,1,0,1.2%,TARGETED STRATEGIC HIRING,Francisco Ch***n (Senior Research Scientist),Retained Core (Sales and Business Development & Operations),Francisco Ch***n (Senior Research Scientist) | Chris He***n (Laboratory Manager) | Connor Me***h (IT Technician) | Kori Ch***n (Chemist) | Anahi Ca***o (Quality Assurance Specialist),Sales and Business Development (1),Chris He***n (Laboratory Manager),"Active workforce rotation at Centera Bioscience across Sales and Business Development & QA; engage verified leadership on ingredient supplier, supplement brand and contract formulation capacity."
LIVS Products LLC,Medium,Contract Manufacturer & CDMO,145,livsproducts.com,https://www.linkedin.com/company/livs-products,3,2,1,2.1%,ACTIVE WORKFORCE ROTATION,Active Hiring: Account Executive | Sales and Brand Associate,Retained Core (Sales and Brand & Product Management),Halo Ot***n (Selling Products),"Sales and Brand (3), Product Management (2), Operations (1)",Active Department Leadership: Account Executive,Active workforce rotation at LIVS Products LLC across Sales and Brand & Product Management; engage verified leadership on supplement brand and contract formulation capacity.
YourGummyVitamins LLC,Medium,Contract Manufacturer & CDMO,145,yourgummyvitamins.com,https://www.linkedin.com/company/yourgummyvitamins,2,1,1,1.4%,ACTIVE WORKFORCE ROTATION,Daliana Ca***o (Quality Assurance Manager),Retained Core (Sales & Business Development),Daliana Ca***o (Quality Assurance Manager) | Christian Lo***a (Executive Sales Director) | Brenda Vi***s (Accountant),"Sales (2), Business Development (1)",Daliana Ca***o (Quality Assurance Manager) | Christian Lo***a (Executive Sales Director),Active workforce rotation at YourGummyVitamins LLC across Sales & Business Development; engage verified leadership on contract manufacturer and contract formulation capacity.
Michael Page,Small,Unknown Supplier,45,michaelpage.com,https://www.linkedin.com/company/michael-page,1,1,0,2.2%,TARGETED STRATEGIC HIRING,Ricardo Ba***a (Managing Director),Retained Core (Regulatory & QA/QC),Ricardo Ba***a (Managing Director) | Francisca Wi***f (Talent Senior Consultant) | Kelly Pe***a (Talent Acquisition Partner Senior) | Marcela Bo***o (Associate Senior Manager) | Paola Bo***a (Associate Manager Finance - Accounting Divisions),"Regulatory (1), QA/QC (1), Manufacturing Engineering (1)",Ricardo Ba***a (Managing Director) | Marcela Bo***o (Associate Senior Manager) | Paola Bo***a (Associate Manager Finance - Accounting Divisions),Active workforce rotation at Michael Page across Regulatory & QA/QC; engage verified leadership on Unknown and contract formulation capacity.
PAG Pharmatech America LLC,Medium,Contract Manufacturer & CDMO,145,pag.com,https://www.linkedin.com/company/pag,2,1,1,1.4%,ACTIVE WORKFORCE ROTATION,"Nikhil Sr***a (Partner and Managing Director, Head of India Private Equity)",Retained Core (R&D & Quality Assurance/Quality Control),"Francis Wu (Partner) | Dharam De***i (Investment Professional) | Nikhil Sr***a (Partner and Managing Director, Head of India Private Equity) | Weijian Sh***n (Chairman and CEO) | Leo Lu (Vice President)","R&D (2), Quality Assurance/Quality Control (1), Regulatory Affairs (1)","Nikhil Sr***a (Partner and Managing Director, Head of India Private Equity) | Weijian Sh***n (Chairman and CEO) | Leo Lu (Vice President)",Active workforce rotation at PAG Pharmatech America LLC across R&D & Quality Assurance/Quality Control; engage verified leadership on contract manufacturer and contract formulation capacity.
"Icelandirect, Inc.",Medium,Contract Manufacturer & CDMO,145,icelandirect.com,https://www.linkedin.com/company/icelandirect,2,1,1,1.4%,ACTIVE WORKFORCE ROTATION,Taylor Kl***e (Director of Business Development - Pet),Retained Core (Sales & B2B Sales Executive),Taylor Kl***e (Director of Business Development - Pet) | Andre Me***o (Vice President of Commercial Business) | Walaa Al***y (Chief Operating Officer) | Nina Fe***n (Business Development Manager) | Chirag Va***a (Vice President of Technical Services),"Sales (2), B2B Sales Executive (1)",Taylor Kl***e (Director of Business Development - Pet) | Andre Me***o (Vice President of Commercial Business) | Walaa Al***y (Chief Operating Officer),"Active workforce rotation at Icelandirect, Inc. across Sales & B2B Sales Executive; engage verified leadership on ingredient supplier, contract manufacturer and contract formulation capacity."
Memphis Health Food Distributors LLC,Small,Contract Manufacturer & CDMO,30,memphishealthfooddistributors.com,https://www.linkedin.com/company/memphis-health-food-distributors,1,1,0,3.3%,TARGETED STRATEGIC HIRING,Active Hiring: Manufacturing Technician | Operations Manager,Retained Core (Manufacturing & Operations),Manufacturing Technician (Memphis Health Food Distributors LLC) | Operations Manager (Memphis Health Food Distributors LLC) | Quality Assurance Specialist (Memphis Health Food Distributors LLC) | Quality Control Analyst (Memphis Health Food Distributors LLC),"Manufacturing (1), Operations (1), Quality systems (1)",Operations Manager (Memphis Health Food Distributors LLC) | Active Hiring: Manufacturing Technician | Operations Manager,Active workforce rotation at Memphis Health Food Distributors LLC across Manufacturing & Operations; engage verified leadership on contract manufacturer and contract formulation capacity.
Biotics Research Corporation,Medium,Contract Manufacturer & CDMO,145,bioticsresearch.com,https://www.linkedin.com/company/biotics-research,2,1,1,1.4%,ACTIVE WORKFORCE ROTATION,Paul Vi***o (Marketing Director),Retained Core (Marketing/Graphic Design & Packaging/Operations),Paul Vi***o (Marketing Director) | Snold Jo***h (Production Specialist) | Anthony Ge***a (Commercial Growth Executive) | Denis De***a (President) | Sally Ly***h (Senior Marketing Manager),"Marketing/Graphic Design (2), Packaging/Operations (1), Product Development (1)",Paul Vi***o (Marketing Director) | Denis De***a (President) | Sally Ly***h (Senior Marketing Manager),"Active workforce rotation at Biotics Research Corporation across Marketing/Graphic Design & Packaging/Operations; engage verified leadership on ingredient supplier, contract manufacturer, supplement brand and contract formulation capacity."
SVLSG,Medium,Contract Manufacturer & CDMO,145,svlsg.com,https://www.linkedin.com/company/svlsg,3,2,1,2.1%,ACTIVE WORKFORCE ROTATION,Active Hiring: Production Lead | Senior Manufacturing Technician,Retained Core (Manufacturing/Production & Quality Assurance),Production Lead (SVLSG) | Senior Manufacturing Technician (SVLSG),"Manufacturing/Production (3), Quality Assurance (2)",Active Department Leadership: Production Lead,Active workforce rotation at SVLSG across Manufacturing/Production & Quality Assurance; engage verified leadership on contract manufacturer and contract formulation capacity.
Pronto Fulfillment LLC,Small,Contract Manufacturer & CDMO,50,prontofulfillment.com,https://www.linkedin.com/company/pronto-fulfillment,1,1,0,2.0%,TARGETED STRATEGIC HIRING,Kristina Ve***e (Head of Product Development),Retained Core (R&D & Manufacturing Operations),Monika Ka***e (B2B Management) | Kristina Ve***e (Head of Product Development) | Vaida Dz***e (Manager) | Monika La***e (Chief Executive Officer) | Alina Ad***e (Senior Inventory Manager),"R&D (1), Manufacturing Operations (1), Quality Assurance/Quality Control (1)",Kristina Ve***e (Head of Product Development) | Vaida Dz***e (Manager) | Monika La***e (Chief Executive Officer),Active workforce rotation at Pronto Fulfillment LLC across R&D & Manufacturing Operations; engage verified leadership on contract manufacturer and contract formulation capacity.
BIOptimizers,Small,Contract Manufacturer & CDMO,85,bioptimizers.com,https://www.linkedin.com/company/bioptimizers,1,1,0,1.2%,TARGETED STRATEGIC HIRING,Rajaa Gr***r (Chief Commercial Officer & CMO),Retained Core (Marketing & Influencer Marketing & Partnerships),Rajaa Gr***r (Chief Commercial Officer & CMO) | James Th***n (Executive Vice President of Ecomm & BI) | Matt Ga***t (Chief Executive Officer and Co-founder) | Tammy Mc***y (Chief Operating Officer) | Marc Ha***y (Senior Health & Wellness Writer),"Marketing (1), Influencer Marketing & Partnerships (1), Business Intelligence (1)",Rajaa Gr***r (Chief Commercial Officer & CMO) | James Th***n (Executive Vice President of Ecomm & BI) | Matt Ga***t (Chief Executive Officer and Co-founder),Active workforce rotation at BIOptimizers across Marketing & Influencer Marketing & Partnerships; engage verified leadership on supplement brand and contract formulation capacity.
"Marlyn Nutraceuticals, Inc.",Small,Contract Manufacturer & CDMO,51,marlyn.com,https://www.linkedin.com/company/marlyn,1,1,0,2.0%,TARGETED STRATEGIC HIRING,Robin Ro***n (Business Development + Strategic Account Manager),Retained Core (Manufacturing Engineering & Process Engineering),"Meli Je***c (President) | Rishabh Pa***l (Maintenance Engineer) | Robin Ro***n (Business Development + Strategic Account Manager) | Siamak Ha***i (Automation Engineering Manager at Naturally Vitamins, Marlyn Nutraceuticals) | Jennifer Au***t (Business Manager)","Manufacturing Engineering (1), Process Engineering (1), Chemical Engineering (1)","Meli Je***c (President) | Robin Ro***n (Business Development + Strategic Account Manager) | Siamak Ha***i (Automation Engineering Manager at Naturally Vitamins, Marlyn Nutraceuticals)","Active workforce rotation at Marlyn Nutraceuticals, Inc. across Manufacturing Engineering & Process Engineering; engage verified leadership on contract manufacturer and contract formulation capacity."
IC Global,Medium,Contract Manufacturer & CDMO,145,icglobal.com,https://www.linkedin.com/company/ic,2,1,1,1.4%,ACTIVE WORKFORCE ROTATION,Alex Ch***v (Director),Retained Core (Operations & Quality Assurance),Alex Ch***v (Director) | Taufek Ra***n (Owner) | Ukor Ik***u (Head of Operations) | Jim Mu***r (Interculturalist) | Carmelo Mo***o (Electrician),"Operations (2), Quality Assurance (1), Regulatory Affairs (1)",Alex Ch***v (Director) | Ukor Ik***u (Head of Operations),Active workforce rotation at IC Global across Operations & Quality Assurance; engage verified leadership on contract manufacturer and contract formulation capacity.
BNIPure,Medium,Contract Manufacturer & CDMO,145,bnipure.com,https://www.linkedin.com/company/bnipure,2,1,1,1.4%,ACTIVE WORKFORCE ROTATION,Edith Gr***a (Human Resources Manager),Retained Core (Manufacturing Operators & QA/QC Specialists),Edith Gr***a (Human Resources Manager) | Maria Es***e (Sales Manager) | Harry Fu***s (Purchasing Agent),"Manufacturing Operators (2), QA/QC Specialists (1), Warehouse & Logistics (1)",Edith Gr***a (Human Resources Manager) | Maria Es***e (Sales Manager),Active workforce rotation at BNIPure across Manufacturing Operators & QA/QC Specialists; engage verified leadership on contract manufacturer and contract formulation capacity.
"Enomax Technology Co., Ltd.",Small,Unknown Supplier,45,enomaxtechnology.com,https://www.linkedin.com/company/enomax-technology,1,1,0,2.2%,TARGETED STRATEGIC HIRING,Active Hiring: AI Programmer | IT Support/Executive Support,Retained Core (Information Technology & AI Development),"AI Programmer (Enomax Technology Co., Ltd.) | IT Support/Executive Support (Enomax Technology Co., Ltd.) | Information Technology Manager (Enomax Technology Co., Ltd.) | Information Technology Infrastructure Manager (Enomax Technology Co., Ltd.)","Information Technology (1), AI Development (1), Human Resources (1)","Information Technology Manager (Enomax Technology Co., Ltd.) | Information Technology Infrastructure Manager (Enomax Technology Co., Ltd.)","Active workforce rotation at Enomax Technology Co., Ltd. across Information Technology & AI Development; engage verified leadership on Unknown and contract formulation capacity."
Canadian Hospital Specialties,Medium,Contract Manufacturer & CDMO,145,canadianhospitalspecialties.com,https://www.linkedin.com/company/canadian-hospital-specialties,2,1,1,1.4%,ACTIVE WORKFORCE ROTATION,Stefani Er***i (Territory Manager),Retained Core (Manufacturing Engineering & Sales),Himanshu Ra***a (Sr Buyer) | Stefani Er***i (Territory Manager) | Philip Ma***i (Medical Devices Sales and Support Specialist) | Tim Va***s (Chief Executive Officer) | Ashpreet Gi***l (Supply Chain & S&OP Leader),"Manufacturing Engineering (2), Sales (1), Territory Management (1)",Stefani Er***i (Territory Manager) | Tim Va***s (Chief Executive Officer),Active workforce rotation at Canadian Hospital Specialties across Manufacturing Engineering & Sales; engage verified leadership on contract manufacturer and contract formulation capacity.
Harlan Laboratories,Medium,Testing & CRO Laboratory,145,harlan.com,https://www.linkedin.com/company/harlan,3,2,1,2.1%,ACTIVE WORKFORCE ROTATION,Active Hiring: Regulatory Affairs Specialist | Quality Analyst,Retained Core (Regulatory Affairs & Quality Assurance/Quality Control),Mark Sw***t (Driver),"Regulatory Affairs (3), Quality Assurance/Quality Control (2), Research and Development (1)",Active Department Leadership: Regulatory Affairs Specialist,Active workforce rotation at Harlan Laboratories across Regulatory Affairs & Quality Assurance/Quality Control; engage verified leadership on Unknown and contract formulation capacity.
American Express,Small,Unknown Supplier,45,americanexpress.com,https://www.linkedin.com/company/american-express,1,1,0,2.2%,TARGETED STRATEGIC HIRING,Yatinn Ch***a (Senior Global Talent Acquisition Partner - Team Leader),Retained Core (AI Engineering & Digital Product Management),Yatinn Ch***a (Senior Global Talent Acquisition Partner - Team Leader) | Chaitanya Ka***l (Senior Analyst- Product Development) | Neeraj Ya***v (Lead Business Analyst) | Dilpreet Si***h (Product Owner - Finance Data Science & Analytics) | Mahak Ma***i (Senior TA Partner),"AI Engineering (1), Digital Product Management (1), Software Engineering (1)",Elizabeth Ru***e (Chief Marketing Officer),Active workforce rotation at American Express across AI Engineering & Digital Product Management; engage verified leadership on Unknown and contract formulation capacity.
Eurofins Biolab srl,Small,Testing & CRO Laboratory,65,eurofinsbiolab.com,https://www.linkedin.com/company/eurofins-biolab,1,1,0,1.5%,TARGETED STRATEGIC HIRING,Active Hiring: In Vitro Scientist | In Vivo Scientist,Retained Core (QA/QC & R&D),Palhais Ma***e (Responsable des Achats et Travaux Eurofins Biolab),"QA/QC (1), R&D (1), Regulatory (1)",Active Department Leadership: In Vitro Scientist,Active workforce rotation at Eurofins Biolab srl across QA/QC & R&D; engage verified leadership on Unknown and contract formulation capacity.
Purina,Large,Finished Dietary Supplement Brand,1000,purina.com,https://www.linkedin.com/company/purina,3,1,2,0.3%,ACTIVE WORKFORCE ROTATION,Tammy Ve***z (Senior Human Resources Manager),Retained Core (Product Development & Procurement),"Steven No***n (Talent Acquisition Specialist) | Tammy Ve***z (Senior Human Resources Manager) | Lauren Ze***n (Senior Manager Talent Acquisition) | Nathan Ve***e (Senior Project Manager, Engineering) | Michael He***r (Category Manager)","Product Development (3), Procurement (2), Sales (1)","Tammy Ve***z (Senior Human Resources Manager) | Lauren Ze***n (Senior Manager Talent Acquisition) | Nathan Ve***e (Senior Project Manager, Engineering)",Active workforce rotation at Purina across Product Development & Procurement; engage verified leadership on supplement brand and contract formulation capacity.
Deimos Group,Small,ingredient supplier Supplier,45,deimosgroup.com,https://www.linkedin.com/company/deimos,1,1,0,2.2%,TARGETED STRATEGIC HIRING,Simone Fa***s (Supply Chain Manager),Retained Core (Senior SRE & Principal SRE),Fabio Ra***e (President & CEO) | Simone Fa***s (Supply Chain Manager) | Raffaela Ra***e (AD) | Silvia Za***i (Human Resources Manager) | Andrea Sa***i (Export Manager),"Senior SRE (1), Principal SRE (1), Shared Services/Finance (1)",Fabio Ra***e (President & CEO) | Simone Fa***s (Supply Chain Manager) | Silvia Za***i (Human Resources Manager),Active workforce rotation at Deimos Group across Senior SRE & Principal SRE; engage verified leadership on ingredient supplier and contract formulation capacity.
PVH Corps,Large,Unknown Supplier,28000,pvh.com,https://www.linkedin.com/company/pvh,3,1,2,0.0%,ACTIVE WORKFORCE ROTATION,Anil Si***l (Data Scientist),Retained Core (Sales & Digital Merchandising),"Anil Si***l (Data Scientist) | Gabi Vi***r (Talent Acquisition Partner) | Amrapali Bh***e (Senior Specialist, Talent Acquisition - PVH India, Bangladesh & Sri Lanka) | Laura Ca***s (Talent Acquisition Specialist) | Kai Ae***s (EVP Global Expansion)","Sales (3), Digital Merchandising (2), Visual Merchandising (1)","Kai Ae***s (EVP Global Expansion) | Craig Sz***i (Senior Director, Talent Acquisition)",Active workforce rotation at PVH Corps across Sales & Digital Merchandising; engage verified leadership on Unknown and contract formulation capacity.
Kyowa Hakko Bio,Medium,Contract Manufacturer & CDMO,145,kyowahakkobio.com,https://www.linkedin.com/company/kyowa-hakko-bio,2,1,1,1.4%,ACTIVE WORKFORCE ROTATION,Raymond G (Senior Director),Retained Core (Regulatory & QA/QC),Raymond G (Senior Director) | Sarah Ch***g (Sales Marketing Manager) | Irene Wan (Supply Chain & Logistics Professional) | Lim Yo***e (Senior Logistic Executive),"Regulatory (2), QA/QC (1), Sales (1)",Raymond G (Senior Director) | Sarah Ch***g (Sales Marketing Manager),"Active workforce rotation at Kyowa Hakko Bio across Regulatory & QA/QC; engage verified leadership on ingredient supplier, contract manufacturer and contract formulation capacity."
Pharmalife Research S.r.l.,Small,Contract Manufacturer & CDMO,82,pharmaliferesearch.com,https://www.linkedin.com/company/pharmalife-research,1,1,0,1.2%,TARGETED STRATEGIC HIRING,Simon Su***o (Head of Sales Office),Retained Core (Digital Marketing & Sales),Emiliano Pe***o (Direttore Vendite Italia) | Simon Su***o (Head of Sales Office) | Anna Cr***i (Chief Executive Officer) | Nadia Ca***a (Technical Director) | Claudio Pa***o (Capo Area Centro Nord),"Digital Marketing (1), Sales (1), Research (1)",Simon Su***o (Head of Sales Office) | Anna Cr***i (Chief Executive Officer) | Nadia Ca***a (Technical Director),"Active workforce rotation at Pharmalife Research S.r.l. across Digital Marketing & Sales; engage verified leadership on contract manufacturer, supplement brand and contract formulation capacity."
Giellepi S.p.A.,Small,ingredient supplier Supplier,11,giellepispa.com,https://www.linkedin.com/company/giellepi-s-p-a,1,1,0,5.0%,TARGETED STRATEGIC HIRING,Paola Me***a (Regulatory Affairs Manager),Retained Core (Regulatory Affairs & R&D),Paola Me***a (Regulatory Affairs Manager) | Luciano Ge***a (Managing Director) | Alessia Te***i (General Manager) | Anna Co***a (Commercial Manager) | Carlo Te***i (CEO),"Regulatory Affairs (1), R&D (1), Quality Assurance (1)",Paola Me***a (Regulatory Affairs Manager) | Luciano Ge***a (Managing Director) | Alessia Te***i (General Manager),Active workforce rotation at Giellepi S.p.A. across Regulatory Affairs & R&D; engage verified leadership on ingredient supplier and contract formulation capacity.
Ialtrade S.r.l.,Large,Contract Manufacturer & CDMO,600,ialtrade.com,https://www.linkedin.com/company/ialtrade,5,3,2,0.8%,ACTIVE WORKFORCE ROTATION,Active Hiring: Regulatory Scientists | Quality Assurance Professionals,Retained Core (R&D & Regulatory),Regulatory Scientists (Ialtrade S.r.l.) | Quality Assurance Professionals (Ialtrade S.r.l.) | R&D Scientists (Ialtrade S.r.l.) | Sales and Marketing (Ialtrade S.r.l.),"R&D (5), Regulatory (4), QA/QC (3)",Active Department Leadership: Regulatory Scientists,"Active workforce rotation at Ialtrade S.r.l. across R&D & Regulatory; engage verified leadership on ingredient supplier, contract manufacturer, supplement brand and contract formulation capacity."
Kyowa Hakko Bio Italia S.r.l.,Medium,Contract Manufacturer & CDMO,145,kyowahakkobioitalia.com,https://www.linkedin.com/company/kyowa-hakko-bio-italia,2,1,1,1.4%,ACTIVE WORKFORCE ROTATION,Veronica Co***o (Scientific Marketing Manager),Retained Core (Regulatory & Scientific Marketing),Veronica Co***o (Scientific Marketing Manager) | Martino Co***o (Logistic and Customer Care Specialist) | Claudia Ma***i (Sales Manager) | Yuji Mo***i (Strategy Manager) | Paolo Re***i (Sales Manager),"Regulatory (2), Scientific Marketing (1), Business Development (1)",Veronica Co***o (Scientific Marketing Manager) | Claudia Ma***i (Sales Manager) | Yuji Mo***i (Strategy Manager),"Active workforce rotation at Kyowa Hakko Bio Italia S.r.l. across Regulatory & Scientific Marketing; engage verified leadership on ingredient supplier, contract manufacturer and contract formulation capacity."
Roquette Italia S.p.A.,Medium,Contract Manufacturer & CDMO,145,roquetteitaliaspa.com,https://www.linkedin.com/company/roquette-italia-s-p-a,3,2,1,2.1%,ACTIVE WORKFORCE ROTATION,Active Hiring: Lead Customer Solutions Scientist | Formulator,Retained Core (Customer Solutions Scientist & Formulation (R&D)),Ricky Co***n (Product & Growth),"Customer Solutions Scientist (3), Formulation (R&D) (2), Process Engineering/Science (1)",Active Department Leadership: Lead Customer Solutions Scientist,Active workforce rotation at Roquette Italia S.p.A. across Customer Solutions Scientist & Formulation (R&D); engage verified leadership on ingredient supplier and contract formulation capacity.
Cells4Life Italy S.r.l.,Small,Unknown Supplier,45,cells4lifeitaly.com,https://www.linkedin.com/company/cells4life-italy,1,1,0,2.2%,TARGETED STRATEGIC HIRING,Active Hiring: Regulatory Scientist | Quality Analyst,Retained Core (Regulatory Affairs & Quality Assurance/Quality Control),Regulatory Scientist (Cells4Life Italy S.r.l.) | Quality Analyst (Cells4Life Italy S.r.l.) | Quality Assurance Officer (Cells4Life Italy S.r.l.) | Research Scientist (Cells4Life Italy S.r.l.),"Regulatory Affairs (1), Quality Assurance/Quality Control (1), Research and Development (1)",Active Department Leadership: Regulatory Scientist,Active workforce rotation at Cells4Life Italy S.r.l. across Regulatory Affairs & Quality Assurance/Quality Control; engage verified leadership on Unknown and contract formulation capacity.
Famicord Italia S.r.l.,Medium,Contract Manufacturer & CDMO,145,famicorditalia.com,https://www.linkedin.com/company/famicord-italia,3,2,1,2.1%,ACTIVE WORKFORCE ROTATION,Active Hiring: Laboratory Technician | Medical Professional,Retained Core (Laboratory and Medical & Quality Assurance/Quality Control),Laboratory Technician (Famicord Italia S.r.l.) | Medical Professional (Famicord Italia S.r.l.) | Quality Analyst (Famicord Italia S.r.l.) | Regulatory Scientist (Famicord Italia S.r.l.),"Laboratory and Medical (3), Quality Assurance/Quality Control (2), Regulatory Affairs (1)",Active Department Leadership: Laboratory Technician,Active workforce rotation at Famicord Italia S.r.l. across Laboratory and Medical & Quality Assurance/Quality Control; engage verified leadership on contract manufacturer and contract formulation capacity.
Ital trade S.r.l.,Small,Contract Manufacturer & CDMO,20,italtrade.com,https://www.linkedin.com/company/ital-trade,1,1,0,5.0%,TARGETED STRATEGIC HIRING,Active Hiring: Plant Operations Manager | Director of Quality & Regulatory,Retained Core (R&D Formulation & QA/QC),"Andrea Pe***e (""Cavaliere al Merito Della Reppublica Italiana"") | Silvia Sa***s (Commendatore Della Repubblica) | Giampaolo Za***n (Cavaliere Ordine al Merito Della Repubblica Italiana) | Mauro Ce***i (Cavaliere Della Repubblica) | Ettore Sp***o (Cavaliere Ufficiale dell'Ordine al Merito Della Repubblica Italiana)","R&D Formulation (1), QA/QC (1), Regulatory Affairs (1)",Active Hiring: Plant Operations Manager | Director of Quality & Regulatory,Active workforce rotation at Ital trade S.r.l. across R&D Formulation & QA/QC; engage verified leadership on supplement brand and contract formulation capacity.
Pfizer,Medium,Finished Dietary Supplement Brand,145,pfizer.com,https://www.linkedin.com/company/pfizer,2,1,1,1.4%,ACTIVE WORKFORCE ROTATION,Albert Bo***a (Chief Executive Officer),Retained Core (Brand Marketing & Patient Services),"Albert Bo***a (Chief Executive Officer) | Mark Hi***d (Principal Scientist) | Pulla Ya***i (Talent Acquisition Manager) | Amy Ha***n (Field Medical Director - Antivirals) | Durgaprasad Mi***a (Business Lead - Fortius (Cardiology & GI, Pain).)","Brand Marketing (2), Patient Services (1), Communications & Storytelling (1)",Albert Bo***a (Chief Executive Officer) | Pulla Ya***i (Talent Acquisition Manager) | Amy Ha***n (Field Medical Director - Antivirals),Active workforce rotation at Pfizer across Brand Marketing & Patient Services; engage verified leadership on supplement brand and contract formulation capacity.
Serta Simmons Bedding,Large,Unknown Supplier,500,sertasimmonsbedding.com,https://www.linkedin.com/company/serta-simmons-bedding,3,1,2,0.6%,ACTIVE WORKFORCE ROTATION,Kristen Sv***d (Supply Chain Manager),Retained Core (Production Management & Manufacturing/Operations),"Kristen Sv***d (Supply Chain Manager) | Tim Mu***y (Territory Account Manager) | Rob Bu***h (Chief Operations Officer) | Jon Br***k (Manager, Fleet Operations & Compliance) | Joey Du***s (Hospitality Account Manager)","Production Management (3), Manufacturing/Operations (2), Maintenance (1)",Kristen Sv***d (Supply Chain Manager) | Tim Mu***y (Territory Account Manager) | Rob Bu***h (Chief Operations Officer),Active workforce rotation at Serta Simmons Bedding across Production Management & Manufacturing/Operations; engage verified leadership on Unknown and contract formulation capacity.
Ferring Pharmaceuticals,Large,Unknown Supplier,500,ferring.com,https://www.linkedin.com/company/ferring,3,1,2,0.6%,ACTIVE WORKFORCE ROTATION,Sandeep Ku***r (Site HR - Head),Retained Core (QA/QC & Operations),Sandeep Ku***r (Site HR - Head) | Tommaso Sa***i (MD) | Hosein Ma***i (Strategic Procurement Manager) | Sascha Bu***w (Regional Sales Manager Specialty Care Area North-East Gastroenterology and Uro- Oncology) | Octavio Fe***s (Project Leader),"QA/QC (3), Operations (2), Sales (1)",Sandeep Ku***r (Site HR - Head) | Hosein Ma***i (Strategic Procurement Manager) | Sascha Bu***w (Regional Sales Manager Specialty Care Area North-East Gastroenterology and Uro- Oncology),Active workforce rotation at Ferring Pharmaceuticals across QA/QC & Operations; engage verified leadership on Unknown and contract formulation capacity.
Aurobindo Pharma,Medium,Contract Manufacturer & CDMO,145,aurobindo.com,https://www.linkedin.com/company/aurobindo,2,1,1,1.4%,ACTIVE WORKFORCE ROTATION,Suresh Sh***e (Senior Vice President),Retained Core (Research & Development & Quality Assurance/Quality Control),Arun Ko***y (Talent Acquisition Specialist) | Suresh Sh***e (Senior Vice President) | Pallavi Go***a (Assistant General Manager) | Achyut Ka***e (III) | Marichamy Pa***y (Site Lead - Operational Excellence & Digital Transformation - Multi Blocks),"Research & Development (2), Quality Assurance/Quality Control (1), Regulatory (1)",Suresh Sh***e (Senior Vice President) | Pallavi Go***a (Assistant General Manager),"Active workforce rotation at Aurobindo Pharma across Research & Development & Quality Assurance/Quality Control; engage verified leadership on ingredient supplier, contract manufacturer, supplement brand and contract formulation capacity."
Target Distribution Center,Large,Unknown Supplier,2000,targetdistributioncenter.com,https://www.linkedin.com/company/target-distribution-center,5,3,2,0.2%,ACTIVE WORKFORCE ROTATION,Active Hiring: Warehouse Associate | Warehouse Worker,Retained Core (Warehouse Operations & Distribution Center Management),Jake Gr***y (Warehouse Associate) | Rocio Al***o (Warehouse Associate) | Evan Di***l (Inbound Warehouse Worker) | Blaise Lo***u (Warehouse Associate) | James Ge***a (Associate),"Warehouse Operations (5), Distribution Center Management (4), Regional Operations (3)",Active Department Leadership: Warehouse Associate,Active workforce rotation at Target Distribution Center across Warehouse Operations & Distribution Center Management; engage verified leadership on Unknown and contract formulation capacity.
Melrose Health Group,Medium,Finished Dietary Supplement Brand,100,melrosehealth.com,https://www.linkedin.com/company/melrose-health,2,1,1,2.0%,ACTIVE WORKFORCE ROTATION,Melina Mc***h (Graphic Design Manager),Retained Core (Manufacturing & Quality Control),Tariq Sh***d (Assistant) | Melina Mc***h (Graphic Design Manager) | Kira Po***e (Head of Digital & eCommerce) | Eugenia Li (Senior Product Manager) | Dave Br***s (Inventory),"Manufacturing (2), Quality Control (1), Operations (1)",Melina Mc***h (Graphic Design Manager) | Kira Po***e (Head of Digital & eCommerce) | Eugenia Li (Senior Product Manager),Active workforce rotation at Melrose Health Group across Manufacturing & Quality Control; engage verified leadership on supplement brand and contract formulation capacity.
Blackmores Group,Large,Contract Manufacturer & CDMO,1200,blackmores.com,https://www.linkedin.com/company/blackmores,5,3,2,0.4%,ACTIVE WORKFORCE ROTATION,Active Hiring: Head of Finance | Head of Quality,Retained Core (Finance & Quality (Head of Quality role)),Betty Ch***g (Assistant Accountant),"Finance (5), Quality (Head of Quality role) (4), Pharmacovigilance & Product Safety (3)",Active Hiring: Head of Finance | Head of Quality,Active workforce rotation at Blackmores Group across Finance & Quality (Head of Quality role); engage verified leadership on supplement brand and contract formulation capacity.
Colgate Palmolive,Medium,Unknown Supplier,145,colgatepalmolive.com,https://www.linkedin.com/company/colgate-palmolive,2,1,1,1.4%,ACTIVE WORKFORCE ROTATION,"Ann Tr***y (EVP, Chief Sustainability Officer)",Retained Core (Research & Development & Quality),"Ann Tr***y (EVP, Chief Sustainability Officer) | Shane Gr***t (Chief Operating Officer, Americas) | Farheen Sh***h (Global Talent Acquisition Specialist) | Grethel Or***a (Sr Human Resources Business Partner Supply Chain & Logistics) | Shakti Sh***t (Regional Director People Experience APAC)","Research & Development (2), Quality (1), Sales & Marketing (1)","Ann Tr***y (EVP, Chief Sustainability Officer) | Shane Gr***t (Chief Operating Officer, Americas) | Shakti Sh***t (Regional Director People Experience APAC)",Active workforce rotation at Colgate Palmolive across Research & Development & Quality; engage verified leadership on Unknown and contract formulation capacity.
Active Group of Companies,Medium,Contract Manufacturer & CDMO,145,active.com,https://www.linkedin.com/company/active,2,1,1,1.4%,ACTIVE WORKFORCE ROTATION,Alkesh Sh***h (Head of Sales Marketing),Retained Core (Analytical & Regulatory),Alkesh Sh***h (Head of Sales Marketing) | Soniya Ch***n (System Admin Incharge) | Ranjit Dw***i (Bodyshop Manager) | Tilak Na***h (Dealer Sales Manager) | Vandana Bi***d (Human Resource),"Analytical (2), Regulatory (1), Formulation (1)",Alkesh Sh***h (Head of Sales Marketing) | Ranjit Dw***i (Bodyshop Manager) | Tilak Na***h (Dealer Sales Manager),"Active workforce rotation at Active Group of Companies across Analytical & Regulatory; engage verified leadership on ingredient supplier, contract manufacturer and contract formulation capacity."
PriceWaterhouseCoopers,Large,Testing & CRO Laboratory,298733,pricewaterhousecoopers.com,https://www.linkedin.com/company/pricewaterhousecoopers,3,1,2,0.0%,ACTIVE WORKFORCE ROTATION,"Habiba Ha***d (Talent Acquisition Business Partner, Manager)",Retained Core (Tax & Audit),"Kriti Sa***a (Associate) | Akshit Ma***n (Senior Associate) | Andrew Ch***e (Country Senior Partner) | Munira Su***a (Senior Associate - Talent Acquisition (Advisory Consulting)) | Habiba Ha***d (Talent Acquisition Business Partner, Manager)","Tax (3), Audit (2), Advisory (1)","Habiba Ha***d (Talent Acquisition Business Partner, Manager) | Dina Mo***y (Managing Director - Chief People Officer)",Active workforce rotation at PriceWaterhouseCoopers across Tax & Audit; engage verified leadership on Unknown and contract formulation capacity.
"TCI Biotech, LLC",Medium,Contract Manufacturer & CDMO,145,tcibiotech.com,https://www.linkedin.com/company/tci-biotech,3,2,1,2.1%,ACTIVE WORKFORCE ROTATION,Active Hiring: Senior Business Developer | Regulatory Scientist,Retained Core (Business Development & Regulatory),"Senior Business Developer (TCI Biotech, LLC) | Regulatory Scientist (TCI Biotech, LLC) | Quality Analyst (TCI Biotech, LLC) | Manufacturing Engineer (TCI Biotech, LLC)","Business Development (3), Regulatory (2), QA/QC (1)",Active Department Leadership: Senior Business Developer,"Active workforce rotation at TCI Biotech, LLC across Business Development & Regulatory; engage verified leadership on contract manufacturer and contract formulation capacity."
Paragon Laboratories,Medium,Contract Manufacturer & CDMO,145,paragon.com,https://www.linkedin.com/company/paragon,2,1,1,1.4%,ACTIVE WORKFORCE ROTATION,Paragon Ir***q (Country Director),Retained Core (Business Development & Customer Relationship Management),"Gula Ma***d (Senior Recruitment Consultant) | Faiza Mu***k (Senior Search Partner) | Salem Mu***k (Founder & CEO, Paragon) | Paragon Ir***q (Country Director) | Amany Kh***l (Senior Search Consultant)","Business Development (2), Customer Relationship Management (1), Quality Assurance (1)","Salem Mu***k (Founder & CEO, Paragon) | Paragon Ir***q (Country Director)",Active workforce rotation at Paragon Laboratories across Business Development & Customer Relationship Management; engage verified leadership on contract manufacturer and contract formulation capacity.
Agropur Solutions Inc.,Medium,Contract Manufacturer & CDMO,145,agropur.com,https://www.linkedin.com/company/agropur,2,1,1,1.4%,ACTIVE WORKFORCE ROTATION,"Marianne Is***n (Vice President Talent Planning, Acquisition and Development)",Retained Core (Production/Manufacturing & Quality/QA/QC),"Melissa Bo***u (Directrice, Sourcing, Acquisition de Talents & Intégration) | Marie-Eve Bo***d (Partenaire D'affaires Acquisition de Talents) | Marianne Is***n (Vice President Talent Planning, Acquisition and Development) | Marilyn Ro***u (Learning & Development Manager) | Peggy Be***r (Partenaire D'affaires Acquisition de Talents)","Production/Manufacturing (2), Quality/QA/QC (1), Sales (1)","Marianne Is***n (Vice President Talent Planning, Acquisition and Development) | Marilyn Ro***u (Learning & Development Manager) | Matt Mo***l (Safety Manager)","Active workforce rotation at Agropur Solutions Inc. across Production/Manufacturing & Quality/QA/QC; engage verified leadership on ingredient supplier, contract manufacturer and contract formulation capacity."
"Medlab Nutraceuticals, Inc.",Medium,Contract Manufacturer & CDMO,145,medlab.eu,https://www.linkedin.com/company/medlab,2,1,1,1.4%,ACTIVE WORKFORCE ROTATION,Daniel He***h (Head of R&D),Retained Core (Sales & Operations),Daniel He***h (Head of R&D) | Soeren P (Regulatory Affairs Officer),"Sales (2), Operations (1), Management (1)",Daniel He***h (Head of R&D),"Active workforce rotation at Medlab Nutraceuticals, Inc. across Sales & Operations; engage verified leadership on contract manufacturer and contract formulation capacity."
Gadot Biochemical Industries Ltd.,Medium,ingredient supplier Supplier,145,gadotbiochemicalindustries.com,https://www.linkedin.com/company/gadot-biochemical-industries,2,1,1,1.4%,ACTIVE WORKFORCE ROTATION,Fleur Ro***t (Regional Sales Manager EU),Retained Core (Regulatory & Quality Assurance),Fleur Ro***t (Regional Sales Manager EU) | Evgeni Gl***h (Manager Logistics) | Hila Ar***i (VP Business Excellence) | Cynthia Ko***l (Customer Service Manager) | Vadim Zo***v (Research Staff Member),"Regulatory (2), Quality Assurance (1), Quality Control (1)",Fleur Ro***t (Regional Sales Manager EU) | Evgeni Gl***h (Manager Logistics) | Hila Ar***i (VP Business Excellence),Active workforce rotation at Gadot Biochemical Industries Ltd. across Regulatory & Quality Assurance; engage verified leadership on ingredient supplier and contract formulation capacity.
"Brenntag Mid-South, Inc.",Medium,ingredient supplier Supplier,145,brenntagmidsouth.com,https://www.linkedin.com/company/brenntag-mid-south,2,1,1,1.4%,ACTIVE WORKFORCE ROTATION,Jessica Pa***h (HI&I Account Manager | Mid-South),Retained Core (Sales & Operations),"Chad Ma***e (President, Brenntag Mid-South) | John Ha***r (Regional Logistics Supervisor - Mid South) | Jessica Pa***h (HI&I Account Manager | Mid-South) | Mike Mo***g (Maintenance Supervisor) | Monroe Bo***g (Transportation Manager)","Sales (2), Operations (1), Warehousing/Logistics (1)","Chad Ma***e (President, Brenntag Mid-South) | Jessica Pa***h (HI&I Account Manager | Mid-South) | Monroe Bo***g (Transportation Manager)","Active workforce rotation at Brenntag Mid-South, Inc. across Sales & Operations; engage verified leadership on ingredient supplier and contract formulation capacity."
"Mitsubishi International Food Ingredients, Inc.",Medium,Contract Manufacturer & CDMO,145,mitsubishi.com,https://www.linkedin.com/company/mitsubishi,2,1,1,1.4%,ACTIVE WORKFORCE ROTATION,Nisha Ra***t (Assistant Manager),Retained Core (Regulatory & Marketing),"Junya Na***e (Technical Advisor) | Nisha Ra***t (Assistant Manager) | Johanna Ca***o (HR Business Partner) | Altug Al***s (Senior Business Development Manager) | Yusuke Ya***a (Deputy General Manager, Business Incubation Unit)","Regulatory (2), Marketing (1), Distribution (1)","Nisha Ra***t (Assistant Manager) | Altug Al***s (Senior Business Development Manager) | Yusuke Ya***a (Deputy General Manager, Business Incubation Unit)","Active workforce rotation at Mitsubishi International Food Ingredients, Inc. across Regulatory & Marketing; engage verified leadership on ingredient supplier, contract manufacturer and contract formulation capacity."
Florida Bulk Sales Inc,Small,ingredient supplier Supplier,45,floridabulk.com,https://www.linkedin.com/company/florida-bulk,1,1,0,2.2%,TARGETED STRATEGIC HIRING,Jen Ol***r (Account Manager),Retained Core (Sales & Account Management),Jen Ol***r (Account Manager) | Jan Ni***s (AD Asst) | Janis Ni***s (Administrative Assistant),"Sales (1), Account Management (1), Management (1)",Jen Ol***r (Account Manager),Active workforce rotation at Florida Bulk Sales Inc across Sales & Account Management; engage verified leadership on ingredient supplier and contract formulation capacity.
The Tech Group,Medium,Contract Manufacturer & CDMO,145,thetech.com,https://www.linkedin.com/company/the-tech,3,2,1,2.1%,ACTIVE WORKFORCE ROTATION,Active Hiring: Plant Operations Manager | Director of Quality & Regulatory,Retained Core (R&D Formulation & QA/QC),Veronika Mo***z (Science Editor) | Angelica Zhu (Editor/Writer) | Stephany P (Photographer),"R&D Formulation (3), QA/QC (2), Regulatory Affairs (1)",Active Hiring: Plant Operations Manager | Director of Quality & Regulatory,"Active workforce rotation at The Tech Group across R&D Formulation & QA/QC; engage verified leadership on ingredient supplier, contract manufacturer and contract formulation capacity."
Dow Corning,Large,ingredient supplier Supplier,5000,dow.com,https://www.linkedin.com/company/dow,3,1,2,0.1%,ACTIVE WORKFORCE ROTATION,Jim Fi***g (Chief Executive Officer),Retained Core (Process Operations & Maintenance),Jim Fi***g (Chief Executive Officer) | Vinita Fe***o (Global Markets HR Discipline Leader - Talent Acquisition & Talent Management & Learning) | Danilo Ol***i (Asset Allocation Manager - Portfolio Investments) | Claudia Pe***a (Gerente de Vendas Sênior) | Kunal Wa***i (Global HR Solutions Director),"Process Operations (3), Maintenance (2), Site Logistics (1)",Jim Fi***g (Chief Executive Officer) | Danilo Ol***i (Asset Allocation Manager - Portfolio Investments) | Kunal Wa***i (Global HR Solutions Director),Active workforce rotation at Dow Corning across Process Operations & Maintenance; engage verified leadership on ingredient supplier and contract formulation capacity.
Genus Lifesciences Inc.,Medium,Contract Manufacturer & CDMO,150,genuslifesciences.com,https://www.linkedin.com/company/genus,2,1,1,1.3%,ACTIVE WORKFORCE ROTATION,"Rakesh Me***a (Senior Director, Analytical Services)",Retained Core (Formulation Development & Engineering & Facilities Management),"Rakesh Me***a (Senior Director, Analytical Services) | Prakash Ra***m (Associate Director of Product Development) | Rama Ch***a (Vice President of Quality Assurance) | Demeitrius Sa***j (Vice President of Regulatory Affairs) | Prakash So***a (Senior Scientist)","Formulation Development (2), Engineering & Facilities Management (1), Analytical Research & Development (1)","Rakesh Me***a (Senior Director, Analytical Services) | Prakash Ra***m (Associate Director of Product Development) | Rama Ch***a (Vice President of Quality Assurance)",Active workforce rotation at Genus Lifesciences Inc. across Formulation Development & Engineering & Facilities Management; engage verified leadership on Unknown and contract formulation capacity.
Asia Shipping Deutschland Transporte GmbH,Small,Unknown Supplier,45,asiashippingdeutschlandtransporte.com,https://www.linkedin.com/company/asia-shipping-deutschland-transporte,1,1,0,2.2%,TARGETED STRATEGIC HIRING,Active Hiring: Customer Service Specialist | Transportation Specialist,Retained Core (Customer Service & Transportation/Logistics),Customer Service Specialist (Asia Shipping Deutschland Transporte GmbH) | Transportation Specialist (Asia Shipping Deutschland Transporte GmbH) | Director Global Shipping & Logistics (Asia Shipping Deutschland Transporte GmbH) | Customs Brokerage Specialist (Asia Shipping Deutschland Transporte GmbH),"Customer Service (1), Transportation/Logistics (1), Shipping & Logistics Operations (1)",Director Global Shipping & Logistics (Asia Shipping Deutschland Transporte GmbH),Active workforce rotation at Asia Shipping Deutschland Transporte GmbH across Customer Service & Transportation/Logistics; engage verified leadership on Unknown and contract formulation capacity.
Jerich International,Medium,Unknown Supplier,156,jerich.com,https://www.linkedin.com/company/jerich,2,1,1,1.3%,ACTIVE WORKFORCE ROTATION,Daniel Po***g (Vice President of Business Development),Retained Core (HR/Administrative & Logistics Operations),Daniel Po***g (Vice President of Business Development) | Herbert Je***h (Your Partner) | Elmar Kl***r (Director West Coast Operations) | Jeraida Sa***o (Senior Logistics & Supply Chain Operations Leader) | Marc Za***a (VP Supply Chain),"HR/Administrative (2), Logistics Operations (1), Transport/Fleet (1)",Daniel Po***g (Vice President of Business Development) | Elmar Kl***r (Director West Coast Operations) | Marc Za***a (VP Supply Chain),Active workforce rotation at Jerich International across HR/Administrative & Logistics Operations; engage verified leadership on Unknown and contract formulation capacity.
Chanakya International Pvt,Large,Contract Manufacturer & CDMO,1400,chanakya.it,https://www.linkedin.com/company/chanakya,3,1,2,0.2%,ACTIVE WORKFORCE ROTATION,"Sunayan Sh***i (AVP - Communications, Programming and Outreach)",Retained Core (Facility Management & Factory Administration),"Sunayan Sh***i (AVP - Communications, Programming and Outreach) | Srishti Roy (Brand Manager) | Talitha Ma***n (Manager - Digital & Social) | Sneha So***i (Merchandising Manager) | Ragini Vi***y (Senior Brand Manager / Communications)","Facility Management (3), Factory Administration (2), Housekeeping Management (1)","Sunayan Sh***i (AVP - Communications, Programming and Outreach) | Srishti Roy (Brand Manager) | Talitha Ma***n (Manager - Digital & Social)",Active workforce rotation at Chanakya International Pvt across Facility Management & Factory Administration; engage verified leadership on contract manufacturer and contract formulation capacity.
Goldwind,Medium,Unknown Supplier,145,goldwind.com,https://www.linkedin.com/company/goldwind,2,1,1,1.4%,ACTIVE WORKFORCE ROTATION,Esteban Sa***z (HR Manager),Retained Core (HSE/Safety & Operations & Maintenance (O&M)),Shahzad Ali (Health Safety Environment Engineer) | Luiz Fe***s (PTCI Specialist - Chile) | Esteban Sa***z (HR Manager) | Angela Ro***a (HSE Technician III - O&M) | Aycha El***i (Human Resources Business Partner),"HSE/Safety (2), Operations & Maintenance (O&M) (1), Engineering (1)",Esteban Sa***z (HR Manager),Active workforce rotation at Goldwind across HSE/Safety & Operations & Maintenance (O&M); engage verified leadership on Unknown and contract formulation capacity.
Lacterra,Small,ingredient supplier Supplier,45,lacterra.de,https://www.linkedin.com/company/lacterra,1,1,0,2.2%,TARGETED STRATEGIC HIRING,Jonas Ve***t (Commercial Director),Retained Core (R&D Formulation & QA/QC),Jonas Ve***t (Commercial Director) | Jan Ba***s (Executive Assistant) | Ole Ta***l (Owner),"R&D Formulation (1), QA/QC (1), Regulatory Affairs (1)",Jonas Ve***t (Commercial Director),Active workforce rotation at Lacterra across R&D Formulation & QA/QC; engage verified leadership on ingredient supplier and contract formulation capacity.
expertum Gruppe,Small,Unknown Supplier,45,expertumgruppe.com,https://www.linkedin.com/company/expertum-gruppe,1,1,0,2.2%,TARGETED STRATEGIC HIRING,Selina Ma***r (Onsite Managerin),Retained Core (SAP Account Management & SuccessFactors Consulting),Lena Bo***t (Recruitment Consultant) | Roland In***r (Geschäftsführer Expertum GmbH Österreich) | Benjamin Hu***f (Senior HR Consultant) | Selina Ma***r (Onsite Managerin) | Luca Pr***s (Check-in-Mitarbeiter Kundencenter Mercedes-Benz Bremen),"SAP Account Management (1), SuccessFactors Consulting (1), SAP Security and GRC (1)",Selina Ma***r (Onsite Managerin),Active workforce rotation at expertum Gruppe across SAP Account Management & SuccessFactors Consulting; engage verified leadership on Unknown and contract formulation capacity.
JAC Recruitment,Small,Unknown Supplier,45,jacrecruitment.com,https://www.linkedin.com/company/jac-recruitment,1,1,0,2.2%,TARGETED STRATEGIC HIRING,Jace Lai (Senior Manager),Retained Core (HR Administration & Sales),Jace Lai (Senior Manager) | Thitiya Ra***p (Principal Consultant | Manufacturing & Engineering Team) | Kornkanok Ti***n (Recruitment Consultant) | Sachin De***r (執行役員 - Director / Chief Technology and Information Officer) | Leonardo Ho***a (Team Leader),"HR Administration (1), Sales (1), Engineering (1)",Jace Lai (Senior Manager) | Sachin De***r (執行役員 - Director / Chief Technology and Information Officer),Active workforce rotation at JAC Recruitment across HR Administration & Sales; engage verified leadership on Unknown and contract formulation capacity.
Moët Hennessy,Small,Unknown Supplier,45,mothennessy.com,https://www.linkedin.com/company/mo-t-hennessy,1,1,0,2.2%,TARGETED STRATEGIC HIRING,Isaura Va***a (Logistics Manager),Retained Core (Sales & Regional Sales Management),Isaura Va***a (Logistics Manager) | Iyadh Ba***l (QA Manager) | Noelie Ge***y (Affaires Publiques) | Pauline Ho***r (Data & Process Transformation) | Chris Wh***r (State Manager),"Sales (1), Regional Sales Management (1), Brand Management (1)",Isaura Va***a (Logistics Manager) | Iyadh Ba***l (QA Manager) | Chris Wh***r (State Manager),Active workforce rotation at Moët Hennessy across Sales & Regional Sales Management; engage verified leadership on Unknown and contract formulation capacity.
"Vishay Precision Group, Inc. (VPG)",Large,Testing & CRO Laboratory,1000,vishayprecision.com,https://www.linkedin.com/company/vishay-precision,3,1,2,0.3%,ACTIVE WORKFORCE ROTATION,Steve My***s (Sales Manager - Great Lakes Region),Retained Core (Process Engineer & Manufacturing Engineer),"Steve My***s (Sales Manager - Great Lakes Region) | Iris Al***i (Head of Global Talent Acquisition) | Ron Zu***n (Director of Sales, Business Development and Marketing) | Einat Kr***k (Global HRIS Analyst) | Rami Ziv (Director of Sales, BD & Customer Service, VPG Force Sensors)","Process Engineer (3), Manufacturing Engineer (2), Technical Sales (1)","Steve My***s (Sales Manager - Great Lakes Region) | Iris Al***i (Head of Global Talent Acquisition) | Ron Zu***n (Director of Sales, Business Development and Marketing)","Active workforce rotation at Vishay Precision Group, Inc. (VPG) across Process Engineer & Manufacturing Engineer; engage verified leadership on Unknown and contract formulation capacity."
Fresenius Group,Large,Contract Manufacturer & CDMO,193865,fresenius.com,https://www.linkedin.com/company/fresenius,3,1,2,0.0%,ACTIVE WORKFORCE ROTATION,Christian Ni***g (Global Head of HR Fresenius Health Services / Corporate Head of Labor Relations Fresenius Group),Retained Core (Regulatory Affairs & Quality Assurance/Quality Control),Michael Sen (CEO and Chairman of the Management Board) | Michael Mo***r (Member of the Management Board) | Christian Ni***g (Global Head of HR Fresenius Health Services / Corporate Head of Labor Relations Fresenius Group) | Satyam Go***l (Manager Corporate Audit Data Analytics) | Swantje Ko***l (Senior Manager Talent Acquisition),"Regulatory Affairs (3), Quality Assurance/Quality Control (2), Clinical roles (1)",Michael Sen (CEO and Chairman of the Management Board) | Christian Ni***g (Global Head of HR Fresenius Health Services / Corporate Head of Labor Relations Fresenius Group) | Satyam Go***l (Manager Corporate Audit Data Analytics),"Active workforce rotation at Fresenius Group across Regulatory Affairs & Quality Assurance/Quality Control; engage verified leadership on ingredient supplier, contract manufacturer and contract formulation capacity."
sonnen GmbH,Medium,Unknown Supplier,250,sonnen.com,https://www.linkedin.com/company/sonnen,2,1,1,0.8%,ACTIVE WORKFORCE ROTATION,Blake Ri***a (Chief Executive Officer),Retained Core (Sales & Product Management),"Blake Ri***a (Chief Executive Officer) | Alberto Su***z (Head of PMO) | Stephanie Le***p (Sales and Marketing Executive) | Chetan Bh***r (Manager/Lead) | Adam Ge***r (SVP, Operations and Customer Experience)","Sales (2), Product Management (1), Regional Management (1)",Blake Ri***a (Chief Executive Officer) | Alberto Su***z (Head of PMO) | Chetan Bh***r (Manager/Lead),Active workforce rotation at sonnen GmbH across Sales & Product Management; engage verified leadership on Unknown and contract formulation capacity.
Amentum,Small,Unknown Supplier,45,amentum.com,https://www.linkedin.com/company/amentum,1,1,0,2.2%,TARGETED STRATEGIC HIRING,Sam Mi***r (Talent Acquisition Lead),Retained Core (Aircraft Mechanics & Quality Control/Inspection),Natasha Ke***o (Senior TA Sourcing Partner) | Drew Ma***e (UX Design Consultant) | Sam Mi***r (Talent Acquisition Lead) | Darrell Ep***e (Talent Acquisition Director) | Brigit Fr***n (Employer Branding & Strategic Recruiting Programs Leader),"Aircraft Mechanics (1), Quality Control/Inspection (1), Operations Management (1)",Darrell Ep***e (Talent Acquisition Director),Active workforce rotation at Amentum across Aircraft Mechanics & Quality Control/Inspection; engage verified leadership on Unknown and contract formulation capacity.
Joyson Safety Systems Hungary,Large,Unknown Supplier,30000,joyson.com,https://www.linkedin.com/company/joyson,3,1,2,0.0%,ACTIVE WORKFORCE ROTATION,Elaine Wa***g (Head of HR),Retained Core (Mechanical Engineering & Systems Engineering),Elaine Wa***g (Head of HR) | Cheng Sun (Head of Information Technology) | Mei Wu (General Manager) | Jason Xie (HRM) | Bin Di***g (BMS Engineer),"Mechanical Engineering (3), Systems Engineering (2), Quality Assurance (1)",Elaine Wa***g (Head of HR) | Cheng Sun (Head of Information Technology) | Mei Wu (General Manager),Active workforce rotation at Joyson Safety Systems Hungary across Mechanical Engineering & Systems Engineering; engage verified leadership on Unknown and contract formulation capacity.
QuVa Pharma Inc.,Large,Contract Manufacturer & CDMO,1001,quva.com,https://www.linkedin.com/company/quva,5,3,2,0.5%,ACTIVE WORKFORCE ROTATION,Active Hiring: Regulatory Scientist | Quality Analyst,Retained Core (Regulatory & QA/QC),Regulatory Scientist (QuVa Pharma Inc.) | Quality Analyst (QuVa Pharma Inc.) | Manufacturing Technician (QuVa Pharma Inc.) | Data Scientist (QuVa Pharma Inc.),"Regulatory (5), QA/QC (4), Manufacturing (3)",Active Department Leadership: Regulatory Scientist,Active workforce rotation at QuVa Pharma Inc. across Regulatory & QA/QC; engage verified leadership on contract manufacturer and contract formulation capacity.
Lupin Pharmaceuticals Inc.,Medium,Contract Manufacturer & CDMO,145,lupin.com,https://www.linkedin.com/company/lupin,2,1,1,1.4%,ACTIVE WORKFORCE ROTATION,Parvez Si***j (Vice President),Retained Core (Regulatory Affairs & Quality Assurance),Parvez Si***j (Vice President) | Vivek Si***h (Regional Sales Manager (UP East)) | Sourabh Ag***l (Executive Vice President) | Rajat Bh***a (Marketing Executive) | Vedant Ag***l (GST/Import & Export/Customs/Logitics),"Regulatory Affairs (2), Quality Assurance (1), Quality Control (1)",Parvez Si***j (Vice President) | Vivek Si***h (Regional Sales Manager (UP East)) | Sourabh Ag***l (Executive Vice President),Active workforce rotation at Lupin Pharmaceuticals Inc. across Regulatory Affairs & Quality Assurance; engage verified leadership on Unknown and contract formulation capacity.
Aurolife Pharma,Medium,Contract Manufacturer & CDMO,145,aurolifepharma.com,https://www.linkedin.com/company/aurolife,3,2,1,2.1%,ACTIVE WORKFORCE ROTATION,Active Hiring: Research & Development Data Manager | Quality Analyst,Retained Core (Research & Development & Quality Assurance),Paramjeet Si***h (Quality Assurance Specialist) | Bhargav Re***y (Application Developer) | Janhavi C (Automation Engineer) | Moise So***i (Chemist) | Narayana Mu***u (Senior Quality Engineer),"Research & Development (3), Quality Assurance (2), Quality Control (1)",Active Hiring: Research & Development Data Manager | Quality Analyst,Active workforce rotation at Aurolife Pharma across Research & Development & Quality Assurance; engage verified leadership on contract manufacturer and contract formulation capacity.
Air Care Projects Pvt. Ltd.,Medium,Unknown Supplier,120,aircareprojects.com,https://www.linkedin.com/company/air-care-projects,3,2,1,2.5%,ACTIVE WORKFORCE ROTATION,Active Hiring: Associate Manager - Global Project Management | Design Engineers,Retained Core (Project Management & Engineering),Abhinab Bh***a (Production Engineer) | Prakash Va***a (Mechanical Engineer) | Amrutha S (Human Resources Executive),"Project Management (3), Engineering (2), Design (1)",Active Hiring: Associate Manager - Global Project Management | Design Engineers,Active workforce rotation at Air Care Projects Pvt. Ltd. across Project Management & Engineering; engage verified leadership on Unknown and contract formulation capacity.
Relax Biotech Pvt. Ltd.,Small,Contract Manufacturer & CDMO,30,relaxbiotech.com,https://www.linkedin.com/company/relax-biotech,1,1,0,3.3%,TARGETED STRATEGIC HIRING,Vishal Va***a (Supply Chain Specialist / It-erp Manager),Retained Core (Quality Assurance & Supply Chain),Namrata Ja***v (Sales Marketing Executive) | Vishal Va***a (Supply Chain Specialist / It-erp Manager) | Patel Sh***y (Electrical Maintenance Engineer) | Devang Sh***h (International Business Development) | Jay Pa***l (Intern),"Quality Assurance (1), Supply Chain (1), IT/ERP (1)",Vishal Va***a (Supply Chain Specialist / It-erp Manager),"Active workforce rotation at Relax Biotech Pvt. Ltd. across Quality Assurance & Supply Chain; engage verified leadership on contract manufacturer, supplement brand and contract formulation capacity."
VASU Healthcare Pvt. Ltd.,Small,Finished Dietary Supplement Brand,85,vasuhealthcare.com,https://www.linkedin.com/company/vasu-healthcare,1,1,0,1.2%,TARGETED STRATEGIC HIRING,Hardik Uk***i (Managing Director),Retained Core (Marketing/Product Management & E-Commerce),Hardik Uk***i (Managing Director) | Hardik So***i (Deputy General Manager - R&D) | Mahavirsinh Va***a (Vice President (International Business)) | Chandresh Up***y (Product Manager) | Saurabh Pa***r (Deputy Manager),"Marketing/Product Management (1), E-Commerce (1), Customer Service (1)",Hardik Uk***i (Managing Director) | Hardik So***i (Deputy General Manager - R&D) | Mahavirsinh Va***a (Vice President (International Business)),Active workforce rotation at VASU Healthcare Pvt. Ltd. across Marketing/Product Management & E-Commerce; engage verified leadership on supplement brand and contract formulation capacity.
Jalsatropicana Pvt. Ltd.,Small,Unknown Supplier,45,jalsatropicana.com,https://www.linkedin.com/company/jalsatropicana,1,1,0,2.2%,TARGETED STRATEGIC HIRING,Active Hiring: Plant Operations Manager | Director of Quality & Regulatory,Retained Core (R&D Formulation & QA/QC),Plant Operations Manager (Jalsatropicana Pvt. Ltd.) | Director of Quality & Regulatory (Jalsatropicana Pvt. Ltd.) | Formulation Scientist (Jalsatropicana Pvt. Ltd.) | Technical Sales Director (Jalsatropicana Pvt. Ltd.),"R&D Formulation (1), QA/QC (1), Regulatory Affairs (1)",Plant Operations Manager (Jalsatropicana Pvt. Ltd.) | Director of Quality & Regulatory (Jalsatropicana Pvt. Ltd.) | Technical Sales Director (Jalsatropicana Pvt. Ltd.),Active workforce rotation at Jalsatropicana Pvt. Ltd. across R&D Formulation & QA/QC; engage verified leadership on Unknown and contract formulation capacity.
TATA Teleservices Ltd.,Large,Unknown Supplier,1685,tatateleservices.com,https://www.linkedin.com/company/tata-teleservices,3,1,2,0.2%,ACTIVE WORKFORCE ROTATION,Ramesh Su***m (Project Delivery Manager),Retained Core (Solution Engineering & Sales),Ramesh Su***m (Project Delivery Manager) | Ananth Ku***r (Deputy Manager) | Giri Al***k (Project Engineer) | Naresh Ti***i (Employee) | Rajesh Ta***r (Amazon Transportation Services Pvt Ltd),"Solution Engineering (3), Sales (2), Capacity Planning & Management (1)",Ramesh Su***m (Project Delivery Manager) | Ananth Ku***r (Deputy Manager),Active workforce rotation at TATA Teleservices Ltd. across Solution Engineering & Sales; engage verified leadership on Unknown and contract formulation capacity.
Gujarat Communications & Electronics Ltd.,Medium,Contract Manufacturer & CDMO,145,gujarat.com,https://www.linkedin.com/company/gujarat,2,1,1,1.4%,ACTIVE WORKFORCE ROTATION,Kunur Sh***h (Managing Director),Retained Core (Quality Control & Quality Assurance),Dhaval Pa***h (Website Representative) | Kunur Sh***h (Managing Director),"Quality Control (2), Quality Assurance (1), Manufacturing Engineering (1)",Kunur Sh***h (Managing Director),"Active workforce rotation at Gujarat Communications & Electronics Ltd. across Quality Control & Quality Assurance; engage verified leadership on ingredient supplier, contract manufacturer and contract formulation capacity."
Università degli Studi di Milano,Small,Unknown Supplier,45,universitdeglistudidimilano.com,https://www.linkedin.com/company/universit-degli-studi-di-milano,1,1,0,2.2%,TARGETED STRATEGIC HIRING,"Ernesto Da***i (Director, PhD Course in Intersectoral Innovation)",Retained Core (Academic Research & Teaching),"Domenico Ie***o (Docente e Democracy e Participation Università Statale di Milano) | Giacomo Me***i (Contract Professor) | Ernesto Da***i (Director, PhD Course in Intersectoral Innovation) | Maria Ab***o (Professoressa Ordinaria) | Bablu Ku***r (Doctoral Student)","Academic Research (1), Teaching (1), Administration (1)","Ernesto Da***i (Director, PhD Course in Intersectoral Innovation)",Active workforce rotation at Università degli Studi di Milano across Academic Research & Teaching; engage verified leadership on Unknown and contract formulation capacity.
Marisca Confezioni S.n.c.,Small,Finished Dietary Supplement Brand,85,marisca.com,https://www.linkedin.com/company/marisca,1,1,0,1.2%,TARGETED STRATEGIC HIRING,Active Hiring: Plant Operations Manager | Director of Quality & Regulatory,Retained Core (R&D Formulation & QA/QC),Fariza So***h (Conseillère en Image_ Photographe_Make Up Artist),"R&D Formulation (1), QA/QC (1), Regulatory Affairs (1)",Active Hiring: Plant Operations Manager | Director of Quality & Regulatory,Active workforce rotation at Marisca Confezioni S.n.c. across R&D Formulation & QA/QC; engage verified leadership on supplement brand and contract formulation capacity.
Studio Legale Tributario Gentile Management,Small,Unknown Supplier,45,studiolegaletributariogentilemanagement.com,https://www.linkedin.com/company/studio-legale-tributario-gentile-management,1,1,0,2.2%,TARGETED STRATEGIC HIRING,Active Hiring: Junior Legal Counsel | Senior Legal Counsel,Retained Core (Legal Counsel & Corporate Affairs),Junior Legal Counsel (Studio Legale Tributario Gentile Management) | Senior Legal Counsel (Studio Legale Tributario Gentile Management) | Head of Legal (Studio Legale Tributario Gentile Management) | Group Corporate Affairs Specialist (Studio Legale Tributario Gentile Management),"Legal Counsel (1), Corporate Affairs (1), Compliance (1)",Head of Legal (Studio Legale Tributario Gentile Management),Active workforce rotation at Studio Legale Tributario Gentile Management across Legal Counsel & Corporate Affairs; engage verified leadership on Unknown and contract formulation capacity.
Touring Club Italiano,Large,Unknown Supplier,600,touringclubitaliano.com,https://www.linkedin.com/company/touring-club-italiano,3,1,2,0.5%,ACTIVE WORKFORCE ROTATION,Vavassori Ma***o (Director Institutional Relation and Research Department),Retained Core (R&D Formulation & QA/QC),Prada La***a (Progetti di Sviluppo Associativo - Eventi Territoriali e Iniziative Promozionali) | Elisa Zo***n (Web Content Specialist - Writer - Copyeditor) | Fabrizio Mi***i (Digital Content Specialist) | Vavassori Ma***o (Director Institutional Relation and Research Department) | Brega Is***a (Caporedattore Centrale),"R&D Formulation (3), QA/QC (2), Regulatory Affairs (1)",Vavassori Ma***o (Director Institutional Relation and Research Department),Active workforce rotation at Touring Club Italiano across R&D Formulation & QA/QC; engage verified leadership on Unknown and contract formulation capacity.
FH Packaging,Small,Nutraceutical Packaging Specialist,55,fhpackaging.com,https://www.linkedin.com/company/fh-packaging,1,1,0,1.8%,TARGETED STRATEGIC HIRING,David Ro***s (Regional Sales Manager),Retained Core (Sales & Packaging Engineering),David Ro***s (Regional Sales Manager) | Marvel Nu***a (Managing Director) | Gang Wu (Founder and CEO) | Carlos Ca***o (Operations Manager) | Sara Zh***g (Human Resources Staff),"Sales (1), Packaging Engineering (1), Packaging Development (1)",David Ro***s (Regional Sales Manager) | Marvel Nu***a (Managing Director) | Gang Wu (Founder and CEO),Active workforce rotation at FH Packaging across Sales & Packaging Engineering; engage verified leadership on Unknown and contract formulation capacity.
Cartley Wholesale Solutions,Medium,Contract Manufacturer & CDMO,145,cartleywholesale.com,https://www.linkedin.com/company/cartley-wholesale,3,2,1,2.1%,ACTIVE WORKFORCE ROTATION,Active Hiring: Quality Analyst | QA/QC Specialist,Retained Core (Quality Control/Quality Assurance & R&D and Product Development),Quality Analyst (Cartley Wholesale Solutions) | QA/QC Specialist (Cartley Wholesale Solutions) | R&D Scientist (Cartley Wholesale Solutions) | Account Executive (Cartley Wholesale Solutions),"Quality Control/Quality Assurance (3), R&D and Product Development (2), Manufacturing/Operations (1)",Active Department Leadership: Quality Analyst,"Active workforce rotation at Cartley Wholesale Solutions across Quality Control/Quality Assurance & R&D and Product Development; engage verified leadership on ingredient supplier, contract manufacturer and contract formulation capacity."
Astrazeneca,Small,Unknown Supplier,45,astrazeneca.com,https://www.linkedin.com/company/astrazeneca,1,1,0,2.2%,TARGETED STRATEGIC HIRING,Ming Ta***g (Director of Bioinformatics),Retained Core (Regulatory & Quality Assurance/Quality Control),"Astrazeneca Te***m (HR Recruiter) | Rosa Gu***a (Talent Acquisition Partner) | Ming Ta***g (Director of Bioinformatics) | Luis Ri***o (Global Procurement Associate Business Partner Director - Operations and Enabling Units IT) | Oliver Pa***l (Senior Director, Enterprise AI Governance and Enablement)","Regulatory (1), Quality Assurance/Quality Control (1), Research & Development (1)","Ming Ta***g (Director of Bioinformatics) | Luis Ri***o (Global Procurement Associate Business Partner Director - Operations and Enabling Units IT) | Oliver Pa***l (Senior Director, Enterprise AI Governance and Enablement)",Active workforce rotation at Astrazeneca across Regulatory & Quality Assurance/Quality Control; engage verified leadership on Unknown and contract formulation capacity.
envitec.com.ua,Large,Contract Manufacturer & CDMO,693,enviteccomua.com,https://www.linkedin.com/company/envitec-com-ua,3,1,2,0.4%,ACTIVE WORKFORCE ROTATION,Victor Mi***y (Director),Retained Core (Process Engineering & Product Engineering),Victor Mi***y (Director),"Process Engineering (3), Product Engineering (2), Quality Assurance (1)",Victor Mi***y (Director),Active workforce rotation at envitec.com.ua across Process Engineering & Product Engineering; engage verified leadership on contract manufacturer and contract formulation capacity.
Teledyne Technologies Incorporated,Small,Unknown Supplier,45,teledyne.com,https://www.linkedin.com/company/teledyne,1,1,0,2.2%,TARGETED STRATEGIC HIRING,Brandon Hu***t (Product Manager),"Retained Core (Environmental, Health and Safety & Category Management)","Karena Ch***r (Talent Acquisition Recruiter) | Luis Be***z (Senior Industrialization & Test Engineer) | Karim Sh***i (R&D FPGA Specialist at Digital Imaging Group) | Fungai Mu***i (Environment, Health and Safety Business Partner) | Brandon Hu***t (Product Manager)","Environmental, Health and Safety (1), Category Management (1), IC Design Engineering (1)",Brandon Hu***t (Product Manager) | Keith Re***s (Senior Director of Business Intelligence & Data Analytics),"Active workforce rotation at Teledyne Technologies Incorporated across Environmental, Health and Safety & Category Management; engage verified leadership on Unknown and contract formulation capacity."
BASF,Large,Contract Manufacturer & CDMO,108000,basf.com,https://www.linkedin.com/company/basf,3,1,2,0.0%,ACTIVE WORKFORCE ROTATION,"Michael He***z (Member of Board of Executive Directors, BASF SE)",Retained Core (Regulatory & QA/QC),"Markus Ka***h (CEO) | Trusha Pa***r (Human Resources Generalist) | Laura Fo***a (HR Coordinator) | Michael He***z (Member of Board of Executive Directors, BASF SE) | Negar Sa***i (Global Mobility Consultant)","Regulatory (3), QA/QC (2), R&D (1)","Markus Ka***h (CEO) | Michael He***z (Member of Board of Executive Directors, BASF SE)","Active workforce rotation at BASF across Regulatory & QA/QC; engage verified leadership on ingredient supplier, contract manufacturer and contract formulation capacity."
Sunbloom Proteins,Small,ingredient supplier Supplier,40,sunbloomproteins.com,https://www.linkedin.com/company/sunbloom-proteins,1,1,0,2.5%,TARGETED STRATEGIC HIRING,Janos So***k (Production Manager),Retained Core (Technical Sales & Technical Support),Janos So***k (Production Manager) | Javier Ol***r (Technical Sales & Marketing Manager) | Florent Ma***e (Area Sales Manager) | Sebastian Wi***g (Head of Finance) | Amandine Pe***z (CEO),"Technical Sales (1), Technical Support (1), Innovation (1)",Janos So***k (Production Manager) | Javier Ol***r (Technical Sales & Marketing Manager) | Florent Ma***e (Area Sales Manager),Active workforce rotation at Sunbloom Proteins across Technical Sales & Technical Support; engage verified leadership on ingredient supplier and contract formulation capacity.
Wings Biotech,Large,Contract Manufacturer & CDMO,1600,wingsbiotech.com,https://www.linkedin.com/company/wings-biotech,3,1,2,0.2%,ACTIVE WORKFORCE ROTATION,Anil Ar***a (Founder Director),Retained Core (Administrative & Quality/QA),Aniket Mi***a (Regulatory Affairs Executive) | Anil Ar***a (Founder Director) | Tapas Bi***s (General Manager Operations) | Hirtika Gu***a (Senior Purchase Executive) | Deepak Ka***l (Assistant Manager),"Administrative (3), Quality/QA (2), Operations (1)",Anil Ar***a (Founder Director) | Tapas Bi***s (General Manager Operations) | Deepak Ka***l (Assistant Manager),"Active workforce rotation at Wings Biotech across Administrative & Quality/QA; engage verified leadership on contract manufacturer, supplement brand and contract formulation capacity."
Bunge,Small,ingredient supplier Supplier,45,bunge.com,https://www.linkedin.com/company/bunge,1,1,0,2.2%,TARGETED STRATEGIC HIRING,"Carolina Ga***i (Sr. Manager HR Business Partner | Commercial, Maketing & Food Solutions)",Retained Core (Data Science & Analytics),"Roque Si***a (HR Specialist/Talent Acquisition) | Carolina Ga***i (Sr. Manager HR Business Partner | Commercial, Maketing & Food Solutions) | Guilherme An***e (Project and Engineering Coordinator) | Tania Th***r (IT Recruitment Specialist) | Tamanna La***a (Recruitment Specialist)","Data Science (1), Analytics (1), Business Intelligence (1)","Carolina Ga***i (Sr. Manager HR Business Partner | Commercial, Maketing & Food Solutions)",Active workforce rotation at Bunge across Data Science & Analytics; engage verified leadership on ingredient supplier and contract formulation capacity.
Neomedica Biotechnology,Medium,Contract Manufacturer & CDMO,145,neomedicabiotechnology.com,https://www.linkedin.com/company/neomedica-biotechnology,3,2,1,2.1%,ACTIVE WORKFORCE ROTATION,Active Hiring: QC Associate Scientist | Research Scientist,Retained Core (Quality Assurance/Quality Control & Research & Development),QC Associate Scientist (Neomedica Biotechnology) | Research Scientist (Neomedica Biotechnology) | Regulatory Scientist (Neomedica Biotechnology) | Quality Analyst (Neomedica Biotechnology),"Quality Assurance/Quality Control (3), Research & Development (2), Regulatory Affairs (1)",Active Department Leadership: QC Associate Scientist,"Active workforce rotation at Neomedica Biotechnology across Quality Assurance/Quality Control & Research & Development; engage verified leadership on contract manufacturer, supplement brand and contract formulation capacity."
Lucys Restaurant Group,Small,Unknown Supplier,45,lucysrestaurantgroup.com,https://www.linkedin.com/company/lucys-restaurant,1,1,0,2.2%,TARGETED STRATEGIC HIRING,Matt Br***w (Director of Operations),Retained Core (Hospitality/Service & Beverage Direction),"Matt Br***w (Director of Operations) | Lisa Va***n (Co- Founder, Managing Partner, Creative Director) | Amy Cr***n (Special Event Sales & Marketing Manager) | Robin Ro***z (General Manager) | Robert Cox (Executive Sous Chef)","Hospitality/Service (1), Beverage Direction (1), Floor Management (1)","Matt Br***w (Director of Operations) | Lisa Va***n (Co- Founder, Managing Partner, Creative Director) | Amy Cr***n (Special Event Sales & Marketing Manager)",Active workforce rotation at Lucys Restaurant Group across Hospitality/Service & Beverage Direction; engage verified leadership on Unknown and contract formulation capacity.
Boutique Recruiting,Small,Unknown Supplier,45,boutiquerecruiting.com,https://www.linkedin.com/company/boutique-recruiting,1,1,0,2.2%,TARGETED STRATEGIC HIRING,Robert Wi***s (Senior Account Manager),Retained Core (Regulatory & Quality/Compliance),Robert Wi***s (Senior Account Manager) | Serena Gr***d (Senior Executive Recruiter) | Renee Br***s (Executive Talent Manager) | Erika Hu***t (Senior Vice President of Operations) | Anna St***e (Executive Recruiter (Legal & Professional)),"Regulatory (1), Quality/Compliance (1), R&D (1)",Robert Wi***s (Senior Account Manager) | Renee Br***s (Executive Talent Manager) | Erika Hu***t (Senior Vice President of Operations),Active workforce rotation at Boutique Recruiting across Regulatory & Quality/Compliance; engage verified leadership on Unknown and contract formulation capacity.
FastStrat,Medium,Contract Manufacturer & CDMO,145,faststrat.com,https://www.linkedin.com/company/faststrat,2,1,1,1.4%,ACTIVE WORKFORCE ROTATION,Matias Ba***i (Chief Technology Officer),Retained Core (R&D & Quality Assurance/Quality Control),Luis Vi***a (Frontend Specialist) | Fernando Or***o (Fullstack | BD Architect | Backend Engineer) | Walter Ro***l (Co-Founder) | Tania Gr***s (Co-Founder) | Matias Ba***i (Chief Technology Officer),"R&D (2), Quality Assurance/Quality Control (1), Manufacturing (1)",Walter Ro***l (Co-Founder) | Tania Gr***s (Co-Founder) | Matias Ba***i (Chief Technology Officer),Active workforce rotation at FastStrat across R&D & Quality Assurance/Quality Control; engage verified leadership on contract manufacturer and contract formulation capacity.
HUBCYCLE,Small,ingredient supplier Supplier,45,hubcycle.com,https://www.linkedin.com/company/hubcycle,1,1,0,2.2%,TARGETED STRATEGIC HIRING,Ludivine Ba***e (Chief Finance & Operations Officer),Retained Core (Sales & Regional Field Sales),Ludivine Ba***e (Chief Finance & Operations Officer) | Jude Fe***o (Sourcing Lead India) | Aurore Bo***y (Quality Manager) | Hana Ta***r (Project Lead Ordonnancement) | Julien Du***e (Logistics Manager),"Sales (1), Regional Field Sales (1), Ingredients Sales Management (1)",Ludivine Ba***e (Chief Finance & Operations Officer) | Aurore Bo***y (Quality Manager) | Julien Du***e (Logistics Manager),Active workforce rotation at HUBCYCLE across Sales & Regional Field Sales; engage verified leadership on ingredient supplier and contract formulation capacity.
"Layn USA, Inc.",Small,ingredient supplier Supplier,45,layn.com,https://www.linkedin.com/company/layn,1,1,0,2.2%,TARGETED STRATEGIC HIRING,Joumana Ab***k (Design Team Lead),Retained Core (Business Development & Sales),Joumana Ab***k (Design Team Lead) | Chris La***e (Founder) | Mohamed El***y (Cofounder & CTO) | Zeyad Us***a (Operations Engineer),"Business Development (1), Sales (1)",Chris La***e (Founder) | Mohamed El***y (Cofounder & CTO),"Active workforce rotation at Layn USA, Inc. across Business Development & Sales; engage verified leadership on ingredient supplier and contract formulation capacity."
Veritas Recruitment,Small,Unknown Supplier,45,veritasrecruitment.com,https://www.linkedin.com/company/veritas-recruitment,1,1,0,2.2%,TARGETED STRATEGIC HIRING,Andrew Be***t (Director),Retained Core (Regulatory Affairs & Quality Assurance & Quality Control),Brooke Hi***l (Administrative Supervisor) | Andrew Be***t (Director) | Alex Da***e (Recruitment Specialist) | Mandi Vi***s (Associate Director - Clayton) | Michael Ta***t (Consultant),"Regulatory Affairs (1), Quality Assurance & Quality Control (1), Research & Development (1)",Andrew Be***t (Director) | Mandi Vi***s (Associate Director - Clayton),Active workforce rotation at Veritas Recruitment across Regulatory Affairs & Quality Assurance & Quality Control; engage verified leadership on Unknown and contract formulation capacity.
No Guilt Fitness Pvt Ltd ( Fitelo),Small,Unknown Supplier,45,noguiltfitness.com,https://www.linkedin.com/company/no-guilt-fitness,1,1,0,2.2%,TARGETED STRATEGIC HIRING,Active Hiring: Dietitian | Nutrition Researcher,Retained Core (Nutrition Research & Content Strategy),Dietitian (No Guilt Fitness Pvt Ltd ( Fitelo)) | Nutrition Researcher (No Guilt Fitness Pvt Ltd ( Fitelo)) | Content Strategist (No Guilt Fitness Pvt Ltd ( Fitelo)) | Nutrition and Dietetics Specialist (No Guilt Fitness Pvt Ltd ( Fitelo)),"Nutrition Research (1), Content Strategy (1), Dietetics (1)",Active Department Leadership: Dietitian,Active workforce rotation at No Guilt Fitness Pvt Ltd ( Fitelo) across Nutrition Research & Content Strategy; engage verified leadership on Unknown and contract formulation capacity.
Zeta Service I Head Hunting,Medium,Unknown Supplier,450,zeta.com,https://www.linkedin.com/company/zeta,2,1,1,0.4%,ACTIVE WORKFORCE ROTATION,Joris Bu***s (Business Development Manager),Retained Core (HR Leadership & Talent Acquisition),"Joris Bu***s (Business Development Manager) | Manfred Se***t (Business Development Manager) | Martin Ma***r (Director, Business Line Digital Solutions) | Andre Kr***e (Sales Manager) | Christian Ga***l (Regional Manager CIS)","HR Leadership (2), Talent Acquisition (1), Recruitment (1)","Joris Bu***s (Business Development Manager) | Manfred Se***t (Business Development Manager) | Martin Ma***r (Director, Business Line Digital Solutions)",Active workforce rotation at Zeta Service I Head Hunting across HR Leadership & Talent Acquisition; engage verified leadership on Unknown and contract formulation capacity.
Westin Hotels & Resorts,Small,Unknown Supplier,45,westinhotelsresorts.com,https://www.linkedin.com/company/westin-hotels-resorts,1,1,0,2.2%,TARGETED STRATEGIC HIRING,Kevin Ga***a (Market Human Resources Manager),Retained Core (Hotel Management & Front Office Operations),Kevin Ga***a (Market Human Resources Manager) | Bruno Ca***o (General Manager Bars & Restaurants at Westin Hotels & Resorts. (RBH). New Hotel Opening. London City) | Mary Es***o (Director of Operations) | Romi Pa***s (Assistant Director of Human Resources) | Vijay Ch***n (General Manager),"Hotel Management (1), Front Office Operations (1), Rooms Operations (1)",Kevin Ga***a (Market Human Resources Manager) | Bruno Ca***o (General Manager Bars & Restaurants at Westin Hotels & Resorts. (RBH). New Hotel Opening. London City) | Mary Es***o (Director of Operations),Active workforce rotation at Westin Hotels & Resorts across Hotel Management & Front Office Operations; engage verified leadership on Unknown and contract formulation capacity.
Marriott International,Small,Unknown Supplier,45,marriott.com,https://www.linkedin.com/company/marriott,1,1,0,2.2%,TARGETED STRATEGIC HIRING,Anthony Ca***o (President and Chief Executive Officer),Retained Core (Hotel Operations & Guest Services),"Anthony Ca***o (President and Chief Executive Officer) | David Ma***t (Chairman of the Board) | Haley On***l (Senior Manager, Talent Acquisition Strategy & Process Innovation) | Khushboo Sh***a (Director of Human Resources) | Sandeep Wa***a (COO, Middle East & Africa, Luxury Europe, Middle East & Africa, Global Leader for Design Hotels)","Hotel Operations (1), Guest Services (1), Sales and Marketing (1)","Anthony Ca***o (President and Chief Executive Officer) | Haley On***l (Senior Manager, Talent Acquisition Strategy & Process Innovation) | Khushboo Sh***a (Director of Human Resources)",Active workforce rotation at Marriott International across Hotel Operations & Guest Services; engage verified leadership on Unknown and contract formulation capacity.
"fairlife, LLC",Small,Unknown Supplier,45,fairlife.com,https://www.linkedin.com/company/fairlife,1,1,0,2.2%,TARGETED STRATEGIC HIRING,"Jason Da***s (Vice President, Procurement & Commodities)",Retained Core (R&D Formulation & QA/QC),"Carli Mi***s (Human Resources Generalist) | Jason Da***s (Vice President, Procurement & Commodities) | Eileen Th***r (Chief Operating Officer) | Hanna Ga***k (Senior Talent Acquisition Partner) | Lauren Se***s (Sr. Talent Acquisition Partner, Early Career Programs)","R&D Formulation (1), QA/QC (1), Regulatory Affairs (1)","Jason Da***s (Vice President, Procurement & Commodities) | Eileen Th***r (Chief Operating Officer)","Active workforce rotation at fairlife, LLC across R&D Formulation & QA/QC; engage verified leadership on Unknown and contract formulation capacity."
Elite Recruit LLC,Small,Unknown Supplier,45,eliterecruit.com,https://www.linkedin.com/company/elite-recruit,1,1,0,2.2%,TARGETED STRATEGIC HIRING,Asmi Pa***r (HR Manager),Retained Core (R&D Formulation & QA/QC),Kaily Kn***s (Recruiter - Zelfstandige) | Michelle Kn***s (Co-owner) | Asmi Pa***r (HR Manager) | Moataz Ak***m (President) | Sunny Ch***n (Human Resources Manager),"R&D Formulation (1), QA/QC (1), Regulatory Affairs (1)",Asmi Pa***r (HR Manager) | Moataz Ak***m (President) | Sunny Ch***n (Human Resources Manager),Active workforce rotation at Elite Recruit LLC across R&D Formulation & QA/QC; engage verified leadership on Unknown and contract formulation capacity.
KOJI INVESTMENT JSC,Small,Unknown Supplier,45,kojiinvestmentjsc.com,https://www.linkedin.com/company/koji-investment-jsc,1,1,0,2.2%,TARGETED STRATEGIC HIRING,Quan Bui (Managing Director),Retained Core (R&D Formulation & QA/QC),Quan Bui (Managing Director),"R&D Formulation (1), QA/QC (1), Regulatory Affairs (1)",Quan Bui (Managing Director),Active workforce rotation at KOJI INVESTMENT JSC across R&D Formulation & QA/QC; engage verified leadership on Unknown and contract formulation capacity.
"Systems Application & Technologies, Inc",Small,Unknown Supplier,45,systemsapplication.com,https://www.linkedin.com/company/systems-application,1,1,0,2.2%,TARGETED STRATEGIC HIRING,Neha Pa***l (Marketing & Operations Manager),Retained Core (R&D Formulation & QA/QC),Neha Pa***l (Marketing & Operations Manager) | Jiji Va***e (Director) | Bill Gu***n (IT Director) | Pawan Ch***a (Sales and Marketing Representative),"R&D Formulation (1), QA/QC (1), Regulatory Affairs (1)",Neha Pa***l (Marketing & Operations Manager) | Jiji Va***e (Director) | Bill Gu***n (IT Director),"Active workforce rotation at Systems Application & Technologies, Inc across R&D Formulation & QA/QC; engage verified leadership on Unknown and contract formulation capacity."
PEOPLE TECHNOLOGY AND PROCESSES LLC,Small,Unknown Supplier,45,peopletechnologyandprocesses.com,https://www.linkedin.com/company/people-technology-and-processes,1,1,0,2.2%,TARGETED STRATEGIC HIRING,Active Hiring: Plant Operations Manager | Director of Quality & Regulatory,Retained Core (R&D Formulation & QA/QC),Plant Operations Manager (PEOPLE TECHNOLOGY AND PROCESSES LLC) | Director of Quality & Regulatory (PEOPLE TECHNOLOGY AND PROCESSES LLC) | Formulation Scientist (PEOPLE TECHNOLOGY AND PROCESSES LLC) | Technical Sales Director (PEOPLE TECHNOLOGY AND PROCESSES LLC),"R&D Formulation (1), QA/QC (1), Regulatory Affairs (1)",Plant Operations Manager (PEOPLE TECHNOLOGY AND PROCESSES LLC) | Director of Quality & Regulatory (PEOPLE TECHNOLOGY AND PROCESSES LLC) | Technical Sales Director (PEOPLE TECHNOLOGY AND PROCESSES LLC),Active workforce rotation at PEOPLE TECHNOLOGY AND PROCESSES LLC across R&D Formulation & QA/QC; engage verified leadership on Unknown and contract formulation capacity.
Re:Build Manufacturing,Small,Unknown Supplier,45,rebuildmanufacturing.com,https://www.linkedin.com/company/re-build-manufacturing,1,1,0,2.2%,TARGETED STRATEGIC HIRING,Roberto Ro***z (Head of Go-To-Market Operations),Retained Core (R&D Formulation & QA/QC),Roberto Ro***z (Head of Go-To-Market Operations) | Jennifer Ru***e (Senior Talent Partner) | Kim Bl***r (Vice President Business Development) | Volker He***n (Scientist) | Bonnie Da***s (Chief Lean Officer),"R&D Formulation (1), QA/QC (1), Regulatory Affairs (1)",Roberto Ro***z (Head of Go-To-Market Operations) | Kim Bl***r (Vice President Business Development) | Bonnie Da***s (Chief Lean Officer),Active workforce rotation at Re:Build Manufacturing across R&D Formulation & QA/QC; engage verified leadership on Unknown and contract formulation capacity.
"Walton Communities, LLC",Small,Unknown Supplier,45,walton.com,https://www.linkedin.com/company/walton,1,1,0,2.2%,TARGETED STRATEGIC HIRING,"Kofi As***u (Vice President, Business Development & Sales)",Retained Core (R&D Formulation & QA/QC),"Gabby Wo***h (Private Markets Distribution) | Kofi As***u (Vice President, Business Development & Sales) | Michael Sl***k (Executive Vice President, Real Estate (East Region)) | Barry Dl***n (Executive Vice President - Real Estate (AZ, GA & Mid Atlantic)) | Victor Ge***r (Managing Director)","R&D Formulation (1), QA/QC (1), Regulatory Affairs (1)","Kofi As***u (Vice President, Business Development & Sales) | Michael Sl***k (Executive Vice President, Real Estate (East Region)) | Barry Dl***n (Executive Vice President - Real Estate (AZ, GA & Mid Atlantic))","Active workforce rotation at Walton Communities, LLC across R&D Formulation & QA/QC; engage verified leadership on Unknown and contract formulation capacity."
The Hanover Company,Small,Unknown Supplier,45,thehanover.com,https://www.linkedin.com/company/the-hanover,1,1,0,2.2%,TARGETED STRATEGIC HIRING,Amanda De***e (Team Lead),Retained Core (R&D Formulation & QA/QC),William Ko***h (Risk Solutions Consultant) | Angela Ch***k (Associate Underwriter) | Amanda De***e (Team Lead) | Ashiya Wi***s (Automotive Claims Adjuster) | N E (Subrogation Adjuster),"R&D Formulation (1), QA/QC (1), Regulatory Affairs (1)",Active Department Leadership: Plant Operations Manager,Active workforce rotation at The Hanover Company across R&D Formulation & QA/QC; engage verified leadership on Unknown and contract formulation capacity.
Blykalla,Small,Unknown Supplier,45,blykalla.com,https://www.linkedin.com/company/blykalla,1,1,0,2.2%,TARGETED STRATEGIC HIRING,Steve La***y (Director of Quality Assurance),Retained Core (R&D Formulation & QA/QC),Steve La***y (Director of Quality Assurance) | Michaela Be***g (Chief People & Culture Officer) | Jacob St***n (Chief Executive Officer) | Janne Wa***s (CTO) | Mikael Fr***l (Chief Financial Officer),"R&D Formulation (1), QA/QC (1), Regulatory Affairs (1)",Steve La***y (Director of Quality Assurance) | Michaela Be***g (Chief People & Culture Officer) | Jacob St***n (Chief Executive Officer),Active workforce rotation at Blykalla across R&D Formulation & QA/QC; engage verified leadership on Unknown and contract formulation capacity.
"People, Technology & Processes",Small,Unknown Supplier,45,peopletechnologyprocesses.com,https://www.linkedin.com/company/people-technology-processes,1,1,0,2.2%,TARGETED STRATEGIC HIRING,Randy Br***n (Chief Operating Officer),Retained Core (R&D Formulation & QA/QC),Kevin Gr***g (Enterprise Collaboration Architect) | Ted Bl***e (System administrator/Application Engineer) | Mitch Go***a (Logistician) | Randy Br***n (Chief Operating Officer) | Sam Si***o (Cyber Technician),"R&D Formulation (1), QA/QC (1), Regulatory Affairs (1)",Randy Br***n (Chief Operating Officer),"Active workforce rotation at People, Technology & Processes across R&D Formulation & QA/QC; engage verified leadership on Unknown and contract formulation capacity."
La Bellasera - InterMountain Management,Small,Unknown Supplier,45,labellaseraintermountainmanagement.com,https://www.linkedin.com/company/la-bellasera-intermountain-management,1,1,0,2.2%,TARGETED STRATEGIC HIRING,Active Hiring: Plant Operations Manager | Director of Quality & Regulatory,Retained Core (R&D Formulation & QA/QC),Plant Operations Manager (La Bellasera - InterMountain Management) | Director of Quality & Regulatory (La Bellasera - InterMountain Management) | Formulation Scientist (La Bellasera - InterMountain Management) | Technical Sales Director (La Bellasera - InterMountain Management),"R&D Formulation (1), QA/QC (1), Regulatory Affairs (1)",Plant Operations Manager (La Bellasera - InterMountain Management) | Director of Quality & Regulatory (La Bellasera - InterMountain Management) | Technical Sales Director (La Bellasera - InterMountain Management),Active workforce rotation at La Bellasera - InterMountain Management across R&D Formulation & QA/QC; engage verified leadership on Unknown and contract formulation capacity.
US Department of Veterans Affairs,Small,Unknown Supplier,45,usdepartment.com,https://www.linkedin.com/company/us-department,1,1,0,2.2%,TARGETED STRATEGIC HIRING,Javier Va***z (Customs Program Manager),Retained Core (R&D Formulation & QA/QC),Javier Va***z (Customs Program Manager) | Scott Sh***k (Senior Executive) | Christopher We***b (Lean Six Sigma Black Belt) | Jeffrey Ja***k (Special Agent) | Denise Al***n (Accounts Management),"R&D Formulation (1), QA/QC (1), Regulatory Affairs (1)",Javier Va***z (Customs Program Manager),Active workforce rotation at US Department of Veterans Affairs across R&D Formulation & QA/QC; engage verified leadership on Unknown and contract formulation capacity.
Newbury Franklin Industrials,Small,Unknown Supplier,45,newburyfranklinindustrials.com,https://www.linkedin.com/company/newbury-franklin-industrials,1,1,0,2.2%,TARGETED STRATEGIC HIRING,Boyang Han (Chief Financial Officer),Retained Core (R&D Formulation & QA/QC),"Boyang Han (Chief Financial Officer) | Mathew Ur***h (Senior Director, Portfolio Technology and Operations) | Brendan Ha***n (Sales Professional) | Frank Co***o (Manager, Systems and Technology) | Blade So***o (Executive Director of Digital Strategy & Product Development)","R&D Formulation (1), QA/QC (1), Regulatory Affairs (1)","Boyang Han (Chief Financial Officer) | Mathew Ur***h (Senior Director, Portfolio Technology and Operations) | Frank Co***o (Manager, Systems and Technology)",Active workforce rotation at Newbury Franklin Industrials across R&D Formulation & QA/QC; engage verified leadership on Unknown and contract formulation capacity.
The Judge Group,Small,Unknown Supplier,45,thejudge.com,https://www.linkedin.com/company/the-judge,1,1,0,2.2%,TARGETED STRATEGIC HIRING,Robert Ga***n (Account Manager),Retained Core (R&D Formulation & QA/QC),"Ram La***n (Senior Corporate HR) | Robert Ga***n (Account Manager) | Nina Lo***i (Executive Vice President of Transformation, Digital and Marketing) | Saurabh Sa***i (Recruitment Lead) | Shoeb Kh***n (Recruitment & Delivery)","R&D Formulation (1), QA/QC (1), Regulatory Affairs (1)","Robert Ga***n (Account Manager) | Nina Lo***i (Executive Vice President of Transformation, Digital and Marketing)",Active workforce rotation at The Judge Group across R&D Formulation & QA/QC; engage verified leadership on Unknown and contract formulation capacity.
Farmer Focus,Small,Unknown Supplier,45,farmerfocus.com,https://www.linkedin.com/company/farmer-focus,1,1,0,2.2%,TARGETED STRATEGIC HIRING,Juan Ap***o (Director of Engineering & Project Management),Retained Core (R&D Formulation & QA/QC),Juan Ap***o (Director of Engineering & Project Management) | Christian De***y (Head of Operations) | Stephen Ru***r (Lead Refrightion Tech) | Lorenzo Ba***d (Vice President of Strategy and Corporate Development) | Laura Ma***y (CFO & Managing Director),"R&D Formulation (1), QA/QC (1), Regulatory Affairs (1)",Juan Ap***o (Director of Engineering & Project Management) | Christian De***y (Head of Operations) | Lorenzo Ba***d (Vice President of Strategy and Corporate Development),Active workforce rotation at Farmer Focus across R&D Formulation & QA/QC; engage verified leadership on Unknown and contract formulation capacity.
BioSpace,Small,Unknown Supplier,45,biospace.com,https://www.linkedin.com/company/biospace,1,1,0,2.2%,TARGETED STRATEGIC HIRING,Greg Cl***e (Recruiting Manager),Retained Core (R&D Formulation & QA/QC),Greg Cl***e (Recruiting Manager) | Joshua Go***n (CEO/President) | Heather Mc***e (Senior Editor) | Megan St***r (Account Manager) | Kristin Jo***s (Chief Revenue Officer (CRO)),"R&D Formulation (1), QA/QC (1), Regulatory Affairs (1)",Greg Cl***e (Recruiting Manager) | Joshua Go***n (CEO/President) | Megan St***r (Account Manager),Active workforce rotation at BioSpace across R&D Formulation & QA/QC; engage verified leadership on Unknown and contract formulation capacity.
Amgen,Small,Unknown Supplier,45,amgen.com,https://www.linkedin.com/company/amgen,1,1,0,2.2%,TARGETED STRATEGIC HIRING,Gueldem Be***n (VP GM Amgen China),Retained Core (R&D Formulation & QA/QC),"Gueldem Be***n (VP GM Amgen China) | Ryan Mc***d (Project Manager Supply Chain Management) | Gary Fa***g (Vice President, US Medical Affairs) | Kiroles Ay***d (Senior Data and Analytics Professional) | Joseph Go***o (Director Quality Compliance (Rare Disease))","R&D Formulation (1), QA/QC (1), Regulatory Affairs (1)","Gueldem Be***n (VP GM Amgen China) | Ryan Mc***d (Project Manager Supply Chain Management) | Gary Fa***g (Vice President, US Medical Affairs)",Active workforce rotation at Amgen across R&D Formulation & QA/QC; engage verified leadership on Unknown and contract formulation capacity.
Pactiv Evergreen Inc.,Small,Unknown Supplier,45,pactivevergreen.com,https://www.linkedin.com/company/pactiv-evergreen,1,1,0,2.2%,TARGETED STRATEGIC HIRING,"Teresa Mc***y (Director, Operations Workforce Management)",Retained Core (R&D Formulation & QA/QC),"Teresa Mc***y (Director, Operations Workforce Management) | Michael Fa***r (Sr. Recruiter) | George Gr***v (Sr. Director of Procurement) | Adel Mi***l (Director of Packaging) | Andrew Je***s (Sr Financial Analyst)","R&D Formulation (1), QA/QC (1), Regulatory Affairs (1)","Teresa Mc***y (Director, Operations Workforce Management) | George Gr***v (Sr. Director of Procurement) | Adel Mi***l (Director of Packaging)",Active workforce rotation at Pactiv Evergreen Inc. across R&D Formulation & QA/QC; engage verified leadership on Unknown and contract formulation capacity.
Precision Aerospace Holdings,Small,Unknown Supplier,45,precisionaerospace.com,https://www.linkedin.com/company/precision-aerospace,1,1,0,2.2%,TARGETED STRATEGIC HIRING,Nathan Co***e (Chief Financial Officer),Retained Core (R&D Formulation & QA/QC),Nathan Co***e (Chief Financial Officer) | Robert Ow***s (Business Unit Manager) | Brian Ol***r (Senior Director of Operations) | Marshall Ho***e (President) | Becky Ca***l (Human Resources Manager),"R&D Formulation (1), QA/QC (1), Regulatory Affairs (1)",Nathan Co***e (Chief Financial Officer) | Robert Ow***s (Business Unit Manager) | Brian Ol***r (Senior Director of Operations),Active workforce rotation at Precision Aerospace Holdings across R&D Formulation & QA/QC; engage verified leadership on Unknown and contract formulation capacity.
Novolex,Small,Unknown Supplier,45,novolex.com,https://www.linkedin.com/company/novolex,1,1,0,2.2%,TARGETED STRATEGIC HIRING,Bonnie Se***s (Inbound Rail Manager),Retained Core (R&D Formulation & QA/QC),"Bonnie Se***s (Inbound Rail Manager) | Stephen Ka***s (Sr. Director, Food, Grocery & Retail) | Scott La***s (Sales Director) | Vesna Mi***c (Senior Manager, Talent Acquisition) | Nicholas Ja***n (Vice President of ERP and Supply Chain Systems)","R&D Formulation (1), QA/QC (1), Regulatory Affairs (1)","Bonnie Se***s (Inbound Rail Manager) | Stephen Ka***s (Sr. Director, Food, Grocery & Retail) | Scott La***s (Sales Director)",Active workforce rotation at Novolex across R&D Formulation & QA/QC; engage verified leadership on Unknown and contract formulation capacity.
Penn Life Sciences,Small,Unknown Supplier,45,pennlifesciences.com,https://www.linkedin.com/company/penn-life-sciences,1,1,0,2.2%,TARGETED STRATEGIC HIRING,Vishwash Jo***i (Microbiology Manager),Retained Core (R&D Formulation & QA/QC),Vishwash Jo***i (Microbiology Manager) | Myah Ri***s (Microbiolgist I) | Tanay Ra***e (Aspiring Management Consultant) | Nimesh Pa***l (Maintenance Coordinator) | Santhosh Ma***y (Microbiologist),"R&D Formulation (1), QA/QC (1), Regulatory Affairs (1)",Vishwash Jo***i (Microbiology Manager),Active workforce rotation at Penn Life Sciences across R&D Formulation & QA/QC; engage verified leadership on Unknown and contract formulation capacity.
Precinmac,Small,Unknown Supplier,45,precinmac.com,https://www.linkedin.com/company/precinmac,1,1,0,2.2%,TARGETED STRATEGIC HIRING,"Sandra Ca***n (Manager, Human Resources)",Retained Core (R&D Formulation & QA/QC),"Sandra Ca***n (Manager, Human Resources) | Doug Pa***s (Vice President, M&A and Program Management) | Carolyn La***e (Accounting Coordinator) | Het D (Manufacturing Engineer) | Michael To***d (Manufacturing Engineer)","R&D Formulation (1), QA/QC (1), Regulatory Affairs (1)","Sandra Ca***n (Manager, Human Resources) | Doug Pa***s (Vice President, M&A and Program Management)",Active workforce rotation at Precinmac across R&D Formulation & QA/QC; engage verified leadership on Unknown and contract formulation capacity.
"Valley Milk, LLC",Small,Unknown Supplier,45,valleymilk.com,https://www.linkedin.com/company/valley-milk,1,1,0,2.2%,TARGETED STRATEGIC HIRING,"Al Pu***a (Continuous Improvement, Sustainability & EHS Manager)",Retained Core (R&D Formulation & QA/QC),"Al Pu***a (Continuous Improvement, Sustainability & EHS Manager) | Damien Ca***n (Chief Executive Officer) | Melanie Yo***a (Chief Financial Officer) | Brett Re***r (Ingredient Sales Manager) | Joshua Ma***l (Plant Manager)","R&D Formulation (1), QA/QC (1), Regulatory Affairs (1)","Al Pu***a (Continuous Improvement, Sustainability & EHS Manager) | Damien Ca***n (Chief Executive Officer) | Melanie Yo***a (Chief Financial Officer)","Active workforce rotation at Valley Milk, LLC across R&D Formulation & QA/QC; engage verified leadership on Unknown and contract formulation capacity."
Stevenson Staffing LLC,Small,Unknown Supplier,45,stevensonstaffingllc.com,https://www.linkedin.com/company/stevenson-staffing,1,1,0,2.2%,TARGETED STRATEGIC HIRING,Mohammed Ha***d (Senior Staffing Manager),Retained Core (R&D Formulation & QA/QC),Mohammed Ha***d (Senior Staffing Manager) | Ethan Wh***e (Senior Talent Acquisition Specialist) | David Mu***y (Senior Recruiter) | Deon Co***r (Chief Operating Officer) | Zareen Sa***a (Staffing Manager),"R&D Formulation (1), QA/QC (1), Regulatory Affairs (1)",Mohammed Ha***d (Senior Staffing Manager) | Deon Co***r (Chief Operating Officer) | Zareen Sa***a (Staffing Manager),Active workforce rotation at Stevenson Staffing LLC across R&D Formulation & QA/QC; engage verified leadership on Unknown and contract formulation capacity.
Carib Brewery USA,Small,Unknown Supplier,45,caribbrewery.com,https://www.linkedin.com/company/carib-brewery,1,1,0,2.2%,TARGETED STRATEGIC HIRING,Kavita Ra***n (Regional Business Manager),Retained Core (R&D Formulation & QA/QC),Kavita Ra***n (Regional Business Manager) | Tamara Ch***r (Executive Assistant to Managing Director) | Adrian Sa***a (Managing Director - International & Business Development) | Sarah Ar***d (Head of Human Resources) | Salome Yo***g (International Market Development Manager),"R&D Formulation (1), QA/QC (1), Regulatory Affairs (1)",Kavita Ra***n (Regional Business Manager) | Tamara Ch***r (Executive Assistant to Managing Director) | Adrian Sa***a (Managing Director - International & Business Development),Active workforce rotation at Carib Brewery USA across R&D Formulation & QA/QC; engage verified leadership on Unknown and contract formulation capacity.
VALLEY MILK LLC,Small,Unknown Supplier,45,valleymilk.com,https://www.linkedin.com/company/valley-milk,1,1,0,2.2%,TARGETED STRATEGIC HIRING,"Al Pu***a (Continuous Improvement, Sustainability & EHS Manager)",Retained Core (R&D Formulation & QA/QC),"Al Pu***a (Continuous Improvement, Sustainability & EHS Manager) | Damien Ca***n (Chief Executive Officer) | Melanie Yo***a (Chief Financial Officer) | Brett Re***r (Ingredient Sales Manager) | Joshua Ma***l (Plant Manager)","R&D Formulation (1), QA/QC (1), Regulatory Affairs (1)","Al Pu***a (Continuous Improvement, Sustainability & EHS Manager) | Damien Ca***n (Chief Executive Officer) | Melanie Yo***a (Chief Financial Officer)",Active workforce rotation at VALLEY MILK LLC across R&D Formulation & QA/QC; engage verified leadership on Unknown and contract formulation capacity.
Sixpoint Brewery,Small,Unknown Supplier,45,sixpointbrewery.com,https://www.linkedin.com/company/sixpoint-brewery,1,1,0,2.2%,TARGETED STRATEGIC HIRING,Active Hiring: Plant Operations Manager | Director of Quality & Regulatory,Retained Core (R&D Formulation & QA/QC),Plant Operations Manager (Sixpoint Brewery) | Director of Quality & Regulatory (Sixpoint Brewery) | Formulation Scientist (Sixpoint Brewery) | Technical Sales Director (Sixpoint Brewery),"R&D Formulation (1), QA/QC (1), Regulatory Affairs (1)",Plant Operations Manager (Sixpoint Brewery) | Director of Quality & Regulatory (Sixpoint Brewery) | Technical Sales Director (Sixpoint Brewery),Active workforce rotation at Sixpoint Brewery across R&D Formulation & QA/QC; engage verified leadership on Unknown and contract formulation capacity.
Thrive Freeze Dry,Small,Unknown Supplier,45,thrivefreezedry.com,https://www.linkedin.com/company/thrive-freeze-dry,1,1,0,2.2%,TARGETED STRATEGIC HIRING,Deanna Pa***l (Senior Human Resources Manager),Retained Core (R&D Formulation & QA/QC),Peter Ha***d (President Europe) | Deanna Pa***l (Senior Human Resources Manager) | Barbara Li***r (Senior Procurement Development Manager) | Julius My***s (VP of Engineering/Operations) | Susan Av***y (Senior Director Finance & Accounting),"R&D Formulation (1), QA/QC (1), Regulatory Affairs (1)",Peter Ha***d (President Europe) | Deanna Pa***l (Senior Human Resources Manager) | Barbara Li***r (Senior Procurement Development Manager),Active workforce rotation at Thrive Freeze Dry across R&D Formulation & QA/QC; engage verified leadership on Unknown and contract formulation capacity.
Forge Biologics,Small,Unknown Supplier,45,forgebiologics.com,https://www.linkedin.com/company/forge-biologics,1,1,0,2.2%,TARGETED STRATEGIC HIRING,"Regina Mi***y (Sr. Manager, Talent Acquisition)",Retained Core (R&D Formulation & QA/QC),"Maria Gi***n (Scientific Writer II) | Regina Mi***y (Sr. Manager, Talent Acquisition) | Keerthana Su***n (Associate Director) | Sumit Du***a (Process Development & CMC Leader | Driving Biopharma Innovations to Market With Quality & Speed 🚀 | 13+ Years Experience | Tech Transfer | Technical Operations | Biologics | Ex-Novartis, Pfizer) | Liza Le***s (Vice President, People)","R&D Formulation (1), QA/QC (1), Regulatory Affairs (1)","Regina Mi***y (Sr. Manager, Talent Acquisition) | Keerthana Su***n (Associate Director) | Liza Le***s (Vice President, People)",Active workforce rotation at Forge Biologics across R&D Formulation & QA/QC; engage verified leadership on Unknown and contract formulation capacity.
Hamakua Macadamia Nut Co,Small,Unknown Supplier,45,hamakuamacadamianut.com,https://www.linkedin.com/company/hamakua-macadamia-nut,1,1,0,2.2%,TARGETED STRATEGIC HIRING,KJ Ok***a (Marketing Manager),Retained Core (R&D Formulation & QA/QC),"Jakob Au (Quality Assurance Technician) | KJ Ok***a (Marketing Manager) | Maureen Fl***t (Quality Assurance Manager) | Robert Pi***n (Project Manager) | Nelson Key (Manager, Maintenance)","R&D Formulation (1), QA/QC (1), Regulatory Affairs (1)",KJ Ok***a (Marketing Manager) | Maureen Fl***t (Quality Assurance Manager) | Robert Pi***n (Project Manager),Active workforce rotation at Hamakua Macadamia Nut Co across R&D Formulation & QA/QC; engage verified leadership on Unknown and contract formulation capacity.
MEI Industrial Solutions,Small,Unknown Supplier,45,meiindustrialsolutions.com,https://www.linkedin.com/company/mei-industrial,1,1,0,2.2%,TARGETED STRATEGIC HIRING,Chris Du***n (Director of Regional Sales),Retained Core (R&D Formulation & QA/QC),Chris Du***n (Director of Regional Sales) | Royce Pa***r (Director of Sales - West Region) | Richard Ha***n (Director) | Naz No***r (Corporate Recruiter) | Steve Ga***r (Vice President),"R&D Formulation (1), QA/QC (1), Regulatory Affairs (1)",Chris Du***n (Director of Regional Sales) | Royce Pa***r (Director of Sales - West Region) | Richard Ha***n (Director),Active workforce rotation at MEI Industrial Solutions across R&D Formulation & QA/QC; engage verified leadership on Unknown and contract formulation capacity.
"Burch Equipment, LLC.",Small,Unknown Supplier,45,burchequipment.com,https://www.linkedin.com/company/burch-equipment,1,1,0,2.2%,TARGETED STRATEGIC HIRING,Active Hiring: Plant Operations Manager | Director of Quality & Regulatory,Retained Core (R&D Formulation & QA/QC),"Plant Operations Manager (Burch Equipment, LLC.) | Director of Quality & Regulatory (Burch Equipment, LLC.) | Formulation Scientist (Burch Equipment, LLC.) | Technical Sales Director (Burch Equipment, LLC.)","R&D Formulation (1), QA/QC (1), Regulatory Affairs (1)","Plant Operations Manager (Burch Equipment, LLC.) | Director of Quality & Regulatory (Burch Equipment, LLC.) | Technical Sales Director (Burch Equipment, LLC.)","Active workforce rotation at Burch Equipment, LLC. across R&D Formulation & QA/QC; engage verified leadership on Unknown and contract formulation capacity."
Evotec,Small,Unknown Supplier,45,evotec.com,https://www.linkedin.com/company/evotec,1,1,0,2.2%,TARGETED STRATEGIC HIRING,Martin Ko***v (Principal Scientist - Molecular Architects),Retained Core (R&D Formulation & QA/QC),"Martin Ko***v (Principal Scientist - Molecular Architects) | Alessio Ro***i (Head of Procurement Italy & Global Category Lead) | Sarah Ce***p (Senior Consultant, Global Talent Acquisition) | Mikhail Al***v (Cloud Solution Architect) | Shalin Sa***i (Global Talent Scout)","R&D Formulation (1), QA/QC (1), Regulatory Affairs (1)",Alessio Ro***i (Head of Procurement Italy & Global Category Lead),Active workforce rotation at Evotec across R&D Formulation & QA/QC; engage verified leadership on Unknown and contract formulation capacity.
Novo Health Services,Small,Unknown Supplier,45,novohealth.com,https://www.linkedin.com/company/novo-health,1,1,0,2.2%,TARGETED STRATEGIC HIRING,Sandi Ro***n (Chief Clinical Integration Officer),Retained Core (R&D Formulation & QA/QC),Sandi Ro***n (Chief Clinical Integration Officer) | Paul Jo***n (Vice President of Business Development) | Gbemisola So***n (Call Center Agent) | Pauline Mu***a (Epic Certified Principal Trainer) | Carol Ro***z (Medical Assistant),"R&D Formulation (1), QA/QC (1), Regulatory Affairs (1)",Sandi Ro***n (Chief Clinical Integration Officer) | Paul Jo***n (Vice President of Business Development) | SG En***t (Sales Manager),Active workforce rotation at Novo Health Services across R&D Formulation & QA/QC; engage verified leadership on Unknown and contract formulation capacity.
Dainty Foods,Small,Unknown Supplier,45,daintyfoods.com,https://www.linkedin.com/company/dainty-foods,1,1,0,2.2%,TARGETED STRATEGIC HIRING,Trevor Oa***y (General Manager - US Operations),Retained Core (R&D Formulation & QA/QC),"Trevor Oa***y (General Manager - US Operations) | Mike Br***n (Vice President of Sales, North America) | Shawez Kh***n (VP of Finance) | Samantha Ga***a (HR Generalist) | Genevieve Pa***e (Director of Sales & Strategic Business Development)","R&D Formulation (1), QA/QC (1), Regulatory Affairs (1)","Trevor Oa***y (General Manager - US Operations) | Mike Br***n (Vice President of Sales, North America) | Shawez Kh***n (VP of Finance)",Active workforce rotation at Dainty Foods across R&D Formulation & QA/QC; engage verified leadership on Unknown and contract formulation capacity.
LJA-LaSalle Investment Management,Small,Unknown Supplier,45,ljalasalleinvestmentmanagement.com,https://www.linkedin.com/company/lja-lasalle-investment-management,1,1,0,2.2%,TARGETED STRATEGIC HIRING,Active Hiring: Plant Operations Manager | Director of Quality & Regulatory,Retained Core (R&D Formulation & QA/QC),Plant Operations Manager (LJA-LaSalle Investment Management) | Director of Quality & Regulatory (LJA-LaSalle Investment Management) | Formulation Scientist (LJA-LaSalle Investment Management) | Technical Sales Director (LJA-LaSalle Investment Management),"R&D Formulation (1), QA/QC (1), Regulatory Affairs (1)",Plant Operations Manager (LJA-LaSalle Investment Management) | Director of Quality & Regulatory (LJA-LaSalle Investment Management) | Technical Sales Director (LJA-LaSalle Investment Management),Active workforce rotation at LJA-LaSalle Investment Management across R&D Formulation & QA/QC; engage verified leadership on Unknown and contract formulation capacity.
Jost Chemical Company,Small,Unknown Supplier,45,jostchemical.com,https://www.linkedin.com/company/jost-chemical,1,1,0,2.2%,TARGETED STRATEGIC HIRING,Douglas Jo***t (Chief Innovation Officer),Retained Core (R&D Formulation & QA/QC),Douglas Jo***t (Chief Innovation Officer) | Carrie St***t (Chief Financial Officer) | Taylor Sp***y (Packaging Category Buyer) | Dillard Ma***n (Global Quality and Regulatory Director) | Toby Be***e (Regional Sales Manager),"R&D Formulation (1), QA/QC (1), Regulatory Affairs (1)",Douglas Jo***t (Chief Innovation Officer) | Carrie St***t (Chief Financial Officer) | Dillard Ma***n (Global Quality and Regulatory Director),Active workforce rotation at Jost Chemical Company across R&D Formulation & QA/QC; engage verified leadership on Unknown and contract formulation capacity.
Gartner,Small,Unknown Supplier,45,gartner.com,https://www.linkedin.com/company/gartner,1,1,0,2.2%,TARGETED STRATEGIC HIRING,"Mandi Bi***p (Distinguished Vice President, Analyst)",Retained Core (R&D Formulation & QA/QC),"Mandi Bi***p (Distinguished Vice President, Analyst) | Jayveer Na***a (AI and Engineering Leader) | Abhilasha Sh***a (Team Lead Recruiting) | Candy Ch***i (Account Director - Large Enterprise | GBS Supply Chain) | Horst Ko***l (Gartner Client Executive Global Enterprises Automotive, Transport & Aviation)","R&D Formulation (1), QA/QC (1), Regulatory Affairs (1)","Mandi Bi***p (Distinguished Vice President, Analyst) | Candy Ch***i (Account Director - Large Enterprise | GBS Supply Chain)",Active workforce rotation at Gartner across R&D Formulation & QA/QC; engage verified leadership on Unknown and contract formulation capacity.
RealWear,Small,Unknown Supplier,45,realwear.com,https://www.linkedin.com/company/realwear,1,1,0,2.2%,TARGETED STRATEGIC HIRING,Kristen Na***i (Global Head of Customer Success),Retained Core (R&D Formulation & QA/QC),Kristen Na***i (Global Head of Customer Success) | Michael Tr***n (Regional Manager EMEA) | Ben Wr***t (Regional Sales Manager | Northern & Central Europe) | Timon Bi***r (CTO & Member of the Board) | Sebastian Be***n (Chief Executive Officer),"R&D Formulation (1), QA/QC (1), Regulatory Affairs (1)",Kristen Na***i (Global Head of Customer Success) | Michael Tr***n (Regional Manager EMEA) | Ben Wr***t (Regional Sales Manager | Northern & Central Europe),Active workforce rotation at RealWear across R&D Formulation & QA/QC; engage verified leadership on Unknown and contract formulation capacity.
UPS,Small,Unknown Supplier,45,ups.com,https://www.linkedin.com/company/ups,1,1,0,2.2%,TARGETED STRATEGIC HIRING,Carol To***e (Chief Executive Officer),Retained Core (R&D Formulation & QA/QC),Carol To***e (Chief Executive Officer) | Saswath V (Lead Product Manager) | Venkatesh Ra***i (Application Developer) | Uwe Ja***t (Account-Manager) | Divyanshu Rai (Account Manager),"R&D Formulation (1), QA/QC (1), Regulatory Affairs (1)",Carol To***e (Chief Executive Officer) | Saswath V (Lead Product Manager) | Uwe Ja***t (Account-Manager),Active workforce rotation at UPS across R&D Formulation & QA/QC; engage verified leadership on Unknown and contract formulation capacity.
Sempra Infrastructure,Small,Unknown Supplier,45,semprainfrastructure.com,https://www.linkedin.com/company/sempra-infrastructure,1,1,0,2.2%,TARGETED STRATEGIC HIRING,Dallas Sm***h (Director of Marine Operations),Retained Core (R&D Formulation & QA/QC),"Brent Da***s (Senior Supervisor, Gas Distribution System Operations | Port Arthur LNG) | Dallas Sm***h (Director of Marine Operations) | Chris Pe***n (LNG Marketing & Commercial Development Manager) | Chrissy Co***e (Senior Talent Acquisition & HR Project Advisor) | Marc Ro***e (Corporate Development Principal (LNG))","R&D Formulation (1), QA/QC (1), Regulatory Affairs (1)",Dallas Sm***h (Director of Marine Operations) | Chris Pe***n (LNG Marketing & Commercial Development Manager),Active workforce rotation at Sempra Infrastructure across R&D Formulation & QA/QC; engage verified leadership on Unknown and contract formulation capacity.
Sail Lore,Small,Unknown Supplier,45,saillore.com,https://www.linkedin.com/company/sail-lore,1,1,0,2.2%,TARGETED STRATEGIC HIRING,Active Hiring: Plant Operations Manager | Director of Quality & Regulatory,Retained Core (R&D Formulation & QA/QC),Plant Operations Manager (Sail Lore) | Director of Quality & Regulatory (Sail Lore) | Formulation Scientist (Sail Lore) | Technical Sales Director (Sail Lore),"R&D Formulation (1), QA/QC (1), Regulatory Affairs (1)",Plant Operations Manager (Sail Lore) | Director of Quality & Regulatory (Sail Lore) | Technical Sales Director (Sail Lore),Active workforce rotation at Sail Lore across R&D Formulation & QA/QC; engage verified leadership on Unknown and contract formulation capacity.
Fullsight,Small,Unknown Supplier,45,fullsight.com,https://www.linkedin.com/company/fullsight,1,1,0,2.2%,TARGETED STRATEGIC HIRING,"Luke Ne***m (Manager, Talent Acquisition)",Retained Core (R&D Formulation & QA/QC),"Luke Ne***m (Manager, Talent Acquisition) | Nicole Wi***n (Tax Manager) | Jason Gr***n (Senior Data Engineer) | Bikale Ab***a (Senior Software Engineer) | Craig Tu***t (Senior Engineering Manager)","R&D Formulation (1), QA/QC (1), Regulatory Affairs (1)","Luke Ne***m (Manager, Talent Acquisition) | Nicole Wi***n (Tax Manager) | Craig Tu***t (Senior Engineering Manager)",Active workforce rotation at Fullsight across R&D Formulation & QA/QC; engage verified leadership on Unknown and contract formulation capacity.
Spectrum Reach,Small,Unknown Supplier,45,spectrumreach.com,https://www.linkedin.com/company/spectrum-reach,1,1,0,2.2%,TARGETED STRATEGIC HIRING,David Ed***s (Senior Writer/Producer/Director),Retained Core (R&D Formulation & QA/QC),"Benny Ma***r (Account Executive) | Patrick Di***o (Advertising Planning & Execution) | David Ed***s (Senior Writer/Producer/Director) | Katie Ph***s (HR Manager) | Matthew Sc***p (Sr. Manager, Talent Acquisition)","R&D Formulation (1), QA/QC (1), Regulatory Affairs (1)","David Ed***s (Senior Writer/Producer/Director) | Katie Ph***s (HR Manager) | Matthew Sc***p (Sr. Manager, Talent Acquisition)",Active workforce rotation at Spectrum Reach across R&D Formulation & QA/QC; engage verified leadership on Unknown and contract formulation capacity.
ChatGPT Jobs,Small,Unknown Supplier,45,chatgptjobs.com,https://www.linkedin.com/company/chatgpt-jobs,1,1,0,2.2%,TARGETED STRATEGIC HIRING,Active Hiring: Plant Operations Manager | Director of Quality & Regulatory,Retained Core (R&D Formulation & QA/QC),Sonu Sh***a (AI Content & ChatGPT Freelancer),"R&D Formulation (1), QA/QC (1), Regulatory Affairs (1)",Active Hiring: Plant Operations Manager | Director of Quality & Regulatory,Active workforce rotation at ChatGPT Jobs across R&D Formulation & QA/QC; engage verified leadership on Unknown and contract formulation capacity.
Jack & Jill,Small,Unknown Supplier,45,jackjill.com,https://www.linkedin.com/company/jack-jill,1,1,0,2.2%,TARGETED STRATEGIC HIRING,Active Hiring: Plant Operations Manager | Director of Quality & Regulatory,Retained Core (R&D Formulation & QA/QC),Will Po***i (Founding Engineer) | Joe Le***t (Founding Talent Operator) | Kristell Lu***s (Talent Partner) | Ed Kim (Founding Operator) | Ed St***e (Founding Operator),"R&D Formulation (1), QA/QC (1), Regulatory Affairs (1)",Active Hiring: Plant Operations Manager | Director of Quality & Regulatory,Active workforce rotation at Jack & Jill across R&D Formulation & QA/QC; engage verified leadership on Unknown and contract formulation capacity.
MaxGrip,Small,Unknown Supplier,45,maxgrip.com,https://www.linkedin.com/company/maxgrip,1,1,0,2.2%,TARGETED STRATEGIC HIRING,Natacha Mo***r ((Global) HR Manager),Retained Core (R&D Formulation & QA/QC),Marcel Mo***g (Founder) | Natacha Mo***r ((Global) HR Manager) | Peter Po***a (Managing Director APAC) | Paul He***x (Senior Consultant) | Freddy Vos (VP of Global Software Sales),"R&D Formulation (1), QA/QC (1), Regulatory Affairs (1)",Marcel Mo***g (Founder) | Natacha Mo***r ((Global) HR Manager) | Peter Po***a (Managing Director APAC),Active workforce rotation at MaxGrip across R&D Formulation & QA/QC; engage verified leadership on Unknown and contract formulation capacity.
action.,Small,Unknown Supplier,45,action.com,https://www.linkedin.com/company/action,1,1,0,2.2%,TARGETED STRATEGIC HIRING,Active Hiring: Plant Operations Manager | Director of Quality & Regulatory,Retained Core (R&D Formulation & QA/QC),Eric Fu***e (Direction de Site Industriel),"R&D Formulation (1), QA/QC (1), Regulatory Affairs (1)",Active Hiring: Plant Operations Manager | Director of Quality & Regulatory,Active workforce rotation at action. across R&D Formulation & QA/QC; engage verified leadership on Unknown and contract formulation capacity.
Kyriba,Small,Unknown Supplier,45,kyriba.com,https://www.linkedin.com/company/kyriba,1,1,0,2.2%,TARGETED STRATEGIC HIRING,Cairy Me***r (Senior Director of Partnerships and Alliances),Retained Core (R&D Formulation & QA/QC),"Cairy Me***r (Senior Director of Partnerships and Alliances) | Julian Wo***g (Enterprise Sales) | Paul Ab***e (Senior Director, Global Talent Acquisition) | Colin Pa***r (Customer Success Manager) | Mustafa Sh***n (Head)","R&D Formulation (1), QA/QC (1), Regulatory Affairs (1)","Cairy Me***r (Senior Director of Partnerships and Alliances) | Paul Ab***e (Senior Director, Global Talent Acquisition) | Colin Pa***r (Customer Success Manager)",Active workforce rotation at Kyriba across R&D Formulation & QA/QC; engage verified leadership on Unknown and contract formulation capacity.
Arrive,Small,Unknown Supplier,45,arrive.com,https://www.linkedin.com/company/arrive,1,1,0,2.2%,TARGETED STRATEGIC HIRING,Jason Ma***s (Country Director ANZ),Retained Core (R&D Formulation & QA/QC),"Anna Dy***a (Talent Acquisition Partner) | Jason Ma***s (Country Director ANZ) | Chengkuach Al***r (Account Executive) | Prasanth De***i (Senior Technical Recruiter) | Rakshith Sh***y (Principal, Chief of Staff)","R&D Formulation (1), QA/QC (1), Regulatory Affairs (1)","Jason Ma***s (Country Director ANZ) | Rakshith Sh***y (Principal, Chief of Staff) | Nick Po***l (CEO of Transport)",Active workforce rotation at Arrive across R&D Formulation & QA/QC; engage verified leadership on Unknown and contract formulation capacity.
Netrio,Small,Unknown Supplier,45,netrio.com,https://www.linkedin.com/company/netrio,1,1,0,2.2%,TARGETED STRATEGIC HIRING,Michael Cr***l (Executive Leader),Retained Core (R&D Formulation & QA/QC),Mark Cl***n (Technology Services Executive) | Michael Cr***l (Executive Leader) | Sachin Pa***l (Talent Acquisition) | Gina Mu***y (President and Chief Transformation Officer) | Stephen Ne***s (Sales & Marketing Executive),"R&D Formulation (1), QA/QC (1), Regulatory Affairs (1)",Gina Mu***y (President and Chief Transformation Officer) | Chris He***t (Vice President - Channel Development and IT Strategy),Active workforce rotation at Netrio across R&D Formulation & QA/QC; engage verified leadership on Unknown and contract formulation capacity.
Peak Sports MGMT,Small,Unknown Supplier,45,peaksportsmgmt.com,https://www.linkedin.com/company/peak-sports-mgmt,1,1,0,2.2%,TARGETED STRATEGIC HIRING,Greyson Al***n (Chief of Staff),Retained Core (R&D Formulation & QA/QC),Greyson Al***n (Chief of Staff) | Philip Vi***a (Sports Business Leader) | Kyle Te***n (Regional Sales Director Pinnacle) | Allison Ki***h (Director of Service - Akron Athletics) | Zach Vos (Revenue Generation),"R&D Formulation (1), QA/QC (1), Regulatory Affairs (1)",Greyson Al***n (Chief of Staff) | Kyle Te***n (Regional Sales Director Pinnacle) | Allison Ki***h (Director of Service - Akron Athletics),Active workforce rotation at Peak Sports MGMT across R&D Formulation & QA/QC; engage verified leadership on Unknown and contract formulation capacity.
Zachary Piper Solutions,Small,Unknown Supplier,45,zacharypiper.com,https://www.linkedin.com/company/zachary-piper,1,1,0,2.2%,TARGETED STRATEGIC HIRING,"Trudee Wo***n (Strategic Business Development and Team Lead, Federal)",Retained Core (R&D Formulation & QA/QC),"Meg Le***s (Federal Partnerships) | Trudee Wo***n (Strategic Business Development and Team Lead, Federal) | Linwood St***s (Sr. Federal Sales Director) | Kemar Lee (Senior Network Architect) | Garrett Sh***r (Managing Director, Federal Services)","R&D Formulation (1), QA/QC (1), Regulatory Affairs (1)","Linwood St***s (Sr. Federal Sales Director) | Garrett Sh***r (Managing Director, Federal Services)",Active workforce rotation at Zachary Piper Solutions across R&D Formulation & QA/QC; engage verified leadership on Unknown and contract formulation capacity.
Hire Feed,Small,Unknown Supplier,45,hirefeed.com,https://www.linkedin.com/company/hire-feed,1,1,0,2.2%,TARGETED STRATEGIC HIRING,Active Hiring: Talent Acquisition Specialist | Mid-Senior level professionals across multiple functions,Retained Core (Engineering & Administrative),Zeynep Ki***c (Ön Uç Geliştirici) | Juergen Zw***e (Temporary Recruiter) | Asim Ma***o (Asim) | Prasanta Ha***r (Customer Support Specialist) | Abiodun Ba***e (Senior Technical Writer),"Engineering (1), Administrative (1), Sales (1)",Active Department Leadership: Talent Acquisition Specialist,Active workforce rotation at Hire Feed across Engineering & Administrative; engage verified leadership on Unknown and contract formulation capacity.
MoroccoNext International Trade & Business Solutions Ltd,Small,Testing & CRO Laboratory,65,morocconext.com,https://www.linkedin.com/company/morocconext,1,1,0,1.5%,TARGETED STRATEGIC HIRING,Active Hiring: CPA (Certified Public Accountant) | International Trade Specialist,Retained Core (International Trade Specialist & Regulatory Compliance),CPA (Certified Public Accountant) (MoroccoNext International Trade & Business Solutions Ltd) | International Trade Specialist (MoroccoNext International Trade & Business Solutions Ltd) | Regulatory Compliance Specialist (MoroccoNext International Trade & Business Solutions Ltd) | Tax Consultant (MoroccoNext International Trade & Business Solutions Ltd),"International Trade Specialist (1), Regulatory Compliance (1), Accounting (1)",Active Department Leadership: CPA (Certified Public Accountant),Active workforce rotation at MoroccoNext International Trade & Business Solutions Ltd across International Trade Specialist & Regulatory Compliance; engage verified leadership on Unknown and contract formulation capacity.
Xylem,Medium,Unknown Supplier,250,xylem.com,https://www.linkedin.com/company/xylem,2,1,1,0.8%,ACTIVE WORKFORCE ROTATION,Abinash Pa***o (Sales & Marketing Leader),Retained Core (Technical Sales Engineer/Specialist & Service Supervisor),"Abinash Pa***o (Sales & Marketing Leader) | Sebastian M (EHS-Regional-Manager (DE, NL, BE, AT, DK)) | Dan Da***s (Operational Excellence Leader) | Peter Om***a (Sales Engineer - Utilities & Solar (East Africa)) | Mohamed Is***l (Commercial Director – Water Infrastructure for the Middle East, Africa, and Turkey)","Technical Sales Engineer/Specialist (2), Service Supervisor (1), Territory Manager (1)","Sebastian M (EHS-Regional-Manager (DE, NL, BE, AT, DK)) | Mohamed Is***l (Commercial Director – Water Infrastructure for the Middle East, Africa, and Turkey)",Active workforce rotation at Xylem across Technical Sales Engineer/Specialist & Service Supervisor; engage verified leadership on Unknown and contract formulation capacity.
The Agency Cayman,Small,Unknown Supplier,45,the.com,https://www.linkedin.com/company/the,1,1,0,2.2%,TARGETED STRATEGIC HIRING,Active Hiring: Regulatory Scientist | Quality Analyst,Retained Core (Regulatory & QA/QC),Beth Ho***d (Blogger),"Regulatory (1), QA/QC (1), R&D (1)",Active Department Leadership: Regulatory Scientist,Active workforce rotation at The Agency Cayman across Regulatory & QA/QC; engage verified leadership on Unknown and contract formulation capacity.
Miltenyi Biotec,Large,Contract Manufacturer & CDMO,4000,miltenyibiotec.com,https://www.linkedin.com/company/miltenyi-biotec,3,1,2,0.1%,ACTIVE WORKFORCE ROTATION,Hareesh Pa***n (Business Development Lead - Cell and Gene Therapy),Retained Core (Quality Control/Quality Assurance & Research & Development),Akshay Bh***i (Global Strategic Pricing Specialist) | Hareesh Pa***n (Business Development Lead - Cell and Gene Therapy) | Shahul Mo***d (Marketing Manager) | Brandon Mc***e (Finance and Accounting Junior Analyst) | Matt Co***k (Country Manager),"Quality Control/Quality Assurance (3), Research & Development (2), Manufacturing (1)","Shahul Mo***d (Marketing Manager) | Matt Co***k (Country Manager) | Suzy O'***e (Director, Talent Acquisition)",Active workforce rotation at Miltenyi Biotec across Quality Control/Quality Assurance & Research & Development; engage verified leadership on contract manufacturer and contract formulation capacity.
Caterpillar Inc.,Medium,Unknown Supplier,145,caterpillar.com,https://www.linkedin.com/company/caterpillar,2,1,1,1.4%,ACTIVE WORKFORCE ROTATION,Christy Pa***i (Chief Human Resources Officer),Retained Core (Learning & Development & Talent Acquisition),Christy Pa***i (Chief Human Resources Officer) | Denise Jo***n (Group President) | Luciana Po***s (Talent Acquisition Sourcer) | Daniel Ca***o (Multiple Leadership Positions) | Joe Ro***n (Senior Manager Business Development),"Learning & Development (2), Talent Acquisition (1), IT/Full Stack Development (1)",Christy Pa***i (Chief Human Resources Officer) | Denise Jo***n (Group President) | Joe Ro***n (Senior Manager Business Development),Active workforce rotation at Caterpillar Inc. across Learning & Development & Talent Acquisition; engage verified leadership on Unknown and contract formulation capacity.
Ventura Foods,Medium,Contract Manufacturer & CDMO,145,venturafoods.com,https://www.linkedin.com/company/ventura-foods,2,1,1,1.4%,ACTIVE WORKFORCE ROTATION,Jonathan Ra***s (Regional Sales Manager),Retained Core (Food Safety & Compliance),"Jonathan Ra***s (Regional Sales Manager) | Stefan He***d (B2B Marketing) | Mario Pa***a (Director, Field Human Resources) | Thomas Lee (Sanitation Supervisor) | Ranu Sr***a (Sr Manager Applications ( Oil Value Chain))","Food Safety (2), Compliance (1), Operations (1)","Jonathan Ra***s (Regional Sales Manager) | Mario Pa***a (Director, Field Human Resources) | Ranu Sr***a (Sr Manager Applications ( Oil Value Chain))","Active workforce rotation at Ventura Foods across Food Safety & Compliance; engage verified leadership on ingredient supplier, contract manufacturer and contract formulation capacity."
Roncadin Inc.,Large,Unknown Supplier,800,roncadin.com,https://www.linkedin.com/company/roncadin,3,1,2,0.4%,ACTIVE WORKFORCE ROTATION,Julio Ma***z (Head of Operations),Retained Core (Operations & Finance),Julio Ma***z (Head of Operations) | Alessandro To***a (HR Director) | Alessio Lu***e (Chief Executive Officer) | Paola Be***n (Marketing Communication Coordinator) | Chiara Co***i (Export Manager | Key Account & Back Office Coordination),"Operations (3), Finance (2), Sales (1)",Julio Ma***z (Head of Operations) | Alessandro To***a (HR Director) | Alessio Lu***e (Chief Executive Officer),Active workforce rotation at Roncadin Inc. across Operations & Finance; engage verified leadership on Unknown and contract formulation capacity.
Mobizy,Medium,Contract Manufacturer & CDMO,145,mobizy.com,https://www.linkedin.com/company/mobizy,2,1,1,1.4%,ACTIVE WORKFORCE ROTATION,Andre Sa***s (Quality Manager),Retained Core (Regulatory & QA/QC),Andre Sa***s (Quality Manager) | Carolina Ma***s (Talent Acquisition Specialist) | Diogo Mi***l (Mechanical Engineer) | Dora Du***o (HR Business Partner) | Ricardo Fe***s (Enterprise Consultant),"Regulatory (2), QA/QC (1), R&D (1)",Andre Sa***s (Quality Manager),Active workforce rotation at Mobizy across Regulatory & QA/QC; engage verified leadership on contract manufacturer and contract formulation capacity.
Springs Window Fashions,Large,Unknown Supplier,9000,springswindowfashions.com,https://www.linkedin.com/company/springs-window-fashions,3,1,2,0.0%,ACTIVE WORKFORCE ROTATION,Jason Bi***m (Chief Executive Officer),Retained Core (Sales & Business Development),"Jason Bi***m (Chief Executive Officer) | Rodolfo So***s (Snr Manager, Global Trade & Customs) | Angelica Ro***z (Human Resources Manager) | Jill Ga***h (Chief Human Resources Officer) | Vedant Ku***i (Product Configuration BA & Developer)","Sales (3), Business Development (2), Account Management (1)","Jason Bi***m (Chief Executive Officer) | Rodolfo So***s (Snr Manager, Global Trade & Customs) | Angelica Ro***z (Human Resources Manager)",Active workforce rotation at Springs Window Fashions across Sales & Business Development; engage verified leadership on Unknown and contract formulation capacity.
Strativ Group,Small,Testing & CRO Laboratory,65,strativgroup.com,https://www.linkedin.com/company/strativ,1,1,0,1.5%,TARGETED STRATEGIC HIRING,Nicholas Wo***e (Head of Contract),Retained Core (Quality Assurance & Testing),Amber Pe***e (Senior Principal Consultant) | Nicholas Wo***e (Head of Contract) | Jacob Pa***n (Associate Director | Technology Consulting (Contract & Interim) | EMEA) | Fiona Ol***a (Account Director) | Edward Cr***n (CEO),"Quality Assurance (1), Testing (1), Manufacturing (1)",Nicholas Wo***e (Head of Contract) | Jacob Pa***n (Associate Director | Technology Consulting (Contract & Interim) | EMEA) | Fiona Ol***a (Account Director),Active workforce rotation at Strativ Group across Quality Assurance & Testing; engage verified leadership on Unknown and contract formulation capacity.
PennEnergy Resources LLC.,Small,Unknown Supplier,45,pennenergyresources.com,https://www.linkedin.com/company/pennenergy-resources,1,1,0,2.2%,TARGETED STRATEGIC HIRING,Jennifer Ob***k (Director of Origination),Retained Core (Landman & Engineering Project Manager),Jennifer Ob***k (Director of Origination) | Tim Ge***r (Director of Supply Chain) | Chris Ka***r (Production Supervisor) | Zach Zi***r (Director of Drilling) | Benjamin Ba***s (President),"Landman (1), Engineering Project Manager (1), Asset Manager (1)",Jennifer Ob***k (Director of Origination) | Tim Ge***r (Director of Supply Chain) | Zach Zi***r (Director of Drilling),Active workforce rotation at PennEnergy Resources LLC. across Landman & Engineering Project Manager; engage verified leadership on Unknown and contract formulation capacity.
Tekever,Large,Contract Manufacturer & CDMO,1200,tekever.com,https://www.linkedin.com/company/tekever,3,1,2,0.2%,ACTIVE WORKFORCE ROTATION,Andre Sa***s (Quality Manager),Retained Core (Data Science & Machine Learning/AI),Andre Sa***s (Quality Manager) | Carolina Ma***s (Talent Acquisition Specialist) | Diogo Mi***l (Mechanical Engineer) | Dora Du***o (HR Business Partner) | Ricardo Fe***s (Enterprise Consultant),"Data Science (3), Machine Learning/AI (2), Procurement (1)",Andre Sa***s (Quality Manager),Active workforce rotation at Tekever across Data Science & Machine Learning/AI; engage verified leadership on contract manufacturer and contract formulation capacity.
CoreWeave,Large,Unknown Supplier,1000,coreweave.com,https://www.linkedin.com/company/coreweave,3,1,2,0.3%,ACTIVE WORKFORCE ROTATION,Justin Ho***s (Head of Physical AI),Retained Core (Legal Operations & Strategic Finance),"Justin Ho***s (Head of Physical AI) | Richard Ah***d (SVP for Physical and Scientific AI) | Amit Ph***y (Senior Talent Partner (AI, ML & Infra)) | Michael In***r (Chief Executive Officer) | Seann Ga***r (VP, Business Development)","Legal Operations (3), Strategic Finance (2), Product Management (1)",Justin Ho***s (Head of Physical AI) | Richard Ah***d (SVP for Physical and Scientific AI) | Michael In***r (Chief Executive Officer),Active workforce rotation at CoreWeave across Legal Operations & Strategic Finance; engage verified leadership on Unknown and contract formulation capacity.
AAK,Large,Contract Manufacturer & CDMO,4000,aak.com,https://www.linkedin.com/company/aak,3,1,2,0.1%,ACTIVE WORKFORCE ROTATION,Ian Ro***s (Non Executive Director),Retained Core (Sales & Account Management),Lucas Ba***a (Gestor de Manutenção Elétrica e Automação) | Ian Ro***s (Non Executive Director) | Fatih Co***n (Refinery Plant Manager) | Stephany Be***i (HR Coordinator) | Erhan Yi***z (Commercial Innovation Director),"Sales (3), Account Management (2), Project Engineering (1)",Ian Ro***s (Non Executive Director) | Fatih Co***n (Refinery Plant Manager) | Erhan Yi***z (Commercial Innovation Director),"Active workforce rotation at AAK across Sales & Account Management; engage verified leadership on ingredient supplier, contract manufacturer and contract formulation capacity."
Merck,Large,ingredient supplier Supplier,75000,merck.com,https://www.linkedin.com/company/merck,3,1,2,0.0%,ACTIVE WORKFORCE ROTATION,Carlos Sa***z (Human Resources Leader),Retained Core (Regulatory Affairs & Market Access),"Carlos Sa***z (Human Resources Leader) | Dennis Wr***t (Executive Recruitment Partner, Merck) | Johnson Qi***n (Associate Director/Associate Principal Scientist, Health Economic and Decision Sciences (Oncology)) | Anna Ma***e (Recruitment Specialist) | James Ca***l (Project Manager & Business/System Analyst Consultant)","Regulatory Affairs (3), Market Access (2), Medical Affairs (1)","Johnson Qi***n (Associate Director/Associate Principal Scientist, Health Economic and Decision Sciences (Oncology)) | James Ca***l (Project Manager & Business/System Analyst Consultant) | Hitesh Ba***l (Associate Director)",Active workforce rotation at Merck across Regulatory Affairs & Market Access; engage verified leadership on ingredient supplier and contract formulation capacity.
Flavor Dynamics,Small,ingredient supplier Supplier,45,flavordynamics.com,https://www.linkedin.com/company/flavor-dynamics,1,1,0,2.2%,TARGETED STRATEGIC HIRING,Jane He***l (Business Development Manager),Retained Core (Sales & Product Development),Jane He***l (Business Development Manager) | Dolf De***a (President) | Lonna Me***r (Sales Manager) | Sandy Ak***r (Director of Marketing and Sales at Flavor Dynamics) | Sally Ab***d (Flavorist Trainee),"Sales (1), Product Development (1), Regional Sales Operations (1)",Jane He***l (Business Development Manager) | Dolf De***a (President) | Lonna Me***r (Sales Manager),Active workforce rotation at Flavor Dynamics across Sales & Product Development; engage verified leadership on ingredient supplier and contract formulation capacity.
American Botanicals & Aloha Medicinals,Medium,Contract Manufacturer & CDMO,145,americanbotanicalsalohamedicinals.com,https://www.linkedin.com/company/american-botanicals-aloha-medicinals,3,2,1,2.1%,ACTIVE WORKFORCE ROTATION,Active Hiring: Customer Service Specialist | National Account Manager,Retained Core (Sales (National Account Manager) & Customer Service),Customer Service Specialist (American Botanicals & Aloha Medicinals) | National Account Manager (American Botanicals & Aloha Medicinals),"Sales (National Account Manager) (3), Customer Service (2), Quality/Supply Chain (1)",National Account Manager (American Botanicals & Aloha Medicinals) | Active Hiring: Customer Service Specialist | National Account Manager,"Active workforce rotation at American Botanicals & Aloha Medicinals across Sales (National Account Manager) & Customer Service; engage verified leadership on ingredient supplier, contract manufacturer and contract formulation capacity."
Brookside Flavors & Ingredients,Medium,Contract Manufacturer & CDMO,145,brooksideflavors.com,https://www.linkedin.com/company/brookside-flavors,2,1,1,1.4%,ACTIVE WORKFORCE ROTATION,"Jeff Ra***y (Sr. Vice President, Organic Sales Through June 2021, now Independent Agent)",Retained Core (Quality Assurance/QC & R&D),"Jeff Ra***y (Sr. Vice President, Organic Sales Through June 2021, now Independent Agent) | Hulya Po***u (Senior Account Executive) | Mel Ke***r (Senior Account Executive) | Allison Wo***n (Senior Account Executive) | Matthew Br***y (Business Systems Analyst)","Quality Assurance/QC (2), R&D (1), Sales (1)","Jeff Ra***y (Sr. Vice President, Organic Sales Through June 2021, now Independent Agent)","Active workforce rotation at Brookside Flavors & Ingredients across Quality Assurance/QC & R&D; engage verified leadership on ingredient supplier, contract manufacturer and contract formulation capacity."
Caldic USA,Large,Contract Manufacturer & CDMO,1000,caldic.com,https://www.linkedin.com/company/caldic,3,1,2,0.3%,ACTIVE WORKFORCE ROTATION,Marine Sc***i (Global Communications Manager),Retained Core (Regulatory & QA/QC),Camila Ba***i (Business Partner - Consultor Interno RH) | Marine Sc***i (Global Communications Manager) | Farra Ja***r (APAC Regional Talent Acquisition Partner) | Mario Cu***a (Talent Management and Development Manager) | Emilie Va***n (HRBP),"Regulatory (3), QA/QC (2), R&D (1)",Marine Sc***i (Global Communications Manager) | Mario Cu***a (Talent Management and Development Manager) | Mauricio Al***s (Corporate ESH Manager - South America),"Active workforce rotation at Caldic USA across Regulatory & QA/QC; engage verified leadership on ingredient supplier, contract manufacturer and contract formulation capacity."
Batory Foods,Small,ingredient supplier Supplier,45,batoryfoods.com,https://www.linkedin.com/company/batory-foods,1,1,0,2.2%,TARGETED STRATEGIC HIRING,Eric Pa***n (Chief Technology Officer),Retained Core (Sales & Marketing),Eric Pa***n (Chief Technology Officer) | Matt He***l (Batory Foods) | Leanne Le***y (Director of Product Mgmt - Nutrition & Head of Marketing) | Robert Ki***n (Vice President) | Alina Kh***n (Paralegal Assistant),"Sales (1), Marketing (1), Logistics (1)",Eric Pa***n (Chief Technology Officer) | Leanne Le***y (Director of Product Mgmt - Nutrition & Head of Marketing) | Robert Ki***n (Vice President),Active workforce rotation at Batory Foods across Sales & Marketing; engage verified leadership on ingredient supplier and contract formulation capacity.
Kerry Americas,Large,Contract Manufacturer & CDMO,1000,kerry.com,https://www.linkedin.com/company/kerry,3,1,2,0.3%,ACTIVE WORKFORCE ROTATION,"Jad Ne***e (Vice President & GM, Middle East & Africa)",Retained Core (R&D & Process Science),"Giovanna Lu***a (Americas Learning Partner) | Aditi Ra***i (Senior Talent Acquisition Specialist - India Subcontinent (MISA)) | Jad Ne***e (Vice President & GM, Middle East & Africa) | Rania Sh***b (HR Manager) | Kelly Hi***s (Regional Head of Talent Acquisition - North America)","R&D (3), Process Science (2), Quality/QC (1)","Jad Ne***e (Vice President & GM, Middle East & Africa) | Rania Sh***b (HR Manager) | Kelly Hi***s (Regional Head of Talent Acquisition - North America)","Active workforce rotation at Kerry Americas across R&D & Process Science; engage verified leadership on ingredient supplier, contract manufacturer and contract formulation capacity."
Caffe D'Amore,Small,Unknown Supplier,45,caffedamore.com,https://www.linkedin.com/company/caffe-d-amore,1,1,0,2.2%,TARGETED STRATEGIC HIRING,Kaushal Ku***r (Sales Manager Key Account South Region),Retained Core (Food Service Operations & Dish Room Management),Nqobile Bo***t (Snr Talent Acquisition Partner) | Kaushal Ku***r (Sales Manager Key Account South Region) | Daniela Lo***z (Operations Manager) | Oliver Ke***y (Group Chief Commercial Officer) | Eric Du***n (Director of Sales - Chain Accounts),"Food Service Operations (1), Dish Room Management (1), Café Operations (1)",Kaushal Ku***r (Sales Manager Key Account South Region) | Daniela Lo***z (Operations Manager) | Oliver Ke***y (Group Chief Commercial Officer),Active workforce rotation at Caffe D'Amore across Food Service Operations & Dish Room Management; engage verified leadership on Unknown and contract formulation capacity.
Mars,Small,Unknown Supplier,45,mars.com,https://www.linkedin.com/company/mars,1,1,0,2.2%,TARGETED STRATEGIC HIRING,"Kiran Ma***v (Director Talent Acquisition Middle East, Africa and India)",Retained Core (Pet Nutrition & Digital & Transformation),"Padmasree Wa***r (Board Advisor) | Angelica Pa***a (P&O Specialist) | Poul We***h (CEO & Office of the President) | Lais Se***i (Talent Acquisition) | Kiran Ma***v (Director Talent Acquisition Middle East, Africa and India)","Pet Nutrition (1), Digital & Transformation (1), Technical Management (1)","Poul We***h (CEO & Office of the President) | Kiran Ma***v (Director Talent Acquisition Middle East, Africa and India) | Carlos Ar***o (Head of Talent Acquisition)",Active workforce rotation at Mars across Pet Nutrition & Digital & Transformation; engage verified leadership on Unknown and contract formulation capacity.
StreSERT Integrated Limited,Small,Unknown Supplier,45,stresertintegrated.com,https://www.linkedin.com/company/stresert-integrated,1,1,0,2.2%,TARGETED STRATEGIC HIRING,Michael Ts***e (Digital Marketing & Strategy Lead (Ad Specialist)),Retained Core (HR & Recruitment),Michael Ts***e (Digital Marketing & Strategy Lead (Ad Specialist)) | Roselyn On***a (Managing Consultant) | Oluwajuwon Ma***e (Talent Acquisition Consultant) | Beauty Ta***o (Finance Manager) | Patrick Aw***u (Chief Operating Officer),"HR (1), Recruitment (1), Training (1)","Beauty Ta***o (Finance Manager) | Patrick Aw***u (Chief Operating Officer) | Olushola St***p (Head, Talent Acquisition [People] and Organization Improvement)",Active workforce rotation at StreSERT Integrated Limited across HR & Recruitment; engage verified leadership on Unknown and contract formulation capacity.
Dole Packaged Food,Medium,Unknown Supplier,145,dolepackagedfood.com,https://www.linkedin.com/company/dole-packaged-food,2,1,1,1.4%,ACTIVE WORKFORCE ROTATION,Rob Va***r (HR Director),Retained Core (R&D & Supply Chain),"Rob Va***r (HR Director) | Deepak Ku***a (Management Associate) | Benjamin Ka***s (Global Head of Ocean Operations Strategy and Procurement) | Selva Ch***n (Human Resources Generalist) | Shailendra Ra***e (Head of R&D, APAC)","R&D (2), Supply Chain (1), Manufacturing (1)","Rob Va***r (HR Director) | Benjamin Ka***s (Global Head of Ocean Operations Strategy and Procurement) | Shailendra Ra***e (Head of R&D, APAC)",Active workforce rotation at Dole Packaged Food across R&D & Supply Chain; engage verified leadership on Unknown and contract formulation capacity.
"Plantae Life Co., Ltd.",Small,Finished Dietary Supplement Brand,51,plantaelife.com,https://www.linkedin.com/company/plantae-life,1,1,0,2.0%,TARGETED STRATEGIC HIRING,Sirikan Ka***a (HR Manager),Retained Core (Career & Productivity),Sirikan Ka***a (HR Manager) | Ananya P (Senior Human Resources Business Partner & Talent Acquisition) | Thitapa Si***a (Senior Performance Marketing Specialist) | Sathida La***t (Senior Brand Communications Specialist) | Pramrudi Ch***n (HR Operation Intern),"Career (1), Productivity (1), Finance (1)",Sirikan Ka***a (HR Manager),"Active workforce rotation at Plantae Life Co., Ltd. across Career & Productivity; engage verified leadership on supplement brand and contract formulation capacity."
NSF International,Large,Testing & CRO Laboratory,1000,nsf.com,https://www.linkedin.com/company/nsf,3,1,2,0.3%,ACTIVE WORKFORCE ROTATION,"Hanjun Kw***n (Managing Director, APAC)",Retained Core (Regulatory Compliance & Product Compliance),"Hanjun Kw***n (Managing Director, APAC) | Vivianne C (Talent Acquisition Manager - Latam) | Jim St***r (Director of Client Engagement, Nutrition and Wellness) | Liam Ro***s (Associate Director, Innovation Technology) | Aarti Pu***i (Talent Acquisition Partner)","Regulatory Compliance (3), Product Compliance (2), Quality Assurance/Quality Control (1)","Hanjun Kw***n (Managing Director, APAC) | Vivianne C (Talent Acquisition Manager - Latam) | Jim St***r (Director of Client Engagement, Nutrition and Wellness)",Active workforce rotation at NSF International across Regulatory Compliance & Product Compliance; engage verified leadership on Unknown and contract formulation capacity.
E.ON,Small,ingredient supplier Supplier,45,eon.com,https://www.linkedin.com/company/e-on,1,1,0,2.2%,TARGETED STRATEGIC HIRING,Christos Sp***s (Lead Product Portfolio Manager - Global eMobility Solutions),Retained Core (R&D & Quality/Manufacturing),Thomas Ko***g (Dr.) | Theresa Lu***g (Senior Business Partner Executive HR | COO-C und COO-D) | Christos Sp***s (Lead Product Portfolio Manager - Global eMobility Solutions) | Matthew Ro***s (Head of Acquisitions) | Davide Vi***a (Senior Vice President Energy Retail),"R&D (1), Quality/Manufacturing (1), Regulatory Affairs (1)",Christos Sp***s (Lead Product Portfolio Manager - Global eMobility Solutions) | Matthew Ro***s (Head of Acquisitions) | Davide Vi***a (Senior Vice President Energy Retail),Active workforce rotation at E.ON across R&D & Quality/Manufacturing; engage verified leadership on ingredient supplier and contract formulation capacity.
Nestle (Thai) Ltd.,Large,Finished Dietary Supplement Brand,12000,nestlethai.com,https://www.linkedin.com/company/nestle,3,1,2,0.0%,ACTIVE WORKFORCE ROTATION,David Ma***n (Sales Manager),Retained Core (Supply Chain & Process Operations),David Ma***n (Sales Manager) | Frederick Ch***n (Account Manager) | Shamma Al***i (Regional Associate Brand Manager) | Obert Mu***a (Accounts Payables Accountant) | Sujata Du***a (Supply Chain Business Analyst),"Supply Chain (3), Process Operations (2), Field Category Management (1)",David Ma***n (Sales Manager) | Frederick Ch***n (Account Manager) | Shamma Al***i (Regional Associate Brand Manager),Active workforce rotation at Nestle (Thai) Ltd. across Supply Chain & Process Operations; engage verified leadership on supplement brand and contract formulation capacity.
5129 Tate & Lyle Global Shared Services Sp.z o.o.,Small,ingredient supplier Supplier,45,5129tatelyle.com,https://www.linkedin.com/company/5129-tate-lyle,1,1,0,2.2%,TARGETED STRATEGIC HIRING,Active Hiring: IT Senior Manager - Data and AI | Maintenance Tech,Retained Core (Data and AI & Maintenance),IT Senior Manager - Data and AI (5129 Tate & Lyle Global Shared Services Sp.z o.o.) | Maintenance Tech (5129 Tate & Lyle Global Shared Services Sp.z o.o.) | Instrumentation Technician (5129 Tate & Lyle Global Shared Services Sp.z o.o.) | E/I Engineer (5129 Tate & Lyle Global Shared Services Sp.z o.o.),"Data and AI (1), Maintenance (1), Instrumentation (1)",IT Senior Manager - Data and AI (5129 Tate & Lyle Global Shared Services Sp.z o.o.) | Active Hiring: IT Senior Manager - Data and AI | Maintenance Tech,Active workforce rotation at 5129 Tate & Lyle Global Shared Services Sp.z o.o. across Data and AI & Maintenance; engage verified leadership on ingredient supplier and contract formulation capacity.
Continental Recruiting & HR Solutions,Small,Unknown Supplier,45,continentalrecruitinghr.com,https://www.linkedin.com/company/continental-recruiting-hr,1,1,0,2.2%,TARGETED STRATEGIC HIRING,Active Hiring: Nutritionist | Veterinarian,Retained Core (Nutritionists & Veterinarians),Nutritionist (Continental Recruiting & HR Solutions) | Veterinarian (Continental Recruiting & HR Solutions) | Product Development Specialist (Continental Recruiting & HR Solutions) | Technical Support Specialist (Continental Recruiting & HR Solutions),"Nutritionists (1), Veterinarians (1), Product Development Specialists (1)",Active Department Leadership: Nutritionist,Active workforce rotation at Continental Recruiting & HR Solutions across Nutritionists & Veterinarians; engage verified leadership on Unknown and contract formulation capacity.
Novonesis,Medium,Contract Manufacturer & CDMO,145,novonesis.com,https://www.linkedin.com/company/novonesis,2,1,1,1.4%,ACTIVE WORKFORCE ROTATION,"Jose Bu***o (Head of Dairy Sales, Spain and Portugal)",Retained Core (Quality Operations & Customer Support),"Jose Bu***o (Head of Dairy Sales, Spain and Portugal) | Jayesh Ch***i (Recruitment Specialist (Talent Acquisition)) | Ester Ba***t (President & CEO) | Mohana Ve***l (Senior Talent Acquisition Partner-MEIA) | Durgesh Ku***r (Full Stack Engineer)","Quality Operations (2), Customer Support (1), Sales/National Account Management (1)","Jose Bu***o (Head of Dairy Sales, Spain and Portugal) | Ester Ba***t (President & CEO) | Maria Si***e (Head of Talent Acquisition, Latin America)","Active workforce rotation at Novonesis across Quality Operations & Customer Support; engage verified leadership on ingredient supplier, contract manufacturer and contract formulation capacity."
Hormel Foods Family of Companies,Large,Unknown Supplier,19000,hormelfoodsfamily.com,https://www.linkedin.com/company/hormel-foods-family,5,3,2,0.0%,ACTIVE WORKFORCE ROTATION,Active Hiring: Foodservice Corporate Chef | Senior Customer Executive,"Retained Core (Foodservice roles (Corporate Chef, Foodservice Account Executive) & Sales and Revenue Growth)",Foodservice Corporate Chef (Hormel Foods Family of Companies) | Senior Customer Executive (Hormel Foods Family of Companies) | Foodservice Account Executive (Hormel Foods Family of Companies) | Senior Revenue Growth Manager (Hormel Foods Family of Companies),"Foodservice roles (Corporate Chef, Foodservice Account Executive) (5), Sales and Revenue Growth (4), Customer Executive (3)",Senior Revenue Growth Manager (Hormel Foods Family of Companies),"Active workforce rotation at Hormel Foods Family of Companies across Foodservice roles (Corporate Chef, Foodservice Account Executive) & Sales and Revenue Growth; engage verified leadership on Unknown and contract formulation capacity."
"B.BRAUN AVITUM PHILIPPINES, INC",Medium,Contract Manufacturer & CDMO,145,bbraunavitumphilippines.com,https://www.linkedin.com/company/b-braun-avitum-philippines,3,2,1,2.1%,ACTIVE WORKFORCE ROTATION,Active Hiring: Area Sales Manager | Product Manager,Retained Core (Sales & Product Management),"Area Sales Manager (B.BRAUN AVITUM PHILIPPINES, INC) | Product Manager (B.BRAUN AVITUM PHILIPPINES, INC) | Inspector (B.BRAUN AVITUM PHILIPPINES, INC) | Pharmacy Systems Sales Specialist (B.BRAUN AVITUM PHILIPPINES, INC)","Sales (3), Product Management (2), Quality/Inspection (1)","Area Sales Manager (B.BRAUN AVITUM PHILIPPINES, INC) | Product Manager (B.BRAUN AVITUM PHILIPPINES, INC) | Active Hiring: Area Sales Manager | Product Manager","Active workforce rotation at B.BRAUN AVITUM PHILIPPINES, INC across Sales & Product Management; engage verified leadership on contract manufacturer and contract formulation capacity."
Motion Recruitment,Small,Unknown Supplier,45,motionrecruitment.com,https://www.linkedin.com/company/motion-recruitment,1,1,0,2.2%,TARGETED STRATEGIC HIRING,"Shane To***n (Executive Director, Staffing Solutions)",Retained Core (IT professionals & Technology talent),"Shane To***n (Executive Director, Staffing Solutions) | Maxwell Be***n (Manager, Talent Services) | Sally Le***g (Team Manager - Cyber Security Engineering, Data Engineering, Data Science, Back-End (Python)) | Jason We***s (Team Manager, Staffing Solutions) | Scott Br***n (Executive Director, Staffing Solutions)","IT professionals (1), Technology talent (1), Enterprise IT roles (1)","Shane To***n (Executive Director, Staffing Solutions) | Maxwell Be***n (Manager, Talent Services) | Sally Le***g (Team Manager - Cyber Security Engineering, Data Engineering, Data Science, Back-End (Python))",Active workforce rotation at Motion Recruitment across IT professionals & Technology talent; engage verified leadership on Unknown and contract formulation capacity.
PORRIMA (M) SDN BHD,Medium,Contract Manufacturer & CDMO,145,porrimasdnbhd.com,https://www.linkedin.com/company/porrima-sdn-bhd,3,2,1,2.1%,ACTIVE WORKFORCE ROTATION,Active Hiring: Senior Product Manager | Product Manager - Food Ingredients Division,Retained Core (Product Management & R&D),Senior Product Manager (PORRIMA (M) SDN BHD) | Product Manager - Food Ingredients Division (PORRIMA (M) SDN BHD) | Personal Assistant (PORRIMA (M) SDN BHD) | Manufacturing roles (PORRIMA (M) SDN BHD),"Product Management (3), R&D (2), Administration (1)",Senior Product Manager (PORRIMA (M) SDN BHD) | Product Manager - Food Ingredients Division (PORRIMA (M) SDN BHD) | Active Hiring: Senior Product Manager | Product Manager - Food Ingredients Division,"Active workforce rotation at PORRIMA (M) SDN BHD across Product Management & R&D; engage verified leadership on ingredient supplier, contract manufacturer and contract formulation capacity."
Jobgether,Small,Unknown Supplier,45,jobgether.com,https://www.linkedin.com/company/jobgether,1,1,0,2.2%,TARGETED STRATEGIC HIRING,Isabel La***t (Talent Acquisition Manager),Retained Core (Software Development & Sales & Account Management),Juan Bo***s (Co-Founder) | Eric Ra***o (Remote Content Specialist at Jobgether - 🌎 Currently in Madagascar) | Carlos Ca***i (Full Stack Developer) | Isabel La***t (Talent Acquisition Manager) | Alexis Ro***z (Chief Technology Officer),"Software Development (1), Sales & Account Management (1), Product Management (1)",Juan Bo***s (Co-Founder) | Isabel La***t (Talent Acquisition Manager) | Alexis Ro***z (Chief Technology Officer),Active workforce rotation at Jobgether across Software Development & Sales & Account Management; engage verified leadership on Unknown and contract formulation capacity.
Parker Aerospace,Large,Contract Manufacturer & CDMO,57950,parkeraerospace.com,https://www.linkedin.com/company/parker-aerospace,3,1,2,0.0%,ACTIVE WORKFORCE ROTATION,Matthias Pf***r (Customer Experience (oem/mro) & Aftermarket Service Manager),Retained Core (Product Development & Engineering),Matthias Pf***r (Customer Experience (oem/mro) & Aftermarket Service Manager) | Adam Sa***r (Sr. Talent Acquisition Recruiter) | Tino Bui (Senior Talent Acquisition Partner) | Michael Wh***r (IT Director) | Deji Ab***n (Key Accounts),"Product Development (3), Engineering (2), Sales (1)",Matthias Pf***r (Customer Experience (oem/mro) & Aftermarket Service Manager) | Michael Wh***r (IT Director),Active workforce rotation at Parker Aerospace across Product Development & Engineering; engage verified leadership on contract manufacturer and contract formulation capacity.
Bristol Myers Squibb,Medium,Unknown Supplier,145,bristolmyerssquibb.com,https://www.linkedin.com/company/bristol-myers-squibb,2,1,1,1.4%,ACTIVE WORKFORCE ROTATION,Subramanyam Tu***a (Senior Manager & Site Lead - Talent Acquisition),Retained Core (Regulatory & QA/QC),Alejandra Al***d (HRBP) | Subramanyam Tu***a (Senior Manager & Site Lead - Talent Acquisition) | Suraj Mi***a (Data Scientist II) | Fernando Sa***s (Chief Talent and Inclusion Officer) | Antonio Am***i (Total Rewards Analyst-TRO),"Regulatory (2), QA/QC (1), R&D (1)","Subramanyam Tu***a (Senior Manager & Site Lead - Talent Acquisition) | Fernando Sa***s (Chief Talent and Inclusion Officer) | Denis Co***y (Senior Director, Global Supply Chain Capabilities Accelerator)",Active workforce rotation at Bristol Myers Squibb across Regulatory & QA/QC; engage verified leadership on Unknown and contract formulation capacity.
Clariant International Ltd.,Large,Contract Manufacturer & CDMO,10281,clariant.com,https://www.linkedin.com/company/clariant,3,1,2,0.0%,ACTIVE WORKFORCE ROTATION,Menaj Sh***h (Talent Acquisition Manager),Retained Core (Formulation Chemistry & Laboratory Engineering),"Menaj Sh***h (Talent Acquisition Manager) | Vlad Kr***o (Head of HR Eastern Europe, UK and Nordics) | Conrad Ke***r (Chief Executive Officer) | Marcelo Lu (Global President Care Chemicals, Head of Region Americas & Member of Executive Steering Committee) | Krzysiek Sz***o (Senior Cloud Architect)","Formulation Chemistry (3), Laboratory Engineering (2), Quality Assurance/Quality Control (1)","Menaj Sh***h (Talent Acquisition Manager) | Vlad Kr***o (Head of HR Eastern Europe, UK and Nordics) | Conrad Ke***r (Chief Executive Officer)","Active workforce rotation at Clariant International Ltd. across Formulation Chemistry & Laboratory Engineering; engage verified leadership on ingredient supplier, contract manufacturer and contract formulation capacity."
Mondelēz International,Large,Unknown Supplier,91000,mondelz.com,https://www.linkedin.com/company/mondel-z,5,3,2,0.0%,ACTIVE WORKFORCE ROTATION,"Active Hiring: Line Leader, Manufacturing Core | Assistant Manager, Category Demand Planning","Retained Core (Line Leader, Manufacturing & Category Demand Planning)","Line Leader, Manufacturing Core (Mondelēz International) | Assistant Manager, Category Demand Planning (Mondelēz International) | Distribution Supervisor (Mondelēz International) | Customer Service Representative (Mondelēz International)","Line Leader, Manufacturing (5), Category Demand Planning (4), Distribution (3)","Assistant Manager, Category Demand Planning (Mondelēz International) | Active Hiring: Line Leader, Manufacturing Core | Assistant Manager, Category Demand Planning","Active workforce rotation at Mondelēz International across Line Leader, Manufacturing & Category Demand Planning; engage verified leadership on Unknown and contract formulation capacity."
Symrise,Large,Contract Manufacturer & CDMO,11276,symrise.com,https://www.linkedin.com/company/symrise,3,1,2,0.0%,ACTIVE WORKFORCE ROTATION,Mostafa El***y (Senior Planning & Logistics Manager),Retained Core (Regulatory & QA/QC),"Mostafa El***y (Senior Planning & Logistics Manager) | Aylwyn Gan (Talent Acquisition Lead, Asia Pacific) | Siva Se***m (Regulatory Affaires Expert) | Juergen Sc***t (Business Development Manager) | Gabi Do***k (Latam HR Director Scent & Care and Corporate)","Regulatory (3), QA/QC (2), R&D (1)",Mostafa El***y (Senior Planning & Logistics Manager) | Juergen Sc***t (Business Development Manager) | Gabi Do***k (Latam HR Director Scent & Care and Corporate),"Active workforce rotation at Symrise across Regulatory & QA/QC; engage verified leadership on ingredient supplier, contract manufacturer and contract formulation capacity."
QuidelOrtho Corporation,Medium,Testing & CRO Laboratory,145,quidelortho.com,https://www.linkedin.com/company/quidelortho,2,1,1,1.4%,ACTIVE WORKFORCE ROTATION,Eyad Ba***t (Eemea Senior Workflow Solutions Product Manager),Retained Core (Regulatory & QA/QC),"Eyad Ba***t (Eemea Senior Workflow Solutions Product Manager) | Douglas Li***a (Head of Finance Brazil) | Sonji Pr***e (Talent Acquisition Lead, North America Manufacturing Operations, Quality & Supply Chain) | Veneet Ka***r (Senior OTC Consultant, Pharma, OneERP, Accenture Technology NA) | Nicole Co***s (SR. Human Resources Business Partner)","Regulatory (2), QA/QC (1), Sales (1)",Eyad Ba***t (Eemea Senior Workflow Solutions Product Manager) | Douglas Li***a (Head of Finance Brazil),Active workforce rotation at QuidelOrtho Corporation across Regulatory & QA/QC; engage verified leadership on Unknown and contract formulation capacity.
Roche (Philippines) Inc.,Small,Unknown Supplier,45,roche.com,https://www.linkedin.com/company/roche,1,1,0,2.2%,TARGETED STRATEGIC HIRING,Active Hiring: Regulatory Compliance Officer | Hazard Communication Specialist,Retained Core (Regulatory Affairs & Sales),Regulatory Compliance Officer (Roche (Philippines) Inc.) | Hazard Communication Specialist (Roche (Philippines) Inc.) | Regulatory Affairs Manager (Roche (Philippines) Inc.) | Sales Account Manager - Patient Care (Roche (Philippines) Inc.),"Regulatory Affairs (1), Sales (1), Quality Assurance/Quality Control (1)",Regulatory Affairs Manager (Roche (Philippines) Inc.) | Sales Account Manager - Patient Care (Roche (Philippines) Inc.),Active workforce rotation at Roche (Philippines) Inc. across Regulatory Affairs & Sales; engage verified leadership on Unknown and contract formulation capacity.
Tecnimede Group,Large,Contract Manufacturer & CDMO,737,tecnimede.com,https://www.linkedin.com/company/tecnimede,3,1,2,0.4%,ACTIVE WORKFORCE ROTATION,Raquel Le***o (People & Culture Director),Retained Core (Regulatory Affairs & Clinical Trial Management),Raquel Le***o (People & Culture Director) | Tiago Co***s (Senior Supply Planner) | Paulo Di***z (Head of People & Process - R&D Unit) | Diego Ol***a (Production Manager) | Javier La***a (Business Unit Manager Spain),"Regulatory Affairs (3), Clinical Trial Management (2), Accounting/Finance (1)",Raquel Le***o (People & Culture Director) | Paulo Di***z (Head of People & Process - R&D Unit) | Diego Ol***a (Production Manager),"Active workforce rotation at Tecnimede Group across Regulatory Affairs & Clinical Trial Management; engage verified leadership on contract manufacturer, supplement brand and contract formulation capacity."
Boston Scientific,Large,Unknown Supplier,59000,bostonscientific.com,https://www.linkedin.com/company/boston-scientific,5,3,2,0.0%,ACTIVE WORKFORCE ROTATION,Active Hiring: Senior Director Quality Systems | Manufacturing Engineer III,Retained Core (Quality Systems & Manufacturing Engineering),Senior Director Quality Systems (Boston Scientific) | Manufacturing Engineer III (Boston Scientific) | Principal Software Engineer - Manufacturing Systems (Boston Scientific) | Quality Engineer I (Boston Scientific),"Quality Systems (5), Manufacturing Engineering (4), HR and Employee Engagement (3)",Senior Director Quality Systems (Boston Scientific) | Active Hiring: Senior Director Quality Systems | Manufacturing Engineer III,Active workforce rotation at Boston Scientific across Quality Systems & Manufacturing Engineering; engage verified leadership on Unknown and contract formulation capacity.
Merz Aesthetics Austria GmbH,Medium,Unknown Supplier,145,merzaestheticsaustria.com,https://www.linkedin.com/company/merz-aesthetics-austria,3,2,1,2.1%,ACTIVE WORKFORCE ROTATION,Active Hiring: Quality & Regulatory Affairs Specialist | Packaging Operator,Retained Core (Quality & Regulatory Affairs & Operations/Operational Excellence),"Quality & Regulatory Affairs Specialist (Merz Aesthetics Austria GmbH) | Packaging Operator (Merz Aesthetics Austria GmbH) | Incoming Goods Inspection Technician (Merz Aesthetics Austria GmbH) | Sr Director, Operational Excellence (Merz Aesthetics Austria GmbH)","Quality & Regulatory Affairs (3), Operations/Operational Excellence (2), Packaging/Manufacturing Operations (1)","Sr Director, Operational Excellence (Merz Aesthetics Austria GmbH)",Active workforce rotation at Merz Aesthetics Austria GmbH across Quality & Regulatory Affairs & Operations/Operational Excellence; engage verified leadership on Unknown and contract formulation capacity.
MSD Polska,Large,Unknown Supplier,600,msdpolska.com,https://www.linkedin.com/company/msd-polska,5,3,2,0.8%,ACTIVE WORKFORCE ROTATION,Active Hiring: Safety Data Lead | Customer Manager Oncology,Retained Core (Regulatory & Safety/Pharmacovigilance),Safety Data Lead (MSD Polska) | Customer Manager Oncology (MSD Polska) | Vaccine Customer Specialist (MSD Polska) | Digital Scientific Engagement Local Lead (MSD Polska),"Regulatory (5), Safety/Pharmacovigilance (4), Sales/Customer Management (3)",Customer Manager Oncology (MSD Polska) | Active Hiring: Safety Data Lead | Customer Manager Oncology,Active workforce rotation at MSD Polska across Regulatory & Safety/Pharmacovigilance; engage verified leadership on Unknown and contract formulation capacity.
Vet's Plus,Medium,Contract Manufacturer & CDMO,145,vetsplus.com,https://www.linkedin.com/company/vet-s-plus,3,2,1,2.1%,ACTIVE WORKFORCE ROTATION,Active Hiring: Regulatory Scientist | Quality Analyst,Retained Core (Regulatory & Quality Assurance/Quality Control),Regulatory Scientist (Vet's Plus) | Quality Analyst (Vet's Plus) | Product Development Specialist (Vet's Plus) | Formulation Scientist (Vet's Plus),"Regulatory (3), Quality Assurance/Quality Control (2), Research & Development (1)",Active Department Leadership: Regulatory Scientist,Active workforce rotation at Vet's Plus across Regulatory & Quality Assurance/Quality Control; engage verified leadership on contract manufacturer and contract formulation capacity.
L3Harris Technologies,Small,Unknown Supplier,45,l3harris.com,https://www.linkedin.com/company/l3harris,1,1,0,2.2%,TARGETED STRATEGIC HIRING,"Active Hiring: Information Systems Security Manager (ISSM) | Sr. Specialist, Mechanical Engineering (Design)","Retained Core (Engineering (Mechanical, Design) & Information Systems Security)","Information Systems Security Manager (ISSM) (L3Harris Technologies) | Sr. Specialist, Mechanical Engineering (Design) (L3Harris Technologies) | Sr. Associate, Production Planner (L3Harris Technologies) | Lead, Supply Chain Management (L3Harris Technologies)","Engineering (Mechanical, Design) (1), Information Systems Security (1), Supply Chain Management (1)","Information Systems Security Manager (ISSM) (L3Harris Technologies) | Active Hiring: Information Systems Security Manager (ISSM) | Sr. Specialist, Mechanical Engineering (Design)","Active workforce rotation at L3Harris Technologies across Engineering (Mechanical, Design) & Information Systems Security; engage verified leadership on Unknown and contract formulation capacity."
Neuraxpharm,Medium,Contract Manufacturer & CDMO,145,neuraxpharm.com,https://www.linkedin.com/company/neuraxpharm,3,2,1,2.1%,ACTIVE WORKFORCE ROTATION,Active Hiring: Medical Sales Representative | Biological QA Specialist,Retained Core (Medical Sales & Quality Assurance/Quality Control),Medical Sales Representative (Neuraxpharm) | Biological QA Specialist (Neuraxpharm) | Quality Person (QP) (Neuraxpharm) | Pharmaceutical Production Operator (Neuraxpharm),"Medical Sales (3), Quality Assurance/Quality Control (2), Pharmaceutical Production (1)",Active Department Leadership: Medical Sales Representative,"Active workforce rotation at Neuraxpharm across Medical Sales & Quality Assurance/Quality Control; engage verified leadership on contract manufacturer, supplement brand and contract formulation capacity."
Ace Hardware Corporation,Large,Unknown Supplier,12500,acehardware.com,https://www.linkedin.com/company/ace-hardware,5,3,2,0.0%,ACTIVE WORKFORCE ROTATION,Active Hiring: Regional Controller | Senior Manager MarTech Procurement,Retained Core (Regional Controller & Sales),Regional Controller (Ace Hardware Corporation) | Senior Manager MarTech Procurement (Ace Hardware Corporation) | Accounts Payable Specialist (Ace Hardware Corporation) | Senior Sales Director (Ace Hardware Corporation),"Regional Controller (5), Sales (4), Human Resources (3)",Senior Manager MarTech Procurement (Ace Hardware Corporation) | Senior Sales Director (Ace Hardware Corporation) | Active Hiring: Regional Controller | Senior Manager MarTech Procurement,Active workforce rotation at Ace Hardware Corporation across Regional Controller & Sales; engage verified leadership on Unknown and contract formulation capacity.
ENGLEWOOD LAB,Medium,Contract Manufacturer & CDMO,145,englewoodlab.com,https://www.linkedin.com/company/englewood-lab,3,2,1,2.1%,ACTIVE WORKFORCE ROTATION,Active Hiring: R&D Chemist (Junior Level) | R&D Senior Chemist - Skincare/Color,Retained Core (R&D & Quality Assurance/Quality Control),R&D Chemist (Junior Level) (ENGLEWOOD LAB) | R&D Senior Chemist - Skincare/Color (ENGLEWOOD LAB) | Production - Labeling Associate (ENGLEWOOD LAB) | HR Generalist (HR Business Partner) (ENGLEWOOD LAB),"R&D (3), Quality Assurance/Quality Control (2), Production (1)",Active Department Leadership: R&D Chemist (Junior Level),Active workforce rotation at ENGLEWOOD LAB across R&D & Quality Assurance/Quality Control; engage verified leadership on contract manufacturer and contract formulation capacity.
Precision Castparts,Medium,Contract Manufacturer & CDMO,145,precisioncastparts.com,https://www.linkedin.com/company/precision-castparts,3,2,1,2.1%,ACTIVE WORKFORCE ROTATION,Active Hiring: Heading Operator | Machinist,Retained Core (Manufacturing Engineer & Quality),Heading Operator (Precision Castparts) | Machinist (Precision Castparts) | EH&S Supervisor (Precision Castparts) | Radiologic Evaluator (Precision Castparts),"Manufacturing Engineer (3), Quality (2), EH&S/Safety (1)",Heading Operator (Precision Castparts) | Active Hiring: Heading Operator | Machinist,Active workforce rotation at Precision Castparts across Manufacturing Engineer & Quality; engage verified leadership on contract manufacturer and contract formulation capacity.
Shionogi Inc.,Small,Unknown Supplier,45,shionogi.com,https://www.linkedin.com/company/shionogi,1,1,0,2.2%,TARGETED STRATEGIC HIRING,Active Hiring: QA Product Manager | Neurology Account Specialist,Retained Core (QA/QC & Sales),"QA Product Manager (Shionogi Inc.) | Neurology Account Specialist (Shionogi Inc.) | Key Account Manager (KAM) - Hospitals; Anti-infectives (Shionogi Inc.) | Director, Global (Shionogi Inc.)","QA/QC (1), Sales (1), Regulatory (1)","QA Product Manager (Shionogi Inc.) | Key Account Manager (KAM) - Hospitals; Anti-infectives (Shionogi Inc.) | Director, Global (Shionogi Inc.)",Active workforce rotation at Shionogi Inc. across QA/QC & Sales; engage verified leadership on Unknown and contract formulation capacity.
Array Technologies,Small,Unknown Supplier,45,array.com,https://www.linkedin.com/company/array,1,1,0,2.2%,TARGETED STRATEGIC HIRING,Cody Sa***l (Principal Product Manager),Retained Core (Manufacturing Engineering & Technical Sales),"Jacob Bo***r (Enterprise Sales, Banking) | Thomas Eu***e (Business Development Representative) | Cody Sa***l (Principal Product Manager) | Geoff Wa***n (Client Account Manager) | Clinton Ga***l (Vice President, Sales and Partnerships)","Manufacturing Engineering (1), Technical Sales (1), Commercial Contracts (1)","Cody Sa***l (Principal Product Manager) | Geoff Wa***n (Client Account Manager) | Clinton Ga***l (Vice President, Sales and Partnerships)",Active workforce rotation at Array Technologies across Manufacturing Engineering & Technical Sales; engage verified leadership on Unknown and contract formulation capacity.
Bosch USA,Large,Nutraceutical Packaging Specialist,38000,bosch.com,https://www.linkedin.com/company/bosch,3,1,2,0.0%,ACTIVE WORKFORCE ROTATION,Tanja Ru***t (Member of the Board of Management and Chief Digital Officer (CDO)),Retained Core (Sales & Marketing),Tanja Ru***t (Member of the Board of Management and Chief Digital Officer (CDO)) | Bhashkar Ba***r (Regional Manager Aftermarket) | Andrea Mi***l (Senior HR Manager) | Boubeker Be***s (Navigation Systems Architect) | Stefan Gr***h (Member of the Board of Management),"Sales (3), Marketing (2), Project Management (1)",Tanja Ru***t (Member of the Board of Management and Chief Digital Officer (CDO)) | Bhashkar Ba***r (Regional Manager Aftermarket) | Andrea Mi***l (Senior HR Manager),Active workforce rotation at Bosch USA across Sales & Marketing; engage verified leadership on Unknown and contract formulation capacity.
Bosch Group,Large,Unknown Supplier,417859,bosch.de,https://www.linkedin.com/company/bosch,3,1,2,0.0%,ACTIVE WORKFORCE ROTATION,Attilio Gu***i (Freud S.p.A - Technical Functions Manager - Consumer Goods),Retained Core (Sales & Process Engineering),Attilio Gu***i (Freud S.p.A - Technical Functions Manager - Consumer Goods) | Himanshu Ma***i (DGM - Sales - Key Users (West & Gujarat)) | Leo Ko***y (Talent Acquisition Lead & HR Business Partner) | Joy Ac***a (Head of Online) | Filipe La***o (Product Manager),"Sales (3), Process Engineering (2), Human Resources (1)",Attilio Gu***i (Freud S.p.A - Technical Functions Manager - Consumer Goods) | Joy Ac***a (Head of Online) | Filipe La***o (Product Manager),Active workforce rotation at Bosch Group across Sales & Process Engineering; engage verified leadership on Unknown and contract formulation capacity.
Haleon,Medium,Finished Dietary Supplement Brand,145,haleon.com,https://www.linkedin.com/company/haleon,2,1,1,1.4%,ACTIVE WORKFORCE ROTATION,"Ralph Di***z (Global Head - Digital & Tech Governance, Risk, and Compliance)",Retained Core (Regulatory & Quality Assurance/Quality Control),"Ralph Di***z (Global Head - Digital & Tech Governance, Risk, and Compliance) | Farhan Ha***n (General Manager, Haleon South Africa) | Kedar Le***e (President - South Asia) | Brian Mc***a (Chief Executive Officer) | Raquel Za***i (Head of HR Latin America)","Regulatory (2), Quality Assurance/Quality Control (1), Production (1)","Ralph Di***z (Global Head - Digital & Tech Governance, Risk, and Compliance) | Farhan Ha***n (General Manager, Haleon South Africa) | Kedar Le***e (President - South Asia)",Active workforce rotation at Haleon across Regulatory & Quality Assurance/Quality Control; engage verified leadership on supplement brand and contract formulation capacity.
Strategy& Israel,Small,Unknown Supplier,45,strategyisrael.com,https://www.linkedin.com/company/strategy-israel,1,1,0,2.2%,TARGETED STRATEGIC HIRING,Opal He***z (Co-Founder & Co-Manager),Retained Core (Strategy Consulting & Business Strategy),Ori De***h (Senior Associate) | Moshe Ka***i (Associate) | Opal He***z (Co-Founder & Co-Manager),"Strategy Consulting (1), Business Strategy (1), Operations Strategy (1)",Opal He***z (Co-Founder & Co-Manager),Active workforce rotation at Strategy& Israel across Strategy Consulting & Business Strategy; engage verified leadership on Unknown and contract formulation capacity.
Mercafamily LLC,Small,ingredient supplier Supplier,45,mercafamily.com,https://www.linkedin.com/company/mercafamily,1,1,0,2.2%,TARGETED STRATEGIC HIRING,Active Hiring: Plant Operations Manager | Director of Quality & Regulatory,Retained Core (R&D Formulation & QA/QC),Plant Operations Manager (Mercafamily LLC) | Director of Quality & Regulatory (Mercafamily LLC) | Formulation Scientist (Mercafamily LLC) | Technical Sales Director (Mercafamily LLC),"R&D Formulation (1), QA/QC (1), Regulatory Affairs (1)",Plant Operations Manager (Mercafamily LLC) | Director of Quality & Regulatory (Mercafamily LLC) | Technical Sales Director (Mercafamily LLC),Active workforce rotation at Mercafamily LLC across R&D Formulation & QA/QC; engage verified leadership on ingredient supplier and contract formulation capacity.
BDO USA Experienced Career Site,Small,Unknown Supplier,45,bdo.com,https://www.linkedin.com/company/bdo,1,1,0,2.2%,TARGETED STRATEGIC HIRING,Jeff Ho***s (Managing Director),Retained Core (Assurance & Tax),Jeff Ho***s (Managing Director) | Mark Sc***e (Global Transfer Pricing Leader) | Lindsay Al***t (Audit Recruiting Practice Lead) | Keith Ch***n (Audit Director) | Jon Ba***h (Managing Director - International Tax),"Assurance (1), Tax (1), Advisory (1)",Jeff Ho***s (Managing Director) | Keith Ch***n (Audit Director) | Jon Ba***h (Managing Director - International Tax),Active workforce rotation at BDO USA Experienced Career Site across Assurance & Tax; engage verified leadership on Unknown and contract formulation capacity.
Country Life,Medium,Contract Manufacturer & CDMO,145,countrylife.com,https://www.linkedin.com/company/country-life,2,1,1,1.4%,ACTIVE WORKFORCE ROTATION,Ray Mo***s (Chief Data Officer),Retained Core (FP&A/Finance & Digital Marketing),Vaishali Ka***e (Technology Project Management Consultant) | Ray Mo***s (Chief Data Officer) | Christopher Bl***e (Vice President - Chief Technology & Security Officer (cto/cso)) | Chelsea Wh***e (Insurance Agent) | Danny Mi***k (Financial Representative),"FP&A/Finance (2), Digital Marketing (1), Business Development/Partnerships (1)",Ray Mo***s (Chief Data Officer) | Christopher Bl***e (Vice President - Chief Technology & Security Officer (cto/cso)),Active workforce rotation at Country Life across FP&A/Finance & Digital Marketing; engage verified leadership on supplement brand and contract formulation capacity.
Arraytechinc,Medium,Unknown Supplier,145,arraytechinc.com,https://www.linkedin.com/company/arraytechinc,2,1,1,1.4%,ACTIVE WORKFORCE ROTATION,"Javier Ji***z (Senior Director, Sales and Business Development, Head of Global & Strategic Accounts International)",Retained Core (Technical Sales & Engineering),"Camila Br***o (Diretora de Recursos Humanos - Latam) | Javier Ji***z (Senior Director, Sales and Business Development, Head of Global & Strategic Accounts International) | Karen Ra***d (Senior Director of Marketing & Communications) | Leonardo Se***a (General Manager EMEA) | Vanessa Fe***o (Senior Financial Controller)","Technical Sales (2), Engineering (1), Project Management (1)","Javier Ji***z (Senior Director, Sales and Business Development, Head of Global & Strategic Accounts International) | Karen Ra***d (Senior Director of Marketing & Communications) | Leonardo Se***a (General Manager EMEA)",Active workforce rotation at Arraytechinc across Technical Sales & Engineering; engage verified leadership on Unknown and contract formulation capacity.
Spectrum Vascular,Small,Unknown Supplier,45,spectrumvascular.com,https://www.linkedin.com/company/spectrum-vascular,1,1,0,2.2%,TARGETED STRATEGIC HIRING,Ken Mi***r (Chief Executive Officer),Retained Core (Finance & Procurement),"Ken Mi***r (Chief Executive Officer) | John Va***a (Chief Operating Officer) | Jeff Sm***h (Vice President, Corporate Accounts/Global Contracting) | Sharon Kl***z (Sr. VP Quality & Regulatory Affairs) | Rick Zi***c (Director of Manufacturing and Site Lead)","Finance (1), Procurement (1), Supply Chain Management (1)","Ken Mi***r (Chief Executive Officer) | John Va***a (Chief Operating Officer) | Jeff Sm***h (Vice President, Corporate Accounts/Global Contracting)",Active workforce rotation at Spectrum Vascular across Finance & Procurement; engage verified leadership on Unknown and contract formulation capacity.
Mackinnon Bruce International,Small,Unknown Supplier,45,mackinnonbruce.com,https://www.linkedin.com/company/mackinnon-bruce,1,1,0,2.2%,TARGETED STRATEGIC HIRING,Rebecca Sm***h (Senior Talent Acquisition Executive & Lead Researcher),Retained Core (Sales & Executive Leadership (C-suite)),James Na***r (Executive Search Consultant) | Henry Th***n (Principal Consultant) | Niamh Wh***e (Semiconductor Equipment Executive Search Consultant) | Rebecca Sm***h (Senior Talent Acquisition Executive & Lead Researcher) | Harry Ha***n (Executive Search Consultant),"Sales (1), Executive Leadership (C-suite) (1), Manufacturing Engineering (1)",Active Department Leadership: Vice President of Sales,Active workforce rotation at Mackinnon Bruce International across Sales & Executive Leadership (C-suite); engage verified leadership on Unknown and contract formulation capacity.
GAF,Small,Unknown Supplier,45,gaf.com,https://www.linkedin.com/company/gaf,1,1,0,2.2%,TARGETED STRATEGIC HIRING,"Sara Be***n (Director of Talent Acquisition GAF, Siplast, Standard Logistics)",Retained Core (R&D Formulation & QA/QC),"Sara Be***n (Director of Talent Acquisition GAF, Siplast, Standard Logistics) | Sean Ke***y (Central Area Vice President - Commercial Roofing) | Chris Pe***z (Chief Operations Officer) | Dan Ba***s (Vice President, Digital Marketing) | Jeff Te***y (Vice President, Corporate Social Responsibility & Sustainability)","R&D Formulation (1), QA/QC (1), Regulatory Affairs (1)","Sara Be***n (Director of Talent Acquisition GAF, Siplast, Standard Logistics) | Sean Ke***y (Central Area Vice President - Commercial Roofing) | Chris Pe***z (Chief Operations Officer)",Active workforce rotation at GAF across R&D Formulation & QA/QC; engage verified leadership on Unknown and contract formulation capacity.
Alaska Premier Auctions and Appraisals LLC,Small,Unknown Supplier,40,alaskapremierauctionsandappraisals.com,https://www.linkedin.com/company/alaska-premier-auctions-and-appraisals,1,1,0,2.5%,TARGETED STRATEGIC HIRING,Active Hiring: Licensed Auctioneer | Certified Personal Property Appraiser,Retained Core (Administrative Assistance & Auctioneers),Licensed Auctioneer (Alaska Premier Auctions and Appraisals LLC) | Certified Personal Property Appraiser (Alaska Premier Auctions and Appraisals LLC) | Cataloger (Alaska Premier Auctions and Appraisals LLC) | Digital Marketing Specialist (Alaska Premier Auctions and Appraisals LLC),"Administrative Assistance (1), Auctioneers (1), Appraisers (1)",Active Department Leadership: Licensed Auctioneer,Active workforce rotation at Alaska Premier Auctions and Appraisals LLC across Administrative Assistance & Auctioneers; engage verified leadership on Unknown and contract formulation capacity.
Pacific International Executive Search,Small,Unknown Supplier,51,pacific.com,https://www.linkedin.com/company/pacific,1,1,0,2.0%,TARGETED STRATEGIC HIRING,Gary Gi***s (Senior AV Sales Team Lead),Retained Core (Division President & Supply Chain Director),Francesca Wh***d (Founding COO) | Norman Br***s (CEO & Founder) | Gary Gi***s (Senior AV Sales Team Lead) | Harper Sm***h (Co-Founder & CEO) | Matthew Ru***n (Founding Team Member),"Division President (1), Supply Chain Director (1), Director of Operations (1)",Norman Br***s (CEO & Founder) | Harper Sm***h (Co-Founder & CEO),Active workforce rotation at Pacific International Executive Search across Division President & Supply Chain Director; engage verified leadership on Unknown and contract formulation capacity.
EMCO Enterprises LLC,Medium,Unknown Supplier,145,emcoenterprises.com,https://www.linkedin.com/company/emco-enterprises,2,1,1,1.4%,ACTIVE WORKFORCE ROTATION,Jamie Jo***n (Office Manager),Retained Core (Production & Supply Chain/Purchasing),Avinash Sh***f (Proprietor at Emco Enterprises) | Dirk Sw***y (Sales Rep Andersen Windows and Doors) | Dennis Mc***n (Programmer/Analyst) | Jamie Jo***n (Office Manager) | Kamana Mo***r (General Manager),"Production (2), Supply Chain/Purchasing (1), Sales (1)",Jamie Jo***n (Office Manager) | Kamana Mo***r (General Manager),Active workforce rotation at EMCO Enterprises LLC across Production & Supply Chain/Purchasing; engage verified leadership on Unknown and contract formulation capacity.
Pinch A Penny,Small,Unknown Supplier,45,pinchapenny.com,https://www.linkedin.com/company/pinch-a-penny,1,1,0,2.2%,TARGETED STRATEGIC HIRING,Ashley Lo***n (Brand Manager),Retained Core (Retail Sales & Pool Cleaning/Service),John Ma***d (President) | Carl Si***r (Human Resources) | Matt Ca***n (Franchise Owner) | Ashley Lo***n (Brand Manager) | Erika G (.NET Developer),"Retail Sales (1), Pool Cleaning/Service (1), Customer Service (1)",John Ma***d (President) | Ashley Lo***n (Brand Manager),Active workforce rotation at Pinch A Penny across Retail Sales & Pool Cleaning/Service; engage verified leadership on Unknown and contract formulation capacity.
Alaska Premier Auctions & Appraisals,Small,Unknown Supplier,40,alaskapremierauctionsappraisals.com,https://www.linkedin.com/company/alaska-premier-auctions-appraisals,1,1,0,2.5%,TARGETED STRATEGIC HIRING,Alexandra Co***a (Creative Marketing & Communications Manager),Retained Core (Facility Maintenance & Administrative Support),Dan Ne***n (President/Auctioneer & Appraiser) | Alexandra Co***a (Creative Marketing & Communications Manager) | Nick Cl***e (Managing Partner) | Jessica Ru***l (Human Resource Manager) | Shawna As***k (Auction Account Executive),"Facility Maintenance (1), Administrative Support (1), DMV & Sales Support (1)",Dan Ne***n (President/Auctioneer & Appraiser) | Alexandra Co***a (Creative Marketing & Communications Manager) | Jessica Ru***l (Human Resource Manager),Active workforce rotation at Alaska Premier Auctions & Appraisals across Facility Maintenance & Administrative Support; engage verified leadership on Unknown and contract formulation capacity.
REAL ALLOY,Large,Unknown Supplier,1001,realalloy.com,https://www.linkedin.com/company/real-alloy,3,1,2,0.3%,ACTIVE WORKFORCE ROTATION,Evgeni Ro***r (Maintenance Manager),Retained Core (Quality Management & Production Operations),"Bradley Bu***t (IT Support Specialist) | Evgeni Ro***r (Maintenance Manager) | Charles Su***r (Plant Manager) | Natalie Gd***a (Sr. Manager, Talent Acquisition & Communications NA) | Mike Gay (Regional Human Resources Manager)","Quality Management (3), Production Operations (2), Furnace Operations (1)","Evgeni Ro***r (Maintenance Manager) | Charles Su***r (Plant Manager) | Natalie Gd***a (Sr. Manager, Talent Acquisition & Communications NA)",Active workforce rotation at REAL ALLOY across Quality Management & Production Operations; engage verified leadership on Unknown and contract formulation capacity.
ZipLine,Large,Unknown Supplier,1000,zipline.com,https://www.linkedin.com/company/zipline,3,1,2,0.3%,ACTIVE WORKFORCE ROTATION,"Dhruman Go***l (Senior Global Supply Manager — PCB, EE & Semiconductor)",Retained Core (Software Engineering & Hardware Engineering),"Mahesh Ku***a (Security Engineer) | Keenan Wy***k (Founder, CTO and Product Architect) | Dhruman Go***l (Senior Global Supply Manager — PCB, EE & Semiconductor) | Zach So***m (Senior Recruiting Partner) | Rishabh Bh***i (Interim Head of Ground Systems)","Software Engineering (3), Hardware Engineering (2), Autonomy/Controls Engineering (1)","Keenan Wy***k (Founder, CTO and Product Architect) | Dhruman Go***l (Senior Global Supply Manager — PCB, EE & Semiconductor) | Rishabh Bh***i (Interim Head of Ground Systems)",Active workforce rotation at ZipLine across Software Engineering & Hardware Engineering; engage verified leadership on Unknown and contract formulation capacity.
United Vein & Vascular Centers,Small,Unknown Supplier,45,unitedveinvascularcenters.com,https://www.linkedin.com/company/united-vein-vascular-centers,1,1,0,2.2%,TARGETED STRATEGIC HIRING,Cindi Sw***t (Director of EHR),Retained Core (Vascular or General Surgery & Physician Liaison),Stacy Hi***l (Physician Liaison III - Houston West University) | Dianna Se***t (BD Performance Specialist) | Logan Fr***d (Senior Physician Liaison) | Emma To***d (Physician Liaison) | Cindi Sw***t (Director of EHR),"Vascular or General Surgery (1), Physician Liaison (1), Clinical nursing (LPN Lead Preceptor) (1)",Cindi Sw***t (Director of EHR),Active workforce rotation at United Vein & Vascular Centers across Vascular or General Surgery & Physician Liaison; engage verified leadership on Unknown and contract formulation capacity.
Tone Products Inc.,Medium,Contract Manufacturer & CDMO,145,toneproducts.com,https://www.linkedin.com/company/tone-products,2,1,1,1.4%,ACTIVE WORKFORCE ROTATION,Brian Pa***i (Director of Quality Assurance),Retained Core (Manufacturing & Maintenance),Brian Pa***i (Director of Quality Assurance) | Tim Co***s (Director of National Accounts) | William Ev***n (President) | Megan La***m (Procurement Professional) | Kevin Od***m (Product Development),"Manufacturing (2), Maintenance (1), Management (1)",Brian Pa***i (Director of Quality Assurance) | Tim Co***s (Director of National Accounts) | William Ev***n (President),"Active workforce rotation at Tone Products Inc. across Manufacturing & Maintenance; engage verified leadership on ingredient supplier, contract manufacturer and contract formulation capacity."
MESA COUNTRY CLUB,Small,Unknown Supplier,45,mesacountryclub.com,https://www.linkedin.com/company/mesa,1,1,0,2.2%,TARGETED STRATEGIC HIRING,Nate Mc***n (General Manager),Retained Core (Golf Operations & Hospitality Management),Nate Mc***n (General Manager) | Patricia Yu***n (Accounting Controller) | Scott Wr***t (Head Golf Professional) | Joshua Ho***k (Director of Operations) | John Ha***n (Assistant Golf Pro),"Golf Operations (1), Hospitality Management (1), Food & Beverage (1)",Nate Mc***n (General Manager) | Scott Wr***t (Head Golf Professional) | Joshua Ho***k (Director of Operations),Active workforce rotation at MESA COUNTRY CLUB across Golf Operations & Hospitality Management; engage verified leadership on Unknown and contract formulation capacity.
Oracle,Small,Unknown Supplier,45,oracle.com,https://www.linkedin.com/company/oracle,1,1,0,2.2%,TARGETED STRATEGIC HIRING,Ibrahim Ab***h (Head of Cloud Channel Sales & Alliances for Middle East & Africa - MySQL Global BU),Retained Core (Cloud Solution Engineering & Sales),David Fe***g (Chairman) | Sanika Ja***n (Building in Stealth - Oracle - Google) | Ravi Si***h (Human Resources Executive) | El Al***i (Oracle Talent Advisory) | Ibrahim Ab***h (Head of Cloud Channel Sales & Alliances for Middle East & Africa - MySQL Global BU),"Cloud Solution Engineering (1), Sales (1), Data Management (1)",Ibrahim Ab***h (Head of Cloud Channel Sales & Alliances for Middle East & Africa - MySQL Global BU),Active workforce rotation at Oracle across Cloud Solution Engineering & Sales; engage verified leadership on Unknown and contract formulation capacity.
SKF,Large,Unknown Supplier,38000,skf.com,https://www.linkedin.com/company/skf,3,1,2,0.0%,ACTIVE WORKFORCE ROTATION,Surbhi Sr***a (Chief Human Resources Officer -ISEA),Retained Core (Product Engineering & Application Engineering),"Greg Ro***s (COO) | Surbhi Sr***a (Chief Human Resources Officer -ISEA) | Carl To***j (Head of Condition Monitoring, Product Lines & Engineering) | Oliver Bl***m (Supply Chain & Global Network Strategy Manager) | Mark Pa***n (Key Account Manager)","Product Engineering (3), Application Engineering (2), Business Management (1)","Surbhi Sr***a (Chief Human Resources Officer -ISEA) | Carl To***j (Head of Condition Monitoring, Product Lines & Engineering) | Oliver Bl***m (Supply Chain & Global Network Strategy Manager)",Active workforce rotation at SKF across Product Engineering & Application Engineering; engage verified leadership on Unknown and contract formulation capacity.
Washington Elementary School District #6,Large,Unknown Supplier,18000,washingtonelementaryschooldistrict6.com,https://www.linkedin.com/company/washington-elementary-school-district-6,5,3,2,0.0%,ACTIVE WORKFORCE ROTATION,Active Hiring: Teacher - 6th Grade | Elementary School Teachers,Retained Core (Teachers (elementary and middle school) & Support Staff),Adelina Bo***o (Assistant Principal) | Rhoda Ma***n (Literacy Lab Reading Teacher) | Sonia Ma***t (Elementary Education Teacher) | Robert Cr***e (Video Specialist/ School Bus Driver) | Ashlyn Be***m (Teacher),"Teachers (elementary and middle school) (5), Support Staff (4), Administrative positions (3)",Active Department Leadership: Teacher - 6th Grade,Active workforce rotation at Washington Elementary School District #6 across Teachers (elementary and middle school) & Support Staff; engage verified leadership on Unknown and contract formulation capacity.
Morgan Properties,Small,Unknown Supplier,45,morganproperties.com,https://www.linkedin.com/company/morgan-properties,1,1,0,2.2%,TARGETED STRATEGIC HIRING,Jonathan Mo***n (Co-Chief Executive Officer),Retained Core (Property Management & Maintenance),Jonathan Mo***n (Co-Chief Executive Officer) | Nina Po***a (Field Trainer) | Sasha Fl***s (Regional Operations Project Manager) | Angela Ma***t (Regional Manager) | Jessica Sa***s (Vice President of Talent Acquisition & Development),"Property Management (1), Maintenance (1), Human Resources (1)",Jonathan Mo***n (Co-Chief Executive Officer) | Sasha Fl***s (Regional Operations Project Manager) | Angela Ma***t (Regional Manager),Active workforce rotation at Morgan Properties across Property Management & Maintenance; engage verified leadership on Unknown and contract formulation capacity.
BENTELER Group,Large,Contract Manufacturer & CDMO,20000,benteler.com,https://www.linkedin.com/company/benteler,3,1,2,0.0%,ACTIVE WORKFORCE ROTATION,Marconi Bi***i (Plant Director),Retained Core (Quality/QA & Production Supervision),Pedro So***a (Sales Supervisor) | Marconi Bi***i (Plant Director) | Elmostapha Fe***i (Production Unit Leader) | Adilson Ma***o (Gestor Engenharia Desenvolvimento de Embalagens) | Amol Da***e (Assistant Sales Manager),"Quality/QA (3), Production Supervision (2), Sales and Business Development (1)","Marconi Bi***i (Plant Director) | Amol Da***e (Assistant Sales Manager) | Emerson Ga***a (Management Board, President Americas and COO - Benteler Automotive Components)",Active workforce rotation at BENTELER Group across Quality/QA & Production Supervision; engage verified leadership on contract manufacturer and contract formulation capacity.
DERSTINES INC,Small,Unknown Supplier,45,derstines.com,https://www.linkedin.com/company/derstines,1,1,0,2.2%,TARGETED STRATEGIC HIRING,"William Ma***x (Director, Information Technology / Communications)",Retained Core (IT/Infrastructure & Supply Chain/Logistics),"William Ma***x (Director, Information Technology / Communications) | Benjamin Ne***e (Director of Information Technology & Communications) | Robert Ro***n (District Sales Representative) | Chris Sh***n (Director of Purchasing & Marketing) | Bogdan St***e (Business Development)","IT/Infrastructure (1), Supply Chain/Logistics (1), Transportation (1)","William Ma***x (Director, Information Technology / Communications) | Benjamin Ne***e (Director of Information Technology & Communications) | Chris Sh***n (Director of Purchasing & Marketing)",Active workforce rotation at DERSTINES INC across IT/Infrastructure & Supply Chain/Logistics; engage verified leadership on Unknown and contract formulation capacity.
Republic Services,Large,Unknown Supplier,42000,republic.com,https://www.linkedin.com/company/republic,3,1,2,0.0%,ACTIVE WORKFORCE ROTATION,Emily Fi***t (Global Head of Partnerships),Retained Core (Field Operations & Driver),Emily Fi***t (Global Head of Partnerships) | Kendrick Ng***n (Co-Founder | CEO) | Chuck Pe***d (EVP) | Zhen Cao (Consumer Social + Frontier Tech) | Pialy Ad***a (Chief Strategy Officer),"Field Operations (3), Driver (2), Recycling Center Maintenance (1)",Emily Fi***t (Global Head of Partnerships) | Kendrick Ng***n (Co-Founder | CEO) | Chuck Pe***d (EVP),Active workforce rotation at Republic Services across Field Operations & Driver; engage verified leadership on Unknown and contract formulation capacity.
Allentown Parking Authority,Small,Unknown Supplier,45,allentownparkingauthority.com,https://www.linkedin.com/company/allentown-parking-authority,1,1,0,2.2%,TARGETED STRATEGIC HIRING,Christina Da***n (Deputy Director),Retained Core (Parking Enforcement & Customer Service),Christina Da***n (Deputy Director) | Coral Co***n (Enforcement Manager) | Jonathan Ha***y (Executive Director) | Robert El***n (Operations/IT Coordinator) | Sherry Ha***e (Human Resources Manager),"Parking Enforcement (1), Customer Service (1), Administrative Operations (1)",Christina Da***n (Deputy Director) | Coral Co***n (Enforcement Manager) | Jonathan Ha***y (Executive Director),Active workforce rotation at Allentown Parking Authority across Parking Enforcement & Customer Service; engage verified leadership on Unknown and contract formulation capacity.
"Thomas Built Buses, Inc.",Medium,Unknown Supplier,145,thomasbuiltbuses.com,https://www.linkedin.com/company/thomas-built-buses,2,1,1,1.4%,ACTIVE WORKFORCE ROTATION,Mark Ch***s (Powertrain and Technology Sales Manager),Retained Core (Product Design Engineering & Mechanical Engineering),Mark Ch***s (Powertrain and Technology Sales Manager) | Catie Fr***n (TOS Training Supervisor) | Caleb Ju***e (CFO) | Mark Ri***n (Business Development Manager) | Jim Ta***r (EV Sales Manager),"Product Design Engineering (2), Mechanical Engineering (1), Product Management (Point of Sale) (1)",Mark Ch***s (Powertrain and Technology Sales Manager) | Mark Ri***n (Business Development Manager) | Jim Ta***r (EV Sales Manager),"Active workforce rotation at Thomas Built Buses, Inc. across Product Design Engineering & Mechanical Engineering; engage verified leadership on Unknown and contract formulation capacity."
Daimler Truck North America,Medium,Unknown Supplier,145,daimlertrucknorthamerica.com,https://www.linkedin.com/company/daimler-truck-north-america,2,1,1,1.4%,ACTIVE WORKFORCE ROTATION,Sumanoharan Na***n (Head of Vehicle Level Engineering),"Retained Core (Engineering (Mechanical, Software, Embedded) & Manufacturing/Assembly)",Eduardo Bu***s (IT Supervisor) | Sumanoharan Na***n (Head of Vehicle Level Engineering) | Joe Sn***r (Marketing Training Manager) | Zach Cl***k (Human Resources Leader- Engineering),"Engineering (Mechanical, Software, Embedded) (2), Manufacturing/Assembly (1), Operations/Distribution (1)",Sumanoharan Na***n (Head of Vehicle Level Engineering) | Joe Sn***r (Marketing Training Manager),"Active workforce rotation at Daimler Truck North America across Engineering (Mechanical, Software, Embedded) & Manufacturing/Assembly; engage verified leadership on Unknown and contract formulation capacity."
Jobot,Medium,Contract Manufacturer & CDMO,145,jobot.com,https://www.linkedin.com/company/jobot,2,1,1,1.4%,ACTIVE WORKFORCE ROTATION,Tony Ba***m (Executive Manager),Retained Core (Product Development & Marketing),Heidi Go***e (CEO + Founder) | Tonya Gh***i (CGO) | Tony Ba***m (Executive Manager) | Dana St***k (Executive Manager) | Adriana Ro***s (Principal Recruiter),"Product Development (2), Marketing (1), R&D (1)",Heidi Go***e (CEO + Founder) | Tony Ba***m (Executive Manager) | Dana St***k (Executive Manager),Active workforce rotation at Jobot across Product Development & Marketing; engage verified leadership on supplement brand and contract formulation capacity.
Leslie's,Small,Unknown Supplier,45,leslies.com,https://www.linkedin.com/company/leslie-s,1,1,0,2.2%,TARGETED STRATEGIC HIRING,"Alex Tes (Senior, Digital Marketing Manager)",Retained Core (General Management & Customer Service),"Justin Be***n (Business Analyst) | Alex Tes (Senior, Digital Marketing Manager) | Scott So***g (Vice President of eCommerce & Customer Care) | Robert Kl***n (Assistant Manager) | Shane Hu***s (Operations Director)","General Management (1), Customer Service (1), Sales (1)","Alex Tes (Senior, Digital Marketing Manager) | Scott So***g (Vice President of eCommerce & Customer Care) | Robert Kl***n (Assistant Manager)",Active workforce rotation at Leslie's across General Management & Customer Service; engage verified leadership on Unknown and contract formulation capacity.
VisionsHR,Medium,Contract Manufacturer & CDMO,145,visionshr.com,https://www.linkedin.com/company/visionshr,3,2,1,2.1%,ACTIVE WORKFORCE ROTATION,Active Hiring: Quality Analyst | Manufacturing Technician,Retained Core (Quality Assurance/Quality Control & Manufacturing/Production),Janet Gi***a (Partner),"Quality Assurance/Quality Control (3), Manufacturing/Production (2), Research and Development (1)",Active Department Leadership: Quality Analyst,Active workforce rotation at VisionsHR across Quality Assurance/Quality Control & Manufacturing/Production; engage verified leadership on contract manufacturer and contract formulation capacity.
Donna Cornell Enterprises,Small,Unknown Supplier,45,donna.com,https://www.linkedin.com/company/donna,1,1,0,2.2%,TARGETED STRATEGIC HIRING,Sarah Br***m (Manager),Retained Core (Office Manager & Tax Accountant),Ricardo So***a (Administrator) | Cristiane Br***o (Sales Attendant) | Sarah Br***m (Manager) | Erika Ca***i (Social Media Assistant) | Williany Ra***s (Administrative Assistant),"Office Manager (1), Tax Accountant (1), Executive Management (1)",Sarah Br***m (Manager),Active workforce rotation at Donna Cornell Enterprises across Office Manager & Tax Accountant; engage verified leadership on Unknown and contract formulation capacity.
Beyond Meat,Large,Unknown Supplier,501,beyondmeat.com,https://www.linkedin.com/company/beyond-meat,3,1,2,0.6%,ACTIVE WORKFORCE ROTATION,Dariush Aj***i (Chief Innovation Officer),Retained Core (Process Engineer & Production Operator),"Dariush Aj***i (Chief Innovation Officer) | Ethan Br***n (CEO) | Drew Lu***n (Senior Vice President of Sales) | Steve Pa***s (Regional Sales Manager, Food Service, United Kingdom) | Laura Du***d (Sales Manager France + Culinary Chef EMEA)","Process Engineer (3), Production Operator (2), Plant Technologist (1)",Dariush Aj***i (Chief Innovation Officer) | Ethan Br***n (CEO) | Drew Lu***n (Senior Vice President of Sales),Active workforce rotation at Beyond Meat across Process Engineer & Production Operator; engage verified leadership on Unknown and contract formulation capacity.
GSK,Small,Finished Dietary Supplement Brand,85,gsk.com,https://www.linkedin.com/company/gsk,1,1,0,1.2%,TARGETED STRATEGIC HIRING,Andrea Pa***o (Senior Data Scientist),Retained Core (Regulatory & QA/QC),"Anshuman Ti***i (GXO - Global Experience Owner | Human Resources) | Andrea Pa***o (Senior Data Scientist) | Saurabh Ty***i (Associate Director Commercial Effectiveness) | Saurabh Si***h (Talent Acquisition Manager) | Patrick Sc***b (VP, AI for Science)","Regulatory (1), QA/QC (1), Sales (1)","Saurabh Ty***i (Associate Director Commercial Effectiveness) | Saurabh Si***h (Talent Acquisition Manager) | Patrick Sc***b (VP, AI for Science)",Active workforce rotation at GSK across Regulatory & QA/QC; engage verified leadership on supplement brand and contract formulation capacity.
Refresco,Large,Contract Manufacturer & CDMO,14000,refresco.com,https://www.linkedin.com/company/refresco,3,1,2,0.0%,ACTIVE WORKFORCE ROTATION,Steve Pr***y (Chief Executive Officer),Retained Core (Sales & Operations),Steve Pr***y (Chief Executive Officer) | Angel Go***o (Maintenance and Plant Support) | Nicole Ba***r (Human Resources Business Partner) | Sara Bl***o (Talent Development Specialist) | Conxa Ro***a (Group Lead HRIS Manager),"Sales (3), Operations (2), Category Management (1)",Steve Pr***y (Chief Executive Officer) | Conxa Ro***a (Group Lead HRIS Manager) | Claudio Sc***r (Vice President of IT),Active workforce rotation at Refresco across Sales & Operations; engage verified leadership on contract manufacturer and contract formulation capacity.
Universal Pure,Medium,Contract Manufacturer & CDMO,145,universalpure.com,https://www.linkedin.com/company/universal-pure,2,1,1,1.4%,ACTIVE WORKFORCE ROTATION,Rob La***k (Talent Acquisition Manager),Retained Core (Food Safety & Quality & Quality Assurance),"Rob La***k (Talent Acquisition Manager) | Rohini Ad***a (Talent Acquisition Specialist, Driving Recruitment Success.) | Mayra Ri***s (Senior Human Resources Recruiter) | Frank Ji***z (Chief Executive Officer) | Glenda Mu***l (Vice President Human Resources)","Food Safety & Quality (2), Quality Assurance (1), Production (1)",Rob La***k (Talent Acquisition Manager) | Frank Ji***z (Chief Executive Officer) | Glenda Mu***l (Vice President Human Resources),Active workforce rotation at Universal Pure across Food Safety & Quality & Quality Assurance; engage verified leadership on contract manufacturer and contract formulation capacity.
Baldwin Richardson Foods,Large,Contract Manufacturer & CDMO,1000,baldwinrichardsonfoods.com,https://www.linkedin.com/company/baldwin-richardson-foods,3,1,2,0.3%,ACTIVE WORKFORCE ROTATION,Lena Si***r (Operations Manager),Retained Core (Food Innovation Scientist & Product Development),Lena Si***r (Operations Manager) | Luis Si***a (Operations Performance Manager) | Claire Hu***l (Sensory Supervisor) | Michael Hu***d (Manager Packaging Engineering) | Erin To***e (President & CEO at Baldwin Richardson Foods),"Food Innovation Scientist (3), Product Development (2), Operational Sales (1)",Lena Si***r (Operations Manager) | Luis Si***a (Operations Performance Manager) | Michael Hu***d (Manager Packaging Engineering),"Active workforce rotation at Baldwin Richardson Foods across Food Innovation Scientist & Product Development; engage verified leadership on ingredient supplier, contract manufacturer and contract formulation capacity."
Dairy Farmers of America,Medium,Contract Manufacturer & CDMO,145,dairyfarmers.com,https://www.linkedin.com/company/dairy-farmers,3,2,1,2.1%,ACTIVE WORKFORCE ROTATION,Active Hiring: Dairy Farm Manager | Dairy Barn Worker,Retained Core (Manufacturing & Accounting),Harjeet Si***h (Administration) | Darren Ro***d (SAP Consultant) | Samantha Sa***e (Office Assistant) | Zulfia Fi***y (Virtual Assistant) | Laurie Da***y (Delivery Driver),"Manufacturing (3), Accounting (2), Communications (1)",Active Hiring: Dairy Farm Manager | Dairy Barn Worker,"Active workforce rotation at Dairy Farmers of America across Manufacturing & Accounting; engage verified leadership on ingredient supplier, contract manufacturer and contract formulation capacity."
Freshpet,Medium,Unknown Supplier,145,freshpet.com,https://www.linkedin.com/company/freshpet,2,1,1,1.4%,ACTIVE WORKFORCE ROTATION,"David Dr***r (Environment, Health and Safety Manager)",Retained Core (Production Operations & Quality Assurance/Quality Control),"Melissa Br***n (Talent Acquisition) | David Dr***r (Environment, Health and Safety Manager) | Steve Ki***m (Director of Operations) | Adrienne Ma***n (Director, HR Business Partner) | Mindy De***s (Human Resources Manager)","Production Operations (2), Quality Assurance/Quality Control (1), Sales (Category Development & Planning) (1)","David Dr***r (Environment, Health and Safety Manager) | Steve Ki***m (Director of Operations) | Adrienne Ma***n (Director, HR Business Partner)",Active workforce rotation at Freshpet across Production Operations & Quality Assurance/Quality Control; engage verified leadership on Unknown and contract formulation capacity.
bakerly,Medium,Unknown Supplier,145,bakerly.com,https://www.linkedin.com/company/bakerly,2,1,1,1.4%,ACTIVE WORKFORCE ROTATION,Benjamin Ka***t (Supply Chain Manager),Retained Core (Baker/Production & Quality Assurance),Benjamin Ka***t (Supply Chain Manager) | Noella Vi***t (Head of People) | Laurine Pa***t (Brand Strategy) | Brian Re***r (Chief Financial Officer) | Henry Go***t (COO & General Management Executive),"Baker/Production (2), Quality Assurance (1), R&D (1)",Benjamin Ka***t (Supply Chain Manager) | Noella Vi***t (Head of People) | Brian Re***r (Chief Financial Officer),Active workforce rotation at bakerly across Baker/Production & Quality Assurance; engage verified leadership on Unknown and contract formulation capacity.
Knoll,Small,Nutraceutical Packaging Specialist,55,knoll.com,https://www.linkedin.com/company/knoll,1,1,0,1.8%,TARGETED STRATEGIC HIRING,"David Sl***a (Director, Government Sales)",Retained Core (Interior Design & Project Coordination),"David Sl***a (Director, Government Sales) | Christian Ca***i (HR Business Partner) | Karey Br***n (Account Executive) | Keith Ha***k (Sharepoint and Office365 Collaboration Architect) | Julie Gr***t (Sr. Product Manager Lifestyle)","Interior Design (1), Project Coordination (1), Human Resources (1)","David Sl***a (Director, Government Sales) | Julie Gr***t (Sr. Product Manager Lifestyle)",Active workforce rotation at Knoll across Interior Design & Project Coordination; engage verified leadership on Unknown and contract formulation capacity.
Allied Reliability,Small,Unknown Supplier,45,alliedreliability.com,https://www.linkedin.com/company/allied-reliability,1,1,0,2.2%,TARGETED STRATEGIC HIRING,Thedrick Sc***t (Sr. Strategic Account Manager),Retained Core (Recruiting/Staffing & Operations),Thedrick Sc***t (Sr. Strategic Account Manager) | Chris Co***n (Vice President - Reliability Solutions) | Gary Jo***n (Americas Sales Leader) | Andrew Re***r (Empowering Businesses) | Jona Ba***d (Sr. Talent Manager),"Recruiting/Staffing (1), Operations (1), Sales (1)",Thedrick Sc***t (Sr. Strategic Account Manager) | Chris Co***n (Vice President - Reliability Solutions) | Jona Ba***d (Sr. Talent Manager),Active workforce rotation at Allied Reliability across Recruiting/Staffing & Operations; engage verified leadership on Unknown and contract formulation capacity.
Iltrade S.r.l.,Small,Finished Dietary Supplement Brand,85,iltrade.com,https://www.linkedin.com/company/iltrade,1,1,0,1.2%,TARGETED STRATEGIC HIRING,Active Hiring: Plant Operations Manager | Director of Quality & Regulatory,Retained Core (R&D Formulation & QA/QC),Plant Operations Manager (Iltrade S.r.l.) | Director of Quality & Regulatory (Iltrade S.r.l.) | Formulation Scientist (Iltrade S.r.l.) | Technical Sales Director (Iltrade S.r.l.),"R&D Formulation (1), QA/QC (1), Regulatory Affairs (1)",Plant Operations Manager (Iltrade S.r.l.) | Director of Quality & Regulatory (Iltrade S.r.l.) | Technical Sales Director (Iltrade S.r.l.),Active workforce rotation at Iltrade S.r.l. across R&D Formulation & QA/QC; engage verified leadership on supplement brand and contract formulation capacity.
Amneal Pharmaceuticals,Large,Contract Manufacturer & CDMO,2500,amneal.com,https://www.linkedin.com/company/amneal,3,1,2,0.1%,ACTIVE WORKFORCE ROTATION,Pranjali Ra***l (Deputy Manager - Human Resources Business Partner),Retained Core (Regulatory Affairs & Quality Control/QA),Pranjali Ra***l (Deputy Manager - Human Resources Business Partner) | Hardik Pa***a (Assistant General Manager) | Amitkumar Sh***a (Vice President - Human Resources (Operations & R&D)) | Parmeshwar Ha***s (Senior GM) | Santosh Ku***i (Vice President - Projects and Engineering),"Regulatory Affairs (3), Quality Control/QA (2), Quality Assurance (1)",Pranjali Ra***l (Deputy Manager - Human Resources Business Partner) | Hardik Pa***a (Assistant General Manager) | Amitkumar Sh***a (Vice President - Human Resources (Operations & R&D)),Active workforce rotation at Amneal Pharmaceuticals across Regulatory Affairs & Quality Control/QA; engage verified leadership on Unknown and contract formulation capacity.
KVK tech pharma,Medium,Contract Manufacturer & CDMO,145,kvktech.com,https://www.linkedin.com/company/kvk-tech,2,1,1,1.4%,ACTIVE WORKFORCE ROTATION,Chhotu Pa***l (Head of Facilities & Engineering),Retained Core (Quality Assurance/QC & Packaging),Chhotu Pa***l (Head of Facilities & Engineering) | Nimishkumar Pa***l (Sr. Manager AR&D) | Swathi Na***a (Engineering Associate) | Jim Co***e (Production Manager) | Lisa So***n (National Account Manager),"Quality Assurance/QC (2), Packaging (1), Analytical Chemistry (1)",Chhotu Pa***l (Head of Facilities & Engineering) | Nimishkumar Pa***l (Sr. Manager AR&D) | Jim Co***e (Production Manager),Active workforce rotation at KVK tech pharma across Quality Assurance/QC & Packaging; engage verified leadership on contract manufacturer and contract formulation capacity.
LUPIN Somerset,Large,Contract Manufacturer & CDMO,635,lupinsomerset.com,https://www.linkedin.com/company/lupin-somerset,3,1,2,0.5%,ACTIVE WORKFORCE ROTATION,Abhinandana Gu***a (Analytical R&D Group Leader at Lupin Somerset),Retained Core (Regulatory Affairs & Quality Control/Quality Assurance),Abhinandana Gu***a (Analytical R&D Group Leader at Lupin Somerset),"Regulatory Affairs (3), Quality Control/Quality Assurance (2), R&D (1)",Active Department Leadership: Regulatory Scientist,Active workforce rotation at LUPIN Somerset across Regulatory Affairs & Quality Control/Quality Assurance; engage verified leadership on ingredient supplier and contract formulation capacity.
Novel Labs,Small,Unknown Supplier,45,novel.com,https://www.linkedin.com/company/novel,1,1,0,2.2%,TARGETED STRATEGIC HIRING,Ismail Pa***n (Director of Partnerships),Retained Core (R&D & Engineering),Roger Be***n (Co-Founder) | Ismail Pa***n (Director of Partnerships) | Joseph Wa***h (Director of Growth) | Uzair Ba***e (Software Engineer) | Alexia Li***e (Business Development Representative),"R&D (1), Engineering (1), Operations (1)",Roger Be***n (Co-Founder) | Ismail Pa***n (Director of Partnerships) | Joseph Wa***h (Director of Growth),Active workforce rotation at Novel Labs across R&D & Engineering; engage verified leadership on Unknown and contract formulation capacity.
Somafina Nutraceutical Builders,Small,Contract Manufacturer & CDMO,51,somafina.com,https://www.linkedin.com/company/somafina,1,1,0,2.0%,TARGETED STRATEGIC HIRING,Adam Mi***r (Supplement Industry Leader),Retained Core (Quality Assurance & Quality Control),"Adam Mi***r (Supplement Industry Leader) | Angela Ni***n (Director of Research and Development) | Ean Br***n (Director International Business Development, Shareholder) | John Ni***i (President & CEO) | Jordan Hy***e (Sr. Project Manager - Commercialization)","Quality Assurance (1), Quality Control (1), Operations/Manufacturing (1)","Angela Ni***n (Director of Research and Development) | Ean Br***n (Director International Business Development, Shareholder) | John Ni***i (President & CEO)","Active workforce rotation at Somafina Nutraceutical Builders across Quality Assurance & Quality Control; engage verified leadership on ingredient supplier, contract manufacturer and contract formulation capacity."
Ion Nutritional Labs,Medium,Contract Manufacturer & CDMO,300,ion.com,https://www.linkedin.com/company/ion,2,1,1,0.7%,ACTIVE WORKFORCE ROTATION,Manuel Ma***o (Chief Investment Officer),Retained Core (Regulatory & Quality Assurance/Quality Control),Inigo Mu***z (Investment Management) | Manuel Ma***o (Chief Investment Officer) | Jose Se***a (Director Alternative Investments @ Ion-Ion Family Office) | Antonio Gu***o (General Counsel) | Laura Sa***s (Financial Controller),"Regulatory (2), Quality Assurance/Quality Control (1), R&D (1)",Manuel Ma***o (Chief Investment Officer) | Jose Se***a (Director Alternative Investments @ Ion-Ion Family Office),Active workforce rotation at Ion Nutritional Labs across Regulatory & Quality Assurance/Quality Control; engage verified leadership on contract manufacturer and contract formulation capacity.
Halo Pharmaceutical,Medium,Contract Manufacturer & CDMO,201,halo.com,https://www.linkedin.com/company/halo,2,1,1,1.0%,ACTIVE WORKFORCE ROTATION,Paul Be***e (Senior Vice President),Retained Core (Manufacturing/Production & Regulatory),Paul Be***e (Senior Vice President) | Jim Hi***t (Chief Executive Officer) | Harvey Ex (Account Executive) | Kevin Ri***i (Business Development Director) | Kasondra Cr***t (Brand Marketing Specialist),"Manufacturing/Production (2), Regulatory (1), Quality Assurance/Quality Control (1)",Paul Be***e (Senior Vice President) | Jim Hi***t (Chief Executive Officer) | Kevin Ri***i (Business Development Director),Active workforce rotation at Halo Pharmaceutical across Manufacturing/Production & Regulatory; engage verified leadership on contract manufacturer and contract formulation capacity.
Abbott Laboratories,Medium,Finished Dietary Supplement Brand,145,abbott.com,https://www.linkedin.com/company/abbott,2,1,1,1.4%,ACTIVE WORKFORCE ROTATION,Aquil Na***i (Global Business HR Director),Retained Core (Manufacturing Engineer & Clinical Sales),Aquil Na***i (Global Business HR Director) | Pooja Rao (Talent Acquisition Director) | Alina Sh***l (Associate Human Resource Business Partner) | Melina Gr***o (Regional Talent Acquisition Manager) | Alaa Sa***a (Director - MENA and Turkey Abbott Diabetes Care - Freestyle Libre),"Manufacturing Engineer (2), Clinical Sales (1), Territory Manager (1)",Aquil Na***i (Global Business HR Director) | Pooja Rao (Talent Acquisition Director) | Melina Gr***o (Regional Talent Acquisition Manager),Active workforce rotation at Abbott Laboratories across Manufacturing Engineer & Clinical Sales; engage verified leadership on supplement brand and contract formulation capacity.
Millennial Pharma LLC,Medium,Contract Manufacturer & CDMO,180,millennial.com,https://www.linkedin.com/company/millennial,2,1,1,1.1%,ACTIVE WORKFORCE ROTATION,Karan Pa***r (Sales and Operations Manager),Retained Core (Quality Assurance & Quality Control),Karan Pa***r (Sales and Operations Manager) | Linda Rau (Chief Operating Officer) | Diana Ov***o (Operations Manager) | Tania To***o (COO (Chief Operating Officer) - Dirección de Operaciones) | Anna Gi***d (Crew Member),"Quality Assurance (2), Quality Control (1), Manufacturing (1)",Karan Pa***r (Sales and Operations Manager) | Linda Rau (Chief Operating Officer) | Diana Ov***o (Operations Manager),Active workforce rotation at Millennial Pharma LLC across Quality Assurance & Quality Control; engage verified leadership on contract manufacturer and contract formulation capacity.
Brawn Laboratories Pvt Ltd,Medium,Contract Manufacturer & CDMO,145,brawn.com,https://www.linkedin.com/company/brawn,2,1,1,1.4%,ACTIVE WORKFORCE ROTATION,Kush Gu***a (Director),Retained Core (Research & Development & Human Resources),Bindu Ba***k (Pharmaceutical Sales) | Kush Gu***a (Director) | Vishalsinh Ch***n (Asst. Manager-Project Civil) | Tim Wi***a (Marketing) | Dalchand So***t (Water Treatment Operator),"Research & Development (2), Human Resources (1), Operations/ERP (1)",Kush Gu***a (Director) | Vishalsinh Ch***n (Asst. Manager-Project Civil),Active workforce rotation at Brawn Laboratories Pvt Ltd across Research & Development & Human Resources; engage verified leadership on contract manufacturer and contract formulation capacity.
Prince of Songkla University,Small,Unknown Supplier,45,prince.com,https://www.linkedin.com/company/prince,1,1,0,2.2%,TARGETED STRATEGIC HIRING,Eweje Ad***n (Store Manager),Retained Core (R&D Formulation & QA/QC),Eweje Ad***n (Store Manager),"R&D Formulation (1), QA/QC (1), Regulatory Affairs (1)",Eweje Ad***n (Store Manager),Active workforce rotation at Prince of Songkla University across R&D Formulation & QA/QC; engage verified leadership on Unknown and contract formulation capacity.
"College of Pharmacy, Qassim University",Small,Unknown Supplier,91,college.com,https://www.linkedin.com/company/college,1,1,0,1.1%,TARGETED STRATEGIC HIRING,Active Hiring: Assistant Professor | Clinical Pharmacy Specialist,Retained Core (Assistant Professor - Drug Discovery from Natural Sources & Clinical Pharmacy (Pharmacology & Pharmacotherapy) faculty),Sabita Roy (Postgraduate Student) | Swatipriya None (Assistant Professor) | Tushar Ga***v (Student) | Ayush Ke***i (Student) | Avanish Pa***y (Assistant Professor of Hindi),"Assistant Professor - Drug Discovery from Natural Sources (1), Clinical Pharmacy (Pharmacology & Pharmacotherapy) faculty (1), Research positions (1)",Active Department Leadership: Assistant Professor,"Active workforce rotation at College of Pharmacy, Qassim University across Assistant Professor - Drug Discovery from Natural Sources & Clinical Pharmacy (Pharmacology & Pharmacotherapy) faculty; engage verified leadership on Unknown and contract formulation capacity."
Sebai Institute,Small,Testing & CRO Laboratory,65,sebaiinstitute.com,https://www.linkedin.com/company/sebai-institute,1,1,0,1.5%,TARGETED STRATEGIC HIRING,Ahmed Ma***i (IT Manager),Retained Core (Research Scientists & Quality Assurance),Homam Se***g (Supervisor of Training Courses) | Sherif Ha***n (Account) | Ahmed Ma***i (IT Manager) | Elsiddig Fa***h (Pharmacy Lecturer) | Nashaat El***l (Manager Pharmacy Dept.),"Research Scientists (1), Quality Assurance (1), Regulatory Affairs (1)",Ahmed Ma***i (IT Manager) | Nashaat El***l (Manager Pharmacy Dept.),Active workforce rotation at Sebai Institute across Research Scientists & Quality Assurance; engage verified leadership on Unknown and contract formulation capacity.
SAN Nutrition,Small,Finished Dietary Supplement Brand,85,san.com,https://www.linkedin.com/company/san,1,1,0,1.2%,TARGETED STRATEGIC HIRING,Michael Mu***e (Integrated Marketing Strategy Director),Retained Core (R&D Formulation & QA/QC),Wilson Sh***n (Senior Software Engineer (Cloud)) | Michael Mu***e (Integrated Marketing Strategy Director) | Dan Le***n (Producer) | Taylor Da***s (Chief Product Officer) | Kennedy Fe***n (Lifestyle Correspondent),"R&D Formulation (1), QA/QC (1), Regulatory Affairs (1)",Michael Mu***e (Integrated Marketing Strategy Director) | Taylor Da***s (Chief Product Officer),Active workforce rotation at SAN Nutrition across R&D Formulation & QA/QC; engage verified leadership on supplement brand and contract formulation capacity.
GAT Sport,Medium,Finished Dietary Supplement Brand,145,gatsport.com,https://www.linkedin.com/company/gat-sport,2,1,1,1.4%,ACTIVE WORKFORCE ROTATION,Scott Or***n (Chief Operating Officer),Retained Core (Sales and Business Development & Global Sales),Scott Or***n (Chief Operating Officer) | Kolade Da***l (Media & Marketing Strategist) | Rosemary Co***d (International Sales Manager) | Melissa Mi***a (Director of Marketing Operations) | Kyle Mi***n (Graphic Designer),"Sales and Business Development (2), Global Sales (1), Customer Success (1)",Scott Or***n (Chief Operating Officer) | Rosemary Co***d (International Sales Manager) | Melissa Mi***a (Director of Marketing Operations),Active workforce rotation at GAT Sport across Sales and Business Development & Global Sales; engage verified leadership on supplement brand and contract formulation capacity.
"Nutrex Research, Inc",Small,Contract Manufacturer & CDMO,11,nutrexresearch.com,https://www.linkedin.com/company/nutrex-research,1,1,0,5.0%,TARGETED STRATEGIC HIRING,Kenny Ma***s (Area Sales Manager),Retained Core (Sales & Operations),Erik El***s (Senior Graphic Designer) | Ralf Sc***l (Systemadministrator) | Nathaniel Bo***h (Financial Analyst) | Kenny Ma***s (Area Sales Manager) | Maria Ac***a (Operations Specialist),"Sales (1), Operations (1), Product Development (1)",Kenny Ma***s (Area Sales Manager),"Active workforce rotation at Nutrex Research, Inc across Sales & Operations; engage verified leadership on supplement brand and contract formulation capacity."
Woodbridge INOAC Technical Products,Large,Contract Manufacturer & CDMO,7500,woodbridgeinoactechnicalproducts.com,https://www.linkedin.com/company/woodbridge-inoac-technical-products,3,1,2,0.0%,ACTIVE WORKFORCE ROTATION,A Ga***a (Plant Manager),Retained Core (Engineering & Design),Clifford Ba***e (Electrical Engineer) | A Ga***a (Plant Manager) | Lenin Lo***z (Business Development Manager) | Julian Ch***a (Director of Manufacturing - Technical Foam) | Erich Sz***n (Engineering Chief),"Engineering (3), Design (2), Plant Management (1)",A Ga***a (Plant Manager) | Lenin Lo***z (Business Development Manager) | Julian Ch***a (Director of Manufacturing - Technical Foam),Active workforce rotation at Woodbridge INOAC Technical Products across Engineering & Design; engage verified leadership on contract manufacturer and contract formulation capacity.
Avet Pharmaceuticals,Medium,Contract Manufacturer & CDMO,145,avet.com,https://www.linkedin.com/company/avet,2,1,1,1.4%,ACTIVE WORKFORCE ROTATION,"Yana Ko***r (Chief Doctor of Veterinary Medicine at AVET Clinic, Kiev)",Retained Core (Manufacturing & QA/QC),"Yana Ko***r (Chief Doctor of Veterinary Medicine at AVET Clinic, Kiev) | Mar Ri***o (Early Childhood Educator) | Meriem Zb***i (Magazines) | Tano Ga***a (Dir) | Elsi Be***z (Accountant)","Manufacturing (2), QA/QC (1), Regulatory (1)","Yana Ko***r (Chief Doctor of Veterinary Medicine at AVET Clinic, Kiev)",Active workforce rotation at Avet Pharmaceuticals across Manufacturing & QA/QC; engage verified leadership on Unknown and contract formulation capacity.
Damascus Bakery,Medium,Contract Manufacturer & CDMO,145,damascusbakery.com,https://www.linkedin.com/company/damascus-bakery,2,1,1,1.4%,ACTIVE WORKFORCE ROTATION,Rajesh Li***h (Information Systems Manager),Retained Core (Accounting/Finance & Bakery Operations),Rajesh Li***h (Information Systems Manager) | Kumar Si***h (Director of Engineering) | Steve Bo***a (Shift Manager) | Ranooo M (Manager) | Patrick De***e (Management Staff),"Accounting/Finance (2), Bakery Operations (1), Foodservice Sales (1)",Rajesh Li***h (Information Systems Manager) | Kumar Si***h (Director of Engineering) | Steve Bo***a (Shift Manager),Active workforce rotation at Damascus Bakery across Accounting/Finance & Bakery Operations; engage verified leadership on contract manufacturer and contract formulation capacity.
VIP Industry,Medium,Contract Manufacturer & CDMO,145,vipindustry.com,https://www.linkedin.com/company/vip-industry,2,1,1,1.4%,ACTIVE WORKFORCE ROTATION,Parwez Al***m (Area Sales Manager),Retained Core (Production/Manufacturing & Logistics/Supply Chain),Faizan Me***n (Sales Associate) | Surajit Pa***a (Retail Sales) | Parwez Al***m (Area Sales Manager) | Paresh Pa***l (Tool Room Supervisor) | Nirmal Lo***a (Sales man),"Production/Manufacturing (2), Logistics/Supply Chain (1), Quality Control/Quality Assurance (1)",Parwez Al***m (Area Sales Manager),Active workforce rotation at VIP Industry across Production/Manufacturing & Logistics/Supply Chain; engage verified leadership on contract manufacturer and contract formulation capacity.
Comus International,Medium,Contract Manufacturer & CDMO,145,comus.com,https://www.linkedin.com/company/comus,2,1,1,1.4%,ACTIVE WORKFORCE ROTATION,Berlin Ts***i (Computer Scientist),Retained Core (R&D Formulation & QA/QC),Benoit Go***e (Directeur des Ventes - Responsables Grands Comptes) | Remy Bi***a (Ingénieur Formulation) | Esperance By***u (Assistante en Communication et Développement) | Berlin Ts***i (Computer Scientist) | Olivier To***n (Directeur Général Initiatives Décoration & Comus),"R&D Formulation (2), QA/QC (1), Regulatory Affairs (1)",Active Department Leadership: Plant Operations Manager,Active workforce rotation at Comus International across R&D Formulation & QA/QC; engage verified leadership on contract manufacturer and contract formulation capacity.
Livingston Donuts Inc,Small,Unknown Supplier,45,livingstondonuts.com,https://www.linkedin.com/company/livingston-donuts,1,1,0,2.2%,TARGETED STRATEGIC HIRING,Active Hiring: Plant Operations Manager | Director of Quality & Regulatory,Retained Core (R&D Formulation & QA/QC),Plant Operations Manager (Livingston Donuts Inc) | Director of Quality & Regulatory (Livingston Donuts Inc) | Formulation Scientist (Livingston Donuts Inc) | Technical Sales Director (Livingston Donuts Inc),"R&D Formulation (1), QA/QC (1), Regulatory Affairs (1)",Plant Operations Manager (Livingston Donuts Inc) | Director of Quality & Regulatory (Livingston Donuts Inc) | Technical Sales Director (Livingston Donuts Inc),Active workforce rotation at Livingston Donuts Inc across R&D Formulation & QA/QC; engage verified leadership on Unknown and contract formulation capacity.
Amul Dairy,Medium,Nutraceutical Packaging Specialist,145,amuldairy.com,https://www.linkedin.com/company/amul-dairy,2,1,1,1.4%,ACTIVE WORKFORCE ROTATION,Amit Vy***s (Manging Director),Retained Core (Production/QA & Chemistry),Amit Vy***s (Manging Director) | Prashant Ma***n (Senior Executive HR) | Nikunj Sa***a (Sustainability & Procurement Strategiest) | Vikramsinh Ch***a (Head - Projects) | Gokul Kr***n (AGM (QA and R & D)),"Production/QA (2), Chemistry (1), Microbiology (1)",Amit Vy***s (Manging Director) | Vikramsinh Ch***a (Head - Projects) | CA Oj***a (Chief Financial Officer),Active workforce rotation at Amul Dairy across Production/QA & Chemistry; engage verified leadership on Unknown and contract formulation capacity.
Kaneka North America,Medium,Contract Manufacturer & CDMO,145,kanekanorthamerica.com,https://www.linkedin.com/company/kaneka-north-america,2,1,1,1.4%,ACTIVE WORKFORCE ROTATION,Eduardo An***a (Sales Manager Americas),Retained Core (Process Safety Engineering & Process Analytics),Adam Ho***e (Senior Utilities Engineer) | San Sa***n (Production Operator) | Chris Pu***n (Mechanical Planner) | Ron Th***l (Engineering Superintendent - Modifiers) | Eduardo An***a (Sales Manager Americas),"Process Safety Engineering (2), Process Analytics (1), Chemistry/Analytical Chemistry (1)",Eduardo An***a (Sales Manager Americas),"Active workforce rotation at Kaneka North America across Process Safety Engineering & Process Analytics; engage verified leadership on ingredient supplier, contract manufacturer and contract formulation capacity."
Particle Dynamics,Medium,Contract Manufacturer & CDMO,145,particledynamics.com,https://www.linkedin.com/company/particle-dynamics,2,1,1,1.4%,ACTIVE WORKFORCE ROTATION,Ryan Gr***s (Finance Lead),Retained Core (Manufacturing/Production & Operations),"Niranjan Deo (CDMO and CMO Veteran) | Wade Hy***n (CFO) | Ryan Gr***s (Finance Lead) | Sage Ha***d (Innovation Scientist) | Steve Fr***r (Manager, Process Technologies)",Manufacturing/Production (2),"Steve Fr***r (Manager, Process Technologies)",Active workforce rotation at Particle Dynamics across Manufacturing/Production & QA; engage verified leadership on contract manufacturer and contract formulation capacity.
Natural Immunogenics,Medium,Finished Dietary Supplement Brand,145,naturalimmunogenics.com,https://www.linkedin.com/company/natural-immunogenics,2,1,1,1.4%,ACTIVE WORKFORCE ROTATION,Eric Lu***y (Vice President Operations),Retained Core (Product development & Quality assurance),Eric Lu***y (Vice President Operations) | Stephanie Ka***l (Marketing Director) | Tatiana Es***r (Human Resources Director) | Seth Qu***o (Sales Manager - Professional Division) | Kit Ri***e (Regional Sales Manager - Western US),"Product development (2), Quality assurance (1), Creative/marketing (1)",Eric Lu***y (Vice President Operations) | Stephanie Ka***l (Marketing Director) | Tatiana Es***r (Human Resources Director),Active workforce rotation at Natural Immunogenics across Product development & Quality assurance; engage verified leadership on supplement brand and contract formulation capacity.
Sensient Technology,Medium,Contract Manufacturer & CDMO,145,sensienttechnology.com,https://www.linkedin.com/company/sensient-technology,2,1,1,1.4%,ACTIVE WORKFORCE ROTATION,Keith Sc***g (Process Technology Manager),Retained Core (Regulatory & Quality Control/Assurance),Sahin Bo***n (Information Technology) | Keith Sc***g (Process Technology Manager) | Joel Sc***t (Information Technology Business Analyst) | Ethan He***t (Information Technology Engineer) | Jim Te***h (Manager Process Technology),"Regulatory (2), Quality Control/Assurance (1), Research and Development (1)",Keith Sc***g (Process Technology Manager) | Jim Te***h (Manager Process Technology),"Active workforce rotation at Sensient Technology across Regulatory & Quality Control/Assurance; engage verified leadership on ingredient supplier, contract manufacturer and contract formulation capacity."
Nutraceutical Corp./Biogenesis,Medium,Contract Manufacturer & CDMO,145,nutraceutical.com,https://www.linkedin.com/company/nutraceutical,3,2,1,2.1%,ACTIVE WORKFORCE ROTATION,Active Hiring: Manufacturing Manager | Senior Product Development Manager,Retained Core (Manufacturing Management & Product Development),Angela Pe***h (Forklift Driver),"Manufacturing Management (3), Product Development (2), Procurement (1)",Active Hiring: Manufacturing Manager | Senior Product Development Manager,Active workforce rotation at Nutraceutical Corp./Biogenesis across Manufacturing Management & Product Development; engage verified leadership on supplement brand and contract formulation capacity.
Nutritional Frontiers/Food Science Corp.,Medium,Contract Manufacturer & CDMO,145,nutritionalfrontiersfoodscience.com,https://www.linkedin.com/company/nutritional-frontiers-food-science,3,2,1,2.1%,ACTIVE WORKFORCE ROTATION,Active Hiring: Food Scientist | R&D Scientist,Retained Core (Product Development & Quality Assurance),Food Scientist (Nutritional Frontiers/Food Science Corp.) | R&D Scientist (Nutritional Frontiers/Food Science Corp.) | Product Development Technologist (Nutritional Frontiers/Food Science Corp.) | Quality Technician (Nutritional Frontiers/Food Science Corp.),"Product Development (3), Quality Assurance (2), Research & Development (1)",Active Department Leadership: Food Scientist,Active workforce rotation at Nutritional Frontiers/Food Science Corp. across Product Development & Quality Assurance; engage verified leadership on supplement brand and contract formulation capacity.
"Metagenics, Inc.",Large,Contract Manufacturer & CDMO,500,metagenics.com,https://www.linkedin.com/company/metagenics,3,1,2,0.6%,ACTIVE WORKFORCE ROTATION,Paolo Ra***a (Team Leader Italy),Retained Core (Regulatory Affairs & Sales),"Paolo Ra***a (Team Leader Italy) | Laura Be***o (Sr. Executive Assistant) | Michele Qu***l (General Manager) | Jane Sa***e (VP Marketplaces, International) | Patrick Sly (Chief Executive Officer (CEO) | Member of Board of Directors)","Regulatory Affairs (3), Sales (2), New Business Development (1)","Michele Qu***l (General Manager) | Jane Sa***e (VP Marketplaces, International) | Patrick Sly (Chief Executive Officer (CEO) | Member of Board of Directors)","Active workforce rotation at Metagenics, Inc. across Regulatory Affairs & Sales; engage verified leadership on supplement brand and contract formulation capacity."
Sterling Computers,Small,Unknown Supplier,45,sterling.com,https://www.linkedin.com/company/sterling,1,1,0,2.2%,TARGETED STRATEGIC HIRING,Christopher Cyr (Chief Technology Officer),Retained Core (IT Support & Professional Services),Christopher Cyr (Chief Technology Officer) | Alex Ne***n (SLED Account Manager) | Jonann Wh***e (Sr Project Manager) | Katie Mc***n (Federal Account Manager) | Eric Fr***r (Director of Advanced Solutions Sales),"IT Support (1), Professional Services (1), Sales (1)",Christopher Cyr (Chief Technology Officer) | Alex Ne***n (SLED Account Manager) | Jonann Wh***e (Sr Project Manager),Active workforce rotation at Sterling Computers across IT Support & Professional Services; engage verified leadership on Unknown and contract formulation capacity.
Premier Bankcard,Small,Unknown Supplier,45,premierbankcard.com,https://www.linkedin.com/company/premier-bankcard,1,1,0,2.2%,TARGETED STRATEGIC HIRING,Tony No***r (Senior Vice President - Relationship Banking),Retained Core (Customer Service & Sales),Travis Wa***a (Wealth Advisor) | Dave Ro***m (President) | Tony No***r (Senior Vice President - Relationship Banking) | Vinitha Re***y (Software Engineer II (MuleSoft)) | Sunkavalli Va***i (Technology Support Administrator),"Customer Service (1), Sales (1), Lending/Mortgage (1)",Dave Ro***m (President) | Tony No***r (Senior Vice President - Relationship Banking) | Nicole Ga***r (Director of Business Support),Active workforce rotation at Premier Bankcard across Customer Service & Sales; engage verified leadership on Unknown and contract formulation capacity.
Nikoni Pharma LLC,Medium,Contract Manufacturer & CDMO,145,nikoni.com,https://www.linkedin.com/company/nikoni,2,1,1,1.4%,ACTIVE WORKFORCE ROTATION,Jessica Lin (Brand Manager/Creative Retail Apprenticeship),Retained Core (Quality Control & Quality Assurance),Subhran Tr***y (Executive) | Bo St***t (Co-Founder) | Jessica Lin (Brand Manager/Creative Retail Apprenticeship) | Ayaka I (Home Care Provider / Caregiver) | Thomas Bo***e (Chief Editor),"Quality Control (2), Quality Assurance (1), Manufacturing Operations (1)",Bo St***t (Co-Founder) | Jessica Lin (Brand Manager/Creative Retail Apprenticeship) | Thomas Bo***e (Chief Editor),"Active workforce rotation at Nikoni Pharma LLC across Quality Control & Quality Assurance; engage verified leadership on contract manufacturer, supplement brand and contract formulation capacity."
Designs for Health Inc,Medium,Contract Manufacturer & CDMO,145,designsforhealth.com,https://www.linkedin.com/company/designs-for-health,2,1,1,1.4%,ACTIVE WORKFORCE ROTATION,"Robert Mo***e (Senior Vice President, International)",Retained Core (Financial Analysis (FP&A) & Manufacturing),"Ryan Da***w (Sports Nutrition Specialist & Functional Medicine Consultant) | Robert Mo***e (Senior Vice President, International) | Nicole Do***y (Director International Sales) | Peter Ba***t (Director) | Stacey Gi***e (General Manager)","Financial Analysis (FP&A) (2), Manufacturing (1), Sales (Inside and Field) (1)","Robert Mo***e (Senior Vice President, International) | Nicole Do***y (Director International Sales) | Peter Ba***t (Director)",Active workforce rotation at Designs for Health Inc across Financial Analysis (FP&A) & Manufacturing; engage verified leadership on supplement brand and contract formulation capacity.
Pacific Pharmaceuticals USA Inc,Medium,Contract Manufacturer & CDMO,145,pacific.com,https://www.linkedin.com/company/pacific,2,1,1,1.4%,ACTIVE WORKFORCE ROTATION,Gary Gi***s (Senior AV Sales Team Lead),Retained Core (Quality Assurance/Quality Control & Manufacturing/Production),Francesca Wh***d (Founding COO) | Norman Br***s (CEO & Founder) | Gary Gi***s (Senior AV Sales Team Lead) | Matthew Ru***n (Founding Team Member) | Harper Sm***h (Co-Founder & CEO),"Quality Assurance/Quality Control (2), Manufacturing/Production (1), Regulatory Affairs (1)",Norman Br***s (CEO & Founder) | Harper Sm***h (Co-Founder & CEO),"Active workforce rotation at Pacific Pharmaceuticals USA Inc across Quality Assurance/Quality Control & Manufacturing/Production; engage verified leadership on contract manufacturer, supplement brand and contract formulation capacity."
Aurex Laboratories LLC,Small,Contract Manufacturer & CDMO,11,aurex.com,https://www.linkedin.com/company/aurex,1,1,0,5.0%,TARGETED STRATEGIC HIRING,George Ab***m (Head of Finance),Retained Core (Operations & Medical Affairs),George Ab***m (Head of Finance) | Boitumelo Ye***e (Firewatch),"Operations (1), Medical Affairs (1), Communications (1)",George Ab***m (Head of Finance),Active workforce rotation at Aurex Laboratories LLC across Operations & Medical Affairs; engage verified leadership on contract manufacturer and contract formulation capacity.
Sancilio & Company Inc.,Medium,Contract Manufacturer & CDMO,145,sancilio.com,https://www.linkedin.com/company/sancilio,2,1,1,1.4%,ACTIVE WORKFORCE ROTATION,Gurpreet Si***h (Global Director Program Management),Retained Core (Sales & Quality Assurance),Gurpreet Si***h (Global Director Program Management) | Chad N (Scientist) | Harvey Ze***n (Chief Marketing Officer-Sales & Marketing-US and International Markets) | Pierre Ma***n (Encapsulation Machine Operator) | Sonia Ol***a (QA Specialist),"Sales (2), Quality Assurance (1), Regulatory Affairs (1)",Gurpreet Si***h (Global Director Program Management) | Harvey Ze***n (Chief Marketing Officer-Sales & Marketing-US and International Markets) | Ahmed Da***k (Director Clinical Research),"Active workforce rotation at Sancilio & Company Inc. across Sales & Quality Assurance; engage verified leadership on contract manufacturer, supplement brand and contract formulation capacity."
Mitsubishi Food Ingredients,Small,ingredient supplier Supplier,45,mitsubishifood.com,https://www.linkedin.com/company/mitsubishi-food,1,1,0,2.2%,TARGETED STRATEGIC HIRING,Isabella Da***s (Senior Account Manager),Retained Core (Food Safety & R&D),"Isabella Da***s (Senior Account Manager) | Jes Ku***a (Business Development Manager) | Laura Mi***s (Director of Sales and Marketing, North America) | Daniel Va***o (Account Manager) | Cameron Sz***a (Senior Account Manager)","Food Safety (1), R&D (1), Quality Assurance/Quality Control (1)","Isabella Da***s (Senior Account Manager) | Jes Ku***a (Business Development Manager) | Laura Mi***s (Director of Sales and Marketing, North America)",Active workforce rotation at Mitsubishi Food Ingredients across Food Safety & R&D; engage verified leadership on ingredient supplier and contract formulation capacity.
Enzyme Innovation,Medium,Contract Manufacturer & CDMO,145,enzymeinnovation.com,https://www.linkedin.com/company/enzyme-innovation,2,1,1,1.4%,ACTIVE WORKFORCE ROTATION,Michael Ch***t (Sales Manager),Retained Core (R&D & Regulatory),Michael Ch***t (Sales Manager) | Utsav Ti***i (Technical Sales Manager) | Hojjat Ab***i (Senior Food Scientist) | Malissa Keo (Research and Development Chef),"R&D (2), Regulatory (1), Quality Assurance/Quality Control (1)",Michael Ch***t (Sales Manager) | Utsav Ti***i (Technical Sales Manager),"Active workforce rotation at Enzyme Innovation across R&D & Regulatory; engage verified leadership on ingredient supplier, contract manufacturer, supplement brand and contract formulation capacity."
Prodotti Stella USA,Medium,Contract Manufacturer & CDMO,145,prodottistella.com,https://www.linkedin.com/company/prodotti-stella,2,1,1,1.4%,ACTIVE WORKFORCE ROTATION,Antonio Fa***o (Area Manager),Retained Core (R&D & Quality Assurance/Quality Control),"Antonio Fa***o (Area Manager) | Rafa? Wa***a (Trader) | Wojciech Ra***k (Handlowiec, Technolog)","R&D (2), Quality Assurance/Quality Control (1), Regulatory Affairs (1)",Antonio Fa***o (Area Manager),"Active workforce rotation at Prodotti Stella USA across R&D & Quality Assurance/Quality Control; engage verified leadership on ingredient supplier, contract manufacturer, supplement brand and contract formulation capacity."
"Vetroelite, Inc.",Medium,Contract Manufacturer & CDMO,145,vetroelite.com,https://www.linkedin.com/company/vetroelite,2,1,1,1.4%,ACTIVE WORKFORCE ROTATION,Claire Lo***n (Head of Sales UK and Ireland),Retained Core (R&D Formulation & QA/QC),Claire Lo***n (Head of Sales UK and Ireland) | Luca Be***a (Procurement Manager) | Sebastian St***k (Sales Manager) | Martina Gi***i (Group Controller) | Gabriele Re (Responsabile Commerciale Italia),"R&D Formulation (2), QA/QC (1), Regulatory Affairs (1)",Claire Lo***n (Head of Sales UK and Ireland) | Luca Be***a (Procurement Manager) | Sebastian St***k (Sales Manager),"Active workforce rotation at Vetroelite, Inc. across R&D Formulation & QA/QC; engage verified leadership on contract manufacturer and contract formulation capacity."
"All American Dairy Products, Inc.",Medium,Contract Manufacturer & CDMO,145,allamericandairyproducts.com,https://www.linkedin.com/company/all-american-dairy-products,3,2,1,2.1%,ACTIVE WORKFORCE ROTATION,"Active Hiring: Associate Director, Nutrition Ingredient Sales | Food Scientist",Retained Core (Sales & Business Development),Melissa Ca***a (Admin Assistant),"Sales (3), Business Development (2), Management (1)","Active Hiring: Associate Director, Nutrition Ingredient Sales | Food Scientist","Active workforce rotation at All American Dairy Products, Inc. across Sales & Business Development; engage verified leadership on ingredient supplier, contract manufacturer and contract formulation capacity."
PreGel America,Medium,Contract Manufacturer & CDMO,145,pregelamerica.com,https://www.linkedin.com/company/pregel-america,2,1,1,1.4%,ACTIVE WORKFORCE ROTATION,Barbara Du***n (Human Resources Manager),Retained Core (Sales & Accounting/Finance),Barbara Du***n (Human Resources Manager) | David Ca***i (Area Sales Manager) | Claudio Le***e (General Manager) | Joseph Ci***i (National Sales Director) | Shawn Bi***p (Key Account Manager),"Sales (2), Accounting/Finance (1), Regional Management (1)",Barbara Du***n (Human Resources Manager) | David Ca***i (Area Sales Manager) | Claudio Le***e (General Manager),"Active workforce rotation at PreGel America across Sales & Accounting/Finance; engage verified leadership on ingredient supplier, contract manufacturer and contract formulation capacity."
Sinotrans Middle East FZE,Small,Unknown Supplier,45,sinotransmiddleeastfze.com,https://www.linkedin.com/company/sinotrans-middle-east-fze,1,1,0,2.2%,TARGETED STRATEGIC HIRING,Nadir Ali (Warehouse Team Leader Sinotrans Middle East FZE),Retained Core (Customer Service & Logistics Executive),Rashid Ma***d (Warehouse Incharge Sinotrans Middle East FZE at Sinotrans Middle East FZE) | Nadir Ali (Warehouse Team Leader Sinotrans Middle East FZE) | Ssameera Sa***d (Human Resources Director at Sinotrans Middle East Fze),"Customer Service (1), Logistics Executive (1), Operations Executive (1)",Ssameera Sa***d (Human Resources Director at Sinotrans Middle East Fze),Active workforce rotation at Sinotrans Middle East FZE across Customer Service & Logistics Executive; engage verified leadership on Unknown and contract formulation capacity.
Pure Chem Middle East LLC,Medium,Contract Manufacturer & CDMO,145,purechemmiddleeast.com,https://www.linkedin.com/company/pure-chem-middle-east,3,2,1,2.1%,ACTIVE WORKFORCE ROTATION,Active Hiring: UPW Engineer | Purchase Specialist,Retained Core (UPW Engineer & Purchase Specialist),UPW Engineer (Pure Chem Middle East LLC) | Purchase Specialist (Pure Chem Middle East LLC),"UPW Engineer (3), Purchase Specialist (2), Sales (1)",Active Department Leadership: UPW Engineer,"Active workforce rotation at Pure Chem Middle East LLC across UPW Engineer & Purchase Specialist; engage verified leadership on ingredient supplier, contract manufacturer and contract formulation capacity."
Ensure Support Services India Pvt. Ltd,Medium,Contract Manufacturer & CDMO,145,ensuresupport.com,https://www.linkedin.com/company/ensure-support,2,1,1,1.4%,ACTIVE WORKFORCE ROTATION,Rifat Ra***n (Assistant Manager),Retained Core (Quality Assurance & Manufacturing Operations),Rifat Ra***n (Assistant Manager) | Mostafa None (Managing Director) | Tahsin Za***n (Assistant System Engineer - Data Center and Virtualization) | Sk Ab***r (Assistant Cyber Security Engineer) | Arup Dey (Support Engineer | Cybersecurity Solution),"Quality Assurance (2), Manufacturing Operations (1), Regulatory Affairs (1)",Rifat Ra***n (Assistant Manager) | Mostafa None (Managing Director),Active workforce rotation at Ensure Support Services India Pvt. Ltd across Quality Assurance & Manufacturing Operations; engage verified leadership on contract manufacturer and contract formulation capacity.
Phileo by Lesaffre,Large,Contract Manufacturer & CDMO,1000,phileobylesaffre.com,https://www.linkedin.com/company/phileo,3,1,2,0.3%,ACTIVE WORKFORCE ROTATION,Zahid None (Country Business Manager),Retained Core (Regulatory Affairs & Market Access),Zahid None (Country Business Manager) | Jamie Po***e (NA Sales Manager - Monogastric) | Marie Wi***q (Export Operations & Supply Chain Coordinator) | Laurine Fa***e (Global Project Manager - Technical Service Development and Implementation) | Pierre-Louis Ba***d (Technical Sales Representative),"Regulatory Affairs (3), Market Access (2), Quality Assurance (1)",Zahid None (Country Business Manager) | Jamie Po***e (NA Sales Manager - Monogastric) | Laurine Fa***e (Global Project Manager - Technical Service Development and Implementation),"Active workforce rotation at Phileo by Lesaffre across Regulatory Affairs & Market Access; engage verified leadership on ingredient supplier, contract manufacturer, supplement brand and contract formulation capacity."
International Quality Ingredients,Small,ingredient supplier Supplier,45,internationalquality.com,https://www.linkedin.com/company/international-quality,1,1,0,2.2%,TARGETED STRATEGIC HIRING,Jacob Br***n (Managing Director),Retained Core (Finance & Financial Controller),Jacob Br***n (Managing Director) | Chana St***l (Stna) | Clark Hu***r (Vice President) | Krishna Ku***r (Manager (Estimation & Proposals)) | Wali Me***i (Country Representative - India),"Finance (1), Financial Controller (1)",Jacob Br***n (Managing Director) | Clark Hu***r (Vice President) | Krishna Ku***r (Manager (Estimation & Proposals)),Active workforce rotation at International Quality Ingredients across Finance & Financial Controller; engage verified leadership on ingredient supplier and contract formulation capacity.
Aseracare Hospice,Small,Unknown Supplier,45,aseracarehospice.com,https://www.linkedin.com/company/aseracare-hospice,1,1,0,2.2%,TARGETED STRATEGIC HIRING,Jennifer Ch***l (Director of Operations),Retained Core (Sales & Clinical/RN),Chuck Fa***r (Chaplain & Bereavement Coordinator) | James Ri***n (Hospice Chaplin) | Jennifer Ch***l (Director of Operations) | Carole Cu***m (Regional Director of Hospice Operations) | Bridget Mo***r (RNCM),"Sales (1), Clinical/RN (1), CNA/Hospice Aides (1)",Jennifer Ch***l (Director of Operations) | Carole Cu***m (Regional Director of Hospice Operations),Active workforce rotation at Aseracare Hospice across Sales & Clinical/RN; engage verified leadership on Unknown and contract formulation capacity.
Aviva Natural Supplements,Medium,Contract Manufacturer & CDMO,145,avivanaturalsupplements.com,https://www.linkedin.com/company/aviva-natural-supplements,2,1,1,1.4%,ACTIVE WORKFORCE ROTATION,Sunil Bh***r (Chief Growth Officer),Retained Core (Business Development & Sales),Sunil Bh***r (Chief Growth Officer) | Steve Mc***n (Operations Manager) | Ahsanul Az***z (Chief Supply Chain Officer) | Ashok Me***a (Founder and CEO) | Maitri Ja***n (Formulation Scientist),"Business Development (2), Sales (1), Manufacturing Management (1)",Sunil Bh***r (Chief Growth Officer) | Steve Mc***n (Operations Manager) | Ahsanul Az***z (Chief Supply Chain Officer),Active workforce rotation at Aviva Natural Supplements across Business Development & Sales; engage verified leadership on contract manufacturer and contract formulation capacity.
Bold Profile,Medium,Contract Manufacturer & CDMO,145,boldprofile.com,https://www.linkedin.com/company/bold-profile,3,2,1,2.1%,ACTIVE WORKFORCE ROTATION,Active Hiring: Plant Operations Manager | Director of Quality & Regulatory,Retained Core (Regulatory & QA/QC),Aaron Ga***e (Technical Recruiter),"Regulatory (3), QA/QC (2), Research (1)",Active Hiring: Plant Operations Manager | Director of Quality & Regulatory,"Active workforce rotation at Bold Profile across Regulatory & QA/QC; engage verified leadership on ingredient supplier, contract manufacturer and contract formulation capacity."
Hikma Pharmaceutical,Large,Unknown Supplier,5001,hikma.com,https://www.linkedin.com/company/hikma,3,1,2,0.1%,ACTIVE WORKFORCE ROTATION,Hadeer Ha***d (Brand Manager),Retained Core (Regulatory Affairs & Quality Assurance/Quality Control),"Hala Re***i (Senior Specialist, People) | Hadeer Ha***d (Brand Manager) | Mohamed Ab***a (Product Manager) | Rehab Ma***d (HR Business Partner – Organizational Development) | Ahmed As***a (Manager, People Shared Service / HR Operations)","Regulatory Affairs (3), Quality Assurance/Quality Control (2), Microbiology (1)","Hadeer Ha***d (Brand Manager) | Mohamed Ab***a (Product Manager) | Ahmed As***a (Manager, People Shared Service / HR Operations)",Active workforce rotation at Hikma Pharmaceutical across Regulatory Affairs & Quality Assurance/Quality Control; engage verified leadership on Unknown and contract formulation capacity.
Coherent Inc.,Small,Unknown Supplier,45,coherent.com,https://www.linkedin.com/company/coherent,1,1,0,2.2%,TARGETED STRATEGIC HIRING,Elson Ku***e (SVP-HR),Retained Core (Executive/Strategy & Operations),"David Ma***l (Principal - Talent Acquisition & Workforce Development) | Elson Ku***e (SVP-HR) | Thomas Ng***n (Manager, Talent Acquisition) | Rob Ma***c (Vice President Talent Acquisition and People Operations) | Zaiem Me***h (Human Resources Director)","Executive/Strategy (1), Operations (1), Quality/Maintenance (1)","Elson Ku***e (SVP-HR) | Thomas Ng***n (Manager, Talent Acquisition) | Rob Ma***c (Vice President Talent Acquisition and People Operations)",Active workforce rotation at Coherent Inc. across Executive/Strategy & Operations; engage verified leadership on Unknown and contract formulation capacity.
Philadelphia Energy Solutions,Small,Unknown Supplier,45,philadelphiaenergy.com,https://www.linkedin.com/company/philadelphia-energy,1,1,0,2.2%,TARGETED STRATEGIC HIRING,Katie Ba***a (Vice President of Policy and Strategic Partnerships),Retained Core (Safety and Process Engineering & Environmental Remediation),"Katie Ba***a (Vice President of Policy and Strategic Partnerships) | Michael Ko***y (Consultant) | Nicole Ko***r (Workforce Program Manager) | Maxine Di***n (Director of Operations) | Kate Lu***r (Director of Workforce Initiatives, Good Jobs Challenge)","Safety and Process Engineering (1), Environmental Remediation (1), Operations (1)",Katie Ba***a (Vice President of Policy and Strategic Partnerships) | Nicole Ko***r (Workforce Program Manager) | Maxine Di***n (Director of Operations),Active workforce rotation at Philadelphia Energy Solutions across Safety and Process Engineering & Environmental Remediation; engage verified leadership on Unknown and contract formulation capacity.
Quagen Pharmaceuticals,Small,Contract Manufacturer & CDMO,78,quagen.com,https://www.linkedin.com/company/quagen,1,1,0,1.3%,TARGETED STRATEGIC HIRING,Viswa N (Analytical R&D Scientist),Retained Core (Regulatory & Quality Assurance),"Suresh Re***y (Computer Validation Engineer) | Viswa N (Analytical R&D Scientist) | Siva Gu***a (Sr. Scientist) | Swathi Ka***i (Research and Development Scientist) | Devendra Sh***h (Senior Director, Analytical Development at Quagen Pharma)","Regulatory (1), Quality Assurance (1), Manufacturing (1)","Devendra Sh***h (Senior Director, Analytical Development at Quagen Pharma)",Active workforce rotation at Quagen Pharmaceuticals across Regulatory & Quality Assurance; engage verified leadership on contract manufacturer and contract formulation capacity.
Ingenus Pharmaceuticals,Small,Unknown Supplier,45,ingenus.com,https://www.linkedin.com/company/ingenus,1,1,0,2.2%,TARGETED STRATEGIC HIRING,Shivani Pa***l (Scientist II in Specialty Formulation R&D Department),Retained Core (Sales & Marketing & Account Services),Shivani Pa***l (Scientist II in Specialty Formulation R&D Department) | Abhishek Sh***a (Vice President Commercial Operations) | Sachin Ch***i (Sr. Manager Projects & Operations) | Poojitha Th***a (RA/supply Chain Associate) | Brijesh Sh***h (Sr. Manager Engineering),"Sales & Marketing (1), Account Services (1), Human Resources (1)",Abhishek Sh***a (Vice President Commercial Operations) | Sachin Ch***i (Sr. Manager Projects & Operations) | Brijesh Sh***h (Sr. Manager Engineering),Active workforce rotation at Ingenus Pharmaceuticals across Sales & Marketing & Account Services; engage verified leadership on Unknown and contract formulation capacity.
Mirror Pharmaceuticals,Medium,Contract Manufacturer & CDMO,180,mirror.com,https://www.linkedin.com/company/mirror,2,1,1,1.1%,ACTIVE WORKFORCE ROTATION,Aline Br***s (Account & Project Manager),Retained Core (Quality Control/Quality Assurance & Regulatory Affairs),Bunny Ph***e (Full-stack Engineer @ Heidi | Co-Founder) | Aline Br***s (Account & Project Manager) | Iain De***n (Co-Managing & Design Director) | Kasi Be***z (Cosmetologist) | Evi Pe***s (Co-Managing & Design Director),"Quality Control/Quality Assurance (2), Regulatory Affairs (1), Manufacturing/Operations (1)",Bunny Ph***e (Full-stack Engineer @ Heidi | Co-Founder) | Aline Br***s (Account & Project Manager) | Iain De***n (Co-Managing & Design Director),"Active workforce rotation at Mirror Pharmaceuticals across Quality Control/Quality Assurance & Regulatory Affairs; engage verified leadership on ingredient supplier, contract manufacturer and contract formulation capacity."
Sun Pharmaceutical Industries,Large,Finished Dietary Supplement Brand,41000,sun.com,https://www.linkedin.com/company/sun,3,1,2,0.0%,ACTIVE WORKFORCE ROTATION,"Randy Li***d (Chief Technical Officer | Author, Speaker, Architect, Engineer, Scientist)",Retained Core (Chemist & Clinical Research Associate),"Randy Li***d (Chief Technical Officer | Author, Speaker, Architect, Engineer, Scientist) | Aaron Sc***r (Sr. Talent Acquisition) | Bidyut Sen (Director, Semiconductor Packaging & PCB Technology) | Ed Gr***e (Program Manager) | Tatiana Pr***o (Head of HR, Russia&CIS)","Chemist (3), Clinical Research Associate (2), Procurement (1)","Randy Li***d (Chief Technical Officer | Author, Speaker, Architect, Engineer, Scientist) | Bidyut Sen (Director, Semiconductor Packaging & PCB Technology) | Ed Gr***e (Program Manager)","Active workforce rotation at Sun Pharmaceutical Industries across Chemist & Clinical Research Associate; engage verified leadership on ingredient supplier, supplement brand and contract formulation capacity."
CorePharma LLC,Medium,Contract Manufacturer & CDMO,145,corepharma.com,https://www.linkedin.com/company/corepharma,2,1,1,1.4%,ACTIVE WORKFORCE ROTATION,Chintan Jo***i (VP Operations & Supply Chain),Retained Core (QA/QC & R&D),"Arpit Pa***l (CEO) | Chintan Jo***i (VP Operations & Supply Chain) | Srinivasulu Ale (Vice President- Quality and Analytical Reseach & Development) | Rajendra Na***a (Vice President, Research & Development) | Evan Ra***o (Vice President of Business Development)","QA/QC (2), R&D (1), Regulatory Affairs (1)",Arpit Pa***l (CEO) | Chintan Jo***i (VP Operations & Supply Chain) | Srinivasulu Ale (Vice President- Quality and Analytical Reseach & Development),Active workforce rotation at CorePharma LLC across QA/QC & R&D; engage verified leadership on contract manufacturer and contract formulation capacity.
North American Nutra,Small,Finished Dietary Supplement Brand,85,northamerican.com,https://www.linkedin.com/company/north-american,1,1,0,1.2%,TARGETED STRATEGIC HIRING,Kevin Mu***y (VP and General Manager),Retained Core (R&D Formulation & QA/QC),Kevin Mu***y (VP and General Manager) | Tracey Be***l (Certified Moving Consultant) | Joe Il***h (Sales Specialist) | Darren St***h (Moving Consultant) | Ryan Bi***d (Vice President),"R&D Formulation (1), QA/QC (1), Regulatory Affairs (1)",Kevin Mu***y (VP and General Manager) | Ryan Bi***d (Vice President) | Kevin De***x (VP Canada),Active workforce rotation at North American Nutra across R&D Formulation & QA/QC; engage verified leadership on supplement brand and contract formulation capacity.
Generex Laboratories,Medium,Contract Manufacturer & CDMO,145,generex.com,https://www.linkedin.com/company/generex,2,1,1,1.4%,ACTIVE WORKFORCE ROTATION,Jane Lee (Chief Pharmacy Officer/Privacy Officer),Retained Core (Regulatory & QA/QC),Jane Lee (Chief Pharmacy Officer/Privacy Officer) | Mark Pr***i (Independent Board Member) | Honey Ze***a (Biotechnologist) | Janis Ze***s (Project Manager) | Bruce La***y (Accountant),"Regulatory (2), QA/QC (1), R&D (1)",Jane Lee (Chief Pharmacy Officer/Privacy Officer) | Janis Ze***s (Project Manager),"Active workforce rotation at Generex Laboratories across Regulatory & QA/QC; engage verified leadership on ingredient supplier, contract manufacturer and contract formulation capacity."
Vitarich Laboratories,Small,Contract Manufacturer & CDMO,51,vitarich.com,https://www.linkedin.com/company/vitarich,1,1,0,2.0%,TARGETED STRATEGIC HIRING,Melvyn Se***s (Plant Manager),Retained Core (Quality Assurance & QC Analyst),Melvyn Se***s (Plant Manager) | Christian He***z (Assistant Manager - Special Projects Division) | Pamela Ca***l (Corporate Affairs and Sustainability Manager) | Rhinalene Ma***a (Accounts Payable Supervisor) | Dilbert Tan (Finance),"Quality Assurance (1), QC Analyst (1), Sales (1)",Melvyn Se***s (Plant Manager) | Christian He***z (Assistant Manager - Special Projects Division) | Pamela Ca***l (Corporate Affairs and Sustainability Manager),"Active workforce rotation at Vitarich Laboratories across Quality Assurance & QC Analyst; engage verified leadership on ingredient supplier, contract manufacturer and contract formulation capacity."
SIS INTERNATIONAL,Small,Testing & CRO Laboratory,65,sis.com,https://www.linkedin.com/company/sis,1,1,0,1.5%,TARGETED STRATEGIC HIRING,Mark Ho***n (President/Director of Operations),Retained Core (Account Director & Global Account Manager),"Jake Go***e (Software Developer) | Mark Ho***n (President/Director of Operations) | Antonio De***n (IT Tech Support/ Trainer) | Haroldo Mo***t (Software Developer, IT Consultant) | Daniel Fa***a (Support Operations Supervisor / DBA)","Account Director (1), Global Account Manager (1), Solutions Sales Manager (1)",Mark Ho***n (President/Director of Operations),Active workforce rotation at SIS INTERNATIONAL across Account Director & Global Account Manager; engage verified leadership on Unknown and contract formulation capacity.
"PHARMA FOODS CO., LTD",Small,Finished Dietary Supplement Brand,85,pharmafoods.com,https://www.linkedin.com/company/pharma-foods,1,1,0,1.2%,TARGETED STRATEGIC HIRING,Arpita Ke***i (IT Project Manager (Digital Transformation)),Retained Core (R&D & Regulatory),Shyamal Gh***h (Consultant) | Arpita Ke***i (IT Project Manager (Digital Transformation)) | Pooja Ve***r (QC Chemist) | Kumi To***a (Chief Researcher) | Vijay Ku***r (GM - Sales),"R&D (1), Regulatory (1), Quality Assurance/Quality Control (1)",Arpita Ke***i (IT Project Manager (Digital Transformation)) | Kumi To***a (Chief Researcher),"Active workforce rotation at PHARMA FOODS CO., LTD across R&D & Regulatory; engage verified leadership on ingredient supplier, supplement brand and contract formulation capacity."
"NUMBER THREE, INC.",Small,Finished Dietary Supplement Brand,85,numberthree.com,https://www.linkedin.com/company/number-three,1,1,0,1.2%,TARGETED STRATEGIC HIRING,Jeff Ri***e (Managing Director),Retained Core (R&D Formulation & QA/QC),Jeff Ri***e (Managing Director) | Victoria Lo***l (Hairstylist) | Lita K (Apprentice Hairdresser) | Matthew Sl***e (Assistant) | Francoise Wr***t (Creative Director),"R&D Formulation (1), QA/QC (1), Regulatory Affairs (1)",Jeff Ri***e (Managing Director) | Francoise Wr***t (Creative Director),"Active workforce rotation at NUMBER THREE, INC. across R&D Formulation & QA/QC; engage verified leadership on supplement brand and contract formulation capacity."
JICE,Small,Unknown Supplier,45,jice.com,https://www.linkedin.com/company/jice,1,1,0,2.2%,TARGETED STRATEGIC HIRING,Emad Hm***d (Jordan HR Business Partner- Head of HR),Retained Core (R&D Formulation & QA/QC),Emad Hm***d (Jordan HR Business Partner- Head of HR) | Salma Sa***a (Human Resources Supervisor- Organizational Development) | Yamen Fo***h (Costumer Development Supervisor) | Bahaa Me***m (Raw Material Team Leader) | Majdeddin Ow***t (Supply Chain Planner),"R&D Formulation (1), QA/QC (1), Regulatory Affairs (1)",Emad Hm***d (Jordan HR Business Partner- Head of HR),Active workforce rotation at JICE across R&D Formulation & QA/QC; engage verified leadership on Unknown and contract formulation capacity.
Leading Pharma,Medium,Contract Manufacturer & CDMO,145,leadingpharma.com,https://www.linkedin.com/company/leading,2,1,1,1.4%,ACTIVE WORKFORCE ROTATION,Chris Me***r (CEO at Leading Pharma),Retained Core (Regulatory & QA/QC),"Nensi Pa***a (HR - Employee Relations) | Chris Me***r (CEO at Leading Pharma) | Vijay Pa***l (Senior Quality Assurance & Compliance Manager) | Milind Sh***r (Sr. Director of Operations) | Elizabeth Gu***o (Vice President, National Accounts)","Regulatory (2), QA/QC (1), Drug Product Development (1)",Chris Me***r (CEO at Leading Pharma) | Vijay Pa***l (Senior Quality Assurance & Compliance Manager) | Milind Sh***r (Sr. Director of Operations),"Active workforce rotation at Leading Pharma across Regulatory & QA/QC; engage verified leadership on ingredient supplier, contract manufacturer and contract formulation capacity."
"U.S.P.L Nutonalriti, LLC.",Small,Contract Manufacturer & CDMO,50,usplnutonalriti.com,https://www.linkedin.com/company/u-s-p-l-nutonalriti,1,1,0,2.0%,TARGETED STRATEGIC HIRING,"Active Hiring: Senior Manager, R&D | Technician, R&D Formulation",Retained Core (R&D & Quality Control),"Senior Manager, R&D (U.S.P.L Nutonalriti, LLC.) | Technician, R&D Formulation (U.S.P.L Nutonalriti, LLC.) | Lead, Quality Control Chemist (U.S.P.L Nutonalriti, LLC.) | Senior, Microbiologist (U.S.P.L Nutonalriti, LLC.)","R&D (1), Quality Control (1), Manufacturing Operations (1)","Senior Manager, R&D (U.S.P.L Nutonalriti, LLC.) | Active Hiring: Senior Manager, R&D | Technician, R&D Formulation","Active workforce rotation at U.S.P.L Nutonalriti, LLC. across R&D & Quality Control; engage verified leadership on ingredient supplier, contract manufacturer, supplement brand and contract formulation capacity."
Sefari Chemicals,Small,Finished Dietary Supplement Brand,85,sefarichemicals.com,https://www.linkedin.com/company/sefari-chemicals,1,1,0,1.2%,TARGETED STRATEGIC HIRING,Active Hiring: Chief Commercial & Product Officer | Head of Sales,Retained Core (Regulatory & QA/QC),Chief Commercial & Product Officer (Sefari Chemicals) | Head of Sales (Sefari Chemicals) | R&D Manager / Lead Formulation Chemist (Sefari Chemicals) | Director of Purchasing (Sefari Chemicals),"Regulatory (1), QA/QC (1), R&D (1)",Chief Commercial & Product Officer (Sefari Chemicals) | Head of Sales (Sefari Chemicals) | R&D Manager / Lead Formulation Chemist (Sefari Chemicals),Active workforce rotation at Sefari Chemicals across Regulatory & QA/QC; engage verified leadership on supplement brand and contract formulation capacity.
MediNatura Inc.,Small,Contract Manufacturer & CDMO,85,medinatura.com,https://www.linkedin.com/company/medinatura,1,1,0,1.2%,TARGETED STRATEGIC HIRING,Cathy Ra***h (Quality / Regulatory Manager),Retained Core (Regulatory & Quality Assurance/Quality Control),Cliff Cl***e (CEO/Owner) | Cathy Ra***h (Quality / Regulatory Manager) | James Bu***s (QA Manager) | Dominic Vo***s (Logistics/ Warehouse Manager) | Daniel Kr***r (Vice President of Quality & Regulatory),"Regulatory (1), Quality Assurance/Quality Control (1), Manufacturing/Operations (1)",Cliff Cl***e (CEO/Owner) | Cathy Ra***h (Quality / Regulatory Manager) | James Bu***s (QA Manager),Active workforce rotation at MediNatura Inc. across Regulatory & Quality Assurance/Quality Control; engage verified leadership on supplement brand and contract formulation capacity.
King Pharmaceuticals,Large,Contract Manufacturer & CDMO,3381,king.com,https://www.linkedin.com/company/king,3,1,2,0.1%,ACTIVE WORKFORCE ROTATION,Baris Ay***n (Performance Marketing VP),Retained Core (Regulatory & Clinical Research),Jasmin Ali (Principal Talent Acquisition Specialist) | Barbara Ir***o (Senior UX Researcher) | Marta Ol***r (Principal Talent Acquisition Partner at Activision Blizzard King) | Baris Ay***n (Performance Marketing VP) | Giles Fe***k (Talent Acquisition Partner (Blizzard via Skillsearch)),"Regulatory (3), Clinical Research (2), Clinical Development Operations (1)",Baris Ay***n (Performance Marketing VP) | Victor Tr***o (Associate Product Director),Active workforce rotation at King Pharmaceuticals across Regulatory & Clinical Research; engage verified leadership on Unknown and contract formulation capacity.
Diagnostic Testing Group,Small,Testing & CRO Laboratory,65,diagnostictesting.com,https://www.linkedin.com/company/diagnostic-testing,1,1,0,1.5%,TARGETED STRATEGIC HIRING,Beth Do***e (HR Director),Retained Core (Regulatory & QA/QC),Ali As***r (Medical Technologist) | Sheldon Gl***n (Bus Dev/Marketing) | Ronald Br***n (Admin.) | Beth Do***e (HR Director) | Concilia Ma***u (Accountant),"Regulatory (1), QA/QC (1), Research & Development (1)",Beth Do***e (HR Director),Active workforce rotation at Diagnostic Testing Group across Regulatory & QA/QC; engage verified leadership on Unknown and contract formulation capacity.
Freemen Nutra Group,Medium,Contract Manufacturer & CDMO,145,freemen.com,https://www.linkedin.com/company/freemen,2,1,1,1.4%,ACTIVE WORKFORCE ROTATION,"Suman Ne***a (Digital Marketer, Social Media Manager)",Retained Core (Sales & Business Development),"Suman Ne***a (Digital Marketer, Social Media Manager) | Bright Wu (Project Manager) | Katarzyna Pi***a (Koordynator Projektów Rozwojowych) | Rick-Ky Wo***g (Property Financing Trainer) | Laurent Bob (Painter)","Sales (2), Business Development (1), Management (1)","Suman Ne***a (Digital Marketer, Social Media Manager) | Bright Wu (Project Manager)","Active workforce rotation at Freemen Nutra Group across Sales & Business Development; engage verified leadership on ingredient supplier, contract manufacturer and contract formulation capacity."
Döhler Group,Large,Contract Manufacturer & CDMO,1000,dhler.com,https://www.linkedin.com/company/d-hler,3,1,2,0.3%,ACTIVE WORKFORCE ROTATION,Julian Vr***s (IT Manager),Retained Core (Research & Development & Quality Assurance/Quality Control),Elisabeth Si***a (Producer) | Julian Vr***s (IT Manager) | Alexsandro Es***a (Logistics Manager) | Silvio Me***r (Production Manager) | Jeferson Ne***o (Business Partner Recursos Humanos),"Research & Development (3), Quality Assurance/Quality Control (2), Regulatory (1)",Julian Vr***s (IT Manager) | Alexsandro Es***a (Logistics Manager) | Silvio Me***r (Production Manager),"Active workforce rotation at Döhler Group across Research & Development & Quality Assurance/Quality Control; engage verified leadership on ingredient supplier, contract manufacturer and contract formulation capacity."
IPSOS,Large,Testing & CRO Laboratory,18000,ipsos.com,https://www.linkedin.com/company/ipsos,3,1,2,0.0%,ACTIVE WORKFORCE ROTATION,Aaron Low (Director),Retained Core (Research & Analytics),Aaron Low (Director) | Alyson Ca***a (HR Business Partner Manager) | Mohammed Mi***i (Chief Commercial Officer (CCO)) | Claire Es***l (Global Service Line CFO) | Mohd Me***n (Sr Executive),"Research (3), Analytics (2), Data Science (1)",Aaron Low (Director) | Alyson Ca***a (HR Business Partner Manager) | Mohammed Mi***i (Chief Commercial Officer (CCO)),Active workforce rotation at IPSOS across Research & Analytics; engage verified leadership on Unknown and contract formulation capacity.
Döhler GmbH,Medium,Contract Manufacturer & CDMO,145,dhler.com,https://www.linkedin.com/company/d-hler,2,1,1,1.4%,ACTIVE WORKFORCE ROTATION,Julian Vr***s (IT Manager),Retained Core (R&D & Quality/QA/QC),Elisabeth Si***a (Producer) | Julian Vr***s (IT Manager) | Alexsandro Es***a (Logistics Manager) | Anne Va***m (Teamlead Inbound Logistics) | Silvio Me***r (Production Manager),"R&D (2), Quality/QA/QC (1), Regulatory (1)",Julian Vr***s (IT Manager) | Alexsandro Es***a (Logistics Manager) | Silvio Me***r (Production Manager),Active workforce rotation at Döhler GmbH across R&D & Quality/QA/QC; engage verified leadership on ingredient supplier and contract formulation capacity.
Brainnest,Small,Contract Manufacturer & CDMO,85,brainnest.com,https://www.linkedin.com/company/brainnest,1,1,0,1.2%,TARGETED STRATEGIC HIRING,Oliver Hy***n (HR Manager),Retained Core (Research & Development & Quality Assurance),Muneeb Ta***r (Graphic Designer) | Jalal Ba***i (Business Analyst) | Benjamin Ed***e (Businest Analyst/Change Management) | Oliver Hy***n (HR Manager) | Viktorija Ma***a (Accountant Trainee),"Research & Development (1), Quality Assurance (1), Manufacturing (1)",Oliver Hy***n (HR Manager),Active workforce rotation at Brainnest across Research & Development & Quality Assurance; engage verified leadership on supplement brand and contract formulation capacity.
Vikasini Traders,Medium,Contract Manufacturer & CDMO,145,vikasinitraders.com,https://www.linkedin.com/company/vikasini-traders,3,2,1,2.1%,ACTIVE WORKFORCE ROTATION,Active Hiring: Plant Operations Manager | Director of Quality & Regulatory,Retained Core (R&D Formulation & QA/QC),Plant Operations Manager (Vikasini Traders) | Director of Quality & Regulatory (Vikasini Traders) | Formulation Scientist (Vikasini Traders) | Technical Sales Director (Vikasini Traders),"R&D Formulation (3), QA/QC (2), Regulatory Affairs (1)",Plant Operations Manager (Vikasini Traders) | Director of Quality & Regulatory (Vikasini Traders) | Technical Sales Director (Vikasini Traders),Active workforce rotation at Vikasini Traders across R&D Formulation & QA/QC; engage verified leadership on supplement brand and contract formulation capacity.
Probi AB,Medium,Contract Manufacturer & CDMO,145,probi.com,https://www.linkedin.com/company/probi,2,1,1,1.4%,ACTIVE WORKFORCE ROTATION,Daniel Ca***o (B2B Marketing Manager EMEA),Retained Core (R&D & Science),"Daniel Ca***o (B2B Marketing Manager EMEA) | James He***n (Senior Supply Chain Executive) | Mia Ho***s (Sales Director EMEA) | Anders Da***t (Sr. Department Manager, Discovery & Pre-clinical Research) | Martina Pe***n (Commercial & Growth Strategist)","R&D (2), Science (1), Application Science (1)","Daniel Ca***o (B2B Marketing Manager EMEA) | Mia Ho***s (Sales Director EMEA) | Anders Da***t (Sr. Department Manager, Discovery & Pre-clinical Research)","Active workforce rotation at Probi AB across R&D & Science; engage verified leadership on ingredient supplier, contract manufacturer, supplement brand and contract formulation capacity."
Clasado Biosciences,Medium,Contract Manufacturer & CDMO,145,clasadobiosciences.com,https://www.linkedin.com/company/clasado-biosciences,3,2,1,2.1%,ACTIVE WORKFORCE ROTATION,Active Hiring: Quality Control Scientist | Research Assistant,Retained Core (Quality Control & Research),Quality Control Scientist (Clasado Biosciences) | Research Assistant (Clasado Biosciences) | Director-level positions (Clasado Biosciences),"Quality Control (3), Research (2), Marketing (1)",Director-level positions (Clasado Biosciences),"Active workforce rotation at Clasado Biosciences across Quality Control & Research; engage verified leadership on ingredient supplier, contract manufacturer and contract formulation capacity."
OptiBiotix Health Plc,Small,Finished Dietary Supplement Brand,85,optibiotixhealthplc.com,https://www.linkedin.com/company/optibiotix-health-plc,1,1,0,1.2%,TARGETED STRATEGIC HIRING,Stephen Oh***a (Founder and Chief Executive),Retained Core (Scientist & Analyst),"Stephen Oh***a (Founder and Chief Executive) | Zachary Sn***n (Director of Business Development, North America) | Paul Ca***s (Head of Operations and Quality) | Tom O'***a (Business Development Manager) | Drtaru Ja***n (Director Business Development - Asia)","Scientist (1), Analyst (1), Commercial Strategy (1)","Stephen Oh***a (Founder and Chief Executive) | Zachary Sn***n (Director of Business Development, North America) | Paul Ca***s (Head of Operations and Quality)","Active workforce rotation at OptiBiotix Health Plc across Scientist & Analyst; engage verified leadership on ingredient supplier, supplement brand and contract formulation capacity."
Arseus Dental,Small,Unknown Supplier,51,arseusdental.com,https://www.linkedin.com/company/arseus-dental,1,1,0,2.0%,TARGETED STRATEGIC HIRING,Andre Sm***s (Project Manager),Retained Core (Project Management & Information Technology),Hanneke Me***s (Administrative Employee) | Andre Sm***s (Project Manager) | Paul Br***f (Projectmanager bij Arseus Dental) | Bert Vi***r (Mechanic) | Eveline Ve***n (Administratief / Secretarieel Medewerker),"Project Management (1), Information Technology (1), Information Security (1)",Andre Sm***s (Project Manager) | Paul Br***f (Projectmanager bij Arseus Dental),Active workforce rotation at Arseus Dental across Project Management & Information Technology; engage verified leadership on Unknown and contract formulation capacity.
Alcoa Russia,Large,Unknown Supplier,12000,alcoarussia.com,https://www.linkedin.com/company/alcoa-russia,5,3,2,0.0%,ACTIVE WORKFORCE ROTATION,Active Hiring: Junior Chemical Engineer | Senior Process Engineer,"Retained Core (Engineering (Chemical, Process) & Global Planning)",Junior Chemical Engineer (Alcoa Russia) | Senior Process Engineer (Alcoa Russia) | Global Planning Manager (Alcoa Russia) | Marketing Communications Lead (Alcoa Russia),"Engineering (Chemical, Process) (5), Global Planning (4), Marketing Communications (3)",Global Planning Manager (Alcoa Russia),"Active workforce rotation at Alcoa Russia across Engineering (Chemical, Process) & Global Planning; engage verified leadership on Unknown and contract formulation capacity."
Mercury Properties,Small,Unknown Supplier,45,mercuryproperties.com,https://www.linkedin.com/company/mercury-properties,1,1,0,2.2%,TARGETED STRATEGIC HIRING,Aidana Ki***a (Senior Asset Manager),Retained Core (R&D Formulation & QA/QC),Aidana Ki***a (Senior Asset Manager) | Sofya So***a (Senior Manager Financial Reporting) | Jamilya Sa***a (Chief Accountant) | Tamerlan Ye***v (Senior Asset Manager) | Aktolkyn Mu***r (Senior Asset Manager),"R&D Formulation (1), QA/QC (1), Regulatory Affairs (1)",Aidana Ki***a (Senior Asset Manager) | Sofya So***a (Senior Manager Financial Reporting) | Jamilya Sa***a (Chief Accountant),Active workforce rotation at Mercury Properties across R&D Formulation & QA/QC; engage verified leadership on Unknown and contract formulation capacity.
Caldic (CAIF),Medium,Contract Manufacturer & CDMO,145,caldic.com,https://www.linkedin.com/company/caldic,2,1,1,1.4%,ACTIVE WORKFORCE ROTATION,Marine Sc***i (Global Communications Manager),Retained Core (Regulatory & QA/QC),Camila Ba***i (Business Partner - Consultor Interno RH) | Marine Sc***i (Global Communications Manager) | Farra Ja***r (APAC Regional Talent Acquisition Partner) | Mario Cu***a (Talent Management and Development Manager) | Emilie Va***n (HRBP),"Regulatory (2), QA/QC (1), R&D (1)",Marine Sc***i (Global Communications Manager) | Mario Cu***a (Talent Management and Development Manager) | Mauricio Al***s (Corporate ESH Manager - South America),"Active workforce rotation at Caldic (CAIF) across Regulatory & QA/QC; engage verified leadership on ingredient supplier, contract manufacturer and contract formulation capacity."
World Travel,Medium,Contract Manufacturer & CDMO,145,worldtravel.com,https://www.linkedin.com/company/world-travel,2,1,1,1.4%,ACTIVE WORKFORCE ROTATION,John Le***s (Director of Corporate Sales),Retained Core (Regulatory & QA/QC),"John Le***s (Director of Corporate Sales) | CJ Za***l (National Program Manager) | Justine Vi***o (Director of Corporate Sales) | Holli Gr***e (Senior Director, Revenue Optimization and Special Projects) | Anthony Wi***s (President)","Regulatory (2), QA/QC (1), R&D (1)",John Le***s (Director of Corporate Sales) | CJ Za***l (National Program Manager) | Justine Vi***o (Director of Corporate Sales),Active workforce rotation at World Travel across Regulatory & QA/QC; engage verified leadership on contract manufacturer and contract formulation capacity.
CAIF USA,Medium,Contract Manufacturer & CDMO,145,caif.com,https://www.linkedin.com/company/caif,3,2,1,2.1%,ACTIVE WORKFORCE ROTATION,Active Hiring: Plant Operations Manager | Director of Quality & Regulatory,Retained Core (R&D Formulation & QA/QC),Agustina Be***r (Licenciada en Psicología) | Tatiana Fr***o (Bachelor's Degree in Psychology) | Camila Ch***e (Psychologist) | Gabriela Ac***a (Social Worker) | Carolina Ca***o (Psychologist),"R&D Formulation (3), QA/QC (2), Regulatory Affairs (1)",Active Hiring: Plant Operations Manager | Director of Quality & Regulatory,"Active workforce rotation at CAIF USA across R&D Formulation & QA/QC; engage verified leadership on ingredient supplier, contract manufacturer and contract formulation capacity."
Excelsior Alchemy Inc.,Small,Contract Manufacturer & CDMO,5,excelsioralchemy.com,https://www.linkedin.com/company/excelsior-alchemy,1,1,0,5.0%,TARGETED STRATEGIC HIRING,Linda Ze***a (Project Manager),Retained Core (R&D Formulation & QA/QC),Linda Ze***a (Project Manager) | Collin Ma***t (Quality Control Lab Supervisor) | Noe Ra***s (Quality Assurance Quality Control) | Vilmary Sa***o (Operator),"R&D Formulation (1), QA/QC (1), Regulatory Affairs (1)",Linda Ze***a (Project Manager),Active workforce rotation at Excelsior Alchemy Inc. across R&D Formulation & QA/QC; engage verified leadership on contract manufacturer and contract formulation capacity.
Caseus Group,Medium,Contract Manufacturer & CDMO,145,caseus.com,https://www.linkedin.com/company/caseus,2,1,1,1.4%,ACTIVE WORKFORCE ROTATION,Megan Br***n (Manager),Retained Core (R&D Formulation & QA/QC),Luciano Fu***m (Owner) | Megan Br***n (Manager) | Marcia Ca***o (Business Manager) | Simone Sa***o (Food Server) | Moises Ra***z (Busser),"R&D Formulation (2), QA/QC (1), Regulatory Affairs (1)",Megan Br***n (Manager) | Marcia Ca***o (Business Manager),"Active workforce rotation at Caseus Group across R&D Formulation & QA/QC; engage verified leadership on ingredient supplier, contract manufacturer and contract formulation capacity."
Phytochem International,Medium,Contract Manufacturer & CDMO,145,phytochem.com,https://www.linkedin.com/company/phytochem,2,1,1,1.4%,ACTIVE WORKFORCE ROTATION,Julia Cr***g (Account Manager),Retained Core (Quality Assurance/Quality Control & Regulatory Affairs),Julia Cr***g (Account Manager) | Jason Ta***t (Sales Manager) | Jose Ca***s (Warehouse Manager) | Anu De***i (Working as Production Supervisor) | Ashutosh Ku***r (Chief Marketing Officer),"Quality Assurance/Quality Control (2), Regulatory Affairs (1), Sales and Business Development (1)",Julia Cr***g (Account Manager) | Jason Ta***t (Sales Manager) | Jose Ca***s (Warehouse Manager),"Active workforce rotation at Phytochem International across Quality Assurance/Quality Control & Regulatory Affairs; engage verified leadership on ingredient supplier, contract manufacturer and contract formulation capacity."
LONZA,Large,Contract Manufacturer & CDMO,20000,lonza.com,https://www.linkedin.com/company/lonza,3,1,2,0.0%,ACTIVE WORKFORCE ROTATION,Vivek Ha***n (Head of DSP Optimisation),Retained Core (Quality Control & Quality Assurance),Rahul Am***e (Principal Talent Strategy Advisor) | Mary An***y (Senior Talent Acquistion Partner (RPO With Korn Ferry)) | Kyle Ei***n (Consultant) | Vivek Ha***n (Head of DSP Optimisation) | Dario Sa***o (Site Head of QMS and Compliance),"Quality Control (3), Quality Assurance (2), Biotechnology (1)",Vivek Ha***n (Head of DSP Optimisation) | Dario Sa***o (Site Head of QMS and Compliance),"Active workforce rotation at LONZA across Quality Control & Quality Assurance; engage verified leadership on ingredient supplier, contract manufacturer, supplement brand and contract formulation capacity."
INGREDION INC,Large,ingredient supplier Supplier,12000,ingredion.com,https://www.linkedin.com/company/ingredion,3,1,2,0.0%,ACTIVE WORKFORCE ROTATION,Gabriel Ce***e (HR Manager (Mogi Guaçu Plant)),Retained Core (Strategic Technologies & Quality Management),"Gabriel Ce***e (HR Manager (Mogi Guaçu Plant)) | Jorge Ro***z (Talent Acquisition Associate Manager) | Erica Su***d (Talent Acquisition Manager Latam) | Aysegul Iy***n (Senior Manager, Total Rewards EMEA & APAC) | Mario Go***y (Sr. Automation Analyst)","Strategic Technologies (3), Quality Management (2), Plant Operations (1)",Gabriel Ce***e (HR Manager (Mogi Guaçu Plant)) | Jorge Ro***z (Talent Acquisition Associate Manager) | Erica Su***d (Talent Acquisition Manager Latam),Active workforce rotation at INGREDION INC across Strategic Technologies & Quality Management; engage verified leadership on ingredient supplier and contract formulation capacity.
Innovative Natural Solutions LLC,Medium,Contract Manufacturer & CDMO,145,innovativenatural.com,https://www.linkedin.com/company/innovative-natural,3,2,1,2.1%,ACTIVE WORKFORCE ROTATION,Active Hiring: Product Coordinator | Marketing & Customer Experience Manager,Retained Core (Sales & Supply Chain),Shari D (Management),"Sales (3), Supply Chain (2), Product Coordination (1)",Active Hiring: Product Coordinator | Marketing & Customer Experience Manager,"Active workforce rotation at Innovative Natural Solutions LLC across Sales & Supply Chain; engage verified leadership on ingredient supplier, contract manufacturer and contract formulation capacity."
Specnova,Small,Testing & CRO Laboratory,65,specnova.com,https://www.linkedin.com/company/specnova,1,1,0,1.5%,TARGETED STRATEGIC HIRING,Chris Ob***k (Director of Sales and Business Development),Retained Core (Research & Sales),Chris Ob***k (Director of Sales and Business Development) | David Di***o (Business Development),"Research (1), Sales (1), Quality/Regulatory (1)",Chris Ob***k (Director of Sales and Business Development),Active workforce rotation at Specnova across Research & Sales; engage verified leadership on ingredient supplier and contract formulation capacity.
Solabia Nutrition,Medium,Contract Manufacturer & CDMO,145,solabia.com,https://www.linkedin.com/company/solabia,2,1,1,1.4%,ACTIVE WORKFORCE ROTATION,Elen Ga***a (Technical Director),Retained Core (Regulatory & Quality & Regulatory Management),"Gael Co***e (Directeur Supply Chain Groupe / Management de Transition) | Claudia Sa***s (Diretor de Recursos Humanos Sênior) | Florent Yv***x (Directeur Scientifique) | Elen Ga***a (Technical Director) | Mathieu Pi***t (Group Director Cosmetic, Nutrition & Pharma)","Regulatory (2), Quality & Regulatory Management (1), QA/QC (1)","Elen Ga***a (Technical Director) | Mathieu Pi***t (Group Director Cosmetic, Nutrition & Pharma) | Adriano Ca***n (CFO - Finance Director - Solabia Group)",Active workforce rotation at Solabia Nutrition across Regulatory & Quality & Regulatory Management; engage verified leadership on ingredient supplier and contract formulation capacity.
"IFF, Health Wright Products",Medium,Contract Manufacturer & CDMO,225,iffhealthwrightproducts.com,https://www.linkedin.com/company/iff-health-wright-products,3,2,1,1.3%,ACTIVE WORKFORCE ROTATION,Active Hiring: Analytical Laboratory Supervisor | Assistant Quality Coordinator,Retained Core (Quality Assurance/Quality Control & Analytical Laboratory),"Analytical Laboratory Supervisor (IFF, Health Wright Products) | Assistant Quality Coordinator (IFF, Health Wright Products) | Inorganic Laboratory Technician (IFF, Health Wright Products) | Chief Process Officer (IFF, Health Wright Products)","Quality Assurance/Quality Control (3), Analytical Laboratory (2), Operations/Process Management (1)","Chief Process Officer (IFF, Health Wright Products)","Active workforce rotation at IFF, Health Wright Products across Quality Assurance/Quality Control & Analytical Laboratory; engage verified leadership on contract manufacturer and contract formulation capacity."
Victoria's Secret,Small,Unknown Supplier,45,victorias.com,https://www.linkedin.com/company/victoria-s,1,1,0,2.2%,TARGETED STRATEGIC HIRING,Andrew Kw***n (Co-Founder & Head of Operations),Retained Core (Textile Technology & Raw Materials Management),Sneha Su***a (Sales Associate) | Bandish Me***a (Business Owner) | Victoria Sc***l (Owner) | Andrew Kw***n (Co-Founder & Head of Operations) | Estefania To***o (Addetta Alle Vendite Victoria Secret),"Textile Technology (1), Raw Materials Management (1), Quality Control (1)",Andrew Kw***n (Co-Founder & Head of Operations),Active workforce rotation at Victoria's Secret across Textile Technology & Raw Materials Management; engage verified leadership on Unknown and contract formulation capacity.
Charming Charlie,Small,Unknown Supplier,45,charmingcharlie.com,https://www.linkedin.com/company/charming-charlie,1,1,0,2.2%,TARGETED STRATEGIC HIRING,Sidney Br***s (Assistant Store Manager),Retained Core (Retail Associates & General Managers),Sidney Br***s (Assistant Store Manager) | Carli Cr***z (Charmer) | Faith Nk***h (Operations Manager) | Heather Da***i (Assistant Manager) | Rory Wa***n (Senior Manager),"Retail Associates (1), General Managers (1), Assistant Managers (1)",Sidney Br***s (Assistant Store Manager) | Faith Nk***h (Operations Manager) | Heather Da***i (Assistant Manager),Active workforce rotation at Charming Charlie across Retail Associates & General Managers; engage verified leadership on Unknown and contract formulation capacity.
Shanghai Freemen Americas LLC,Small,ingredient supplier Supplier,45,shanghaifreemen.com,https://www.linkedin.com/company/shanghai-freemen,1,1,0,2.2%,TARGETED STRATEGIC HIRING,Craig Ko***r (Vice President of Sales & Marketing - Americas),Retained Core (Sales & Technical Sales),Craig Ko***r (Vice President of Sales & Marketing - Americas) | Rhais Pr***o (Country Manager - Indonesia) | Mike Mo***s (East Coast Sales Rep) | Jacqueline Cr***o (HR & Talent Acquisition Specialist) | Ade Wi***o (Senior Business Development Manager),"Sales (1), Technical Sales (1), Sales Manager - Food & Beverage Additives (1)",Craig Ko***r (Vice President of Sales & Marketing - Americas) | Rhais Pr***o (Country Manager - Indonesia) | Ade Wi***o (Senior Business Development Manager),Active workforce rotation at Shanghai Freemen Americas LLC across Sales & Technical Sales; engage verified leadership on ingredient supplier and contract formulation capacity.
Bisco Industries,Large,Unknown Supplier,500,biscoindustries.com,https://www.linkedin.com/company/bisco-industries,3,1,2,0.6%,ACTIVE WORKFORCE ROTATION,Tricia Qu***y (Quality Manager),Retained Core (Sales & Supply Chain/Procurement),Christopher Wh***n (Sales) | Tricia Qu***y (Quality Manager) | Ryan Co***s (Level 3 Sales Representative) | Philip Ho***s (Account Manager) | Matthew Bl***e (Level 3 Account Manager),"Sales (3), Supply Chain/Procurement (2), Warehouse/Logistics (1)",Tricia Qu***y (Quality Manager) | Philip Ho***s (Account Manager) | Matthew Bl***e (Level 3 Account Manager),Active workforce rotation at Bisco Industries across Sales & Supply Chain/Procurement; engage verified leadership on Unknown and contract formulation capacity.
Captek Softgel International,Large,Contract Manufacturer & CDMO,700,capteksoftgel.com,https://www.linkedin.com/company/captek-softgel,3,1,2,0.4%,ACTIVE WORKFORCE ROTATION,Mehdi Da***i (Research Development Technical Manager),Retained Core (Quality Assurance/QC & Production),Mehdi Da***i (Research Development Technical Manager) | Kunali Sh***h (Director of Accounting) | Brett Bu***i (CEO) | Brent Mo***e (Chief Operating Officer) | Terry Ke***r (Vice President of Sales),"Quality Assurance/QC (3), Production (2), Research & Development (1)",Mehdi Da***i (Research Development Technical Manager) | Kunali Sh***h (Director of Accounting) | Brett Bu***i (CEO),"Active workforce rotation at Captek Softgel International across Quality Assurance/QC & Production; engage verified leadership on ingredient supplier, contract manufacturer and contract formulation capacity."
"Merical, Inc.",Large,Contract Manufacturer & CDMO,501,merical.com,https://www.linkedin.com/company/merical,3,1,2,0.6%,ACTIVE WORKFORCE ROTATION,Scot Mc***l (Senior Director of Operations),Retained Core (Quality Assurance & Quality Control),Ayka Mu***o (Planner III) | Erick Av***a (Clinical Research) | Scot Mc***l (Senior Director of Operations) | Neil Co***n (Global Supply Chain Executive) | Andrew Mo***s (Warehouse Manager),"Quality Assurance (3), Quality Control (2), Production/Packaging (1)","Scot Mc***l (Senior Director of Operations) | Andrew Mo***s (Warehouse Manager) | Ernesto Ri***z (Director, Human Capital)","Active workforce rotation at Merical, Inc. across Quality Assurance & Quality Control; engage verified leadership on contract manufacturer and contract formulation capacity."
"Sage V Foods, LLC",Medium,Contract Manufacturer & CDMO,200,sagevfoods.com,https://www.linkedin.com/company/sage-v-foods,2,1,1,1.0%,ACTIVE WORKFORCE ROTATION,Alicia Wi***s (Human Resources Manager),Retained Core (Production & Operations),Brett Ve***s (CEO) | Alicia Wi***s (Human Resources Manager) | Brad Br***t (Logistics & Warehouse Manager) | Lacee Sn***w (Mechanical Technician) | Mario Ba***y (Production Technician),"Production (2), Operations (1), Human Resources (1)",Brett Ve***s (CEO) | Alicia Wi***s (Human Resources Manager) | Brad Br***t (Logistics & Warehouse Manager),"Active workforce rotation at Sage V Foods, LLC across Production & Operations; engage verified leadership on ingredient supplier, contract manufacturer and contract formulation capacity."
Simco Foods,Small,ingredient supplier Supplier,45,simcofoods.com,https://www.linkedin.com/company/simco-foods,1,1,0,2.2%,TARGETED STRATEGIC HIRING,Daisy Vi***s (Imports Manager),Retained Core (Office Administration & Operations),David Si***s (President) | Daisy Vi***s (Imports Manager) | Miguel Co***s (Director of Sales to Mexico) | Hector Ro***s (Administration Assistant.) | Jonald Ya***g (Seller),"Office Administration (1), Operations (1), Talent Acquisition (1)",David Si***s (President) | Daisy Vi***s (Imports Manager) | Miguel Co***s (Director of Sales to Mexico),Active workforce rotation at Simco Foods across Office Administration & Operations; engage verified leadership on ingredient supplier and contract formulation capacity.
AGH Paulson Reporting,Small,Unknown Supplier,45,aghpaulsonreporting.com,https://www.linkedin.com/company/agh-paulson-reporting,1,1,0,2.2%,TARGETED STRATEGIC HIRING,Active Hiring: Plant Operations Manager | Director of Quality & Regulatory,Retained Core (R&D Formulation & QA/QC),Plant Operations Manager (AGH Paulson Reporting) | Director of Quality & Regulatory (AGH Paulson Reporting) | Formulation Scientist (AGH Paulson Reporting) | Technical Sales Director (AGH Paulson Reporting),"R&D Formulation (1), QA/QC (1), Regulatory Affairs (1)",Plant Operations Manager (AGH Paulson Reporting) | Director of Quality & Regulatory (AGH Paulson Reporting) | Technical Sales Director (AGH Paulson Reporting),Active workforce rotation at AGH Paulson Reporting across R&D Formulation & QA/QC; engage verified leadership on Unknown and contract formulation capacity.
Unishippers,Small,Unknown Supplier,45,unishippers.com,https://www.linkedin.com/company/unishippers,1,1,0,2.2%,TARGETED STRATEGIC HIRING,Joshua Ga***h (Vice President of Sales),Retained Core (Sales & Operations),Sammy Ja***z (Owner of Unishippers 1763) | Kurt Wa***s (Franchise Owner) | Heshy Il***z (Business Owner) | Joshua Ga***h (Vice President of Sales) | Hasan Ali (Account Executive),"Sales (1), Operations (1), Account Management (1)",Joshua Ga***h (Vice President of Sales),Active workforce rotation at Unishippers across Sales & Operations; engage verified leadership on Unknown and contract formulation capacity.
FSNS,Large,Testing & CRO Laboratory,1500,fsns.com,https://www.linkedin.com/company/fsns,3,1,2,0.2%,ACTIVE WORKFORCE ROTATION,Katie Ak***s (Lab Manager),Retained Core (Quality Assurance/Quality Control & Laboratory Analysis),Barry Ca***r (Sr. Advisor for Regulatory Affairs & Client Relations) | Katie Ak***s (Lab Manager) | Brent Kn***r (Audit Specialist) | Mandy-Jo La***t (Audit Coordinator) | Amanda Fa***s (Director of Quality),"Quality Assurance/Quality Control (3), Laboratory Analysis (2), Food Safety (1)",Katie Ak***s (Lab Manager) | Amanda Fa***s (Director of Quality) | Ryan We***h (Laboratory Manager),Active workforce rotation at FSNS across Quality Assurance/Quality Control & Laboratory Analysis; engage verified leadership on Unknown and contract formulation capacity.
Sensient Technologies,Medium,Contract Manufacturer & CDMO,145,sensient.com,https://www.linkedin.com/company/sensient,2,1,1,1.4%,ACTIVE WORKFORCE ROTATION,Joseph Ca***e (Lead Director),Retained Core (Research and Development & Sales & Marketing),Joseph Ca***e (Lead Director) | Carissa Da***k (Customer Service) | Rajan Ku***r (Application Technologist III (Beverages & Dairy)) | Vergel Co***o (Director) | Luciana No***s (HR Manager),"Research and Development (2), Sales & Marketing (1), Manufacturing (1)",Joseph Ca***e (Lead Director) | Vergel Co***o (Director) | Luciana No***s (HR Manager),"Active workforce rotation at Sensient Technologies across Research and Development & Sales & Marketing; engage verified leadership on ingredient supplier, contract manufacturer and contract formulation capacity."
Nutralliance,Medium,Contract Manufacturer & CDMO,145,nutralliance.com,https://www.linkedin.com/company/nutralliance,2,1,1,1.4%,ACTIVE WORKFORCE ROTATION,Michael So***o (Executive Vice President of Sales),Retained Core (Director of Contract Manufacturing & Chief Operating Officer),Michael So***o (Executive Vice President of Sales) | Anamaria Cu***s (Technical Director) | Nick Gr***y (Regional Sales Executive) | Toby Sm***r (Director of Sales at Nutralliance) | Brian Sa***o (President/CEO),"Director of Contract Manufacturing (2), Chief Operating Officer (1), General Manager International (1)",Michael So***o (Executive Vice President of Sales) | Anamaria Cu***s (Technical Director) | Toby Sm***r (Director of Sales at Nutralliance),"Active workforce rotation at Nutralliance across Director of Contract Manufacturing & Chief Operating Officer; engage verified leadership on ingredient supplier, contract manufacturer and contract formulation capacity."
HORN (IMCD US),Medium,Contract Manufacturer & CDMO,375,hornimcdus.com,https://www.linkedin.com/company/horn,2,1,1,0.5%,ACTIVE WORKFORCE ROTATION,Chad Si***s (Vice President of Business Development & Licensing),Retained Core (Demand Planning & Purchasing),Jeffrey Ho***n (Managing Partner) | Lori Mc***y (Attorney) | Oliver La***r (Managing Partner) | Ivo Sc***e (Partner Automotive/Operations) | Chad Si***s (Vice President of Business Development & Licensing),"Demand Planning (2), Purchasing (1), Technical Application (1)",Chad Si***s (Vice President of Business Development & Licensing),"Active workforce rotation at HORN (IMCD US) across Demand Planning & Purchasing; engage verified leadership on ingredient supplier, contract manufacturer and contract formulation capacity."
"American International Chemical, Inc.",Small,ingredient supplier Supplier,45,american.com,https://www.linkedin.com/company/american,1,1,0,2.2%,TARGETED STRATEGIC HIRING,Robert Is***m (CEO and Chief Recruitment Officer),Retained Core (Sales & Marketing),Robert Is***m (CEO and Chief Recruitment Officer) | Zenia Bh***a (Sr. Recruiter - Pilot Recruiting and Development) | David Se***r (Chief Operating Officer) | Juan Le***l (Facilities Maintenance Technician) | Hannah Bu***d (Specialist),"Sales (1), Marketing (1), Business Management (1)",Robert Is***m (CEO and Chief Recruitment Officer) | David Se***r (Chief Operating Officer) | Ken Sm***h (Customer Care Manager -Global Reservations CK),"Active workforce rotation at American International Chemical, Inc. across Sales & Marketing; engage verified leadership on ingredient supplier and contract formulation capacity."
Jungbunzlauer Inc.,Medium,ingredient supplier Supplier,145,jungbunzlauer.com,https://www.linkedin.com/company/jungbunzlauer,2,1,1,1.4%,ACTIVE WORKFORCE ROTATION,Jean-Philippe Sy***a (Manager Achats-Approvisionnements & Ventes Coproduits / Manager Groupe Catégorie Produits Chimiques),Retained Core (Corporate Development & R&D),"Jean-Philippe Sy***a (Manager Achats-Approvisionnements & Ventes Coproduits / Manager Groupe Catégorie Produits Chimiques) | Sarah Eg***n (Chief Human Resources Officer/CPO) | Kaavya Ra***r (Market Development Manager Mineral Nutrition & Supplements Americas- Technical Custom Solutions) | Mauricio Gr***r (Vice Chairman) | Jorge Co***s (Senior Manager, Market Development – Food & Beverage | Strategic R&D Collaboration | Campaign Leader)","Corporate Development (2), R&D (1), Finance and IT (1)",Jean-Philippe Sy***a (Manager Achats-Approvisionnements & Ventes Coproduits / Manager Groupe Catégorie Produits Chimiques) | Sarah Eg***n (Chief Human Resources Officer/CPO) | Kaavya Ra***r (Market Development Manager Mineral Nutrition & Supplements Americas- Technical Custom Solutions),Active workforce rotation at Jungbunzlauer Inc. across Corporate Development & R&D; engage verified leadership on ingredient supplier and contract formulation capacity.
Mitsubishi Int'l Food Ingredients,Medium,Contract Manufacturer & CDMO,145,mitsubishiintlfood.com,https://www.linkedin.com/company/mitsubishi-int-l-food,3,2,1,2.1%,ACTIVE WORKFORCE ROTATION,Active Hiring: Food Specialist | Quality Assurance professionals with PCQI/FSVP/HACCP/cGMP certifications,Retained Core (Regulatory & QA/QC),Food Specialist (Mitsubishi Int'l Food Ingredients) | Quality Assurance professionals with PCQI/FSVP/HACCP/cGMP certifications (Mitsubishi Int'l Food Ingredients) | Regulatory Scientist (Mitsubishi Int'l Food Ingredients) | Customer Service Representative (Mitsubishi Int'l Food Ingredients),"Regulatory (3), QA/QC (2), Food Specialist (1)",Quality Assurance professionals with PCQI/FSVP/HACCP/cGMP certifications (Mitsubishi Int'l Food Ingredients) | Active Hiring: Food Specialist | Quality Assurance professionals with PCQI/FSVP/HACCP/cGMP certifications,"Active workforce rotation at Mitsubishi Int'l Food Ingredients across Regulatory & QA/QC; engage verified leadership on ingredient supplier, contract manufacturer and contract formulation capacity."
Poly-Foam International,Medium,Contract Manufacturer & CDMO,145,polyfoam.com,https://www.linkedin.com/company/poly-foam,2,1,1,1.4%,ACTIVE WORKFORCE ROTATION,Bharathiraja P (Operations Manager),Retained Core (R&D/Process Development & Engineering),Bharathiraja P (Operations Manager),"R&D/Process Development (2), Engineering (1), Technical Service (1)",Bharathiraja P (Operations Manager),Active workforce rotation at Poly-Foam International across R&D/Process Development & Engineering; engage verified leadership on contract manufacturer and contract formulation capacity.
